{
"type": "FeatureCollection",
"name": "유역도_태화수영강",
"crs": { "type": "name", "properties": { "name": "urn:ogc:def:crs:EPSG::5186" } },
"features": [
{ "type": "Feature", "properties": { "Name": "230102#01", "desc": "울산시(통천교)", "area": 113.03, "perim": 64.4 }, "geometry": { "type": "MultiPolygon", "coordinates": [ [ [ [ 400051.279400025261566, 326407.031608013028745, 0.0 ], [ 400063.536708555533551, 326422.726975249010138, 0.0 ], [ 400088.740880802157335, 326423.290828248718753, 0.0 ], [ 400113.945054501469713, 326423.854752370156348, 0.0 ], [ 400139.149229829548858, 326424.418747618212365, 0.0 ], [ 400152.096269072848372, 326409.287300735770259, 0.0 ], [ 400165.043351016123779, 326394.155871006718371, 0.0 ], [ 400177.300490210182033, 326409.851401726773474, 0.0 ], [ 400189.557585110887885, 326425.546951485855971, 0.0 ], [ 400214.761764974799007, 326426.111160103289876, 0.0 ], [ 400239.965946467942558, 326426.675439847400412, 0.0 ], [ 400265.170129507547244, 326427.239790716732386, 0.0 ], [ 400278.117390080122277, 326412.108516931009945, 0.0 ], [ 400291.064693354535848, 326396.977260297222529, 0.0 ], [ 400316.268966467061546, 326397.541751528449822, 0.0 ], [ 400341.473241029656492, 326398.106313880707603, 0.0 ], [ 400354.420675541448873, 326382.975143615098204, 0.0 ], [ 400367.368152752227616, 326367.843990487221163, 0.0 ], [ 400392.572517480817623, 326368.408693203586154, 0.0 ], [ 400417.776883754995652, 326368.973467044415884, 0.0 ], [ 400442.981251479825005, 326369.538312006276101, 0.0 ], [ 400455.237966562388465, 326385.23424274782883, 0.0 ], [ 400467.494637355208397, 326400.930192517116666, 0.0 ], [ 400492.698921266419347, 326401.495181617967319, 0.0 ], [ 400517.903206723858602, 326402.060241842700634, 0.0 ], [ 400543.107493722811341, 326402.625373191898689, 0.0 ], [ 400556.055282279616222, 326387.494479870190844, 0.0 ], [ 400569.003113629645668, 326372.363603687728755, 0.0 ], [ 400581.950987677788362, 326357.232744645909406, 0.0 ], [ 400594.89890442637261, 326342.101902744034305, 0.0 ], [ 400607.846863877610303, 326326.971077979949769, 0.0 ], [ 400608.538314004428685, 326296.144106198160443, 0.0 ], [ 400621.486357285641134, 326281.013298234844115, 0.0 ], [ 400634.434443266305607, 326265.882507421367336, 0.0 ], [ 400647.38257194875041, 326250.751733735087328, 0.0 ], [ 400672.587301530467812, 326251.317211255023722, 0.0 ], [ 400685.535517176729627, 326236.18648932420183, 0.0 ], [ 400698.483775524247903, 326221.055784532567486, 0.0 ], [ 400723.688595277490094, 326221.621402412361931, 0.0 ], [ 400736.636940585914999, 326206.490749375487212, 0.0 ], [ 400749.585328597459011, 326191.360113475006074, 0.0 ], [ 400774.790238430316094, 326191.925871709652711, 0.0 ], [ 400787.738713314756751, 326176.795287562476005, 0.0 ], [ 400800.687230987125076, 326161.66472055594204, 0.0 ], [ 400825.892230900004506, 326162.230619146139361, 0.0 ], [ 400851.097232357249595, 326162.796588858764153, 0.0 ], [ 400876.302235365961678, 326163.362629696610384, 0.0 ], [ 400901.507239827129524, 326163.928741652634926, 0.0 ], [ 400926.712245927832555, 326164.494924735976383, 0.0 ], [ 400938.968470296182204, 326180.191538255196065, 0.0 ], [ 400951.2246503791539, 326195.888170805003028, 0.0 ], [ 400976.429572587483563, 326196.454498027393129, 0.0 ], [ 400988.685665657743812, 326212.151186116097961, 0.0 ], [ 401000.941714437562041, 326227.847893233294599, 0.0 ], [ 401026.146552663238253, 326228.414364594733343, 0.0 ], [ 401051.351392524782568, 326228.980907080695033, 0.0 ], [ 401063.607311575673521, 326244.677706245798618, 0.0 ], [ 401075.863186335249338, 326260.374524442246184, 0.0 ], [ 401101.067942304653116, 326260.941211070748977, 0.0 ], [ 401126.272699734894559, 326261.507968820282258, 0.0 ], [ 401151.477458801760804, 326262.074797696433961, 0.0 ], [ 401176.682219420035835, 326262.641697697865311, 0.0 ], [ 401189.631320428859908, 326247.511668080172967, 0.0 ], [ 401202.580464135156944, 326232.381655598175712, 0.0 ], [ 401215.529650540906005, 326217.251660253969021, 0.0 ], [ 401216.22316947724903, 326186.424647895735689, 0.0 ], [ 401229.172439702379052, 326171.294669343798887, 0.0 ], [ 401242.121752534236293, 326156.164707924006507, 0.0 ], [ 401255.071108152042143, 326141.034763652656693, 0.0 ], [ 401268.020506468950771, 326125.904836507048458, 0.0 ], [ 401280.969947477104142, 326110.774926495738328, 0.0 ], [ 401293.919431185699068, 326095.645033620065078, 0.0 ], [ 401306.868957590020727, 326080.515157877991442, 0.0 ], [ 401319.818526687566191, 326065.38529927370837, 0.0 ], [ 401332.768138482817449, 326050.255457802326418, 0.0 ], [ 401345.717792968382128, 326035.12563346727984, 0.0 ], [ 401358.667490063700825, 326019.995826261583716, 0.0 ], [ 401383.872958979103714, 326020.563280082889833, 0.0 ], [ 401409.078429447836243, 326021.130805028078612, 0.0 ], [ 401422.028257863945328, 326006.001084198302124, 0.0 ], [ 401434.978128970018588, 325990.871380490716547, 0.0 ], [ 401460.183689526864327, 325991.439045782957692, 0.0 ], [ 401485.389251543092541, 325992.006782195472624, 0.0 ], [ 401510.594815203687176, 325992.574589733267203, 0.0 ], [ 401535.800380416563712, 325993.142468394129537, 0.0 ], [ 401548.750471292587463, 325978.012920268753078, 0.0 ], [ 401561.700604864803609, 325962.883389276918024, 0.0 ], [ 401586.906260074931197, 325963.451408282038756, 0.0 ], [ 401599.856480606773403, 325948.321929036465008, 0.0 ], [ 401612.806743834284134, 325933.192466923734173, 0.0 ], [ 401638.012489224493038, 325933.760626275907271, 0.0 ], [ 401663.218236170243472, 325934.328856751206331, 0.0 ], [ 401676.168630627915263, 325919.199480993847828, 0.0 ], [ 401689.119067773979623, 325904.070122370088939, 0.0 ], [ 401714.324904720415361, 325904.638493187492713, 0.0 ], [ 401727.275428832217585, 325889.509186305687763, 0.0 ], [ 401727.97063528833678, 325858.682149300118908, 0.0 ], [ 401728.665836993837729, 325827.855113492638338, 0.0 ], [ 401729.361033948487602, 325797.028078892559279, 0.0 ], [ 401730.056226152461022, 325766.201045499765314, 0.0 ], [ 401743.006957416073419, 325751.071754367207177, 0.0 ], [ 401755.957731370406691, 325735.942480376688763, 0.0 ], [ 401768.908548018196598, 325720.813223507662769, 0.0 ], [ 401781.859407354495488, 325705.683983769384213, 0.0 ], [ 401782.554759264399763, 325674.856950200279243, 0.0 ], [ 401783.250106422347017, 325644.029917839972768, 0.0 ], [ 401796.201090675720479, 325628.900694541283883, 0.0 ], [ 401809.152117618883494, 325613.771488373342436, 0.0 ], [ 401822.103187163709663, 325598.642299345345236, 0.0 ], [ 401847.309901776083279, 325599.211006759782322, 0.0 ], [ 401860.261058366915677, 325584.081869463145267, 0.0 ], [ 401873.212257644627243, 325568.952749296557158, 0.0 ], [ 401886.163499613641761, 325553.823646262811963, 0.0 ], [ 401899.114784266683273, 325538.694560358359013, 0.0 ], [ 401912.066111612948589, 325523.565491583955009, 0.0 ], [ 401925.017481647606473, 325508.436439940938726, 0.0 ], [ 401950.224463321268559, 325509.005426123447251, 0.0 ], [ 401963.175920310255606, 325493.87642621959094, 0.0 ], [ 401963.871847782982513, 325463.049387802777346, 0.0 ], [ 401964.56777049950324, 325432.222350581898354, 0.0 ], [ 401965.263688459817786, 325401.395314569119364, 0.0 ], [ 401965.959601663518697, 325370.568279764323961, 0.0 ], [ 401953.703847576281987, 325354.870247810613364, 0.0 ], [ 401941.44804920477327, 325339.172234891681001, 0.0 ], [ 401942.143865922931582, 325308.345204415614717, 0.0 ], [ 401942.839677885582205, 325277.518175139150117, 0.0 ], [ 401943.535485092317685, 325246.69114706927212, 0.0 ], [ 401956.487269370467402, 325231.562126905540936, 0.0 ], [ 401969.439096336369403, 325216.433123869006522, 0.0 ], [ 401970.134981001378037, 325185.606096323172096, 0.0 ], [ 401983.086891759361606, 325170.477110069710761, 0.0 ], [ 401996.038845197763294, 325155.348140945541672, 0.0 ], [ 402008.990841325372458, 325140.219188949966338, 0.0 ], [ 402021.942880135204177, 325125.090254082984757, 0.0 ], [ 402022.638924467959441, 325094.263226340990514, 0.0 ], [ 402023.334964042995125, 325063.436199805641081, 0.0 ], [ 402024.03099886002019, 325032.609174490324222, 0.0 ], [ 402036.983203671406955, 325017.480255708214827, 0.0 ], [ 402049.935451166238636, 325002.351354053302202, 0.0 ], [ 402050.631563434260897, 324971.524329237174243, 0.0 ], [ 402038.375341241364367, 324955.826207980862819, 0.0 ], [ 402026.119074765359983, 324940.12810575653566, 0.0 ], [ 402013.862764009041712, 324924.430022567103151, 0.0 ], [ 402001.606408967811149, 324908.731958421005402, 0.0 ], [ 401989.350009649118874, 324893.033913296996616, 0.0 ], [ 401964.14128691732185, 324892.464894070290029, 0.0 ], [ 401951.884800610831007, 324876.766904488729779, 0.0 ], [ 401939.628270115121268, 324861.068933942762669, 0.0 ], [ 401914.419463533791713, 324860.500058850098867, 0.0 ], [ 401902.162845963262953, 324844.802143843029626, 0.0 ], [ 401889.906184106948785, 324829.10424786870135, 0.0 ], [ 401877.649477971950546, 324813.406370927754324, 0.0 ], [ 401878.344952951883897, 324782.579366688791197, 0.0 ], [ 401866.088156675454229, 324766.8815103462548, 0.0 ], [ 401853.831316119292751, 324751.183673024410382, 0.0 ], [ 401854.526694629399572, 324720.356673105678055, 0.0 ], [ 401855.222068385861348, 324689.529674394987524, 0.0 ], [ 401855.917437388387043, 324658.702676892338786, 0.0 ], [ 401856.612801637034863, 324627.87568060902413, 0.0 ], [ 401857.30816113203764, 324597.048685522458982, 0.0 ], [ 401870.260631570592523, 324581.919519630027935, 0.0 ], [ 401883.213144688983448, 324566.790370867587626, 0.0 ], [ 401896.165700484707486, 324551.661239229491912, 0.0 ], [ 401909.118298962130211, 324536.532124721445143, 0.0 ], [ 401922.070940114324912, 324521.403027339896653, 0.0 ], [ 401935.023623950080946, 324506.2739470883389, 0.0 ], [ 401935.719225298729725, 324475.446951132209506, 0.0 ], [ 401948.671992913703434, 324460.317887658020481, 0.0 ], [ 401961.624803112237714, 324445.188841310329735, 0.0 ], [ 401974.577656081470195, 324430.059812092687935, 0.0 ], [ 401999.787683211034164, 324430.628802746185102, 0.0 ], [ 402012.74062311288435, 324415.499825256352779, 0.0 ], [ 402013.436471059103496, 324384.672827198519371, 0.0 ], [ 402026.389494741801172, 324369.54386648820946, 0.0 ], [ 402039.342561099212617, 324354.414922914991621, 0.0 ], [ 402040.03848648420535, 324323.58792536490364, 0.0 ], [ 402040.734407110954635, 324292.760929024254438, 0.0 ], [ 402041.430322979518678, 324261.933933890250046, 0.0 ], [ 402042.126234090072103, 324231.106939962890465, 0.0 ], [ 402055.079507515882142, 324215.978012121107895, 0.0 ], [ 402068.03282361762831, 324200.849101393134333, 0.0 ], [ 402068.72881216253154, 324170.022107975557446, 0.0 ], [ 402069.424795948609244, 324139.195115766779054, 0.0 ], [ 402070.120774976036046, 324108.368124764645472, 0.0 ], [ 402070.816749244346283, 324077.541134982602671, 0.0 ], [ 402058.559197174501605, 324061.843058869300876, 0.0 ], [ 402046.301600830629468, 324046.145001789496746, 0.0 ], [ 402046.997478633653373, 324015.318016317032743, 0.0 ], [ 402059.951039728301112, 324000.189086018130183, 0.0 ], [ 402072.904643496731296, 323985.06017284427071, 0.0 ], [ 402085.858289844123647, 323969.931276792660356, 0.0 ], [ 402111.069627472839784, 323970.500523293972947, 0.0 ], [ 402124.023360839113593, 323955.37167897092877, 0.0 ], [ 402136.977136878354941, 323940.242851784976665, 0.0 ], [ 402162.188564573298208, 323940.812238594400696, 0.0 ], [ 402175.142427538870834, 323925.6834631228121, 0.0 ], [ 402188.096333179390058, 323910.554704774869606, 0.0 ], [ 402213.30785085062962, 323911.124231889552902, 0.0 ], [ 402226.261843412241433, 323895.995525266625918, 0.0 ], [ 402239.215878650778905, 323880.866835768043529, 0.0 ], [ 402264.427486478933133, 323881.436503191594966, 0.0 ], [ 402277.381608637864701, 323866.307865418726578, 0.0 ], [ 402290.335773473372683, 323851.179244767408818, 0.0 ], [ 402315.547471278754529, 323851.749052494822536, 0.0 ], [ 402340.759170733334031, 323852.318931329762563, 0.0 ], [ 402365.970871751895174, 323852.888881274382584, 0.0 ], [ 402391.182574332400691, 323853.458902325830422, 0.0 ], [ 402404.136958849849179, 323838.330437192926183, 0.0 ], [ 402417.091386040963698, 323823.201989188615698, 0.0 ], [ 402442.303178597940132, 323823.772150541073643, 0.0 ], [ 402467.514972809818573, 323824.342383004666772, 0.0 ], [ 402480.469531173817813, 323809.214021328836679, 0.0 ], [ 402493.424132213462144, 323794.085676763905212, 0.0 ], [ 402506.378775923512876, 323778.957349323376548, 0.0 ], [ 402507.076175873575266, 323748.13034035632154, 0.0 ], [ 402507.773571054567583, 323717.303332596609835, 0.0 ], [ 402508.470961466489825, 323686.476326042844448, 0.0 ], [ 402509.168347108992748, 323655.649320707016159, 0.0 ], [ 402509.86572798260022, 323624.822316566482186, 0.0 ], [ 402510.563104087137617, 323593.995313631894533, 0.0 ], [ 402498.305544107803144, 323578.296641812252346, 0.0 ], [ 402486.047939857235178, 323562.597989026049618, 0.0 ], [ 402486.74521948385518, 323531.770990427932702, 0.0 ], [ 402487.442494342161808, 323500.943993025808595, 0.0 ], [ 402488.139764431864023, 323470.116996830329299, 0.0 ], [ 402488.837029752787203, 323439.29000184009783, 0.0 ], [ 402489.534290305164177, 323408.463008057849947, 0.0 ], [ 402502.489425458828919, 323393.334658925596159, 0.0 ], [ 402515.44460327969864, 323378.206326902844012, 0.0 ], [ 402528.399823764688335, 323363.078012002282776, 0.0 ], [ 402541.355086916242726, 323347.949714222573675, 0.0 ], [ 402554.310392643616069, 323332.821433563658502, 0.0 ], [ 402567.265741129522212, 323317.693170026992448, 0.0 ], [ 402580.221132279024459, 323302.564923612517305, 0.0 ], [ 402605.434412277594674, 323303.135479104181286, 0.0 ], [ 402618.38989034446422, 323288.007284406980034, 0.0 ], [ 402631.3454110766761, 323272.879106829874218, 0.0 ], [ 402644.300974469515495, 323257.750946372107137, 0.0 ], [ 402657.256580531713553, 323242.622803047939669, 0.0 ], [ 402670.212229166645557, 323227.494676831120159, 0.0 ], [ 402683.167920558713377, 323212.366567735851277, 0.0 ], [ 402708.381467618048191, 323212.93740190070821, 0.0 ], [ 402720.988241734681651, 323213.222845646145288, 0.0 ], [ 402721.337245921255089, 323197.80934452265501, 0.0 ], [ 402722.035250713815913, 323166.9823431756231, 0.0 ], [ 402722.733250732300803, 323136.155343034537509, 0.0 ], [ 402723.431245976302307, 323105.328344110690523, 0.0 ], [ 402711.17329382780008, 323089.629405177838635, 0.0 ], [ 402698.915297409519553, 323073.930485279182903, 0.0 ], [ 402699.613196175254416, 323043.103490672016051, 0.0 ], [ 402712.569178289500996, 323027.975414047366939, 0.0 ], [ 402725.525203063967638, 323012.847354543511756, 0.0 ], [ 402738.481270503252745, 322997.719312159810215, 0.0 ], [ 402751.437380602466874, 322982.591286906797905, 0.0 ], [ 402764.393533363938332, 322967.463278761890251, 0.0 ], [ 402789.607780476217158, 322968.034310916496906, 0.0 ], [ 402814.822029247297905, 322968.605414173740428, 0.0 ], [ 402827.778313167858869, 322953.477492333215196, 0.0 ], [ 402840.734639749978669, 322938.349587612785399, 0.0 ], [ 402865.94897858024342, 322938.920831157593057, 0.0 ], [ 402878.905392069020309, 322923.7929781487328, 0.0 ], [ 402891.861848221044056, 322908.665142257814296, 0.0 ], [ 402917.07627702341415, 322909.23652608593693, 0.0 ], [ 402942.29070748318918, 322909.807981015939731, 0.0 ], [ 402967.505139512941241, 322910.379507047822699, 0.0 ], [ 402980.461771068628877, 322895.251792052062228, 0.0 ], [ 402981.160597386653535, 322864.424783609749284, 0.0 ], [ 402994.117312671325635, 322849.297085387108382, 0.0 ], [ 403007.074070620816201, 322834.169404272572137, 0.0 ], [ 403007.772974304389209, 322803.342396321706474, 0.0 ], [ 402995.515033112431411, 322787.64307140361052, 0.0 ], [ 402970.300251811335329, 322787.071481939463411, 0.0 ], [ 402958.042223677504808, 322771.372212564572692, 0.0 ], [ 402945.784151275875047, 322755.672962225915398, 0.0 ], [ 402933.526034611393698, 322739.973730922152754, 0.0 ], [ 402921.267873682023492, 322724.274518651829567, 0.0 ], [ 402896.052923325565644, 322723.703146322746761, 0.0 ], [ 402883.794675450888462, 322708.003989605524112, 0.0 ], [ 402871.536383314291015, 322692.304851912427694, 0.0 ], [ 402859.278046911116689, 322676.605733253527433, 0.0 ], [ 402847.01966624869965, 322660.906633630918805, 0.0 ], [ 402834.761241317959502, 322645.207553040294442, 0.0 ], [ 402835.459507860825397, 322614.380565741623286, 0.0 ], [ 402823.20099281729199, 322598.681505745800678, 0.0 ], [ 402810.942433512944262, 322582.982464784872718, 0.0 ], [ 402798.683829943300225, 322567.28344286873471, 0.0 ], [ 402786.425182205974124, 322551.584439977479633, 0.0 ], [ 402787.123260578024201, 322520.757460127468221, 0.0 ], [ 402787.821334174659569, 322489.93048148258822, 0.0 ], [ 402788.519402995472774, 322459.103504045808222, 0.0 ], [ 402789.217467040289193, 322428.276527824171353, 0.0 ], [ 402789.915526309574489, 322397.449552797828801, 0.0 ], [ 402790.613580803270452, 322366.62257897737436, 0.0 ], [ 402791.311630521086045, 322335.795606362866238, 0.0 ], [ 402792.009675463312306, 322304.968634953547735, 0.0 ], [ 402779.750616594799794, 322289.269663593266159, 0.0 ], [ 402767.491513469256461, 322273.570711254433263, 0.0 ], [ 402780.448610915802419, 322258.442694951314479, 0.0 ], [ 402805.664857224503066, 322259.013683046970982, 0.0 ], [ 402818.622041569673456, 322243.885718451172579, 0.0 ], [ 402831.579268567613326, 322228.757770972617436, 0.0 ], [ 402844.53653822268825, 322213.629840612062253, 0.0 ], [ 402845.234737888793461, 322182.802870192681439, 0.0 ], [ 402845.932932777621318, 322151.975900991994422, 0.0 ], [ 402846.631122889579274, 322121.14893298514653, 0.0 ], [ 402859.588558403076604, 322106.021018673316576, 0.0 ], [ 402872.546036565559916, 322090.893121478031389, 0.0 ], [ 402885.503557386051398, 322075.765241401502863, 0.0 ], [ 402898.461120857624337, 322060.637378437910229, 0.0 ], [ 402899.159470459853765, 322029.810410215111915, 0.0 ], [ 402912.117117652553134, 322014.682564024697058, 0.0 ], [ 402925.074807403725572, 321999.554734935285524, 0.0 ], [ 402938.03253990173107, 321984.426922965969425, 0.0 ], [ 402950.990315049828496, 321969.299128112499602, 0.0 ], [ 402963.948132849996909, 321954.171350374177564, 0.0 ], [ 402976.90599330450641, 321939.043589752400294, 0.0 ], [ 402989.863896408234723, 321923.915846245072316, 0.0 ], [ 403002.821842165954877, 321908.788119852950331, 0.0 ], [ 403003.520515508076642, 321877.961149995098822, 0.0 ], [ 403016.4785449760966, 321862.833440362650435, 0.0 ], [ 403029.436617099447176, 321847.705747845291626, 0.0 ], [ 403042.394731781212613, 321832.578072440286633, 0.0 ], [ 403067.612210619379766, 321833.149744632828515, 0.0 ], [ 403080.570412282599136, 321818.022120930196252, 0.0 ], [ 403093.528656595968641, 321802.894514344807249, 0.0 ], [ 403106.486943557159975, 321787.766924873110838, 0.0 ], [ 403119.445273168210406, 321772.639352515165228, 0.0 ], [ 403132.403645429178141, 321757.511797271727119, 0.0 ], [ 403145.362060341634788, 321742.38425915397238, 0.0 ], [ 403158.320517811225727, 321727.256738137977663, 0.0 ], [ 403171.279018020199146, 321712.129234237130731, 0.0 ], [ 403184.237560878158547, 321697.001747452071868, 0.0 ], [ 403184.93680908321403, 321666.174772580096032, 0.0 ], [ 403197.895435651822481, 321651.047302550519817, 0.0 ], [ 403210.854104868718423, 321635.91984963323921, 0.0 ], [ 403223.812816729303449, 321620.792413829010911, 0.0 ], [ 403236.771571242017671, 321605.6649951498257, 0.0 ], [ 403249.730368400574662, 321590.537593573797494, 0.0 ], [ 403262.689208209048957, 321575.410209111461882, 0.0 ], [ 403275.648090570233762, 321560.282841756532434, 0.0 ], [ 403288.607015673420392, 321545.155491520941723, 0.0 ], [ 403301.565983423730358, 321530.028158397006337, 0.0 ], [ 403326.784347016888205, 321530.60052229865687, 0.0 ], [ 403352.002712184854317, 321531.172957291651983, 0.0 ], [ 403377.221078923321329, 321531.745463375118561, 0.0 ], [ 403402.439447146956809, 321532.318040547717828, 0.0 ], [ 403415.398634492768906, 321517.190862872113939, 0.0 ], [ 403428.357864480291028, 321502.063702308107167, 0.0 ], [ 403441.317137118661776, 321486.936558858549688, 0.0 ], [ 403442.017220831243321, 321456.109573210473172, 0.0 ], [ 403454.976577167981304, 321440.982446514186449, 0.0 ], [ 403480.195210902253166, 321441.555231190111954, 0.0 ], [ 403505.413846122683026, 321442.128086954471655, 0.0 ], [ 403518.373333578929305, 321427.001046532182954, 0.0 ], [ 403531.332863682706375, 321411.874023225042038, 0.0 ], [ 403544.292436429182999, 321396.747017028799746, 0.0 ], [ 403557.252051822957583, 321381.620027942000888, 0.0 ], [ 403570.211709856754169, 321366.493055966857355, 0.0 ], [ 403583.171410539653152, 321351.366101101913955, 0.0 ], [ 403596.131153866706882, 321336.23916336055845, 0.0 ], [ 403609.090939835936297, 321321.112242718110792, 0.0 ], [ 403634.309930522926152, 321321.68544623372145, 0.0 ], [ 403659.528922877740115, 321322.258720841316972, 0.0 ], [ 403672.488839966244996, 321307.131886472809128, 0.0 ], [ 403685.448799693956971, 321292.00506921519991, 0.0 ], [ 403698.408802069665398, 321276.878269069187809, 0.0 ], [ 403711.368847088655457, 321261.751486033434048, 0.0 ], [ 403724.328934748482425, 321246.624720106425229, 0.0 ], [ 403725.029935989237856, 321215.797722906805575, 0.0 ], [ 403712.770762673753779, 321200.097493570239749, 0.0 ], [ 403700.511545102810487, 321184.397283257218078, 0.0 ], [ 403688.252283278969117, 321168.697091981128324, 0.0 ], [ 403663.032854868273716, 321168.123755914799403, 0.0 ], [ 403650.773506134282798, 321152.42362018401036, 0.0 ], [ 403638.514113145705778, 321136.723503488057759, 0.0 ], [ 403613.294601081637666, 321136.150311526027508, 0.0 ], [ 403601.035121183667798, 321120.450250373978633, 0.0 ], [ 403588.775597031461075, 321104.750208256067708, 0.0 ], [ 403563.556001133809332, 321104.177160393446684, 0.0 ], [ 403551.296390070754569, 321088.477173819381278, 0.0 ], [ 403539.036734758643433, 321072.777206280850805, 0.0 ], [ 403513.817055115359835, 321072.204302519035991, 0.0 ], [ 403488.597377136815339, 321071.631469846295658, 0.0 ], [ 403476.337592257303186, 321055.931594366382342, 0.0 ], [ 403477.037695786100812, 321025.10462364461273, 0.0 ], [ 403477.737794522894546, 320994.277654128090944, 0.0 ], [ 403478.437888467684388, 320963.450685815420002, 0.0 ], [ 403479.137977620761376, 320932.623718707181979, 0.0 ], [ 403479.838061981543433, 320901.796752814087085, 0.0 ], [ 403467.578003640344832, 320886.096904180245474, 0.0 ], [ 403442.357807374151889, 320885.524225226603448, 0.0 ], [ 403430.097662131302059, 320869.824432133755181, 0.0 ], [ 403417.837472635321319, 320854.124658072949387, 0.0 ], [ 403392.617192718898878, 320853.552123218018096, 0.0 ], [ 403367.396914288692642, 320852.979659446573351, 0.0 ], [ 403355.136595229851082, 320837.27997743152082, 0.0 ], [ 403342.876231925562024, 320821.58031445206143, 0.0 ], [ 403317.655869754671585, 320821.007994775020052, 0.0 ], [ 403305.395419543376192, 320805.308387331664562, 0.0 ], [ 403293.134925084537826, 320789.608798923087306, 0.0 ], [ 403267.914479263359681, 320789.036623341904487, 0.0 ], [ 403242.694034922868013, 320788.464518843393307, 0.0 ], [ 403230.433410907513462, 320772.765022488485556, 0.0 ], [ 403231.132602441415656, 320741.938081843953114, 0.0 ], [ 403231.83178918925114, 320711.111142405366991, 0.0 ], [ 403232.53097115107812, 320680.284204169816803, 0.0 ], [ 403233.230148326780181, 320649.457267139514443, 0.0 ], [ 403220.969296717317775, 320633.75779607280856, 0.0 ], [ 403208.708400862815324, 320618.058344028191641, 0.0 ], [ 403196.447460765833966, 320602.358911018411163, 0.0 ], [ 403184.186476423870772, 320586.659497040673159, 0.0 ], [ 403171.925447927438654, 320570.960102098528296, 0.0 ], [ 403159.66437509417301, 320555.260726186912507, 0.0 ], [ 403147.403258019126952, 320539.561369309492875, 0.0 ], [ 403122.1821264680475, 320538.989635610021651, 0.0 ], [ 403109.920922492048703, 320523.29033426794922, 0.0 ], [ 403097.659674272290431, 320507.59105195722077, 0.0 ], [ 403085.398381813662127, 320491.891788691224065, 0.0 ], [ 403073.137045107374433, 320476.192544447316322, 0.0 ], [ 403060.875664250575937, 320460.493319237604737, 0.0 ], [ 403061.574199760449119, 320429.666404097981285, 0.0 ], [ 403049.312728737480938, 320413.967199482314754, 0.0 ], [ 403037.051213476865087, 320398.268013897351921, 0.0 ], [ 403024.789653969695792, 320382.568847347865812, 0.0 ], [ 403012.52805022301618, 320366.869699829025194, 0.0 ], [ 403013.226397629478015, 320336.042792157153599, 0.0 ], [ 403013.924740255170036, 320305.21588568208972, 0.0 ], [ 403001.663000606058631, 320289.516760321566835, 0.0 ], [ 402989.401216718251817, 320273.817653994483408, 0.0 ], [ 402977.139388590003364, 320258.11856669728877, 0.0 ], [ 402951.917486220074352, 320257.547347863612231, 0.0 ], [ 402926.695585329202004, 320256.976200109173078, 0.0 ], [ 402901.473686011799145, 320256.405123434611596, 0.0 ], [ 402889.211685683578253, 320240.706164671690203, 0.0 ], [ 402889.909579587052576, 320209.879271426994819, 0.0 ], [ 402902.869560694671236, 320194.751335011329502, 0.0 ], [ 402915.829584433347918, 320179.623415708018001, 0.0 ], [ 402916.527555655513424, 320148.796522942720912, 0.0 ], [ 402917.225522098946385, 320117.969631380517967, 0.0 ], [ 402917.923483763705008, 320087.142741026356816, 0.0 ], [ 402918.621440649381839, 320056.315851887280587, 0.0 ], [ 402919.319392756849993, 320025.488963942858391, 0.0 ], [ 402920.017340085352771, 319994.662077202228829, 0.0 ], [ 402920.715282635064796, 319963.835191669582855, 0.0 ], [ 402908.452868291293271, 319948.136229504947551, 0.0 ], [ 402896.190409705624916, 319932.437286382890306, 0.0 ], [ 402896.888255828176625, 319901.610405181127135, 0.0 ], [ 402897.58609717246145, 319870.783525184553582, 0.0 ], [ 402898.283933738362975, 319839.956646393926349, 0.0 ], [ 402898.981765526114032, 319809.129768807790242, 0.0 ], [ 402899.679592535365373, 319778.302892438194249, 0.0 ], [ 402900.37741476658266, 319747.476017262495589, 0.0 ], [ 402901.075232219533063, 319716.649143293441739, 0.0 ], [ 402901.424139154085424, 319701.235706762061454, 0.0 ], [ 402888.812408636673354, 319700.950230135291349, 0.0 ], [ 402863.588948783115484, 319700.37933018791955, 0.0 ], [ 402838.365490593540017, 319699.808501318388153, 0.0 ], [ 402813.142033885116689, 319699.237743524543475, 0.0 ], [ 402787.918578745797276, 319698.667056804872118, 0.0 ], [ 402762.695125179830939, 319698.096441160247196, 0.0 ], [ 402749.734752645716071, 319713.224590763275046, 0.0 ], [ 402736.774422835849691, 319728.352757480053697, 0.0 ], [ 402711.551059276855085, 319727.782282068452332, 0.0 ], [ 402686.327697283530142, 319727.211877733236179, 0.0 ], [ 402661.104336865129881, 319726.641544473648537, 0.0 ], [ 402648.144182251417078, 319741.769832032441627, 0.0 ], [ 402635.184070267598145, 319756.898136704985518, 0.0 ], [ 402609.960799945110921, 319756.327943679934833, 0.0 ], [ 402584.737531099643093, 319755.757821729814168, 0.0 ], [ 402559.514263825840317, 319755.187770856078714, 0.0 ], [ 402547.250933229457587, 319739.48934806935722, 0.0 ], [ 402534.987558402179275, 319723.790944314619992, 0.0 ], [ 402509.76420749083627, 319723.221037511946633, 0.0 ], [ 402484.540858056047, 319722.651201782107819, 0.0 ], [ 402472.277353697223589, 319706.952890048385598, 0.0 ], [ 402460.013805108086672, 319691.254597345250659, 0.0 ], [ 402447.750212286715396, 319675.55632366775535, 0.0 ], [ 402435.486575231130701, 319659.858069021604024, 0.0 ], [ 402410.263056774623692, 319659.288450351799838, 0.0 ], [ 402385.039539974066429, 319658.718902759137563, 0.0 ], [ 402372.775773390661925, 319643.020740143896546, 0.0 ], [ 402360.511962580669206, 319627.322596545796841, 0.0 ], [ 402348.248107535066083, 319611.624471975490451, 0.0 ], [ 402335.984208260895684, 319595.926366432977375, 0.0 ], [ 402323.720264753559604, 319580.228279920993373, 0.0 ], [ 402311.456277020392008, 319564.530212435463909, 0.0 ], [ 402286.23250590171665, 319563.960954888258129, 0.0 ], [ 402273.968431286572013, 319548.262942925968673, 0.0 ], [ 402261.7043124436168, 319532.564949990832247, 0.0 ], [ 402236.480457507772371, 319531.995836505433545, 0.0 ], [ 402224.216251788078807, 319516.297899093595333, 0.0 ], [ 402211.952001838828437, 319500.599980720842723, 0.0 ], [ 402199.687707660603337, 319484.902081363135949, 0.0 ], [ 402187.423369251308031, 319469.204201033164281, 0.0 ], [ 402175.158986707916483, 319453.506339732382912, 0.0 ], [ 402162.894559841253795, 319437.808497457939666, 0.0 ], [ 402150.630088746256661, 319422.110674210591242, 0.0 ], [ 402138.365573425660841, 319406.412869988183957, 0.0 ], [ 402126.101013874867931, 319390.715084795665462, 0.0 ], [ 402113.836410100921057, 319375.017318628088105, 0.0 ], [ 402101.571762094681617, 319359.31957149959635, 0.0 ], [ 402102.266742741921917, 319328.492773367557675, 0.0 ], [ 402102.961718629579991, 319297.665976442862302, 0.0 ], [ 402090.696934780164156, 319281.9682514500455, 0.0 ], [ 402078.432106706430204, 319266.270545485720504, 0.0 ], [ 402066.167234499007463, 319250.572858549887314, 0.0 ], [ 402040.942610366560984, 319250.004330875002779, 0.0 ], [ 402015.717987804557197, 319249.435874270857312, 0.0 ], [ 402003.452985989162698, 319233.738279343990143, 0.0 ], [ 401991.187939945783, 319218.0407034541131, 0.0 ], [ 401965.9632336597424, 319217.472390905371867, 0.0 ], [ 401953.69810083671473, 319201.774870525405277, 0.0 ], [ 401941.432923700951505, 319186.077369168866426, 0.0 ], [ 401929.167702340404503, 319170.379886838782113, 0.0 ], [ 401916.902436755364761, 319154.68242353288224, 0.0 ], [ 401904.637126943678595, 319138.984979254018981, 0.0 ], [ 401892.37177291023545, 319123.287554000853561, 0.0 ], [ 401867.146812320628669, 319122.719531472830568, 0.0 ], [ 401841.921853385982104, 319122.151580017001834, 0.0 ], [ 401829.656369843054563, 319106.454246770648751, 0.0 ], [ 401817.390842071850784, 319090.756932550691999, 0.0 ], [ 401792.1657993234694, 319090.189125144621357, 0.0 ], [ 401766.94075814151438, 319089.621388807892799, 0.0 ], [ 401741.715718521154486, 319089.053723540448118, 0.0 ], [ 401716.490680557209998, 319088.486129345837981, 0.0 ], [ 401691.265644064173102, 319087.918606217717752, 0.0 ], [ 401666.040609134593979, 319087.351154159579892, 0.0 ], [ 401653.774781277985312, 319071.654077915940434, 0.0 ], [ 401641.508909197000321, 319055.957020687346812, 0.0 ], [ 401616.283790634595789, 319055.389712680422235, 0.0 ], [ 401603.324630911985878, 319070.519459989503957, 0.0 ], [ 401590.365513816708699, 319085.649224403779954, 0.0 ], [ 401565.140485141077079, 319085.082056622835808, 0.0 ], [ 401552.181454882374965, 319100.211872742336709, 0.0 ], [ 401539.222467255953234, 319115.341705976228695, 0.0 ], [ 401513.997528556850739, 319114.774678426212631, 0.0 ], [ 401488.772591509739868, 319114.207721945538651, 0.0 ], [ 401463.54765593202319, 319113.640836533391848, 0.0 ], [ 401438.322721913689747, 319113.074022192042321, 0.0 ], [ 401413.097789461200591, 319112.507278918521479, 0.0 ], [ 401387.872858660062775, 319111.940606716438197, 0.0 ], [ 401362.647929327562451, 319111.374005582241807, 0.0 ], [ 401337.423001558112446, 319110.807475516630802, 0.0 ], [ 401312.198075346939731, 319110.241016520303674, 0.0 ], [ 401286.973150698584504, 319109.674628594017122, 0.0 ], [ 401274.706729053228628, 319093.978098116174806, 0.0 ], [ 401262.440263099444564, 319078.281586659082677, 0.0 ], [ 401250.173752922622953, 319062.585094236128498, 0.0 ], [ 401237.907198530388996, 319046.888620824669488, 0.0 ], [ 401225.640599913429469, 319031.192166436696425, 0.0 ], [ 401213.373957076692022, 319015.495731070172042, 0.0 ], [ 401201.107270022679586, 318999.799314726376906, 0.0 ], [ 401188.840538749296684, 318984.102917405485641, 0.0 ], [ 401176.573763256717939, 318968.406539106625132, 0.0 ], [ 401164.306943633011542, 318952.710179831366986, 0.0 ], [ 401152.040079702681396, 318937.01383957528742, 0.0 ], [ 401139.773171553679276, 318921.317518353404012, 0.0 ], [ 401127.506219184142537, 318905.62121614231728, 0.0 ], [ 401128.197746116085909, 318874.794509406026918, 0.0 ], [ 401128.889268311439082, 318843.967803877778351, 0.0 ], [ 401116.622180143021978, 318828.271523804520257, 0.0 ], [ 401104.355047754885163, 318812.575262749742251, 0.0 ], [ 401092.087871154421009, 318796.8790207192651, 0.0 ], [ 401079.820650332025252, 318781.182797720772214, 0.0 ], [ 401067.553385295788758, 318765.486593733774498, 0.0 ], [ 401055.286076130811125, 318749.790408767468762, 0.0 ], [ 401043.018722664099187, 318734.094242823251989, 0.0 ], [ 401030.751324976910837, 318718.398095898330212, 0.0 ], [ 401043.709919591026846, 318703.26754940522369, 0.0 ], [ 401056.668556828459259, 318688.137020027963445, 0.0 ], [ 401057.359790074871853, 318657.310327471699566, 0.0 ], [ 401070.318510908051394, 318642.179814871808048, 0.0 ], [ 401083.277274456457235, 318627.049319379264489, 0.0 ], [ 401083.968585074879229, 318596.222627336392179, 0.0 ], [ 401084.659890957758762, 318565.395936502958648, 0.0 ], [ 401085.351192105212249, 318534.569246877566911, 0.0 ], [ 401098.31012144102715, 318519.438767456449568, 0.0 ], [ 401111.26909339800477, 318504.308305161830503, 0.0 ], [ 401111.96047191368416, 318473.481616048375145, 0.0 ], [ 401099.692791632725857, 318457.785391150042415, 0.0 ], [ 401074.466057269950397, 318457.21968285238836, 0.0 ], [ 401049.239324558991939, 318456.654045622679405, 0.0 ], [ 401036.97151478077285, 318440.957912713463884, 0.0 ], [ 401024.703660789411515, 318425.261798824241851, 0.0 ], [ 400999.476844268385321, 318424.696305624500383, 0.0 ], [ 400974.250029304006603, 318424.130883487639949, 0.0 ], [ 400961.982045823242515, 318408.434861587593332, 0.0 ], [ 400949.714018220081925, 318392.738858711032663, 0.0 ], [ 400924.487119535333477, 318392.173580606293399, 0.0 ], [ 400899.260222411365248, 318391.608373563736677, 0.0 ], [ 400874.033326843229588, 318391.043237583478913, 0.0 ], [ 400861.765127017279156, 318375.347363176057115, 0.0 ], [ 400849.496882981737144, 318359.6515077992226, 0.0 ], [ 400824.269903784967028, 318359.08651585172629, 0.0 ], [ 400799.042926053632982, 318358.521594963618554, 0.0 ], [ 400773.815949879703112, 318357.95674513845006, 0.0 ], [ 400761.547533714678138, 318342.261018220160622, 0.0 ], [ 400749.279073339188471, 318326.565310319710989, 0.0 ], [ 400737.010568750672974, 318310.869621440710034, 0.0 ], [ 400724.742020044359379, 318295.17395158164436, 0.0 ], [ 400712.47342703549657, 318279.47830074117519, 0.0 ], [ 400700.204789821233135, 318263.782668918545824, 0.0 ], [ 400674.977559369173832, 318263.21810904960148, 0.0 ], [ 400649.750330475973897, 318262.653620242956094, 0.0 ], [ 400624.523103134590201, 318262.089202497794759, 0.0 ], [ 400612.254293884267099, 318246.393699143547565, 0.0 ], [ 400599.9854403299978, 318230.698214805102907, 0.0 ], [ 400574.758129269233905, 318230.133941084262915, 0.0 ], [ 400562.48918887169566, 318214.438512255670503, 0.0 ], [ 400563.178614421456587, 318183.611875909613445, 0.0 ], [ 400563.868035247956868, 318152.785240772995166, 0.0 ], [ 400576.826529082609341, 318137.654031020705588, 0.0 ], [ 400589.785065545991529, 318122.522838384262286, 0.0 ], [ 400590.474563757248688, 318091.696203767438419, 0.0 ], [ 400578.205438673612662, 318076.000763699586969, 0.0 ], [ 400565.936269387486391, 318060.305342640494928, 0.0 ], [ 400566.625671320885886, 318029.478712344542146, 0.0 ], [ 400567.315068530850112, 317998.652083261637017, 0.0 ], [ 400580.273767633130774, 317983.520871780114248, 0.0 ], [ 400593.232509362744167, 317968.389677413040772, 0.0 ], [ 400593.921983954089228, 317937.563048859068658, 0.0 ], [ 400581.652629987569526, 317921.867616560717579, 0.0 ], [ 400569.383231820189394, 317906.172203280206304, 0.0 ], [ 400570.072610136470757, 317875.34557903726818, 0.0 ], [ 400570.761983729491476, 317844.518956004467327, 0.0 ], [ 400571.451352599018719, 317813.692334179708268, 0.0 ], [ 400559.181772896554321, 317797.996944597049151, 0.0 ], [ 400546.912148992414586, 317782.301574021577835, 0.0 ], [ 400547.601421590312384, 317751.474956520542037, 0.0 ], [ 400535.331707705860026, 317735.779606517229695, 0.0 ], [ 400523.061949617927894, 317720.084275532513857, 0.0 ], [ 400523.751125946524553, 317689.257662353164051, 0.0 ], [ 400524.440297552384436, 317658.431050396698993, 0.0 ], [ 400512.17040381062543, 317642.735741542011965, 0.0 ], [ 400499.900465771497693, 317627.040451704408042, 0.0 ], [ 400487.630483532324433, 317611.345180884003639, 0.0 ], [ 400462.401443700655364, 317610.781300483737141, 0.0 ], [ 400450.13137462415034, 317595.086085161194205, 0.0 ], [ 400437.861261345911771, 317579.390888852940407, 0.0 ], [ 400425.591103870770894, 317563.695711563224904, 0.0 ], [ 400426.279909305856563, 317532.869112042011693, 0.0 ], [ 400426.968710020533763, 317502.042513741587754, 0.0 ], [ 400427.657506015500985, 317471.215916639950592, 0.0 ], [ 400440.616637845174409, 317456.084491818153765, 0.0 ], [ 400453.575812297640368, 317440.953084110049531, 0.0 ], [ 400454.264685670321342, 317410.126487529603764, 0.0 ], [ 400467.223943789373152, 317394.995096592523623, 0.0 ], [ 400480.183244523359463, 317379.863722781243268, 0.0 ], [ 400467.912853489397094, 317364.168500885192771, 0.0 ], [ 400455.642418253526557, 317348.473298009193968, 0.0 ], [ 400456.331277464167215, 317317.646705058577936, 0.0 ], [ 400444.060752260731533, 317301.951522755436599, 0.0 ], [ 400431.790182862896472, 317286.256359466584399, 0.0 ], [ 400432.478945817099884, 317255.429770838993136, 0.0 ], [ 400433.167704050720204, 317224.603183432889637, 0.0 ], [ 400433.85645756451413, 317193.776597226387821, 0.0 ], [ 400421.58570666203741, 317178.081457623280585, 0.0 ], [ 400408.626249674125575, 317193.212920133140869, 0.0 ], [ 400395.666835209704004, 317208.344399756751955, 0.0 ], [ 400370.43667297239881, 317207.78082829026971, 0.0 ], [ 400358.165838383778464, 317192.085779101471417, 0.0 ], [ 400345.894959595345426, 317176.390748929174151, 0.0 ], [ 400320.664713656122331, 317175.827321469958406, 0.0 ], [ 400295.43446936015971, 317175.263965064543299, 0.0 ], [ 400283.163461119518615, 317159.56902686151443, 0.0 ], [ 400270.89240868226625, 317143.87410767498659, 0.0 ], [ 400245.662080593814608, 317143.310895273287315, 0.0 ], [ 400220.431754060322419, 317142.747753923933487, 0.0 ], [ 400208.160572169465013, 317127.052926703880075, 0.0 ], [ 400195.889346080017276, 317111.358118500967976, 0.0 ], [ 400170.658935936400667, 317110.795121157483663, 0.0 ], [ 400145.428527254727669, 317110.232194864191115, 0.0 ], [ 400133.157171717029996, 317094.537478637706954, 0.0 ], [ 400120.885771979694255, 317078.84278141631512, 0.0 ], [ 400095.655279594939202, 317078.279999124642927, 0.0 ], [ 400070.424788856529631, 317077.717287887469865, 0.0 ], [ 400058.153259667218663, 317062.022682629700284, 0.0 ], [ 400045.881686287815683, 317046.328096388431732, 0.0 ], [ 400020.651111751329154, 317045.765529149328358, 0.0 ], [ 399995.420538770558778, 317045.203032962512225, 0.0 ], [ 399970.189967345213518, 317044.640607826644555, 0.0 ], [ 399944.959397562721279, 317044.0782537451596, 0.0 ], [ 399919.728829240542836, 317043.515970711770933, 0.0 ], [ 399894.49826247326564, 317042.953758729214314, 0.0 ], [ 399869.267697255942039, 317042.391617799003143, 0.0 ], [ 399844.037133683217689, 317041.829547921835911, 0.0 ], [ 399831.078528609767091, 317056.961807067913469, 0.0 ], [ 399818.11996615503449, 317072.094083332049195, 0.0 ], [ 399792.889492400921881, 317071.532153658161405, 0.0 ], [ 399780.617494298610836, 317055.837949616485275, 0.0 ], [ 399793.576011006021872, 317040.705621314409655, 0.0 ], [ 399806.534570334421005, 317025.573310130275786, 0.0 ], [ 399819.493172279093415, 317010.441016064200085, 0.0 ], [ 399844.723821201710962, 317011.003012996981852, 0.0 ], [ 399857.68250984797487, 316995.870770624023862, 0.0 ], [ 399870.641241204866674, 316980.738545369007625, 0.0 ], [ 399883.600015174946748, 316965.606337233446538, 0.0 ], [ 399884.286821139161475, 316934.779802505450789, 0.0 ], [ 399884.973622396530118, 316903.953268976358231, 0.0 ], [ 399897.932521084323525, 316888.821077273983974, 0.0 ], [ 399910.891462382336613, 316873.688902685360517, 0.0 ], [ 399898.619358683936298, 316857.994544614397455, 0.0 ], [ 399886.347210789099336, 316842.300205555686262, 0.0 ], [ 399887.033997924183495, 316811.473675673361868, 0.0 ], [ 399887.720780352246948, 316780.647146991977934, 0.0 ], [ 399888.407558072824031, 316749.820619522943161, 0.0 ], [ 399889.094331086147577, 316718.994093264045659, 0.0 ], [ 399876.821955978404731, 316703.299779436143581, 0.0 ], [ 399864.549536678241566, 316687.605484622588847, 0.0 ], [ 399865.23621347383596, 316656.778962695272639, 0.0 ], [ 399865.922885562875308, 316625.952441968896892, 0.0 ], [ 399866.609552945243195, 316595.125922454753891, 0.0 ], [ 399867.296215620590374, 316564.299404150107875, 0.0 ], [ 399867.982873588916846, 316533.472887068404816, 0.0 ], [ 399868.669526850455441, 316502.646371188340709, 0.0 ], [ 399869.356175405322574, 316471.819856519170571, 0.0 ], [ 399870.042819253169, 316440.993343061592896, 0.0 ], [ 399857.769989829394035, 316425.299079698277637, 0.0 ], [ 399845.497116123675369, 316409.604835345060565, 0.0 ], [ 399833.224198232754134, 316393.910610016726423, 0.0 ], [ 399820.951236152846832, 316378.216403689293656, 0.0 ], [ 399833.910700117819943, 316363.084102434397209, 0.0 ], [ 399846.870206690509804, 316347.951818293193355, 0.0 ], [ 399859.829755875340197, 316332.819551268592477, 0.0 ], [ 399872.789347574813291, 316317.687301359139383, 0.0 ], [ 399885.748981978511438, 316302.555068565532565, 0.0 ], [ 399898.708658989169635, 316287.422852887830231, 0.0 ], [ 399911.668378611153457, 316272.290654324518982, 0.0 ], [ 399924.628140837419778, 316257.15847287705401, 0.0 ], [ 399937.587945676757954, 316242.026308556844015, 0.0 ], [ 399962.820770854246803, 316242.588542250858154, 0.0 ], [ 399975.780662474222481, 316227.456429606769234, 0.0 ], [ 399988.740596612275112, 316212.324334074975923, 0.0 ], [ 400001.700573450652882, 316197.192255659785587, 0.0 ], [ 400002.387608901597559, 316166.365743616304826, 0.0 ], [ 400003.074639642436523, 316135.539232780865859, 0.0 ], [ 400003.761665672936942, 316104.712723169766832, 0.0 ], [ 400016.721808238420635, 316089.580660837935284, 0.0 ], [ 400029.681993415171746, 316074.448615619912744, 0.0 ], [ 400042.642221196321771, 316059.31658751697978, 0.0 ], [ 400067.875573350116611, 316059.879093994793948, 0.0 ], [ 400080.835887908411678, 316044.747117576538585, 0.0 ], [ 400093.796245077508502, 316029.615158271277323, 0.0 ], [ 400119.029687037691474, 316030.177804936130997, 0.0 ], [ 400144.263130645733327, 316030.740522644831799, 0.0 ], [ 400169.496575807221234, 316031.303311396564823, 0.0 ], [ 400194.730022526928224, 316031.866171192843467, 0.0 ], [ 400219.963470710092224, 316032.429102028720081, 0.0 ], [ 400245.196920542046428, 316032.992103912576567, 0.0 ], [ 400258.157585356617346, 316017.860369151458144, 0.0 ], [ 400271.118292774190195, 316002.728651502693538, 0.0 ], [ 400284.079042796744034, 315987.596950976119842, 0.0 ], [ 400297.039835426898208, 315972.46526755404193, 0.0 ], [ 400322.273463507241104, 315973.028478763939347, 0.0 ], [ 400347.507093056803569, 315973.59176101553021, 0.0 ], [ 400372.74072425160557, 315974.155114313063677, 0.0 ], [ 400385.701692007132806, 315959.023551711812615, 0.0 ], [ 400398.662702364730649, 315943.892006223555654, 0.0 ], [ 400423.896423464408144, 315944.45549970457796, 0.0 ], [ 400449.130146034178324, 315945.019064227293711, 0.0 ], [ 400474.363870250061154, 315945.582699794496875, 0.0 ], [ 400499.59759602881968, 315946.14640640548896, 0.0 ], [ 400524.831323361606337, 315946.710184060328174, 0.0 ], [ 400537.792597192456014, 315931.578828533994965, 0.0 ], [ 400550.753913629567251, 315916.44749011710519, 0.0 ], [ 400563.026370168023277, 315932.142711799242534, 0.0 ], [ 400575.298782615689561, 315947.837952498579398, 0.0 ], [ 400600.532514627557248, 315948.401943282689899, 0.0 ], [ 400625.766248196479864, 315948.966005111346021, 0.0 ], [ 400638.727698727278039, 315933.834787862957455, 0.0 ], [ 400651.689191859099083, 315918.703587723313831, 0.0 ], [ 400664.650727596483193, 315903.572404694627039, 0.0 ], [ 400677.612305842107162, 315888.441238774626981, 0.0 ], [ 400702.846217673562933, 315889.005509922921192, 0.0 ], [ 400728.080131060443819, 315889.56985211360734, 0.0 ], [ 400753.314046010142192, 315890.134265348082408, 0.0 ], [ 400778.547962518059649, 315890.698749626346398, 0.0 ], [ 400791.509760067157913, 315875.567739090300165, 0.0 ], [ 400804.47160031076055, 315860.436745677900035, 0.0 ], [ 400829.705606729141437, 315861.001370136160403, 0.0 ], [ 400842.66753375006374, 315845.870428387832362, 0.0 ], [ 400855.629503370495513, 315830.739503751858138, 0.0 ], [ 400868.591515592648648, 315815.60859622398857, 0.0 ], [ 400869.281440550403204, 315784.78203519876115, 0.0 ], [ 400882.243536404683255, 315769.651144431903958, 0.0 ], [ 400895.205674857948907, 315754.520270773151424, 0.0 ], [ 400908.167855821782723, 315739.389414222503547, 0.0 ], [ 400921.130079476395622, 315724.258574791252613, 0.0 ], [ 400934.092345734126866, 315709.127752459549811, 0.0 ], [ 400947.054654589912388, 315693.99694723659195, 0.0 ], [ 400960.017006048117764, 315678.866159121738747, 0.0 ], [ 400972.979400101758074, 315663.735388114233501, 0.0 ], [ 400973.669648544746451, 315632.908825504244305, 0.0 ], [ 400974.359892254753504, 315602.082264101598412, 0.0 ], [ 400975.050131231662817, 315571.255703920382075, 0.0 ], [ 400988.012690965784714, 315556.124948972952552, 0.0 ], [ 401000.975293298717588, 315540.994211132870987, 0.0 ], [ 401013.937938228016719, 315525.863490400195587, 0.0 ], [ 401026.900625665555708, 315510.732786774111446, 0.0 ], [ 401039.863355791429058, 315495.602100256830454, 0.0 ], [ 401065.098417693108786, 315496.167341189051513, 0.0 ], [ 401090.33348115615081, 315496.732653162267525, 0.0 ], [ 401103.296342227607965, 315481.602052883536089, 0.0 ], [ 401091.024094083928503, 315465.9060886084917, 0.0 ], [ 401078.751801758888178, 315450.210143361182418, 0.0 ], [ 401079.442364192917012, 315419.3835815754137, 0.0 ], [ 401080.132921891636215, 315388.557020998443477, 0.0 ], [ 401093.095904453191906, 315373.426402209559456, 0.0 ], [ 401118.331316606956534, 315373.991777581744827, 0.0 ], [ 401131.29438593465602, 315358.86121046403423, 0.0 ], [ 401144.257497773389332, 315343.73066045017913, 0.0 ], [ 401157.220652296207845, 315328.600127545825671, 0.0 ], [ 401170.18384941725526, 315313.469611759413965, 0.0 ], [ 401195.41943981742952, 315314.035196428594645, 0.0 ], [ 401220.655031784670427, 315314.600852136616595, 0.0 ], [ 401245.890625314670615, 315315.166578884876799, 0.0 ], [ 401258.853997456724755, 315300.036183883843478, 0.0 ], [ 401271.81741228204919, 315284.90580598951783, 0.0 ], [ 401297.053095721057616, 315285.471672903571744, 0.0 ], [ 401310.01659731590189, 315270.34134667966282, 0.0 ], [ 401322.980141505831853, 315255.211037559609395, 0.0 ], [ 401348.215914854081348, 315255.777044640854001, 0.0 ], [ 401361.179545808408875, 315240.646787189878523, 0.0 ], [ 401374.143219269462861, 315225.516546843398828, 0.0 ], [ 401387.106935410527512, 315210.386323602171615, 0.0 ], [ 401400.070694150519557, 315195.256117466837168, 0.0 ], [ 401425.306645754200872, 315195.822333837335464, 0.0 ], [ 401438.270491257193498, 315180.692179380974267, 0.0 ], [ 401438.962225929659326, 315149.865601700148545, 0.0 ], [ 401451.926155042776372, 315134.735463984368835, 0.0 ], [ 401464.890126751619391, 315119.605343373841606, 0.0 ], [ 401477.854141051240731, 315104.475239865714684, 0.0 ], [ 401490.818197853863239, 315089.345153460744768, 0.0 ], [ 401503.78229733929038, 315074.215084161667619, 0.0 ], [ 401516.746439419919625, 315059.085031967842951, 0.0 ], [ 401517.438415437354706, 315028.258453387010377, 0.0 ], [ 401530.40264111966826, 315013.128417942207307, 0.0 ], [ 401543.366909398406278, 314997.998399601259734, 0.0 ], [ 401544.05896269727964, 314967.171821509720758, 0.0 ], [ 401557.023314580903389, 314952.041819920646958, 0.0 ], [ 401569.987709053559229, 314936.911835433274973, 0.0 ], [ 401570.679839630785864, 314906.085257853730582, 0.0 ], [ 401583.644317709084135, 314890.955290116078686, 0.0 ], [ 401596.608838373504113, 314875.825339482340496, 0.0 ], [ 401584.336484551546164, 314860.128713379905093, 0.0 ], [ 401572.06408654502593, 314844.432106296764687, 0.0 ], [ 401559.7916443614522, 314828.735518231464084, 0.0 ], [ 401547.519157996051945, 314813.038949187612161, 0.0 ], [ 401560.483714939909987, 314797.908945827512071, 0.0 ], [ 401585.720803994452581, 314798.475563529529609, 0.0 ], [ 401598.685447692347225, 314783.345611832861323, 0.0 ], [ 401611.650133894116152, 314768.215677247790154, 0.0 ], [ 401636.88731285254471, 314768.7824351049494, 0.0 ], [ 401649.852085900492966, 314753.652552173356526, 0.0 ], [ 401650.544448299799114, 314722.825976080144756, 0.0 ], [ 401651.236805950291455, 314691.999401196371764, 0.0 ], [ 401651.929158851969987, 314661.172827519185375, 0.0 ], [ 401652.621507004601881, 314630.346255060052499, 0.0 ], [ 401640.348872314905748, 314614.649568502267357, 0.0 ], [ 401615.11125952162547, 314614.082820227311458, 0.0 ], [ 401589.87364838749636, 314613.516142989101354, 0.0 ], [ 401577.60088432172779, 314597.819548402796499, 0.0 ], [ 401565.328076081175823, 314582.122972834331449, 0.0 ], [ 401540.090381224930752, 314581.556439579406288, 0.0 ], [ 401527.817486211773939, 314565.859919503098354, 0.0 ], [ 401515.544547017663717, 314550.1634184474824, 0.0 ], [ 401503.271563649293967, 314534.466936409764457, 0.0 ], [ 401490.998536195023917, 314518.770473390584812, 0.0 ], [ 401465.760672518110368, 314518.204157069616485, 0.0 ], [ 401440.522810411639512, 314517.637911781843286, 0.0 ], [ 401428.249653493810911, 314501.941540729894768, 0.0 ], [ 401415.976452402537689, 314486.245188706379849, 0.0 ], [ 401403.703207133919932, 314470.548855689412449, 0.0 ], [ 401391.429917695000768, 314454.85254168958636, 0.0 ], [ 401379.156584166688845, 314439.156246711208951, 0.0 ], [ 401379.847944698180072, 314408.329703769821208, 0.0 ], [ 401367.574521155795082, 314392.633429367793724, 0.0 ], [ 401355.301053436880466, 314376.937173981510568, 0.0 ], [ 401343.027541548770387, 314361.240937615220901, 0.0 ], [ 401330.753985482093412, 314345.544720276026055, 0.0 ], [ 401318.480385242262855, 314329.84852194332052, 0.0 ], [ 401293.242011972412001, 314329.282714340311941, 0.0 ], [ 401280.968324965680949, 314313.586571496911347, 0.0 ], [ 401268.694593873689882, 314297.890447673562448, 0.0 ], [ 401256.420818521233741, 314282.194342863804195, 0.0 ], [ 401257.111721548601054, 314251.367815536330454, 0.0 ], [ 401257.802619836525992, 314220.541289416258223, 0.0 ], [ 401258.493513384484686, 314189.714764516218565, 0.0 ], [ 401246.219556614290923, 314174.018683407804929, 0.0 ], [ 401233.945555670419708, 314158.322621317231096, 0.0 ], [ 401221.671510557760485, 314142.626578240946401, 0.0 ], [ 401209.397421271889471, 314126.930554181104526, 0.0 ], [ 401197.123287820024416, 314111.234549139160663, 0.0 ], [ 401171.884315080475062, 314110.669110087561421, 0.0 ], [ 401146.645343999902252, 314110.103742067760322, 0.0 ], [ 401121.406374390702695, 314109.538445076148491, 0.0 ], [ 401108.441710184211843, 314124.669078269507736, 0.0 ], [ 401095.477088562911376, 314139.799728568119463, 0.0 ], [ 401070.238208842929453, 314139.23457172390772, 0.0 ], [ 401057.273673967574723, 314154.365273685136344, 0.0 ], [ 401044.309181767923292, 314169.495992750278674, 0.0 ], [ 401032.034840066218749, 314153.800222432299051, 0.0 ], [ 401044.999330781167373, 314138.669485911435913, 0.0 ], [ 401057.963863991317339, 314123.538766492973082, 0.0 ], [ 401058.654049280215986, 314092.712260511703789, 0.0 ], [ 401059.344229833921418, 314061.885755750467069, 0.0 ], [ 401060.03440565301571, 314031.059252188075334, 0.0 ], [ 401072.999104567395989, 314015.928548819792923, 0.0 ], [ 401085.963846068130806, 314000.797862557403278, 0.0 ], [ 401086.654099170060363, 313969.971359497809317, 0.0 ], [ 401087.344347536331043, 313939.144857648352627, 0.0 ], [ 401075.069726640998852, 313923.449044337845407, 0.0 ], [ 401049.830241305404343, 313922.883971911622211, 0.0 ], [ 401024.590757442871109, 313922.318970510794315, 0.0 ], [ 400999.351275148219429, 313921.754040139552671, 0.0 ], [ 400974.111794416676275, 313921.189180795219727, 0.0 ], [ 400961.836958982283249, 313905.493532370775938, 0.0 ], [ 400949.562079382943921, 313889.797902960737702, 0.0 ], [ 400924.322515122941695, 313889.233187586825807, 0.0 ], [ 400912.047548761533108, 313873.537613660446368, 0.0 ], [ 400899.772538235643879, 313857.842058749753051, 0.0 ], [ 400874.532890262431465, 313857.27748734143097, 0.0 ], [ 400849.29324385599466, 313856.712986960599665, 0.0 ], [ 400837.018103976035491, 313841.017524002236314, 0.0 ], [ 400837.707465906685684, 313810.191046105523128, 0.0 ], [ 400838.396823107497767, 313779.364569425291847, 0.0 ], [ 400839.086175578762777, 313748.538093946059234, 0.0 ], [ 400839.775523320306093, 313717.711619674169924, 0.0 ], [ 400840.464866332302336, 313686.885146613873076, 0.0 ], [ 400841.154204614344053, 313656.05867476091953, 0.0 ], [ 400841.843538166605867, 313625.232204129453748, 0.0 ], [ 400829.568034044466913, 313609.536771108105313, 0.0 ], [ 400817.292485666228458, 313593.841357098252047, 0.0 ], [ 400817.981723014847375, 313563.014890784863383, 0.0 ], [ 400818.670955634210259, 313532.188425678818021, 0.0 ], [ 400806.395271624205634, 313516.493033803242724, 0.0 ], [ 400794.119543446577154, 313500.797660952550359, 0.0 ], [ 400794.808679865091108, 313469.9712001766311, 0.0 ], [ 400795.497811554814689, 313439.144740611605812, 0.0 ], [ 400796.186938516038936, 313408.318282254622318, 0.0 ], [ 400796.87606074847281, 313377.491825107776094, 0.0 ], [ 400784.600105470861308, 313361.796477510652039, 0.0 ], [ 400772.324106030166149, 313346.101148914371151, 0.0 ], [ 400760.048062433314044, 313330.405839331739116, 0.0 ], [ 400747.77197467116639, 313314.710548764793202, 0.0 ], [ 400735.495842748612631, 313299.015277210099157, 0.0 ], [ 400723.219666760764085, 313283.320024668937549, 0.0 ], [ 400710.943446518154815, 313267.624791140726302, 0.0 ], [ 400698.667182118049823, 313251.929576624708716, 0.0 ], [ 400686.390873556141742, 313236.234381123678759, 0.0 ], [ 400661.149504789733328, 313235.670487146009691, 0.0 ], [ 400648.873109483742155, 313219.97534713440109, 0.0 ], [ 400649.561682922125328, 313189.148908703762572, 0.0 ], [ 400637.285197724180762, 313173.453789252904244, 0.0 ], [ 400625.008668367867358, 313157.75868881639326, 0.0 ], [ 400612.73209494818002, 313142.063607391377445, 0.0 ], [ 400600.455477275478188, 313126.3685449778568, 0.0 ], [ 400588.17881544737611, 313110.6735015779268, 0.0 ], [ 400562.937105990131386, 313110.109899326809682, 0.0 ], [ 400550.660357416258194, 313094.414911401399877, 0.0 ], [ 400538.383564685005695, 313078.719942501571495, 0.0 ], [ 400513.141771619091742, 313078.15648420114303, 0.0 ], [ 400500.864892237703316, 313062.461570770130493, 0.0 ], [ 400488.587968607316725, 313046.766676347062457, 0.0 ], [ 400476.311000824905932, 313031.071800936886575, 0.0 ], [ 400464.033988881739788, 313015.376944538962562, 0.0 ], [ 400451.756932784686796, 312999.682107149623334, 0.0 ], [ 400439.479832529556006, 312983.987288776028436, 0.0 ], [ 400427.20268812100403, 312968.29248941183323, 0.0 ], [ 400427.890443170152139, 312937.466077849909198, 0.0 ], [ 400415.613208880531602, 312921.771299056417774, 0.0 ], [ 400403.335930433822796, 312906.076539273723029, 0.0 ], [ 400404.023589312680997, 312875.250132029934321, 0.0 ], [ 400404.711243472062051, 312844.423725995584391, 0.0 ], [ 400392.433829513960518, 312828.728988342918456, 0.0 ], [ 400380.156371311633848, 312813.034269701049197, 0.0 ], [ 400380.843929303286131, 312782.207868006022181, 0.0 ], [ 400381.53148257615976, 312751.381467509141658, 0.0 ], [ 400382.219031130312942, 312720.555068223795388, 0.0 ], [ 400369.941391604603268, 312704.860373269068077, 0.0 ], [ 400357.663707924075425, 312689.165697324438952, 0.0 ], [ 400358.351160313817672, 312658.339302378473803, 0.0 ], [ 400346.07338676112704, 312642.644647003151476, 0.0 ], [ 400320.830391973839141, 312642.08178356999997, 0.0 ], [ 400308.552531687659211, 312626.387183669139631, 0.0 ], [ 400296.27462724770885, 312610.692602778377477, 0.0 ], [ 400283.99667875142768, 312594.998040899750777, 0.0 ], [ 400284.683856813469902, 312564.171655293845106, 0.0 ], [ 400272.405818351078779, 312548.477113983884919, 0.0 ], [ 400260.127735740563367, 312532.782591683266219, 0.0 ], [ 400260.814817646052688, 312501.95621041598497, 0.0 ], [ 400248.536645163432695, 312486.261708684032783, 0.0 ], [ 400236.258428535773419, 312470.567225961422082, 0.0 ], [ 400223.980167753994465, 312454.872762248851359, 0.0 ], [ 400211.701862822752446, 312439.178317547077313, 0.0 ], [ 400212.388757138047367, 312408.351943714311346, 0.0 ], [ 400200.110362342209555, 312392.657519581145607, 0.0 ], [ 400187.831923397548962, 312376.963114467274863, 0.0 ], [ 400175.553440394927748, 312361.268728354305495, 0.0 ], [ 400150.30967603600584, 312360.706379195617046, 0.0 ], [ 400137.344481487642042, 312375.838414244470187, 0.0 ], [ 400124.379329511197284, 312390.970466385770123, 0.0 ], [ 400099.135654991609044, 312390.408257348986808, 0.0 ], [ 400073.891982034838293, 312389.846119329100475, 0.0 ], [ 400060.926961003686301, 312404.97825769695919, 0.0 ], [ 400047.961982454755343, 312420.110413164307829, 0.0 ], [ 400022.718399336445145, 312419.548415269877296, 0.0 ], [ 399997.47481778007932, 312418.986488390248269, 0.0 ], [ 399984.509970082144719, 312434.118730074900668, 0.0 ], [ 399971.5451649595052, 312449.250988862710074, 0.0 ], [ 399946.301673333276995, 312448.689202111330815, 0.0 ], [ 399934.02290001604706, 312432.995158474135678, 0.0 ], [ 399921.744082553545013, 312417.301133844826836, 0.0 ], [ 399909.465220941114239, 312401.607128224219196, 0.0 ], [ 399897.186315181315877, 312385.913141611556057, 0.0 ], [ 399884.907365278806537, 312370.219174018886406, 0.0 ], [ 399872.628371225087903, 312354.525225421355572, 0.0 ], [ 399847.384625581558794, 312353.963728438597172, 0.0 ], [ 399835.105544895632192, 312338.269835312035866, 0.0 ], [ 399822.826419968623668, 312322.575961190566886, 0.0 ], [ 399810.547250897856429, 312306.8821060784976, 0.0 ], [ 399798.268037681060378, 312291.188269972219132, 0.0 ], [ 399785.98878031631466, 312275.49445287528215, 0.0 ], [ 399786.674176855594851, 312244.668117476860061, 0.0 ], [ 399774.394829636439681, 312228.974320954235736, 0.0 ], [ 399762.115438270266168, 312213.280543428263627, 0.0 ], [ 399749.836002764059231, 312197.586784910177812, 0.0 ], [ 399724.591831413796172, 312197.025652512675151, 0.0 ], [ 399712.312309179338627, 312181.331949460611213, 0.0 ], [ 399700.032742802926805, 312165.638265415036585, 0.0 ], [ 399687.753132282639854, 312149.944600376707967, 0.0 ], [ 399675.473477616324089, 312134.250954344926868, 0.0 ], [ 399663.193778808694333, 312118.55732732033357, 0.0 ], [ 399650.914035857771523, 312102.863719302287791, 0.0 ], [ 399638.63424876332283, 312087.170130301441532, 0.0 ], [ 399626.354417524067685, 312071.476560299284756, 0.0 ], [ 399614.074542234535329, 312055.783009303617291, 0.0 ], [ 399601.794622712419368, 312040.089477313158568, 0.0 ], [ 399589.514659045613371, 312024.395964328432456, 0.0 ], [ 399577.234651239064988, 312008.702470349555369, 0.0 ], [ 399551.989970417926088, 312008.141846446262207, 0.0 ], [ 399539.709875889704563, 311992.448407931195106, 0.0 ], [ 399527.429737222322728, 311976.754988422733732, 0.0 ], [ 399515.149554411356803, 311961.061587920004968, 0.0 ], [ 399502.869327553780749, 311945.368206435232423, 0.0 ], [ 399490.589056460827123, 311929.674843944900203, 0.0 ], [ 399478.308741227316204, 311913.98150045966031, 0.0 ], [ 399453.063806498656049, 311913.42116630228702, 0.0 ], [ 399440.783404550107662, 311897.727878277364653, 0.0 ], [ 399428.502958458964713, 311882.034609259688295, 0.0 ], [ 399416.222468228079379, 311866.341359246463981, 0.0 ], [ 399416.906502964207903, 311835.515068117994815, 0.0 ], [ 399417.590533003793098, 311804.688778214564081, 0.0 ], [ 399405.309907233400736, 311788.995550318562891, 0.0 ], [ 399393.029237412149087, 311773.302341429807711, 0.0 ], [ 399380.748523359652609, 311757.609151544747874, 0.0 ], [ 399368.467765168752521, 311741.915980665478855, 0.0 ], [ 399369.151607707026415, 311711.089698185271118, 0.0 ], [ 399369.835445550386794, 311680.263416918751318, 0.0 ], [ 399357.554551824810915, 311664.570268165960442, 0.0 ], [ 399345.273613957630005, 311648.877138406969607, 0.0 ], [ 399345.957355706137605, 311618.050861464231275, 0.0 ], [ 399358.922122026560828, 311602.917712379130535, 0.0 ], [ 399371.886930909415241, 311587.784580399282277, 0.0 ], [ 399384.851782364072278, 311572.6514655246865, 0.0 ], [ 399397.816676385467872, 311557.51836775598349, 0.0 ], [ 399398.500577455793973, 311526.692090659576934, 0.0 ], [ 399411.465554954833351, 311511.559009648452047, 0.0 ], [ 399424.430575107922778, 311496.425945744733326, 0.0 ], [ 399437.39563783176709, 311481.292898946208879, 0.0 ], [ 399462.641784889623523, 311481.853135488403495, 0.0 ], [ 399475.606934306095354, 311466.720140346209519, 0.0 ], [ 399488.572126288258005, 311451.587162307812832, 0.0 ], [ 399513.818363163736649, 311452.147538962715771, 0.0 ], [ 399526.783641747781076, 311437.014612580649555, 0.0 ], [ 399539.748962991929147, 311421.88170330383582, 0.0 ], [ 399552.714326798508409, 311406.748811131517868, 0.0 ], [ 399565.679733172175474, 311391.615936073008925, 0.0 ], [ 399578.645182105945423, 311376.483078107645269, 0.0 ], [ 399579.329661897965707, 311345.656794965267181, 0.0 ], [ 399592.295194400532637, 311330.52395375748165, 0.0 ], [ 399605.260769464657642, 311315.3911296541919, 0.0 ], [ 399618.226387094822712, 311300.258322653302457, 0.0 ], [ 399631.192047286313027, 311285.125532755570021, 0.0 ], [ 399644.157749951060396, 311269.992759959481191, 0.0 ], [ 399669.404516368929762, 311270.553551240765955, 0.0 ], [ 399682.370305815013126, 311255.420830110204406, 0.0 ], [ 399683.055113596376032, 311224.594544204126578, 0.0 ], [ 399696.020986603107303, 311209.461839819094166, 0.0 ], [ 399708.986902174539864, 311194.329152537859045, 0.0 ], [ 399721.952860306075308, 311179.196482358325738, 0.0 ], [ 399747.19989149220055, 311179.757480946078431, 0.0 ], [ 399772.446924147661775, 311180.318550536583643, 0.0 ], [ 399785.413013094570488, 311165.185966560908128, 0.0 ], [ 399798.379144607926719, 311150.05339968833141, 0.0 ], [ 399811.345318680803757, 311134.920849915361032, 0.0 ], [ 399812.030541127896868, 311104.094559344172012, 0.0 ], [ 399824.996798759151716, 311088.962026327324566, 0.0 ], [ 399837.963098949170671, 311073.829510411480442, 0.0 ], [ 399838.648398679797538, 311043.003220348036848, 0.0 ], [ 399851.61478242429439, 311027.870721186918672, 0.0 ], [ 399864.58120873151347, 311012.738239126745611, 0.0 ], [ 399865.266585742647294, 310981.911949591536541, 0.0 ], [ 399865.951958047342487, 310951.085661253076978, 0.0 ], [ 399866.637325645366218, 310920.259374127606861, 0.0 ], [ 399867.322688536543865, 310889.433088214427698, 0.0 ], [ 399855.041415450337809, 310873.7392873064382, 0.0 ], [ 399842.760098234575707, 310858.04550540499622, 0.0 ], [ 399830.478736887103878, 310842.351742520695552, 0.0 ], [ 399818.197331406117883, 310826.657998630893417, 0.0 ], [ 399818.882506798079703, 310795.831720162124839, 0.0 ], [ 399806.601011491031386, 310780.13799683668185, 0.0 ], [ 399794.31947205105098, 310764.44429251778638, 0.0 ], [ 399795.004551343503408, 310733.618018374138046, 0.0 ], [ 399807.971256764256395, 310718.485446646052878, 0.0 ], [ 399820.938004739931785, 310703.352892028167844, 0.0 ], [ 399821.62316130916588, 310672.526618402916938, 0.0 ], [ 399822.308313172776252, 310641.700345987803303, 0.0 ], [ 399822.993460330704693, 310610.874074785038829, 0.0 ], [ 399810.711690845550038, 310595.180360808852129, 0.0 ], [ 399798.429877229384147, 310579.486665839911439, 0.0 ], [ 399799.114928290946409, 310548.660398975014687, 0.0 ], [ 399786.833024856052361, 310532.96672456903616, 0.0 ], [ 399774.551077288459055, 310517.273069168848451, 0.0 ], [ 399775.236032256507315, 310486.446806620631833, 0.0 ], [ 399762.953994959942065, 310470.753171786258463, 0.0 ], [ 399750.671913443424273, 310455.059555954881944, 0.0 ], [ 399738.389787802065257, 310439.365959129354451, 0.0 ], [ 399726.10761803353671, 310423.672381319513079, 0.0 ], [ 399726.792385524779093, 310392.846126215707045, 0.0 ], [ 399714.510125935310498, 310377.152568958234042, 0.0 ], [ 399702.227822222048417, 310361.459030705853365, 0.0 ], [ 399702.912493626005016, 310330.632779928622767, 0.0 ], [ 399715.879555423627608, 310315.500065499683842, 0.0 ], [ 399728.846659777686, 310300.367368171049748, 0.0 ], [ 399741.813806682941504, 310285.234687953954563, 0.0 ], [ 399767.063351813820191, 310285.795631306595169, 0.0 ], [ 399780.030585302971303, 310270.663002722489182, 0.0 ], [ 399792.997861438023392, 310255.53039123932831, 0.0 ], [ 399805.965180121827871, 310240.397796854376793, 0.0 ], [ 399806.650179425836541, 310209.571543302095961, 0.0 ], [ 399807.335174024687149, 310178.745290959952399, 0.0 ], [ 399795.052722275722772, 310163.051635255978908, 0.0 ], [ 399782.770226397551596, 310147.357998566352762, 0.0 ], [ 399770.487686487962492, 310131.664380875474308, 0.0 ], [ 399758.205102361971512, 310115.97078218543902, 0.0 ], [ 399745.922474114457145, 310100.277202499797568, 0.0 ], [ 399733.63980174344033, 310084.583641820703633, 0.0 ], [ 399721.357085246825591, 310068.890100146702025, 0.0 ], [ 399709.074324629385956, 310053.196577474998776, 0.0 ], [ 399709.758949003764428, 310022.370338812237605, 0.0 ], [ 399697.476098574697971, 310006.676836715545505, 0.0 ], [ 399685.193204023409635, 309990.983353612595238, 0.0 ], [ 399672.910265347862151, 309975.289889513340313, 0.0 ], [ 399647.659859791048802, 309974.729249202297069, 0.0 ], [ 399635.376834437251091, 309959.035840557713527, 0.0 ], [ 399623.093764964141883, 309943.342450918222312, 0.0 ], [ 399610.810651367297396, 309927.649080282426439, 0.0 ], [ 399598.527493654110003, 309911.955728648928925, 0.0 ], [ 399586.244291815208271, 309896.262396021920722, 0.0 ], [ 399573.96104585780995, 309880.569082396512385, 0.0 ], [ 399561.677755777491257, 309864.875787788245361, 0.0 ], [ 399562.361831909685861, 309834.049567821144592, 0.0 ], [ 399550.078452119254507, 309818.356293764547445, 0.0 ], [ 399537.7950281141093, 309802.663038708793465, 0.0 ], [ 399525.511559989419766, 309786.96980265667662, 0.0 ], [ 399513.228047747747041, 309771.276585607614834, 0.0 ], [ 399500.944491386879236, 309755.583387562946882, 0.0 ], [ 399488.660890907049179, 309739.890208521217573, 0.0 ], [ 399476.377246305986773, 309724.197048492438626, 0.0 ], [ 399451.126159773964901, 309723.636991369712632, 0.0 ], [ 399438.842428592848592, 309707.943886782799382, 0.0 ], [ 399426.558653201092966, 309692.25080119818449, 0.0 ], [ 399414.274833691481035, 309676.557734617264941, 0.0 ], [ 399414.958361625671387, 309645.73153334367089, 0.0 ], [ 399415.641884863958694, 309614.905333283124492, 0.0 ], [ 399416.325403405702673, 309584.07913444476435, 0.0 ], [ 399417.008917251543608, 309553.252936808101367, 0.0 ], [ 399417.692426401306875, 309522.426740381575655, 0.0 ], [ 399418.375930854817852, 309491.600545168796089, 0.0 ], [ 399406.09179314924404, 309475.907506935182028, 0.0 ], [ 399393.807611323427409, 309460.214487702352926, 0.0 ], [ 399394.491019721957855, 309429.388296827499289, 0.0 ], [ 399395.174423425109126, 309398.56210715288762, 0.0 ], [ 399395.857822432531975, 309367.735918690508697, 0.0 ], [ 399383.573459457897115, 309352.042923134285957, 0.0 ], [ 399371.289052366511896, 309336.349946580361575, 0.0 ], [ 399359.004601163382176, 309320.656989028677344, 0.0 ], [ 399333.752395884133875, 309320.097311607329175, 0.0 ], [ 399321.467858018819243, 309304.404409504611976, 0.0 ], [ 399309.183276035124436, 309288.711526413389947, 0.0 ], [ 399283.930987123516388, 309288.151992874045391, 0.0 ], [ 399271.646318481070921, 309272.459165221895091, 0.0 ], [ 399259.361605721060187, 309256.766356567095499, 0.0 ], [ 399234.109233267197851, 309256.206966908997856, 0.0 ], [ 399208.856862463988364, 309255.647648240905255, 0.0 ], [ 399196.572020490712021, 309239.954931482498068, 0.0 ], [ 399184.287134407553822, 309224.262233724875841, 0.0 ], [ 399159.034679971635342, 309223.703058935934678, 0.0 ], [ 399133.782227088464424, 309223.143955135601573, 0.0 ], [ 399121.497211795416661, 309207.451349270180799, 0.0 ], [ 399109.212152476189658, 309191.758762404904701, 0.0 ], [ 399096.927048957557417, 309176.066194538318086, 0.0 ], [ 399084.641901325201616, 309160.373645685438532, 0.0 ], [ 399071.674469986406621, 309175.507271061709616, 0.0 ], [ 399058.707081188331358, 309190.640913551033009, 0.0 ], [ 399045.739734935865272, 309205.774573139904533, 0.0 ], [ 399032.772431231802329, 309220.908249826927204, 0.0 ], [ 399020.48724573518848, 309205.215789740497712, 0.0 ], [ 399008.202016127528623, 309189.523348651418928, 0.0 ], [ 398982.949486020894255, 309188.964672686648555, 0.0 ], [ 398957.696957382548135, 309188.406067708972842, 0.0 ], [ 398945.411598561098799, 309172.713718509185128, 0.0 ], [ 398933.126195628894493, 309157.021388320194092, 0.0 ], [ 398907.873583445965778, 309156.462927218875848, 0.0 ], [ 398882.620972906588577, 309155.904537106805947, 0.0 ], [ 398870.33544076862745, 309140.212298795115203, 0.0 ], [ 398858.04986451624427, 309124.520079481415451, 0.0 ], [ 398832.797170341713354, 309123.961833242094144, 0.0 ], [ 398807.544477724586613, 309123.403657991439104, 0.0 ], [ 398795.258772262488492, 309107.711530563479755, 0.0 ], [ 398782.973022693593521, 309092.019422137120273, 0.0 ], [ 398757.720246621407568, 309091.461390759912319, 0.0 ], [ 398745.434410391259007, 309075.769337774720043, 0.0 ], [ 398733.148530057282187, 309060.077303786878474, 0.0 ], [ 398707.895670344936661, 309059.51941628032364, 0.0 ], [ 398695.609703350462951, 309043.827437735104468, 0.0 ], [ 398683.323692245641723, 309028.135478186479304, 0.0 ], [ 398658.070749082893599, 309027.577734554070048, 0.0 ], [ 398645.784651322639547, 309011.885830458661076, 0.0 ], [ 398646.465394381782971, 308981.059713547874708, 0.0 ], [ 398647.146132762893103, 308950.233597851474769, 0.0 ], [ 398647.82686646602815, 308919.407483368820976, 0.0 ], [ 398635.540587601717561, 308903.715602926560678, 0.0 ], [ 398610.287300848518498, 308903.158008851751219, 0.0 ], [ 398598.00093532941537, 308887.466183846467175, 0.0 ], [ 398585.714525706367567, 308871.774377851979807, 0.0 ], [ 398560.461155409924686, 308871.216927644913085, 0.0 ], [ 398548.174659220967442, 308855.525177078845445, 0.0 ], [ 398535.888118840928655, 308839.833445510128513, 0.0 ], [ 398523.601534350949805, 308824.141732938005589, 0.0 ], [ 398524.281816097325645, 308793.315632790443487, 0.0 ], [ 398511.995141840481665, 308777.623940770630725, 0.0 ], [ 398486.741516254143789, 308777.066709206323139, 0.0 ], [ 398474.454755349899642, 308761.375072625582106, 0.0 ], [ 398462.167950336937793, 308745.683455040794797, 0.0 ], [ 398436.91424130089581, 308745.126367342832964, 0.0 ], [ 398424.627349638554733, 308729.434805205615703, 0.0 ], [ 398412.340413870639168, 308713.743262055097148, 0.0 ], [ 398387.086621202179231, 308713.186318218533415, 0.0 ], [ 398374.799598783662077, 308697.494830504234415, 0.0 ], [ 398362.512532264227048, 308681.803361786587629, 0.0 ], [ 398350.225421639857814, 308666.111912064778153, 0.0 ], [ 398350.90507349075051, 308635.285831254383083, 0.0 ], [ 398363.871922611724585, 308620.151198268751614, 0.0 ], [ 398376.838814273010939, 308605.016582384821959, 0.0 ], [ 398389.805748478742316, 308589.881983615341596, 0.0 ], [ 398402.772725222399458, 308574.747401936212555, 0.0 ], [ 398403.452536347671412, 308543.921320976456627, 0.0 ], [ 398391.165284085436724, 308528.229823591420427, 0.0 ], [ 398365.910973097314127, 308527.672962107288186, 0.0 ], [ 398340.656663663801737, 308527.116171606117859, 0.0 ], [ 398315.402355870231986, 308526.559452087851241, 0.0 ], [ 398303.114931865653489, 308510.868083016190212, 0.0 ], [ 398290.827463762601838, 308495.176732940366492, 0.0 ], [ 398265.573072339757346, 308494.620157280005515, 0.0 ], [ 398240.318682470824569, 308494.063652602548245, 0.0 ], [ 398228.031085174065083, 308478.37239439622499, 0.0 ], [ 398215.743443869636394, 308462.681155189406127, 0.0 ], [ 398190.488970461301506, 308462.124794369156007, 0.0 ], [ 398165.234498601523228, 308461.568504529655911, 0.0 ], [ 398139.980028294958174, 308461.012285673059523, 0.0 ], [ 398114.725559534388594, 308460.456137797271367, 0.0 ], [ 398102.43770394846797, 308444.765063344850205, 0.0 ], [ 398103.116456691001076, 308413.939009967551101, 0.0 ], [ 398090.828511263011023, 308398.247956052597146, 0.0 ], [ 398078.540521736198571, 308382.556921131385025, 0.0 ], [ 398079.219178508734331, 308351.730872075713705, 0.0 ], [ 398066.931099229143001, 308336.039857702620793, 0.0 ], [ 398054.64297585375607, 308320.348862326820381, 0.0 ], [ 398042.354808380419854, 308304.657885954715312, 0.0 ], [ 398030.066596809658222, 308288.966928568610456, 0.0 ], [ 398017.77834113931749, 308273.275990174151957, 0.0 ], [ 398005.490041371725965, 308257.585070776345674, 0.0 ], [ 397993.201697601936758, 308241.894170373678207, 0.0 ], [ 397967.946631669532508, 308241.3384616264957, 0.0 ], [ 397942.691567288828082, 308240.782823858666234, 0.0 ], [ 397917.436504455166869, 308240.227257070946507, 0.0 ], [ 397892.181443170760758, 308239.671761262521613, 0.0 ], [ 397879.214940109639429, 308254.807054662844166, 0.0 ], [ 397866.248479496571235, 308269.942365164868534, 0.0 ], [ 397840.993507949286141, 308269.387009424564894, 0.0 ], [ 397815.73853794822935, 308268.831724665709771, 0.0 ], [ 397790.483569497766439, 308268.276510885567404, 0.0 ], [ 397778.194886832672637, 308252.585919403936714, 0.0 ], [ 397765.906160164275207, 308236.895346918259747, 0.0 ], [ 397740.651108173187822, 308236.340276987524703, 0.0 ], [ 397715.396057727339212, 308235.785278034687508, 0.0 ], [ 397702.429863223573193, 308250.920813247212209, 0.0 ], [ 397689.463711258722469, 308266.056365563592408, 0.0 ], [ 397664.208750544697978, 308265.501506681670435, 0.0 ], [ 397651.242685308447108, 308280.637110650830436, 0.0 ], [ 397638.276662519027013, 308295.772731721634045, 0.0 ], [ 397613.021791536360979, 308295.218012909928802, 0.0 ], [ 397600.055855385959148, 308310.353685621463228, 0.0 ], [ 397587.089961773017421, 308325.489375446049962, 0.0 ], [ 397561.835180521244183, 308324.934796707355417, 0.0 ], [ 397536.580400908307638, 308324.380288949469104, 0.0 ], [ 397523.614638021914288, 308339.516064975061454, 0.0 ], [ 397510.648917680664454, 308354.651858104509301, 0.0 ], [ 397485.394227707642131, 308354.097490417538211, 0.0 ], [ 397472.428593999124132, 308369.233335199009161, 0.0 ], [ 397459.463002833654173, 308384.369197087129578, 0.0 ], [ 397434.208402590360492, 308383.814969473867677, 0.0 ], [ 397421.242898152966518, 308398.950883014767896, 0.0 ], [ 397408.277436166652478, 308414.086813663074281, 0.0 ], [ 397383.022925652679987, 308413.53272612427827, 0.0 ], [ 397357.76841668121051, 308412.978709564835299, 0.0 ], [ 397332.513909256493207, 308412.424763987539336, 0.0 ], [ 397319.548622090253048, 308427.560815380827989, 0.0 ], [ 397318.872550543630496, 308458.386811416363344, 0.0 ], [ 397305.907347010797821, 308473.522879585623741, 0.0 ], [ 397292.94218593230471, 308488.658964860078413, 0.0 ], [ 397279.977067398722284, 308503.795067239785567, 0.0 ], [ 397254.722824522294104, 308503.241328949225135, 0.0 ], [ 397229.46858319407329, 308502.687661637959536, 0.0 ], [ 397204.214343406958506, 308502.134065308957361, 0.0 ], [ 397178.960105255595408, 308501.580539962800685, 0.0 ], [ 397153.705868554767221, 308501.027085593959782, 0.0 ], [ 397128.451633398944978, 308500.473702205810696, 0.0 ], [ 397103.197399783530273, 308499.920389799226541, 0.0 ], [ 397090.232632439176086, 308515.056751128286123, 0.0 ], [ 397077.267907730769366, 308530.193129566090647, 0.0 ], [ 397052.013763843337074, 308529.639957237464841, 0.0 ], [ 397026.759621493110899, 308529.08685589034576, 0.0 ], [ 397013.795027423591819, 308544.22332053486025, 0.0 ], [ 397000.830475898110308, 308559.359802285325713, 0.0 ], [ 396987.865966923942324, 308574.496301134640817, 0.0 ], [ 396974.901500491425395, 308589.632817103352863, 0.0 ], [ 396949.647536144126207, 308589.079924937104806, 0.0 ], [ 396936.683156350220088, 308604.216492566338275, 0.0 ], [ 396923.718819105648436, 308619.353077300882433, 0.0 ], [ 396910.754524405871052, 308634.4896791477222, 0.0 ], [ 396897.790272258222103, 308649.626298102608416, 0.0 ], [ 396884.826062653562985, 308664.762934167752974, 0.0 ], [ 396871.861895598820411, 308679.899587342282757, 0.0 ], [ 396846.608197343710344, 308679.346973458305001, 0.0 ], [ 396821.354500533721875, 308678.794430554436985, 0.0 ], [ 396796.100805268390104, 308678.24195863341447, 0.0 ], [ 396770.847111540555488, 308677.689557692501694, 0.0 ], [ 396745.593419354583602, 308677.137227733037435, 0.0 ], [ 396732.629515397420619, 308692.274070773215499, 0.0 ], [ 396719.665653896401636, 308707.410930910846218, 0.0 ], [ 396694.41205143276602, 308706.858741035743151, 0.0 ], [ 396681.448276571813039, 308721.995652846700978, 0.0 ], [ 396668.484544262173586, 308737.132581768499222, 0.0 ], [ 396643.231031518313102, 308736.580531977815554, 0.0 ], [ 396630.26738584949635, 308751.717512561590411, 0.0 ], [ 396617.303782820235938, 308766.854510259116068, 0.0 ], [ 396592.050359797896817, 308766.30260055558756, 0.0 ], [ 396579.086843319644686, 308781.439649912994355, 0.0 ], [ 396566.123369388980791, 308796.576716382696759, 0.0 ], [ 396553.159938010561746, 308811.713799961900804, 0.0 ], [ 396540.196549182408489, 308826.850900655554142, 0.0 ], [ 396527.233202902483754, 308841.988018448755611, 0.0 ], [ 396526.559752375236712, 308872.813973226584494, 0.0 ], [ 396538.849561481329147, 308888.502812077873386, 0.0 ], [ 396551.139326488832012, 308904.191669918654952, 0.0 ], [ 396550.465780057362281, 308935.01762900891481, 0.0 ], [ 396549.792228997161146, 308965.843589319265448, 0.0 ], [ 396536.829045216785744, 308980.980688350973651, 0.0 ], [ 396523.865903985511977, 308996.117804508423433, 0.0 ], [ 396510.902805308578536, 309011.25493777677184, 0.0 ], [ 396497.939749271783512, 309026.392088159627747, 0.0 ], [ 396497.266357626300305, 309057.218048367998563, 0.0 ], [ 396484.303385067905765, 309072.355215533170849, 0.0 ], [ 396459.050836212583818, 309071.803641977719963, 0.0 ], [ 396433.798288896214217, 309071.252139405871276, 0.0 ], [ 396408.545743111521006, 309070.700707818323281, 0.0 ], [ 396395.582945384609047, 309085.83799575822195, 0.0 ], [ 396382.620190301269758, 309100.975300811871421, 0.0 ], [ 396357.367734241997823, 309100.424009317241143, 0.0 ], [ 396332.115279720979743, 309099.87278880761005, 0.0 ], [ 396306.862826733151451, 309099.321639280882664, 0.0 ], [ 396293.900246391189285, 309114.459065100760199, 0.0 ], [ 396280.937708607525565, 309129.596508045739029, 0.0 ], [ 396255.685345431789756, 309129.04549861542182, 0.0 ], [ 396230.432983702979982, 309128.494560168706812, 0.0 ], [ 396205.180623504391406, 309127.943692705594003, 0.0 ], [ 396192.218260552093852, 309143.081256429548375, 0.0 ], [ 396179.255940154311247, 309158.21883726795204, 0.0 ], [ 396154.003669768804684, 309157.668109902006108, 0.0 ], [ 396141.041436021099798, 309172.805742410128005, 0.0 ], [ 396128.079244823660702, 309187.94339203205891, 0.0 ], [ 396102.827064068056643, 309187.392804760369472, 0.0 ], [ 396077.574884848552756, 309186.84228847437771, 0.0 ], [ 396064.612824392388575, 309201.980024325603154, 0.0 ], [ 396051.650806493940763, 309217.117777289880905, 0.0 ], [ 396026.398717083968222, 309216.567401101754513, 0.0 ], [ 396001.146629114518873, 309216.017095897172112, 0.0 ], [ 395988.184741957811639, 309231.154935079452116, 0.0 ], [ 395975.222897354629822, 309246.292791388230398, 0.0 ], [ 395949.970899103675038, 309245.742626282910351, 0.0 ], [ 395937.009141154121608, 309260.880534263560548, 0.0 ], [ 395936.337618888937868, 309291.706463009002618, 0.0 ], [ 395923.375944601371884, 309306.844387782621197, 0.0 ], [ 395910.41431278269738, 309321.982329668535385, 0.0 ], [ 395897.452723518596031, 309337.120288673904724, 0.0 ], [ 395872.200989829143509, 309336.570330911839847, 0.0 ], [ 395859.239487215701956, 309351.708341589081101, 0.0 ], [ 395846.278027162130456, 309366.846369382168632, 0.0 ], [ 395821.026383190939669, 309366.296551721519791, 0.0 ], [ 395808.065009876503609, 309381.434631180833094, 0.0 ], [ 395795.103679031832144, 309396.572727768041659, 0.0 ], [ 395769.852124778670259, 309396.02305021014763, 0.0 ], [ 395756.890880583319813, 309411.161198469926603, 0.0 ], [ 395743.929678946151398, 309426.299363847007044, 0.0 ], [ 395718.678214410610963, 309425.74982639256632, 0.0 ], [ 395705.717099427827634, 309440.888043445826042, 0.0 ], [ 395692.756027091760188, 309456.026277619879693, 0.0 ], [ 395667.504652273375541, 309455.476880268892273, 0.0 ], [ 395654.543666499550454, 309470.615166116273031, 0.0 ], [ 395641.582723287283443, 309485.75346908159554, 0.0 ], [ 395616.331438185705338, 309485.204211836215109, 0.0 ], [ 395603.370581624039914, 309500.342566479113884, 0.0 ], [ 395590.409767624689266, 309515.480938229418825, 0.0 ], [ 395577.448996274964884, 309530.619327109656297, 0.0 ], [ 395564.488267395121511, 309545.757733107951935, 0.0 ], [ 395539.237160192627925, 309545.208685087331105, 0.0 ], [ 395513.986054523556959, 309544.659708053863142, 0.0 ], [ 395501.025456391391344, 309559.798200288554654, 0.0 ], [ 395488.064900817291345, 309574.936709644738585, 0.0 ], [ 395462.813884954084642, 309574.387872720428277, 0.0 ], [ 395437.562870528781787, 309573.839106779021677, 0.0 ], [ 395424.602445702650584, 309588.977702375210356, 0.0 ], [ 395411.642063439940102, 309604.116315087943804, 0.0 ], [ 395386.391138729406521, 309603.567689256393351, 0.0 ], [ 395361.140215541818179, 309603.019134411995765, 0.0 ], [ 395335.889293978689238, 309602.470650557603221, 0.0 ], [ 395310.63837384537328, 309601.922237685357686, 0.0 ], [ 395297.67821051744977, 309617.06100576359313, 0.0 ], [ 395284.71808975120075, 309632.199790964077692, 0.0 ], [ 395271.758011547033675, 309647.338593271153513, 0.0 ], [ 395258.797975902445614, 309662.477412709733471, 0.0 ], [ 395245.837982820114121, 309677.616249266255181, 0.0 ], [ 395232.878032394917682, 309692.755102947878186, 0.0 ], [ 395207.627378350589424, 309692.206968434446026, 0.0 ], [ 395182.376725834445097, 309691.658904908865225, 0.0 ], [ 395157.12607484171167, 309691.110912369738799, 0.0 ], [ 395131.875425374601036, 309690.562990817066748, 0.0 ], [ 395106.624777523044031, 309690.015140254341532, 0.0 ], [ 395081.374131108692382, 309689.467360676033422, 0.0 ], [ 395056.123486216994934, 309688.919652086216956, 0.0 ], [ 395030.87284285237547, 309688.372014482156374, 0.0 ], [ 395005.622201100224629, 309687.824447868100833, 0.0 ], [ 394992.662689980410505, 309702.963629730104003, 0.0 ], [ 394979.703221428673714, 309718.102828714996576, 0.0 ], [ 394954.452669295715168, 309717.555402210797183, 0.0 ], [ 394929.202118686574977, 309717.008046695846133, 0.0 ], [ 394903.951569601253141, 309716.460762165952474, 0.0 ], [ 394878.701022131950594, 309715.913548626063857, 0.0 ], [ 394853.450476093450561, 309715.366406071232632, 0.0 ], [ 394828.199931580398697, 309714.819334502797574, 0.0 ], [ 394802.949388587963767, 309714.272333921515383, 0.0 ], [ 394777.698847210849635, 309713.72540432884125, 0.0 ], [ 394752.448307263664901, 309713.178545721923001, 0.0 ], [ 394727.197768841288052, 309712.631758101459127, 0.0 ], [ 394714.238783769193105, 309727.771319844701793, 0.0 ], [ 394701.279841261683032, 309742.910898711590562, 0.0 ], [ 394676.029392544121947, 309742.364251207269263, 0.0 ], [ 394650.778945436235517, 309741.817674690915737, 0.0 ], [ 394625.528499762061983, 309741.271169159503188, 0.0 ], [ 394612.569732095813379, 309756.410868845065124, 0.0 ], [ 394599.611006992752664, 309771.550585642224178, 0.0 ], [ 394574.360651022172533, 309771.00422022776911, 0.0 ], [ 394549.11029666045215, 309770.457925802620593, 0.0 ], [ 394536.151702307281084, 309785.597728864522651, 0.0 ], [ 394523.193150519859046, 309800.737549051526003, 0.0 ], [ 394497.942885768483393, 309800.191394741181284, 0.0 ], [ 394472.692622542032041, 309799.645311419386417, 0.0 ], [ 394459.734201502753422, 309814.785217862634454, 0.0 ], [ 394446.775823027361184, 309829.925141428771894, 0.0 ], [ 394421.525649593269918, 309829.379198226728477, 0.0 ], [ 394396.275477586139459, 309828.833326011197641, 0.0 ], [ 394371.025307100731879, 309828.287524781364482, 0.0 ], [ 394345.775138132157736, 309827.741794539440889, 0.0 ], [ 394333.483128703956027, 309812.056038888695184, 0.0 ], [ 394321.191075270529836, 309796.370302216208074, 0.0 ], [ 394295.940822677919641, 309795.8247158031445, 0.0 ], [ 394270.690571603947319, 309795.279200375080109, 0.0 ], [ 394245.440322048438247, 309794.733755935623776, 0.0 ], [ 394220.190074013546109, 309794.188382481865119, 0.0 ], [ 394194.939827584661543, 309793.643080018111505, 0.0 ], [ 394182.647517110453919, 309777.957544425677042, 0.0 ], [ 394170.355162537307478, 309762.272027812781744, 0.0 ], [ 394145.104832392535172, 309761.726869172242004, 0.0 ], [ 394119.854503767797723, 309761.181781517458148, 0.0 ], [ 394094.604176750581246, 309760.636764851922635, 0.0 ], [ 394069.353851155610755, 309760.091819170746021, 0.0 ], [ 394044.103527079802006, 309759.54694447532529, 0.0 ], [ 394018.853204523096792, 309759.002140766999219, 0.0 ], [ 393993.602883480722085, 309758.457408043730538, 0.0 ], [ 393968.352564047207125, 309757.912746308371425, 0.0 ], [ 393956.059824805473909, 309742.227540037711151, 0.0 ], [ 393943.767041475744918, 309726.542352731106803, 0.0 ], [ 393918.51663832180202, 309725.997834816109389, 0.0 ], [ 393905.559105159598403, 309741.138502359506674, 0.0 ], [ 393892.60161456966307, 309756.279187014559284, 0.0 ], [ 393867.351301197311841, 309755.734809224260971, 0.0 ], [ 393842.100989250000566, 309755.190502417564858, 0.0 ], [ 393816.85067881795112, 309754.64626659732312, 0.0 ], [ 393791.600369903084356, 309754.102101760741789, 0.0 ], [ 393766.350062500685453, 309753.558007911953609, 0.0 ], [ 393741.099756705458276, 309753.013985051074997, 0.0 ], [ 393715.849452332127839, 309752.470033173856791, 0.0 ], [ 393690.599149475223385, 309751.926152281637769, 0.0 ], [ 393665.348848127643578, 309751.382342375814915, 0.0 ], [ 393652.391796889365651, 309766.523355284880381, 0.0 ], [ 393639.43478830967797, 309781.664385325333569, 0.0 ], [ 393626.477822208311409, 309796.805432494380511, 0.0 ], [ 393613.520898673334159, 309811.946496789925732, 0.0 ], [ 393588.270775191835128, 309811.402896145009436, 0.0 ], [ 393575.313938315259293, 309826.544012138678227, 0.0 ], [ 393562.357144005363807, 309841.685145263036247, 0.0 ], [ 393537.107110211043619, 309841.141684742819052, 0.0 ], [ 393524.150402648025192, 309856.282869568152819, 0.0 ], [ 393511.193737566587515, 309871.424071518471465, 0.0 ], [ 393485.943793459096923, 309870.880751125165261, 0.0 ], [ 393460.693850861396641, 309870.337501718255226, 0.0 ], [ 393435.443909775814973, 309869.794323297799565, 0.0 ], [ 393422.487419525510632, 309884.935646078141872, 0.0 ], [ 393409.530971933156252, 309900.076986000523902, 0.0 ], [ 393384.281120535335504, 309899.533947706921026, 0.0 ], [ 393371.324759512324817, 309914.675339329580311, 0.0 ], [ 393358.368441057624295, 309929.816748081473634, 0.0 ], [ 393333.118679345003329, 309929.273849916120525, 0.0 ], [ 393307.868919141008519, 309928.7310227365233, 0.0 ], [ 393282.619160540227313, 309928.18826654762961, 0.0 ], [ 393257.369403357442934, 309927.645581340941135, 0.0 ], [ 393232.119647685089149, 309927.102967120648827, 0.0 ], [ 393206.869893522933125, 309926.560423887567595, 0.0 ], [ 393181.620140963234007, 309926.017951643734705, 0.0 ], [ 393156.370389820775017, 309925.47555038286373, 0.0 ], [ 393131.120640190085396, 309924.933220108388923, 0.0 ], [ 393118.826769655453973, 309909.249206355132628, 0.0 ], [ 393106.532855032244697, 309893.565211576584261, 0.0 ], [ 393081.283021758194081, 309893.023025116126519, 0.0 ], [ 393068.327189857023768, 309908.164831595961004, 0.0 ], [ 393055.371400439413264, 309923.306655205145944, 0.0 ], [ 393030.121656845207326, 309922.764608876488637, 0.0 ], [ 393004.871914754854515, 309922.222633532830514, 0.0 ], [ 392979.622174177551642, 309921.680729174986482, 0.0 ], [ 392967.328048184979707, 309905.99693390581524, 0.0 ], [ 392955.033878190326504, 309890.31315761199221, 0.0 ], [ 392929.784053967450745, 309889.771397068805527, 0.0 ], [ 392917.489797218469903, 309874.087676158873364, 0.0 ], [ 392905.195496377476957, 309858.403974234184716, 0.0 ], [ 392879.945588508970104, 309857.862357502162922, 0.0 ], [ 392866.990068137762137, 309873.004440853721462, 0.0 ], [ 392854.034590340452269, 309888.146541349531617, 0.0 ], [ 392841.740205951151438, 309872.462929681933019, 0.0 ], [ 392829.445777382235974, 309856.779336995386984, 0.0 ], [ 392804.195874030992854, 309856.237933218479156, 0.0 ], [ 392791.240485916438047, 309871.380120289162733, 0.0 ], [ 392778.285140369087458, 309886.522324503283016, 0.0 ], [ 392753.035326694720425, 309885.981060857477132, 0.0 ], [ 392740.080067808157764, 309901.123316778917797, 0.0 ], [ 392727.124851579719689, 309916.265589835355058, 0.0 ], [ 392701.875127579376567, 309915.724466322048102, 0.0 ], [ 392676.625405087484978, 309915.18341379519552, 0.0 ], [ 392663.670319509226829, 309930.325773128366563, 0.0 ], [ 392650.715276506496593, 309945.46814959513722, 0.0 ], [ 392625.465643687814008, 309944.927237200783566, 0.0 ], [ 392600.216012464719824, 309944.386395794339478, 0.0 ], [ 392587.261100200412329, 309959.528858545643743, 0.0 ], [ 392574.306230509537272, 309974.671338428452145, 0.0 ], [ 392549.056688866461627, 309974.130637154448777, 0.0 ], [ 392536.101905837887898, 309989.273168746673036, 0.0 ], [ 392535.44187688769307, 310020.098880875331815, 0.0 ], [ 392522.487177493050694, 310035.241429297311697, 0.0 ], [ 392509.53252067277208, 310050.383994853589684, 0.0 ], [ 392508.872569318278693, 310081.20970760891214, 0.0 ], [ 392508.212613430107012, 310112.035421591368504, 0.0 ], [ 392507.552653008664493, 310142.861136786174029, 0.0 ], [ 392506.892688053369056, 310173.686853220162448, 0.0 ], [ 392506.23271856456995, 310204.512570881284773, 0.0 ], [ 392493.278309741988778, 310219.655152047984302, 0.0 ], [ 392480.323943407798652, 310234.797750348167028, 0.0 ], [ 392467.369619645469356, 310249.940365784801543, 0.0 ], [ 392454.415338459715713, 310265.082998357072938, 0.0 ], [ 392441.461099855718203, 310280.225648053747136, 0.0 ], [ 392428.506903823814355, 310295.368314897408709, 0.0 ], [ 392427.847176207927987, 310326.194031953869853, 0.0 ], [ 392414.89306382421637, 310341.336715630139224, 0.0 ], [ 392401.938994016032666, 310356.47941643995, 0.0 ], [ 392401.279344006674364, 310387.305134113878012, 0.0 ], [ 392388.325357845984399, 310402.447851757053286, 0.0 ], [ 392375.371414358611219, 310417.590586527367122, 0.0 ], [ 392374.71184195834212, 310448.416304819460493, 0.0 ], [ 392361.757982024922967, 310463.559056430240162, 0.0 ], [ 392348.804164672736079, 310478.701825179508887, 0.0 ], [ 392348.14466988388449, 310509.527544089069124, 0.0 ], [ 392347.485170565312728, 310540.353264226519968, 0.0 ], [ 392334.531477933342103, 310555.49604949116474, 0.0 ], [ 392321.577827885746956, 310570.638851906347554, 0.0 ], [ 392320.918406181503087, 310601.464572661265265, 0.0 ], [ 392307.964839781983756, 310616.607391908357386, 0.0 ], [ 392295.011315965268295, 310631.750228294695262, 0.0 ], [ 392294.351971877971664, 310662.575949667836539, 0.0 ], [ 392293.692623262351844, 310693.401672258158214, 0.0 ], [ 392293.033270117943175, 310724.227396086265799, 0.0 ], [ 392292.373912445036694, 310755.053121140867006, 0.0 ], [ 392291.714550243574195, 310785.878847421205137, 0.0 ], [ 392304.008460886776447, 310801.561740365053993, 0.0 ], [ 392316.302327436511405, 310817.244652280700393, 0.0 ], [ 392315.642869499628432, 310848.070382835925557, 0.0 ], [ 392302.689631691435352, 310863.213199656340294, 0.0 ], [ 392289.73643646860728, 310878.356033612450119, 0.0 ], [ 392276.783283826545812, 310893.498884707747493, 0.0 ], [ 392251.536358946352266, 310892.958909264882095, 0.0 ], [ 392238.583292978117242, 310908.101812077395152, 0.0 ], [ 392225.630269598099403, 310923.244732029852457, 0.0 ], [ 392200.383434307645075, 310922.704896736482624, 0.0 ], [ 392175.136600520345382, 310922.165132435911801, 0.0 ], [ 392162.183707900519948, 310937.308138687803876, 0.0 ], [ 392149.230857864720747, 310952.451162076846231, 0.0 ], [ 392136.278050505905412, 310967.594202595879324, 0.0 ], [ 392123.325285641127266, 310982.737260265450459, 0.0 ], [ 392110.372563360841013, 310997.880335072812159, 0.0 ], [ 392109.713771706970874, 311028.70605834084563, 0.0 ], [ 392096.761133088148199, 311043.849149985122494, 0.0 ], [ 392071.514652027166449, 311043.309662331070285, 0.0 ], [ 392058.562100084673148, 311058.452805696811993, 0.0 ], [ 392045.6095907301642, 311073.595966201741248, 0.0 ], [ 392032.657123958924785, 311088.739143846614752, 0.0 ], [ 392031.998578783648554, 311119.564865291933529, 0.0 ], [ 392019.046195773873478, 311134.708059777214658, 0.0 ], [ 392006.093855255632661, 311149.851271400344558, 0.0 ], [ 392005.435387720121071, 311180.676993482222315, 0.0 ], [ 391992.483130872307811, 311195.820221943606157, 0.0 ], [ 391979.530916609219275, 311210.963467546331231, 0.0 ], [ 391978.872526716440916, 311241.789190240786411, 0.0 ], [ 391965.920396127621643, 311256.93245268316241, 0.0 ], [ 391952.96830812189728, 311272.075732265540864, 0.0 ], [ 391952.309995873598382, 311302.901455595856532, 0.0 ], [ 391939.357991539058276, 311318.044752018584404, 0.0 ], [ 391926.406029795180075, 311333.188065582711715, 0.0 ], [ 391925.747795194096398, 311364.013789538992569, 0.0 ], [ 391912.795917123206891, 311379.157119931478519, 0.0 ], [ 391887.550400183070451, 311378.618109113886021, 0.0 ], [ 391862.304884652839974, 311378.079169288452249, 0.0 ], [ 391849.353137357044034, 311393.222586002317257, 0.0 ], [ 391836.401432648301125, 311408.366019856126513, 0.0 ], [ 391811.15600680175703, 311407.827220194332767, 0.0 ], [ 391785.910582540032919, 311407.288491531740874, 0.0 ], [ 391772.959008607023861, 311422.432011697033886, 0.0 ], [ 391760.007477268460207, 311437.575549003668129, 0.0 ], [ 391747.055988515261561, 311452.719103453797288, 0.0 ], [ 391734.10454235447105, 311467.862675043812487, 0.0 ], [ 391721.153138781897724, 311483.006263778777793, 0.0 ], [ 391708.201777802023571, 311498.149869655724615, 0.0 ], [ 391695.250459413102362, 311513.293492664175574, 0.0 ], [ 391682.299183612572961, 311528.437132825260051, 0.0 ], [ 391657.054113595921081, 311527.898751836037263, 0.0 ], [ 391644.102924482431263, 311543.042443726444617, 0.0 ], [ 391631.151777957857121, 311558.18615276023047, 0.0 ], [ 391618.200674024817999, 311573.329878936172463, 0.0 ], [ 391605.249612688203342, 311588.473622256948147, 0.0 ], [ 391592.298593938816339, 311603.617382719763555, 0.0 ], [ 391579.347617783700116, 311618.761160326830577, 0.0 ], [ 391566.396684218663722, 311633.904955077334307, 0.0 ], [ 391553.445793341030367, 311649.048766962077934, 0.0 ], [ 391540.494944961043075, 311664.192595999513287, 0.0 ], [ 391527.544139176141471, 311679.336442182597239, 0.0 ], [ 391502.299511500576045, 311678.798478046781383, 0.0 ], [ 391489.348792402888648, 311693.94237596046878, 0.0 ], [ 391476.398115896154195, 311709.0862910177093, 0.0 ], [ 391463.447481987415813, 311724.230223218328319, 0.0 ], [ 391462.790749147825409, 311755.055930256377906, 0.0 ], [ 391449.840198921272531, 311770.199879305204377, 0.0 ], [ 391436.889691381482407, 311785.343845489085652, 0.0 ], [ 391423.939226343296468, 311800.487828826298937, 0.0 ], [ 391410.988803904154338, 311815.631829308404122, 0.0 ], [ 391398.038424054975621, 311830.775846935401205, 0.0 ], [ 391372.79423732496798, 311830.238228671485558, 0.0 ], [ 391359.843944167951122, 311845.38229803275317, 0.0 ], [ 391346.893693606019951, 311860.526384538854472, 0.0 ], [ 391333.943485636962578, 311875.670488190546166, 0.0 ], [ 391320.993320355890319, 311890.814608989283442, 0.0 ], [ 391308.04319758026395, 311905.958746930758934, 0.0 ], [ 391307.38695787807228, 311936.784450389968697, 0.0 ], [ 391294.436918794875965, 311951.928605181048624, 0.0 ], [ 391281.486922305601183, 311967.072777118475642, 0.0 ], [ 391268.536968412809074, 311982.216966201434843, 0.0 ], [ 391255.587057121330872, 311997.361172430799343, 0.0 ], [ 391242.637188422027975, 312012.505395806394517, 0.0 ], [ 391229.687362322001718, 312027.649636328336783, 0.0 ], [ 391229.031364700524136, 312058.475339236611035, 0.0 ], [ 391216.081622294150293, 312073.619596608157735, 0.0 ], [ 391203.131922580127139, 312088.763871129543986, 0.0 ], [ 391202.476002653245814, 312119.58957468502922, 0.0 ], [ 391201.820078223478049, 312150.415279467648361, 0.0 ], [ 391201.164149290882051, 312181.240985481010284, 0.0 ], [ 391213.457751170557458, 312196.922419374226592, 0.0 ], [ 391225.751309040177148, 312212.603872249135748, 0.0 ], [ 391225.095284397830255, 312243.429582539538387, 0.0 ], [ 391224.43925525189843, 312274.255294060625602, 0.0 ], [ 391223.783221602614503, 312305.081006809603423, 0.0 ], [ 391223.127183450211305, 312335.906720777216833, 0.0 ], [ 391210.17781094572274, 312351.050975482678041, 0.0 ], [ 391197.228481136262417, 312366.19524733943399, 0.0 ], [ 391196.572520683985204, 312397.020961954258382, 0.0 ], [ 391195.916555728996173, 312427.846677797671873, 0.0 ], [ 391208.209792773704976, 312443.52812390163308, 0.0 ], [ 391220.502985806204379, 312459.209588975994848, 0.0 ], [ 391219.846925137098879, 312490.035309087892529, 0.0 ], [ 391219.190859964466654, 312520.86103043903131, 0.0 ], [ 391231.483917674398981, 312536.542517531546764, 0.0 ], [ 391243.776931278523989, 312552.224023592309095, 0.0 ], [ 391243.120770388632081, 312583.049749222642276, 0.0 ], [ 391242.464604995213449, 312613.875476069457363, 0.0 ], [ 391254.757483271067031, 312629.557004150468856, 0.0 ], [ 391267.050317442277446, 312645.238551199843641, 0.0 ], [ 391266.394056328339502, 312676.064282335690223, 0.0 ], [ 391278.686800781521015, 312691.74584987788694, 0.0 ], [ 391290.97950112237595, 312707.427436389785726, 0.0 ], [ 391290.323144285939634, 312738.253171806223691, 0.0 ], [ 391289.666782944812439, 312769.078908439958468, 0.0 ], [ 391289.010417098470498, 312799.904646312119439, 0.0 ], [ 391288.354046747263055, 312830.730385415023193, 0.0 ], [ 391287.697671891131904, 312861.556125746457838, 0.0 ], [ 391274.748865848989226, 312876.7002716443385, 0.0 ], [ 391261.800102409673855, 312891.844434681464918, 0.0 ], [ 391261.143805261119269, 312922.67017564951675, 0.0 ], [ 391260.487503608223051, 312953.495917847554665, 0.0 ], [ 391259.831197451218031, 312984.321661272086203, 0.0 ], [ 391259.17488678987138, 313015.147405927302316, 0.0 ], [ 391258.518571624532342, 313045.973151799058542, 0.0 ], [ 391257.862251954735257, 313076.79889891075436, 0.0 ], [ 391257.20592778082937, 313107.624647253134754, 0.0 ], [ 391244.257494699442759, 313122.768825378734618, 0.0 ], [ 391231.309104230080266, 313137.913020654930733, 0.0 ], [ 391230.652857770095579, 313168.738769623276312, 0.0 ], [ 391229.996606806234922, 313199.564519830862992, 0.0 ], [ 391229.340351338963956, 313230.390271267679054, 0.0 ], [ 391228.684091368049849, 313261.216023933840916, 0.0 ], [ 391228.027826893609017, 313292.041777827835176, 0.0 ], [ 391240.319701726315543, 313307.723339438147377, 0.0 ], [ 391252.611532447393984, 313323.404920028056949, 0.0 ], [ 391264.903319052304141, 313339.086519590578973, 0.0 ], [ 391277.195061538601294, 313354.768138119194191, 0.0 ], [ 391276.538610101270024, 313385.593899341474753, 0.0 ], [ 391288.830262855393812, 313401.275538365822285, 0.0 ], [ 391301.121871402137913, 313416.957196357718203, 0.0 ], [ 391300.465324228396639, 313447.782961844990496, 0.0 ], [ 391312.756843133713119, 313463.464640334714204, 0.0 ], [ 391325.04831791901961, 313479.146337794139981, 0.0 ], [ 391337.339748586178757, 313494.828054224024527, 0.0 ], [ 391362.579252827563323, 313495.365770872042049, 0.0 ], [ 391387.818758557434194, 313495.903558532765601, 0.0 ], [ 391413.058265690342523, 313496.441417202586308, 0.0 ], [ 391438.297774402191862, 313496.979346886451822, 0.0 ], [ 391463.537284607707988, 313497.517347581568174, 0.0 ], [ 391475.828458064061124, 313513.199265063100029, 0.0 ], [ 391488.119587398949079, 313528.88120151712792, 0.0 ], [ 391513.359013858425897, 313529.419346057402436, 0.0 ], [ 391525.650056362501346, 313545.101337898173369, 0.0 ], [ 391537.941054841794539, 313560.78334871144034, 0.0 ], [ 391550.232009198865853, 313576.465378495107871, 0.0 ], [ 391549.574572192155756, 313607.29116833943408, 0.0 ], [ 391561.865436810301617, 313622.97321861947421, 0.0 ], [ 391574.156257303257007, 313638.655287872825284, 0.0 ], [ 391586.447033679985907, 313654.337376095878426, 0.0 ], [ 391611.686119183897972, 313654.875811977486592, 0.0 ], [ 391623.976808819686994, 313670.55795559217222, 0.0 ], [ 391636.267454239365179, 313686.240118177200202, 0.0 ], [ 391648.558055632165633, 313701.922299733385444, 0.0 ], [ 391660.84861290093977, 313717.604500264278613, 0.0 ], [ 391673.139126047899481, 313733.286719755618833, 0.0 ], [ 391685.429595074790996, 313748.968958228710108, 0.0 ], [ 391710.668426349875517, 313749.50768363539828, 0.0 ], [ 391722.958808629075065, 313765.189977500122041, 0.0 ], [ 391735.249146790010855, 313780.872290337341838, 0.0 ], [ 391747.539440735592507, 313796.554622147174086, 0.0 ], [ 391759.82969065051293, 313812.236972930200864, 0.0 ], [ 391772.119896437274292, 313827.919342685781885, 0.0 ], [ 391784.410058105248027, 313843.601731412461959, 0.0 ], [ 391809.648635148070753, 313844.140746349119581, 0.0 ], [ 391821.938710068468936, 313859.823190470982809, 0.0 ], [ 391834.228740864899009, 313875.505653553351294, 0.0 ], [ 391846.518727538990788, 313891.18813561956631, 0.0 ], [ 391858.808669996098615, 313906.870636659790762, 0.0 ], [ 391884.047078044735827, 313907.409868290356826, 0.0 ], [ 391896.336933847749606, 313923.09242472430924, 0.0 ], [ 391908.626745525631122, 313938.775000132911373, 0.0 ], [ 391933.865069825027604, 313939.314375620742794, 0.0 ], [ 391946.154794753296301, 313954.997006423072889, 0.0 ], [ 391958.444475558237173, 313970.679656197200529, 0.0 ], [ 391970.73411214252701, 313986.362324943940621, 0.0 ], [ 391983.023704695398919, 314002.0450126681244, 0.0 ], [ 391995.313253119878937, 314017.72771935351193, 0.0 ], [ 392007.602757419866975, 314033.41044502495788, 0.0 ], [ 392032.84082748106448, 314033.950110056204721, 0.0 ], [ 392045.130245031788945, 314049.632891122077126, 0.0 ], [ 392057.419618453015573, 314065.315691163297743, 0.0 ], [ 392069.708947746898048, 314080.998510179168079, 0.0 ], [ 392081.998232823214494, 314096.681348166195676, 0.0 ], [ 392094.287473864271306, 314112.36420513066696, 0.0 ], [ 392106.576670777169056, 314128.047081070544664, 0.0 ], [ 392118.865823557367548, 314143.729975982976612, 0.0 ], [ 392131.154932214180008, 314159.412889860803261, 0.0 ], [ 392143.443996739690192, 314175.095822723291349, 0.0 ], [ 392155.733017138787545, 314190.778774561767932, 0.0 ], [ 392180.970662464795168, 314191.318874832650181, 0.0 ], [ 392193.259596018644515, 314207.001882066368125, 0.0 ], [ 392205.548485533276107, 314222.684908276831266, 0.0 ], [ 392230.786047110450454, 314223.225152412021998, 0.0 ], [ 392256.023610181757249, 314223.765467565506697, 0.0 ], [ 392268.312370321364142, 314239.448585599428043, 0.0 ], [ 392280.601086328737438, 314255.131722606543917, 0.0 ], [ 392305.838565559068229, 314255.672181624337099, 0.0 ], [ 392331.076046381262131, 314256.212711662519723, 0.0 ], [ 392356.313528698286973, 314256.753312719753012, 0.0 ], [ 392381.551012510666624, 314257.293984796735458, 0.0 ], [ 392406.788497820554767, 314257.834727891953662, 0.0 ], [ 392432.025984540465288, 314258.375542004883755, 0.0 ], [ 392444.97505520679988, 314243.23303516197484, 0.0 ], [ 392457.924168482364621, 314228.090545464714523, 0.0 ], [ 392483.161745033634361, 314228.631499787326902, 0.0 ], [ 392508.399323085672222, 314229.17252512963023, 0.0 ], [ 392520.68765698664356, 314244.856007404683623, 0.0 ], [ 392532.975946670921985, 314260.539508652291261, 0.0 ], [ 392558.213440970925149, 314261.080677863792516, 0.0 ], [ 392583.45093677227851, 314261.621918093645945, 0.0 ], [ 392608.68843407050008, 314262.163229343248531, 0.0 ], [ 392633.925932870479301, 314262.704611612542067, 0.0 ], [ 392659.163433077686932, 314263.246064898034092, 0.0 ], [ 392684.40093487710692, 314263.78758920612745, 0.0 ], [ 392696.688924781628884, 314279.471327988198027, 0.0 ], [ 392708.976870549144223, 314295.155085745675024, 0.0 ], [ 392721.264772188907955, 314310.838862471398897, 0.0 ], [ 392733.552629695506766, 314326.522658183879685, 0.0 ], [ 392745.840443066786975, 314342.206472875957843, 0.0 ], [ 392745.178733974695206, 314373.03237990202615, 0.0 ], [ 392744.517020343453623, 314403.858288153889589, 0.0 ], [ 392756.804698203923181, 314419.542124880361371, 0.0 ], [ 392769.09233202051837, 314435.225980585790239, 0.0 ], [ 392781.379921705345623, 314450.909855258767493, 0.0 ], [ 392793.667467253049836, 314466.593748921295628, 0.0 ], [ 392805.954968666017521, 314482.277661561325658, 0.0 ], [ 392818.242425946285948, 314497.961593180254567, 0.0 ], [ 392817.580433906870894, 314528.787511834292673, 0.0 ], [ 392804.63107133761514, 314543.92949703685008, 0.0 ], [ 392791.681751386378892, 314559.071499383542687, 0.0 ], [ 392778.732474050659221, 314574.213518876582384, 0.0 ], [ 392753.495833736727946, 314573.671692162868567, 0.0 ], [ 392740.546643233450595, 314588.813763387966901, 0.0 ], [ 392739.884897828102112, 314619.639680222142488, 0.0 ], [ 392752.17225617414806, 314635.32352765253745, 0.0 ], [ 392764.459570473991334, 314651.007394063926768, 0.0 ], [ 392763.797729237005115, 314681.833315182942897, 0.0 ], [ 392763.13588346040342, 314712.659237525542267, 0.0 ], [ 392762.474033144302666, 314743.485161085438449, 0.0 ], [ 392749.525046575814486, 314758.627213354280684, 0.0 ], [ 392736.57610271521844, 314773.769282770866994, 0.0 ], [ 392735.914330075494945, 314804.595206962374505, 0.0 ], [ 392735.252552896738052, 314835.421132378280163, 0.0 ], [ 392747.539591714041308, 314851.104990511783399, 0.0 ], [ 392759.826586483279243, 314866.788867615745403, 0.0 ], [ 392759.164713468984701, 314897.614797315676697, 0.0 ], [ 392758.502835915191099, 314928.440728242101613, 0.0 ], [ 392770.789695250161458, 314944.124627391807735, 0.0 ], [ 392783.076510443468578, 314959.808545522566419, 0.0 ], [ 392782.414537051110528, 314990.634480733075179, 0.0 ], [ 392794.701262455084361, 315006.318419358809479, 0.0 ], [ 392806.987943720945623, 315022.002376976888627, 0.0 ], [ 392806.325874487869442, 315052.828316470084246, 0.0 ], [ 392818.612465960206464, 315068.512294595187996, 0.0 ], [ 392830.899013294139877, 315084.196291699248832, 0.0 ], [ 392830.236848217784427, 315115.022235479322262, 0.0 ], [ 392829.574678600532934, 315145.848180471046362, 0.0 ], [ 392828.912504441745114, 315176.674126702651847, 0.0 ], [ 392841.198870673775673, 315192.358147372084204, 0.0 ], [ 392853.485192678112071, 315208.042187019658741, 0.0 ], [ 392852.822922672668938, 315238.868137534649577, 0.0 ], [ 392865.109154969220981, 315254.552197693556082, 0.0 ], [ 392877.395343125099316, 315270.236276830604766, 0.0 ], [ 392889.681487133377232, 315285.920374938112218, 0.0 ], [ 392914.916141002904624, 315286.462669951259159, 0.0 ], [ 392927.202198237238917, 315302.14682347868802, 0.0 ], [ 392939.488211327814497, 315317.830995985772461, 0.0 ], [ 392964.722781340009533, 315318.373434886569157, 0.0 ], [ 392989.957352940633427, 315318.915944816952106, 0.0 ], [ 393002.243236621667165, 315334.600209165888373, 0.0 ], [ 393014.529076160572004, 315350.284492495178711, 0.0 ], [ 393026.814871554961428, 315365.968794805463403, 0.0 ], [ 393026.151971468701959, 315396.794764279504307, 0.0 ], [ 393038.437677056645043, 315412.479087099665776, 0.0 ], [ 393050.723338504205458, 315428.163428888074122, 0.0 ], [ 393050.060342557437252, 315458.98940264841076, 0.0 ], [ 393049.397342064359691, 315489.815377633785829, 0.0 ], [ 393048.734337024856359, 315520.641353844839614, 0.0 ], [ 393061.019817349966615, 315536.325719214277342, 0.0 ], [ 393073.305253438302316, 315552.010103562555742, 0.0 ], [ 393072.642152535030618, 315582.836084048554767, 0.0 ], [ 393084.927498907316476, 315598.520488909503911, 0.0 ], [ 393097.212801134563051, 315614.204912751563825, 0.0 ], [ 393109.498059211764485, 315629.889355575316586, 0.0 ], [ 393121.783273141190875, 315645.573817380820401, 0.0 ], [ 393121.119985050754622, 315676.399805220600683, 0.0 ], [ 393133.405109173560049, 315692.084287537378259, 0.0 ], [ 393158.638650044798851, 315692.627316683530807, 0.0 ], [ 393170.923687378643081, 315708.31185440113768, 0.0 ], [ 393183.20868047780823, 315723.996411111089401, 0.0 ], [ 393195.493629515636712, 315739.68098680494586, 0.0 ], [ 393194.830067456001416, 315770.506983824016061, 0.0 ], [ 393207.114926684182137, 315786.191580027691089, 0.0 ], [ 393219.399741757893935, 315801.876195215270855, 0.0 ], [ 393218.736083822324872, 315832.702196520578582, 0.0 ], [ 393231.020809087320231, 315848.386832208780106, 0.0 ], [ 393256.253922089468688, 315848.93015465704957, 0.0 ], [ 393268.538560563931242, 315864.614845770876855, 0.0 ], [ 393280.823154887475539, 315880.299555868608877, 0.0 ], [ 393293.107704971975181, 315895.984284945181571, 0.0 ], [ 393305.392210992984474, 315911.669033007754479, 0.0 ], [ 393317.676672862377018, 315927.353800051379949, 0.0 ], [ 393317.012649610289373, 315958.179813599330373, 0.0 ], [ 393304.064251267584041, 315973.321058266039472, 0.0 ], [ 393291.115895552444272, 315988.46232006844366, 0.0 ], [ 393290.451949974929448, 316019.288334230950568, 0.0 ], [ 393289.787999845400918, 316050.11434961645864, 0.0 ], [ 393289.124045163742267, 316080.940366229042411, 0.0 ], [ 393301.408277188427746, 316096.625123472360428, 0.0 ], [ 393313.692465059983078, 316112.309899686079007, 0.0 ], [ 393325.976608779921662, 316127.994694893597625, 0.0 ], [ 393338.260708343819715, 316143.679509085661266, 0.0 ], [ 393350.544763755868189, 316159.364342260931153, 0.0 ], [ 393362.828775009082165, 316175.049194416496903, 0.0 ], [ 393375.112742112367414, 316190.734065555210691, 0.0 ], [ 393387.396665058797225, 316206.418955679226201, 0.0 ], [ 393386.732340480084531, 316237.244985758094117, 0.0 ], [ 393399.016173514188267, 316252.929896392626688, 0.0 ], [ 393411.299962478689849, 316268.614826001168694, 0.0 ], [ 393423.583707291749306, 316284.299774604907725, 0.0 ], [ 393435.867407949175686, 316299.984742191038094, 0.0 ], [ 393448.151064448175021, 316315.669728761073202, 0.0 ], [ 393460.434676790842786, 316331.354734314314555, 0.0 ], [ 393472.718244977062568, 316347.039758852799423, 0.0 ], [ 393485.001769008871634, 316362.724802373035345, 0.0 ], [ 393497.285248881438747, 316378.40986487781629, 0.0 ], [ 393509.568684506695718, 316394.094946363649797, 0.0 ], [ 393521.852076065086294, 316409.780046826286707, 0.0 ], [ 393534.135423467902001, 316425.46516628266545, 0.0 ], [ 393546.418726713047363, 316441.150304722250439, 0.0 ], [ 393558.701985795400105, 316456.835462147777434, 0.0 ], [ 393570.985200724331662, 316472.520638556510676, 0.0 ], [ 393596.216599106090143, 316473.064992225554306, 0.0 ], [ 393621.447998899384402, 316473.609416930645239, 0.0 ], [ 393646.679400289664045, 316474.153912675974425, 0.0 ], [ 393658.962443129625171, 316489.839217383123469, 0.0 ], [ 393671.245441810577177, 316505.52454107493395, 0.0 ], [ 393683.528396334673744, 316521.209883751289453, 0.0 ], [ 393695.811306697083637, 316536.895245413586963, 0.0 ], [ 393708.09417289996054, 316552.580626047798432, 0.0 ], [ 393720.376994945108891, 316568.266025679244194, 0.0 ], [ 393732.659772737766616, 316583.951444294594694, 0.0 ], [ 393744.942506462684833, 316599.636881895945407, 0.0 ], [ 393770.173568211030215, 316600.181740187923424, 0.0 ], [ 393795.4046314668376, 316600.726669519441202, 0.0 ], [ 393807.687235739489552, 316616.412198985286523, 0.0 ], [ 393819.969795855809934, 316632.097747435735073, 0.0 ], [ 393832.252311810967512, 316647.783314872882329, 0.0 ], [ 393831.586361197230872, 316678.60939517483348, 0.0 ], [ 393843.868787217186764, 316694.294983116909862, 0.0 ], [ 393856.151169169694185, 316709.980590056278743, 0.0 ], [ 393868.433506957779173, 316725.66621598234633, 0.0 ], [ 393880.715800585807301, 316741.351860895112623, 0.0 ], [ 393880.049662687000819, 316772.177948547294363, 0.0 ], [ 393892.331866467138752, 316787.863613977679051, 0.0 ], [ 393917.562416487024166, 316788.4089095465024, 0.0 ], [ 393942.792968015302904, 316788.954276157019194, 0.0 ], [ 393968.02352095535025, 316789.49971380707575, 0.0 ], [ 393993.254075492033735, 316790.045222498127259, 0.0 ], [ 394018.484631537867244, 316790.590802231570706, 0.0 ], [ 394030.766577935079113, 316806.276668852427974, 0.0 ], [ 394043.048480163735803, 316821.962554459343664, 0.0 ], [ 394055.330338233150542, 316837.64845904224785, 0.0 ], [ 394067.612152045592666, 316853.334382620407268, 0.0 ], [ 394079.893921785871498, 316869.020325188816059, 0.0 ], [ 394092.175647356896661, 316884.706286744622048, 0.0 ], [ 394104.457328767457511, 316900.39226728642825, 0.0 ], [ 394116.738966010569129, 316916.078266817028634, 0.0 ], [ 394141.969182402594015, 316916.624209123954643, 0.0 ], [ 394154.250732834683731, 316932.310264083032962, 0.0 ], [ 394166.532239103340544, 316947.996338030206971, 0.0 ], [ 394178.81370111356955, 316963.682430962682702, 0.0 ], [ 394191.095119048084598, 316979.36854287335882, 0.0 ], [ 394203.376492816023529, 316995.05467378202593, 0.0 ], [ 394215.657822419540025, 317010.740823680942412, 0.0 ], [ 394227.939107854035683, 317026.426992566615809, 0.0 ], [ 394240.220349121489562, 317042.113180439628195, 0.0 ], [ 394252.501546223997138, 317057.79938730149297, 0.0 ], [ 394251.834060641122051, 317088.625514812767506, 0.0 ], [ 394264.115167885320261, 317104.311742195161059, 0.0 ], [ 394276.396230964106508, 317119.997988556395285, 0.0 ], [ 394275.728649428521749, 317150.824120356002823, 0.0 ], [ 394275.061063317640219, 317181.650253380008508, 0.0 ], [ 394274.393472631461918, 317212.476387626898941, 0.0 ], [ 394261.444997049751692, 317227.61627059255261, 0.0 ], [ 394248.496564106142614, 317242.756170704495162, 0.0 ], [ 394247.829051075386815, 317273.582305544114206, 0.0 ], [ 394247.161533469741698, 317304.408441616513301, 0.0 ], [ 394246.494011289556511, 317335.234578913950827, 0.0 ], [ 394245.826484534598421, 317366.060717433632817, 0.0 ], [ 394245.158953205333091, 317396.886857166246045, 0.0 ], [ 394232.210768476710655, 317412.02677287516417, 0.0 ], [ 394219.26262638787739, 317427.166705730429385, 0.0 ], [ 394206.314526936970651, 317442.306655731925275, 0.0 ], [ 394193.366470121778548, 317457.446622880466748, 0.0 ], [ 394180.418455947074108, 317472.586607174598612, 0.0 ], [ 394167.470484410761856, 317487.726608617871534, 0.0 ], [ 394154.522555603121873, 317502.866627206793055, 0.0 ], [ 394141.574669341673143, 317518.006662942643743, 0.0 ], [ 394128.62682572187623, 317533.146715813549235, 0.0 ], [ 394115.679024740820751, 317548.286785841337405, 0.0 ], [ 394115.011900021345355, 317579.112923717359081, 0.0 ], [ 394102.064182797330432, 317594.253010584856384, 0.0 ], [ 394089.116508215374779, 317609.393114599341061, 0.0 ], [ 394088.449461165349931, 317640.219253080780618, 0.0 ], [ 394087.782409544568509, 317671.045392773754429, 0.0 ], [ 394100.062904571881518, 317686.731430613435805, 0.0 ], [ 394125.290950807742774, 317687.277418954996392, 0.0 ], [ 394138.238588827429339, 317672.137367617164273, 0.0 ], [ 394151.186269489699043, 317656.997333438426722, 0.0 ], [ 394176.414405459887348, 317657.543462034256663, 0.0 ], [ 394201.642543029505759, 317658.089661678881384, 0.0 ], [ 394226.870682104083244, 317658.635932372242678, 0.0 ], [ 394252.098822688218206, 317659.182274113700259, 0.0 ], [ 394277.326964687672444, 317659.728686901042238, 0.0 ], [ 394302.55510828725528, 317660.275170739274472, 0.0 ], [ 394327.783253392553888, 317660.821725624147803, 0.0 ], [ 394340.063366064394359, 317676.508108913025353, 0.0 ], [ 394352.343434562033508, 317692.194511202687863, 0.0 ], [ 394364.623458882968407, 317707.880932482599746, 0.0 ], [ 394376.90343902958557, 317723.567372749967035, 0.0 ], [ 394402.131414943723939, 317724.114144466177095, 0.0 ], [ 394414.411308260052465, 317739.800640169763938, 0.0 ], [ 394426.691157406079583, 317755.487154862843454, 0.0 ], [ 394438.97096237691585, 317771.173688545473851, 0.0 ], [ 394451.250723170000128, 317786.860241219808813, 0.0 ], [ 394463.530439789639786, 317802.546812883636449, 0.0 ], [ 394475.810112229024526, 317818.233403527061455, 0.0 ], [ 394488.089740496710874, 317833.920013168535661, 0.0 ], [ 394500.36932449566666, 317849.606641802354716, 0.0 ], [ 394525.596960778231733, 317850.153776141698472, 0.0 ], [ 394537.876458039041609, 317865.840460212493781, 0.0 ], [ 394550.155911123030819, 317881.527163273480255, 0.0 ], [ 394562.43532002530992, 317897.213885325472802, 0.0 ], [ 394561.766582291456871, 317928.040069826587569, 0.0 ], [ 394561.097839975846, 317958.866255537199322, 0.0 ], [ 394573.377113304217346, 317974.552999647683464, 0.0 ], [ 394585.656342452042736, 317990.239762749813963, 0.0 ], [ 394597.935527423978783, 318005.926544840738643, 0.0 ], [ 394610.214668122585863, 318021.613345920515712, 0.0 ], [ 394609.545738418586552, 318052.439539001905359, 0.0 ], [ 394621.82478933094535, 318068.126360608555842, 0.0 ], [ 394647.051825427042786, 318068.67386311548762, 0.0 ], [ 394659.330789501836989, 318084.360740164003801, 0.0 ], [ 394671.609709397191182, 318100.047636190778576, 0.0 ], [ 394683.888585114851594, 318115.734551220491994, 0.0 ], [ 394683.219381192466244, 318146.560753504512832, 0.0 ], [ 394670.271388375433162, 318161.700038911367301, 0.0 ], [ 394657.323438203835394, 318176.83934146806132, 0.0 ], [ 394669.602220987551846, 318192.526242106046993, 0.0 ], [ 394681.880959592934232, 318208.213161738531198, 0.0 ], [ 394681.211741916136816, 318239.039367677818518, 0.0 ], [ 394680.542519654263742, 318269.865574850700796, 0.0 ], [ 394667.59469131717924, 318285.004859013366513, 0.0 ], [ 394654.646905626752414, 318300.144160322379321, 0.0 ], [ 394653.97776102181524, 318330.970368095731828, 0.0 ], [ 394666.256315280683339, 318346.657276404032018, 0.0 ], [ 394678.534825359587558, 318362.344203707529232, 0.0 ], [ 394690.8132912539877, 318378.03114998707315, 0.0 ], [ 394703.09171296551358, 318393.718115271767601, 0.0 ], [ 394715.370090403943323, 318409.405099546653219, 0.0 ], [ 394740.596177464001812, 318409.952906565216836, 0.0 ], [ 394752.874468150315806, 318425.639946284121834, 0.0 ], [ 394765.152714655385353, 318441.327004993334413, 0.0 ], [ 394777.430916974612046, 318457.014082695590332, 0.0 ], [ 394789.70907511212863, 318472.701179391588084, 0.0 ], [ 394801.987189061008394, 318488.388295078591909, 0.0 ], [ 394801.317495969706215, 318519.214521247369703, 0.0 ], [ 394800.64779829030158, 318550.040748650382739, 0.0 ], [ 394799.978096023318358, 318580.86697727558203, 0.0 ], [ 394799.308389168698341, 318611.693207122327294, 0.0 ], [ 394786.360792324994691, 318626.832314834697172, 0.0 ], [ 394761.13531005877303, 318626.284352787013631, 0.0 ], [ 394735.909829302749131, 318625.736461795167997, 0.0 ], [ 394710.684350056690164, 318625.188641858461779, 0.0 ], [ 394697.736928462458309, 318640.32787053467473, 0.0 ], [ 394684.789549425709993, 318655.467116345826071, 0.0 ], [ 394659.564160032081418, 318654.919436676893383, 0.0 ], [ 394634.338772150222212, 318654.371828065894078, 0.0 ], [ 394609.113385775242932, 318653.824290510092396, 0.0 ], [ 394596.166181897511706, 318668.963657297834288, 0.0 ], [ 394583.219020762713626, 318684.103041235415731, 0.0 ], [ 394557.993724238825962, 318683.555643948726356, 0.0 ], [ 394545.04664982878603, 318698.695079638913739, 0.0 ], [ 394532.099618071923032, 318713.834532476845197, 0.0 ], [ 394519.152628959331196, 318728.974002463161014, 0.0 ], [ 394518.48385435086675, 318759.80021813273197, 0.0 ], [ 394517.815075161634013, 318790.626435014593881, 0.0 ], [ 394504.86821095214691, 318805.765921529731713, 0.0 ], [ 394479.643266294209752, 318805.218730040593073, 0.0 ], [ 394466.696488998830318, 318820.358268312586006, 0.0 ], [ 394453.749754260992631, 318835.497823732381221, 0.0 ], [ 394428.524899454438128, 318834.950772515207063, 0.0 ], [ 394415.578251541010104, 318850.090379690402187, 0.0 ], [ 394414.90980595635483, 318880.916592883702833, 0.0 ], [ 394401.963241820340045, 318896.05621689860709, 0.0 ], [ 394389.016720335232094, 318911.195858062652405, 0.0 ], [ 394376.070241506036837, 318926.335516366641968, 0.0 ], [ 394363.12380532338284, 318941.475191831123084, 0.0 ], [ 394350.177411884418689, 318956.614884447539225, 0.0 ], [ 394324.95291045535123, 318956.068110096384771, 0.0 ], [ 394312.006603748246562, 318971.207854467560537, 0.0 ], [ 394299.060339693096466, 318986.347615988575853, 0.0 ], [ 394286.114118294499349, 319001.487394662981387, 0.0 ], [ 394273.167939543607645, 319016.627190483734012, 0.0 ], [ 394260.221803447522689, 319031.767003457120154, 0.0 ], [ 394247.275710001704283, 319046.906833581044339, 0.0 ], [ 394234.32965930365026, 319062.046680846367963, 0.0 ], [ 394233.661789554986171, 319092.872889713791665, 0.0 ], [ 394220.715822548372671, 319108.012753829360008, 0.0 ], [ 394207.769898197380826, 319123.152635097678285, 0.0 ], [ 394194.824016497819684, 319138.292533515836112, 0.0 ], [ 394181.87817745434586, 319153.432449085230473, 0.0 ], [ 394181.210467667551711, 319184.258657944155857, 0.0 ], [ 394180.542753308021929, 319215.08486801746767, 0.0 ], [ 394167.597039188374765, 319230.22480012133019, 0.0 ], [ 394154.651367721264251, 319245.364749378641136, 0.0 ], [ 394153.983731059415732, 319276.19096006732434, 0.0 ], [ 394153.316089825122617, 319307.017171983839944, 0.0 ], [ 394152.648444018675946, 319337.843385110551026, 0.0 ], [ 394151.980793639551848, 319368.669599472195841, 0.0 ], [ 394139.035329375299625, 319383.80956465145573, 0.0 ], [ 394126.089907767367549, 319398.949546980613377, 0.0 ], [ 394125.42233509052312, 319429.775761951925233, 0.0 ], [ 394112.476997366873547, 319444.91576112783514, 0.0 ], [ 394099.531702207808848, 319460.055777453584597, 0.0 ], [ 394086.586449708440341, 319475.195810920675285, 0.0 ], [ 394073.64123986614868, 319490.335861551808193, 0.0 ], [ 394060.696072678954806, 319505.475929336971603, 0.0 ], [ 394047.750948151806369, 319520.616014272731263, 0.0 ], [ 394034.805866280163173, 319535.756116362579633, 0.0 ], [ 394021.860827071242966, 319550.896235603722744, 0.0 ], [ 394008.915830515907146, 319566.03637200105004, 0.0 ], [ 393983.693085618666373, 319565.490484657289926, 0.0 ], [ 393958.470342136453837, 319564.944668374373578, 0.0 ], [ 393945.525476592243649, 319580.08489114762051, 0.0 ], [ 393944.858484438038431, 319610.911100589320995, 0.0 ], [ 393944.191487716045231, 319641.737311266653705, 0.0 ], [ 393931.246747116092592, 319656.87755058077164, 0.0 ], [ 393918.302049175603315, 319672.017807050433476, 0.0 ], [ 393905.357393894926645, 319687.158080673485529, 0.0 ], [ 393892.412781271734275, 319702.298371449869592, 0.0 ], [ 393879.468211403349414, 319717.438679383252747, 0.0 ], [ 393866.523684100364335, 319732.579004468570929, 0.0 ], [ 393865.856929668108933, 319763.405214523430914, 0.0 ], [ 393878.134615685383324, 319779.091101339785382, 0.0 ], [ 393890.412257415009663, 319794.777007143537048, 0.0 ], [ 393889.745406996808015, 319825.603221493132878, 0.0 ], [ 393902.022958917659707, 319841.289147818111815, 0.0 ], [ 393927.244917724106926, 319841.834838500479236, 0.0 ], [ 393939.522382772527635, 319857.520820266567171, 0.0 ], [ 393951.799803629226517, 319873.206821022264194, 0.0 ], [ 393964.077180292108096, 319888.89284075825708, 0.0 ], [ 393976.354512755642645, 319904.578879494336434, 0.0 ], [ 393988.631801029259805, 319920.26493722142186, 0.0 ], [ 393987.964584919041954, 319951.091163812263403, 0.0 ], [ 394000.241783192672301, 319966.777242057723925, 0.0 ], [ 394025.463400583306793, 319967.323224345571361, 0.0 ], [ 394050.685019479016773, 319967.869277697755024, 0.0 ], [ 394062.962088294676505, 319983.555447837454267, 0.0 ], [ 394075.239112912211567, 319999.241636968858074, 0.0 ], [ 394100.460647955944296, 319999.78783429012401, 0.0 ], [ 394112.737585609662347, 320015.474078863393515, 0.0 ], [ 394125.01447915751487, 320031.160342417657375, 0.0 ], [ 394137.291328508581501, 320046.846624974219594, 0.0 ], [ 394149.568133665132336, 320062.532926521031186, 0.0 ], [ 394161.844894622452557, 320078.21924706234131, 0.0 ], [ 394174.121611382463016, 320093.905586592503823, 0.0 ], [ 394186.398283947375603, 320109.591945115709677, 0.0 ], [ 394198.674912312533706, 320125.278322629106697, 0.0 ], [ 394223.896107343141921, 320125.824882631539367, 0.0 ], [ 394236.172648834181018, 320141.511315591167659, 0.0 ], [ 394235.504532132123131, 320172.337569108756725, 0.0 ], [ 394234.836410855525173, 320203.163823861337733, 0.0 ], [ 394247.112816709442995, 320218.850278875150252, 0.0 ], [ 394259.389178366749547, 320234.536752877815161, 0.0 ], [ 394258.720961078128312, 320265.363011916633695, 0.0 ], [ 394258.052739214501344, 320296.18927217903547, 0.0 ], [ 394270.328965229331516, 320311.875768226047512, 0.0 ], [ 394282.605147048598155, 320327.562283276056405, 0.0 ], [ 394281.936829169979319, 320358.388547823939007, 0.0 ], [ 394281.268506716005504, 320389.214813594066072, 0.0 ], [ 394268.324135028698947, 320404.354560945008416, 0.0 ], [ 394255.379806011216715, 320419.494325449340977, 0.0 ], [ 394267.655849144735839, 320435.180827631440479, 0.0 ], [ 394279.931848081818316, 320450.867348794592544, 0.0 ], [ 394292.207802817225456, 320466.553888961439952, 0.0 ], [ 394304.483713348512538, 320482.240448121388908, 0.0 ], [ 394316.75957967794966, 320497.927026272926014, 0.0 ], [ 394329.035401715198532, 320513.613623416167684, 0.0 ], [ 394341.311179642449133, 320529.300239552510902, 0.0 ], [ 394353.586913362611085, 320544.986874683294445, 0.0 ], [ 394365.862602884648368, 320560.673528807179537, 0.0 ], [ 394378.138248203729745, 320576.360201922710985, 0.0 ], [ 394377.469546242093202, 320607.186483600642532, 0.0 ], [ 394376.800839702424128, 320638.012766513566021, 0.0 ], [ 394389.076349367504008, 320653.699461684038397, 0.0 ], [ 394414.296079799183644, 320654.246621501340996, 0.0 ], [ 394426.571502579259686, 320669.933372122934088, 0.0 ], [ 394438.846881062549073, 320685.620141733379569, 0.0 ], [ 394451.1222154313582, 320701.306930341816042, 0.0 ], [ 394450.453234541229904, 320732.133222430478781, 0.0 ], [ 394462.728478979086503, 320747.820031561539508, 0.0 ], [ 394475.003679214045405, 320763.506859688495751, 0.0 ], [ 394487.278835243429057, 320779.193706807098351, 0.0 ], [ 394512.498224204580765, 320779.741158269520383, 0.0 ], [ 394524.773293341568206, 320795.428060840640683, 0.0 ], [ 394537.048318274784833, 320811.114982404862531, 0.0 ], [ 394549.323298907023855, 320826.801922959333751, 0.0 ], [ 394548.653952198685147, 320857.628227312525269, 0.0 ], [ 394560.928842990775593, 320873.315188383916393, 0.0 ], [ 394586.147975846135523, 320873.862858587468509, 0.0 ], [ 394611.36711020488292, 320874.410599863855168, 0.0 ], [ 394636.586246072023641, 320874.958412213833071, 0.0 ], [ 394661.805383352912031, 320875.506295635190327, 0.0 ], [ 394687.024522232590243, 320876.054250132932793, 0.0 ], [ 394712.24366261891555, 320876.602275703509804, 0.0 ], [ 394737.46280451194616, 320877.15037234837655, 0.0 ], [ 394762.681947909644805, 320877.698540066776332, 0.0 ], [ 394774.956452923244797, 320893.385811802523676, 0.0 ], [ 394774.286315162200481, 320924.21213517151773, 0.0 ], [ 394786.560730327968486, 320939.899427437689155, 0.0 ], [ 394798.83510128268972, 320955.586738698359113, 0.0 ], [ 394798.164867469575256, 320986.41306635492947, 0.0 ], [ 394797.49462906899862, 321017.239395223150495, 0.0 ], [ 394796.824386080668774, 321048.06572532345308, 0.0 ], [ 394796.154138504702132, 321078.892056648037396, 0.0 ], [ 394808.42828231677413, 321094.579393032647204, 0.0 ], [ 394833.6468220903771, 321095.127786872151773, 0.0 ], [ 394845.920879005338065, 321110.815178712829947, 0.0 ], [ 394858.194891709834337, 321126.502589550800622, 0.0 ], [ 394883.413347527442966, 321127.051127381331753, 0.0 ], [ 394908.631804942968301, 321127.599736288946588, 0.0 ], [ 394920.90568806277588, 321143.287239041761495, 0.0 ], [ 394933.17952697398141, 321158.974760778422933, 0.0 ], [ 394945.453321668552235, 321174.662301523028873, 0.0 ], [ 394957.72707215603441, 321190.349861264228821, 0.0 ], [ 394970.671652531716973, 321175.211090886790771, 0.0 ], [ 394983.616275580017827, 321160.072337661986239, 0.0 ], [ 395008.834652054472826, 321160.621232716192026, 0.0 ], [ 395034.053030129987746, 321161.170198848936707, 0.0 ], [ 395059.271409711975139, 321161.719236057309899, 0.0 ], [ 395084.489790807769168, 321162.268344342825003, 0.0 ], [ 395096.763329382170923, 321177.956103849050123, 0.0 ], [ 395109.036823656177148, 321193.643882351228967, 0.0 ], [ 395121.310273809824139, 321209.331679852155503, 0.0 ], [ 395133.583679750445299, 321225.019496348220855, 0.0 ], [ 395158.801891604322009, 321225.568821554246824, 0.0 ], [ 395171.075210642651655, 321241.256693509290926, 0.0 ], [ 395183.348485469585285, 321256.944584464421496, 0.0 ], [ 395208.566613459261134, 321257.494053669273853, 0.0 ], [ 395220.83980129531119, 321273.182000079774298, 0.0 ], [ 395233.112945002794731, 321288.869965490419418, 0.0 ], [ 395258.330989130656235, 321289.419578696950339, 0.0 ], [ 395270.60404594137799, 321305.107599555863999, 0.0 ], [ 395282.877058532554656, 321320.795639424177352, 0.0 ], [ 395295.150026913557667, 321336.483698291878682, 0.0 ], [ 395294.478000337607227, 321367.310077502101194, 0.0 ], [ 395293.805969162262045, 321398.13645793456817, 0.0 ], [ 395293.133933387696743, 321428.962839587766211, 0.0 ], [ 395305.406720324419439, 321444.650922044238541, 0.0 ], [ 395317.679463042295538, 321460.339023509353865, 0.0 ], [ 395329.952161453780718, 321476.027143971819896, 0.0 ], [ 395342.224815738736652, 321491.715283433033619, 0.0 ], [ 395341.552592388004996, 321522.54167244565906, 0.0 ], [ 395353.825156713486649, 321538.229832439392339, 0.0 ], [ 395366.097676819248591, 321553.918011433968786, 0.0 ], [ 395378.370152707502712, 321569.606209425139241, 0.0 ], [ 395390.642584378132597, 321585.294426405103877, 0.0 ], [ 395402.914971832884476, 321600.982662397320382, 0.0 ], [ 395415.187315069430042, 321616.670917386829387, 0.0 ], [ 395427.45961408293806, 321632.3591913736891, 0.0 ], [ 395439.731868792325258, 321648.047484359238297, 0.0 ], [ 395452.004079370526597, 321663.735796347085852, 0.0 ], [ 395477.221094431588426, 321664.286071429844014, 0.0 ], [ 395489.493218102667015, 321679.974438880803064, 0.0 ], [ 395501.765297554200515, 321695.662825329811312, 0.0 ], [ 395526.98222874593921, 321696.213244422688149, 0.0 ], [ 395552.199161361844745, 321696.763734594802372, 0.0 ], [ 395577.416095577646047, 321697.314295850344934, 0.0 ], [ 395589.688002735667396, 321713.002810694160871, 0.0 ], [ 395601.959865676006302, 321728.691344528226182, 0.0 ], [ 395614.231684395694174, 321744.379897370934486, 0.0 ], [ 395626.503458890132606, 321760.068469215882942, 0.0 ], [ 395638.775189168285578, 321775.757060059637297, 0.0 ], [ 395651.046875223109964, 321791.445669904933311, 0.0 ], [ 395676.263554716715589, 321791.996521032473538, 0.0 ], [ 395688.535153861448634, 321807.685186343034729, 0.0 ], [ 395700.806708782212809, 321823.37387065513758, 0.0 ], [ 395713.078219483431894, 321839.062573965347838, 0.0 ], [ 395725.349685960216448, 321854.751296279893722, 0.0 ], [ 395750.566196294152178, 321855.302364355593454, 0.0 ], [ 395775.782708049111534, 321855.853503511985764, 0.0 ], [ 395788.05404492089292, 321871.542317747022025, 0.0 ], [ 395800.325337571906857, 321887.23115099495044, 0.0 ], [ 395825.541765547648538, 321887.782434168504551, 0.0 ], [ 395837.812971284147352, 321903.471322884550318, 0.0 ], [ 395850.084132794989273, 321919.160230602137744, 0.0 ], [ 395862.355250084772706, 321934.849157320626546, 0.0 ], [ 395874.626323146163486, 321950.538103040657006, 0.0 ], [ 395886.897351898136549, 321966.227067760075442, 0.0 ], [ 395899.168336513859686, 321981.916051484702621, 0.0 ], [ 395911.43927690514829, 321997.605054210114758, 0.0 ], [ 395923.710173072293401, 322013.294075925135985, 0.0 ], [ 395935.981025016517378, 322028.983116653689649, 0.0 ], [ 395948.251832735957578, 322044.672176384541672, 0.0 ], [ 395960.52259622537531, 322060.361255117692053, 0.0 ], [ 395972.793315494200215, 322076.050352851685602, 0.0 ], [ 395985.063990534923505, 322091.739469589374494, 0.0 ], [ 395997.334621262096334, 322107.428605326567777, 0.0 ], [ 396022.550453057920095, 322107.980470133421477, 0.0 ], [ 396034.820996955735609, 322123.669661344320048, 0.0 ], [ 396047.091496624867432, 322139.358871557516977, 0.0 ], [ 396059.361952070030384, 322155.048100761661772, 0.0 ], [ 396071.632363283424638, 322170.737348980852403, 0.0 ], [ 396083.902730274421629, 322186.426616200827993, 0.0 ], [ 396096.173053035861813, 322202.115902425255626, 0.0 ], [ 396108.443331479793414, 322217.805207649129443, 0.0 ], [ 396120.713565786078107, 322233.494531878852285, 0.0 ], [ 396132.983755866822321, 322249.183875112212263, 0.0 ], [ 396145.25390171946492, 322264.873237347870599, 0.0 ], [ 396170.469308092084248, 322265.425537933246233, 0.0 ], [ 396195.684715983166825, 322265.977909605659079, 0.0 ], [ 396220.900125298183411, 322266.530352361500263, 0.0 ], [ 396246.115536222234368, 322267.082866206474137, 0.0 ], [ 396271.330948660615832, 322267.635451137030032, 0.0 ], [ 396283.600836813100614, 322283.325014728179667, 0.0 ], [ 396295.870680734340567, 322299.014597310917452, 0.0 ], [ 396321.086009303573519, 322299.56732627004385, 0.0 ], [ 396346.30133929773001, 322300.12012631475227, 0.0 ], [ 396358.571053600637242, 322315.809800855524372, 0.0 ], [ 396370.840723676141351, 322331.499494399293326, 0.0 ], [ 396383.110349519061856, 322347.189206948212814, 0.0 ], [ 396382.434351902804337, 322378.015706655569375, 0.0 ], [ 396394.703887751675211, 322393.705439746903721, 0.0 ], [ 396406.97337936522672, 322409.395191840478219, 0.0 ], [ 396419.242826752364635, 322425.084962940600235, 0.0 ], [ 396444.457815190660767, 322425.638054756447673, 0.0 ], [ 396469.672805235022679, 322426.191217662184499, 0.0 ], [ 396494.887796799768694, 322426.744451657054015, 0.0 ], [ 396520.10278988070786, 322427.297756737505551, 0.0 ], [ 396545.317784484825097, 322427.851132909185253, 0.0 ], [ 396570.532780513109174, 322428.404580165049993, 0.0 ], [ 396595.74777815293055, 322428.958098512142897, 0.0 ], [ 396608.01688243879471, 322444.648143911384977, 0.0 ], [ 396620.285942496790085, 322460.33820832852507, 0.0 ], [ 396645.500856266007759, 322460.891870709136128, 0.0 ], [ 396670.71577146241907, 322461.445604177482892, 0.0 ], [ 396695.930688268621452, 322461.999408734962344, 0.0 ], [ 396721.145606597070582, 322462.553284382971469, 0.0 ], [ 396733.414451642893255, 322478.24351369892247, 0.0 ], [ 396745.683252455433831, 322493.933762018568814, 0.0 ], [ 396770.898086912115104, 322494.487781702191569, 0.0 ], [ 396796.112922799191438, 322495.041872472153045, 0.0 ], [ 396809.05908757133875, 322479.905676590744406, 0.0 ], [ 396822.005295022099745, 322464.76949785562465, 0.0 ], [ 396847.220220951014198, 322465.323728947143536, 0.0 ], [ 396860.16651529353112, 322450.187601973186247, 0.0 ], [ 396873.112852309481241, 322435.051492158207111, 0.0 ], [ 396898.327868100372143, 322435.605863565637264, 0.0 ], [ 396911.27429201011546, 322420.469805500528309, 0.0 ], [ 396924.22075859317556, 322405.33376458165003, 0.0 ], [ 396949.435864426544867, 322405.888276307843626, 0.0 ], [ 396974.650971786410082, 322406.442859122413211, 0.0 ], [ 396999.86608066392364, 322406.997513025416993, 0.0 ], [ 397025.081190976081416, 322407.552238015457988, 0.0 ], [ 397050.296302898495924, 322408.107034095970448, 0.0 ], [ 397075.511416345951147, 322408.661901265673805, 0.0 ], [ 397087.779755223076791, 322424.352638145326637, 0.0 ], [ 397100.048049861215986, 322440.043394032225478, 0.0 ], [ 397125.263079355412629, 322440.598405238939449, 0.0 ], [ 397150.478110460564494, 322441.153487537638284, 0.0 ], [ 397175.693143093900289, 322441.708640925469808, 0.0 ], [ 397187.961265420308337, 322457.399525236920454, 0.0 ], [ 397200.229343511280604, 322473.090428569004871, 0.0 ], [ 397225.444292279542424, 322473.645725998154376, 0.0 ], [ 397250.659242479479872, 322474.201094513584394, 0.0 ], [ 397275.874194296135101, 322474.756534121639561, 0.0 ], [ 397301.089147634804249, 322475.312044820282608, 0.0 ], [ 397326.304102500434965, 322475.867626607301645, 0.0 ], [ 397351.519058798498008, 322476.423279481357895, 0.0 ], [ 397376.734016713919118, 322476.979003448097501, 0.0 ], [ 397401.948976154555567, 322477.534798504668288, 0.0 ], [ 397427.163937120581977, 322478.090664651070256, 0.0 ], [ 397440.111248448025435, 322462.95533378579421, 0.0 ], [ 397453.058602449367754, 322447.820020077400841, 0.0 ], [ 397478.273653287440538, 322448.376026534766424, 0.0 ], [ 397503.488705739262514, 322448.932104084757157, 0.0 ], [ 397516.436190853710286, 322433.796876733249519, 0.0 ], [ 397529.383718639728613, 322418.661666525877081, 0.0 ], [ 397554.598861054517329, 322419.21788438828662, 0.0 ], [ 397567.546475734619889, 322404.082725934917107, 0.0 ], [ 397580.494132995663676, 322388.947584622248542, 0.0 ], [ 397593.441833020071499, 322373.812460455170367, 0.0 ], [ 397606.389575719600543, 322358.677353432285599, 0.0 ], [ 397631.604896536271553, 322359.23378082952695, 0.0 ], [ 397644.552726122085005, 322344.098725560004823, 0.0 ], [ 397657.500598385115154, 322328.96368743176572, 0.0 ], [ 397670.448513317969628, 322313.828666459769011, 0.0 ], [ 397671.128929296624847, 322283.002075467782561, 0.0 ], [ 397671.809340620064177, 322252.17548569093924, 0.0 ], [ 397672.489747288171202, 322221.348897132033017, 0.0 ], [ 397685.437828273279592, 322206.213892312836833, 0.0 ], [ 397698.385951834789012, 322191.078904635040089, 0.0 ], [ 397699.066436097491533, 322160.252316653262824, 0.0 ], [ 397712.014643549337052, 322145.117345792416018, 0.0 ], [ 397724.962893671588972, 322129.982392074423842, 0.0 ], [ 397737.911186461802572, 322114.847455497714691, 0.0 ], [ 397763.127210169099271, 322115.404223393765278, 0.0 ], [ 397788.343235407432076, 322115.961062377493363, 0.0 ], [ 397813.559262082213536, 322116.517972446803469, 0.0 ], [ 397838.775290380814113, 322117.074953605246264, 0.0 ], [ 397863.991320203989744, 322117.632005851366557, 0.0 ], [ 397876.939876747899689, 322102.49725946248509, 0.0 ], [ 397889.888475963729434, 322087.362530214246362, 0.0 ], [ 397915.104595750453882, 322087.919722765684128, 0.0 ], [ 397940.320716979331337, 322088.476986402005423, 0.0 ], [ 397965.536839826032519, 322089.034321128856391, 0.0 ], [ 397990.752964205457829, 322089.591726942686364, 0.0 ], [ 398015.969090115395375, 322090.149203844252042, 0.0 ], [ 398028.917953083990142, 322075.014664779533632, 0.0 ], [ 398041.866858633758966, 322059.880142853304278, 0.0 ], [ 398067.08307450695429, 322060.437760057335254, 0.0 ], [ 398092.299291913572233, 322060.995448350498918, 0.0 ], [ 398117.515510849189013, 322061.553207729943097, 0.0 ], [ 398142.731731318635866, 322062.111038198519964, 0.0 ], [ 398167.947953227441758, 322062.668939751980361, 0.0 ], [ 398193.164176758262329, 322063.226912394573446, 0.0 ], [ 398218.380401823320426, 322063.784956125542521, 0.0 ], [ 398243.596628423081711, 322064.34307094354881, 0.0 ], [ 398268.81285646057222, 322064.901256847835612, 0.0 ], [ 398281.079738303320482, 322080.593689692381304, 0.0 ], [ 398280.397269209614024, 322111.420317069452722, 0.0 ], [ 398292.664061028452124, 322127.112770470557734, 0.0 ], [ 398304.930808610399254, 322142.805242883798201, 0.0 ], [ 398304.248243271373212, 322173.631874566955958, 0.0 ], [ 398316.514900829992257, 322189.324367538967635, 0.0 ], [ 398328.781514151254669, 322205.016879511822481, 0.0 ], [ 398328.098852564638946, 322235.843515498156194, 0.0 ], [ 398327.416186307324097, 322266.670152700331528, 0.0 ], [ 398339.682663807063363, 322282.362686786218546, 0.0 ], [ 398351.949097072531004, 322298.055239887151401, 0.0 ], [ 398338.999947089119814, 322313.189326748601161, 0.0 ], [ 398326.050839780422393, 322328.323430749354884, 0.0 ], [ 398325.368159511184786, 322359.150071586307604, 0.0 ], [ 398337.634499640786089, 322374.842610306805, 0.0 ], [ 398349.900795535300858, 322390.535168040194549, 0.0 ], [ 398336.951768910046667, 322405.669253914558794, 0.0 ], [ 398324.002784960321151, 322420.803356927470304, 0.0 ], [ 398323.320090678869747, 322451.630001421144698, 0.0 ], [ 398310.371190516161732, 322466.764121244719718, 0.0 ], [ 398297.422333025257103, 322481.898258196888492, 0.0 ], [ 398296.739716315176338, 322512.724903248483315, 0.0 ], [ 398296.057094935153145, 322543.551549513882492, 0.0 ], [ 398308.323203011939768, 322559.244061020086519, 0.0 ], [ 398320.589266847353429, 322574.936591537785716, 0.0 ], [ 398332.8552864366211, 322590.62914106977405, 0.0 ], [ 398345.121261788532138, 322606.321709614712745, 0.0 ], [ 398357.387192896392662, 322622.014297163987067, 0.0 ], [ 398382.601864223135635, 322622.572872245043982, 0.0 ], [ 398394.867708399542607, 322638.265515301376581, 0.0 ], [ 398407.133508331025951, 322653.958177369902842, 0.0 ], [ 398432.348095902707428, 322654.516896512766834, 0.0 ], [ 398444.613808897556737, 322670.20961407845607, 0.0 ], [ 398456.87947765388526, 322685.902350660588127, 0.0 ], [ 398469.145102164533455, 322701.59510625700932, 0.0 ], [ 398468.461844346369617, 322732.421772933099419, 0.0 ], [ 398467.778581854421645, 322763.248440811526962, 0.0 ], [ 398467.09531468822388, 322794.075109915051144, 0.0 ], [ 398479.360757477232255, 322809.767889158276375, 0.0 ], [ 398491.626156111480668, 322825.460687417245936, 0.0 ], [ 398490.942792677786201, 322856.287360826798249, 0.0 ], [ 398490.259424569434486, 322887.114035451493692, 0.0 ], [ 398489.576051786891185, 322917.940711279923562, 0.0 ], [ 398488.892674329516012, 322948.767388334847055, 0.0 ], [ 398475.944122550543398, 322963.901260623184498, 0.0 ], [ 398450.730401195818558, 322963.34238055406604, 0.0 ], [ 398425.516681284003425, 322962.783571578271221, 0.0 ], [ 398412.568260633095633, 322977.917530224833172, 0.0 ], [ 398399.619882658240385, 322993.051506014133338, 0.0 ], [ 398374.406252730987035, 322992.492837354249787, 0.0 ], [ 398349.192624428425916, 322991.934239791997243, 0.0 ], [ 398336.244377586583141, 323007.068301943829283, 0.0 ], [ 398335.561507643433288, 323037.894971390021965, 0.0 ], [ 398322.613344601821154, 323053.029050355369691, 0.0 ], [ 398309.665224241791293, 323068.163146461301949, 0.0 ], [ 398296.717146554146893, 323083.297259707876947, 0.0 ], [ 398283.769111543952022, 323098.431390096549876, 0.0 ], [ 398270.821119213534985, 323113.565537626505829, 0.0 ], [ 398257.873169560800306, 323128.699702299316414, 0.0 ], [ 398270.138450234080665, 323144.392206657095812, 0.0 ], [ 398295.351639415661339, 323144.95060029765591, 0.0 ], [ 398307.616833147476427, 323160.643160144798458, 0.0 ], [ 398319.881982626975514, 323176.335739016125444, 0.0 ], [ 398345.095087946159765, 323176.894276721403003, 0.0 ], [ 398370.30819470458664, 323177.452885522856377, 0.0 ], [ 398382.573214546893723, 323193.145556377712637, 0.0 ], [ 398394.838190138805658, 323208.83824624621775, 0.0 ], [ 398420.05121312988922, 323209.396999115182552, 0.0 ], [ 398445.26423764845822, 323209.95582308107987, 0.0 ], [ 398457.529083597590216, 323225.648604935151525, 0.0 ], [ 398469.79388520802604, 323241.341405802813824, 0.0 ], [ 398482.058642659569159, 323257.03422568552196, 0.0 ], [ 398481.37521378317615, 323287.860916106088553, 0.0 ], [ 398480.69178023270797, 323318.687607730505988, 0.0 ], [ 398480.008342007698957, 323349.514300581358839, 0.0 ], [ 398479.324899108381942, 323380.340994646598119, 0.0 ], [ 398491.589429106330499, 323396.033839722629637, 0.0 ], [ 398503.853914851206355, 323411.726703815860674, 0.0 ], [ 398516.118356345396023, 323427.419586922624148, 0.0 ], [ 398529.066379700321704, 323412.28578880301211, 0.0 ], [ 398542.014445732696913, 323397.152007823984604, 0.0 ], [ 398567.226956344093196, 323397.711198521486949, 0.0 ], [ 398592.439468400785699, 323398.270460316562094, 0.0 ], [ 398617.651982078677975, 323398.829793211421929, 0.0 ], [ 398630.600223488057964, 323383.696133209683467, 0.0 ], [ 398643.548507576459087, 323368.562490347889252, 0.0 ], [ 398668.76111125171883, 323369.121963565063197, 0.0 ], [ 398693.973716373264324, 323369.681507878354751, 0.0 ], [ 398719.186323116533458, 323370.241123291430995, 0.0 ], [ 398744.398931396543048, 323370.800809804990422, 0.0 ], [ 398769.611541208811104, 323371.360567415424157, 0.0 ], [ 398794.824152558110654, 323371.920396124944091, 0.0 ], [ 398820.036765349912457, 323372.480295931338333, 0.0 ], [ 398845.249379771470558, 323373.040266838215757, 0.0 ], [ 398870.461995723773725, 323373.600308844121173, 0.0 ], [ 398895.674613213865086, 323374.160421948356088, 0.0 ], [ 398920.887232147331815, 323374.720606149523519, 0.0 ], [ 398946.099852708983235, 323375.280861451115925, 0.0 ], [ 398959.048710266593844, 323360.147651062346995, 0.0 ], [ 398959.733800151618198, 323329.320922566403169, 0.0 ], [ 398972.682741504104342, 323314.187728995399084, 0.0 ], [ 398985.631725538754836, 323299.054552550835069, 0.0 ], [ 398998.580752248235513, 323283.921393246913794, 0.0 ], [ 399023.793638205621392, 323284.481856208352838, 0.0 ], [ 399049.006525612086989, 323285.042390267422888, 0.0 ], [ 399074.219414645631332, 323285.602995426917914, 0.0 ], [ 399087.168616730603389, 323270.469957087538205, 0.0 ], [ 399100.117861494538374, 323255.336935888801236, 0.0 ], [ 399125.33084052905906, 323255.897681364964228, 0.0 ], [ 399150.543821013416164, 323256.458497936604545, 0.0 ], [ 399175.756803123396821, 323257.019385608669836, 0.0 ], [ 399188.020365079515614, 323272.713227142638061, 0.0 ], [ 399200.283882780524436, 323288.407087695901282, 0.0 ], [ 399225.496781037829351, 323288.968119445373304, 0.0 ], [ 399250.70968083810294, 323289.529222293233033, 0.0 ], [ 399263.659192465129308, 323274.396426215709653, 0.0 ], [ 399276.608746862621047, 323259.26364727888722, 0.0 ], [ 399301.8217366670724, 323259.824890443356708, 0.0 ], [ 399314.085085142694879, 323275.51891442539636, 0.0 ], [ 399326.348389369668439, 323291.212957428826485, 0.0 ], [ 399351.561295323073864, 323291.774344671401195, 0.0 ], [ 399376.774202723405324, 323292.335803012305405, 0.0 ], [ 399401.987111755646765, 323292.897332452295814, 0.0 ], [ 399414.936888880562037, 323277.764744026819244, 0.0 ], [ 399427.886708680889569, 323262.632172739831731, 0.0 ], [ 399453.099707722081803, 323263.193842495034914, 0.0 ], [ 399466.049614432500675, 323248.061322952155024, 0.0 ], [ 399466.736424135626294, 323217.234561695950106, 0.0 ], [ 399479.686414638650604, 323202.102058953896631, 0.0 ], [ 399504.899590527522378, 323202.663867137802299, 0.0 ], [ 399530.112768044811673, 323203.22574642294785, 0.0 ], [ 399555.32594710518606, 323203.787696804909501, 0.0 ], [ 399580.539127704396378, 323204.349718286714051, 0.0 ], [ 399605.752309754723683, 323204.911810863937717, 0.0 ], [ 399630.965493438765407, 323205.473974542401265, 0.0 ], [ 399643.228378521162085, 323221.168469811382238, 0.0 ], [ 399655.491219344665296, 323236.862984099658206, 0.0 ], [ 399667.754015918297227, 323252.557517408626154, 0.0 ], [ 399680.016768237110227, 323268.252069738286082, 0.0 ], [ 399705.229782688897103, 323268.814450483827386, 0.0 ], [ 399730.442798590171151, 323269.376902325602714, 0.0 ], [ 399742.705421264166944, 323285.071546659979504, 0.0 ], [ 399754.967999685090035, 323300.766210016445257, 0.0 ], [ 399767.230533845955506, 323316.460892393661197, 0.0 ], [ 399779.493023755436298, 323332.155593790812418, 0.0 ], [ 399791.755469409166835, 323347.850314198760316, 0.0 ], [ 399778.805110974819399, 323362.982382839836646, 0.0 ], [ 399765.854795215709601, 323378.114468613814097, 0.0 ], [ 399765.16691884357715, 323408.941258548700716, 0.0 ], [ 399752.216686878236942, 323424.073361121292692, 0.0 ], [ 399739.26649758417625, 323439.20548083097674, 0.0 ], [ 399726.316350968379993, 323454.337617674900685, 0.0 ], [ 399713.366247026424389, 323469.469771655276418, 0.0 ], [ 399700.416185855690856, 323484.601942762092222, 0.0 ], [ 399675.203779925417621, 323484.039548822212964, 0.0 ], [ 399662.253805574204307, 323499.171771680936217, 0.0 ], [ 399674.51619135675719, 323514.866336400504224, 0.0 ], [ 399699.72851035289932, 323515.428732225380372, 0.0 ], [ 399724.940830798470415, 323515.991199150739703, 0.0 ], [ 399750.15315287822159, 323516.553737178619485, 0.0 ], [ 399775.365476497798227, 323517.11634630698245, 0.0 ], [ 399787.6276472377358, 323532.81107602029806, 0.0 ], [ 399799.889773717324715, 323548.505824757099617, 0.0 ], [ 399812.151855938602239, 323564.200592511740979, 0.0 ], [ 399811.463777467841282, 323595.027393493219279, 0.0 ], [ 399823.725769519689493, 323610.722181817924138, 0.0 ], [ 399835.987717405078001, 323626.416989155521151, 0.0 ], [ 399848.24962102639256, 323642.111815525859129, 0.0 ], [ 399860.511480392888188, 323657.80666091904277, 0.0 ], [ 399872.773295497288927, 323673.501525332161691, 0.0 ], [ 399885.035066344309598, 323689.196408768068068, 0.0 ], [ 399872.084983212233055, 323704.328335270576645, 0.0 ], [ 399859.134942760516424, 323719.46027890878031, 0.0 ], [ 399846.184944984852336, 323734.592239683377557, 0.0 ], [ 399833.234989892109297, 323749.724217593669891, 0.0 ], [ 399820.28507747349795, 323764.856212628248613, 0.0 ], [ 399807.335207825934049, 323779.988224810629617, 0.0 ], [ 399806.647096415923443, 323810.815034278901294, 0.0 ], [ 399793.697310474468395, 323825.947063259140123, 0.0 ], [ 399780.747567212383728, 323841.079109376529232, 0.0 ], [ 399767.79786662774859, 323856.211172630253714, 0.0 ], [ 399754.848208722774871, 323871.343253019731492, 0.0 ], [ 399741.898593502352014, 323886.475350546999834, 0.0 ], [ 399728.949020957748871, 323901.607465200009756, 0.0 ], [ 399728.26115155214211, 323932.434273860999383, 0.0 ], [ 399715.311662809341215, 323947.566405324731022, 0.0 ], [ 399702.362216744979378, 323962.698553925496526, 0.0 ], [ 399701.67442487529479, 323993.525363127526361, 0.0 ], [ 399688.725062706856988, 324008.657528532610741, 0.0 ], [ 399675.775743125064764, 324023.789711071236525, 0.0 ], [ 399675.088028793921694, 324054.616520802199375, 0.0 ], [ 399674.400309760007076, 324085.443331757502165, 0.0 ], [ 399673.712586023728363, 324116.270143924397416, 0.0 ], [ 399673.024857585027348, 324147.096957304980606, 0.0 ], [ 399660.075745173497126, 324162.229155639593955, 0.0 ], [ 399647.126675442792475, 324177.361371100647375, 0.0 ], [ 399646.439024546532892, 324208.188185023609549, 0.0 ], [ 399633.490038621705025, 324223.320417297480162, 0.0 ], [ 399620.541095385095105, 324238.452666710538324, 0.0 ], [ 399607.592194827622734, 324253.584933262842242, 0.0 ], [ 399594.643336956563871, 324268.717216952238232, 0.0 ], [ 399593.955845853080973, 324299.544030745630153, 0.0 ], [ 399581.007071788480971, 324314.676331227296032, 0.0 ], [ 399568.05834050278645, 324329.808648861653637, 0.0 ], [ 399555.109651807346381, 324344.940983632346615, 0.0 ], [ 399542.161005799192935, 324360.073335540189873, 0.0 ], [ 399529.212402476230636, 324375.205704590072855, 0.0 ], [ 399516.263841836364008, 324390.338090775592718, 0.0 ], [ 399503.31532388436608, 324405.470494101813529, 0.0 ], [ 399478.105537011462729, 324404.908541390090249, 0.0 ], [ 399452.89575176499784, 324404.346659788046964, 0.0 ], [ 399439.947364986408502, 324419.479149479593616, 0.0 ], [ 399426.999020896037109, 324434.611656310327817, 0.0 ], [ 399414.050719492253847, 324449.744180270354263, 0.0 ], [ 399413.363808852387592, 324480.570988169405609, 0.0 ], [ 399412.676893516094424, 324511.397797282203101, 0.0 ], [ 399399.728717052785214, 324526.530337725067511, 0.0 ], [ 399386.78058327868348, 324541.66289530711947, 0.0 ], [ 399386.093745503982063, 324572.489704965904821, 0.0 ], [ 399373.145695546874776, 324587.622279344475828, 0.0 ], [ 399347.936438079806976, 324587.060670887352899, 0.0 ], [ 399334.988475146470591, 324602.1932970341295, 0.0 ], [ 399334.301801890484057, 324633.020105358038563, 0.0 ], [ 399346.563004612864461, 324648.714289415976964, 0.0 ], [ 399358.824163160403259, 324664.408492496004328, 0.0 ], [ 399345.876280837226659, 324679.541100499453023, 0.0 ], [ 399332.928441295167431, 324694.673725646338426, 0.0 ], [ 399332.241753956186585, 324725.500537600077223, 0.0 ], [ 399331.555061922525056, 324756.32735077815596, 0.0 ], [ 399318.607347242534161, 324771.459992397285532, 0.0 ], [ 399305.659675249888096, 324786.592651156999636, 0.0 ], [ 399292.712045949301682, 324801.725327058811672, 0.0 ], [ 399279.764459336642176, 324816.858020101266447, 0.0 ], [ 399266.816915418836288, 324831.990730285760947, 0.0 ], [ 399253.869414186687209, 324847.123457611596677, 0.0 ], [ 399253.182964255043771, 324877.950269994442351, 0.0 ], [ 399240.235546849726234, 324893.083014129544608, 0.0 ], [ 399227.28817213315051, 324908.215775407443289, 0.0 ], [ 399226.60179977689404, 324939.042588348966092, 0.0 ], [ 399213.654508980805986, 324954.175366438226774, 0.0 ], [ 399200.707260781782679, 324969.308161665976513, 0.0 ], [ 399187.760055274819024, 324984.440974037919659, 0.0 ], [ 399174.812892462359741, 324999.573803539155051, 0.0 ], [ 399161.865772342076525, 325014.706650195235852, 0.0 ], [ 399136.657744584954344, 325014.145584316691384, 0.0 ], [ 399111.449718365329318, 325013.584589549922384, 0.0 ], [ 399086.241693768650293, 325013.023665897082537, 0.0 ], [ 399073.294749084918294, 325028.156633546692319, 0.0 ], [ 399060.347847098601051, 325043.289618339797016, 0.0 ], [ 399047.400987800792791, 325058.422620274941437, 0.0 ], [ 399034.454171198653057, 325073.555639354977757, 0.0 ], [ 399021.507397287525237, 325088.6886755778105, 0.0 ], [ 399008.56066607235698, 325103.82172894407995, 0.0 ], [ 398995.613977550994605, 325118.954799453087617, 0.0 ], [ 398994.928355034207925, 325149.781603987212293, 0.0 ], [ 398981.981750433624256, 325164.91469131258782, 0.0 ], [ 398969.035188442154322, 325180.047795778606087, 0.0 ], [ 398956.088669140590355, 325195.180917389516253, 0.0 ], [ 398943.142192536266521, 325210.314056143921334, 0.0 ], [ 398942.45672989229206, 325241.140860579616856, 0.0 ], [ 398941.771262563299388, 325271.967666220501997, 0.0 ], [ 398941.085790548939258, 325302.794473084330093, 0.0 ], [ 398953.3466258905828, 325318.488143732305616, 0.0 ], [ 398965.607416962564457, 325334.181833398179151, 0.0 ], [ 398964.921848609170411, 325365.008644565939903, 0.0 ], [ 398977.182549576973543, 325380.702354798326269, 0.0 ], [ 399002.389524447266012, 325381.263016514305491, 0.0 ], [ 399027.596500941319391, 325381.823749347007833, 0.0 ], [ 399052.80347896926105, 325382.38455329433782, 0.0 ], [ 399078.010458529111929, 325382.945428356993943, 0.0 ], [ 399103.217439535423182, 325383.506374531483743, 0.0 ], [ 399128.424422163865529, 325384.067391822696663, 0.0 ], [ 399153.631406329455785, 325384.62848022847902, 0.0 ], [ 399178.838392027537338, 325385.189639748947229, 0.0 ], [ 399204.04537926526973, 325385.750870384683367, 0.0 ], [ 399229.25236794364173, 325386.312172132253181, 0.0 ], [ 399242.199127168627456, 325371.17943331511924, 0.0 ], [ 399255.145929091610014, 325356.046711639268324, 0.0 ], [ 399280.35300790052861, 325356.60815374169033, 0.0 ], [ 399292.613197819679044, 325372.302319396403618, 0.0 ], [ 399304.873343467072118, 325387.996504071808886, 0.0 ], [ 399317.13344483776018, 325403.690707769303117, 0.0 ], [ 399329.393501844140701, 325419.38493047549855, 0.0 ], [ 399341.653514667763375, 325435.079172215075232, 0.0 ], [ 399353.913483214157168, 325450.773432976740878, 0.0 ], [ 399366.173407485359348, 325466.467712759855203, 0.0 ], [ 399365.486428847303614, 325497.294558819266967, 0.0 ], [ 399364.799445514101535, 325528.121406090969685, 0.0 ], [ 399377.059233842301182, 325543.815707987116184, 0.0 ], [ 399389.318977896822616, 325559.510028896154836, 0.0 ], [ 399388.631898199790157, 325590.336880472488701, 0.0 ], [ 399387.944813807029277, 325621.163733263208997, 0.0 ], [ 399374.998118168557994, 325636.296261710638646, 0.0 ], [ 399362.051465230062604, 325651.428807298652828, 0.0 ], [ 399361.36445842118701, 325682.25566063815495, 0.0 ], [ 399373.624017575755715, 325697.949970256304368, 0.0 ], [ 399385.883532454492524, 325713.644298905739561, 0.0 ], [ 399385.196429278817959, 325744.471156549232546, 0.0 ], [ 399397.455854041152634, 325760.165505767974537, 0.0 ], [ 399409.715234524919651, 325775.859874008165207, 0.0 ], [ 399421.974570732330903, 325791.554261271143332, 0.0 ], [ 399434.233862568391487, 325807.248667553416453, 0.0 ], [ 399446.493110217677895, 325822.943092862027697, 0.0 ], [ 399458.752313583274372, 325838.637537179281935, 0.0 ], [ 399458.064930688065942, 325869.464405315578915, 0.0 ], [ 399470.324043940054253, 325885.158870213548653, 0.0 ], [ 399482.583112909633201, 325900.853354135004338, 0.0 ], [ 399494.842137601051945, 325916.547857079247478, 0.0 ], [ 399507.101118009886704, 325932.242379046336282, 0.0 ], [ 399519.3600541378255, 325947.936920036911033, 0.0 ], [ 399544.565497230796609, 325948.499180126003921, 0.0 ], [ 399569.77094195317477, 325949.061511336010881, 0.0 ], [ 399594.976388210488949, 325949.623913665651344, 0.0 ], [ 399607.235151893924922, 325965.318583178508561, 0.0 ], [ 399619.49387129599927, 325981.013271702104248, 0.0 ], [ 399644.699233649414964, 325981.575818152341526, 0.0 ], [ 399669.904597448359709, 325982.138435719301924, 0.0 ], [ 399682.163187121914234, 325997.833216282364447, 0.0 ], [ 399694.421732515736949, 326013.528015865420457, 0.0 ], [ 399706.68023362243548, 326029.22283447481459, 0.0 ], [ 399718.938690451206639, 326044.917672106297687, 0.0 ], [ 399731.197102996986359, 326060.612528763420414, 0.0 ], [ 399730.508730402449146, 326091.43942607200006, 0.0 ], [ 399729.820353104209062, 326122.26632458291715, 0.0 ], [ 399729.131971102091484, 326153.093224317533895, 0.0 ], [ 399728.443584395921789, 326183.920125266478863, 0.0 ], [ 399740.701769279083237, 326199.615007133979816, 0.0 ], [ 399752.959909877623431, 326215.309908026363701, 0.0 ], [ 399752.271426777471788, 326246.136813281395007, 0.0 ], [ 399751.582938973093405, 326276.963719735969789, 0.0 ], [ 399750.894446464371867, 326307.790627416339703, 0.0 ], [ 399763.152405150234699, 326323.485551973921247, 0.0 ], [ 399776.098903844133019, 326308.353584782395046, 0.0 ], [ 399789.045445235911757, 326293.221634733665269, 0.0 ], [ 399814.249948507524095, 326293.784697845461778, 0.0 ], [ 399839.454453320067842, 326294.347832078987267, 0.0 ], [ 399852.401125940959901, 326279.215968416072428, 0.0 ], [ 399865.347841268405318, 326264.084121895895805, 0.0 ], [ 399890.552436052123085, 326264.647396489221137, 0.0 ], [ 399902.810228613088839, 326280.342519490513951, 0.0 ], [ 399915.067976890248246, 326296.037661515350919, 0.0 ], [ 399940.272487854934298, 326296.601080239925068, 0.0 ], [ 399952.530149121303111, 326312.296277794463094, 0.0 ], [ 399964.787766098743305, 326327.991494374640752, 0.0 ], [ 399989.99219306424493, 326328.555057226214558, 0.0 ], [ 400002.249723032582551, 326344.25032933393959, 0.0 ], [ 400001.560351221589372, 326375.077258263423573, 0.0 ], [ 400013.81779105035821, 326390.77255094476277, 0.0 ], [ 400039.022047209087759, 326391.336259812582284, 0.0 ], [ 400051.279400025261566, 326407.031608013028745, 0.0 ] ] ] ] } },
{ "type": "Feature", "properties": { "Name": "230102#02", "desc": "회야댐 f to 230103#01", "area": 12.5, "perim": 19.61 }, "geometry": { "type": "MultiPolygon", "coordinates": [ [ [ [ 403233.325709683354944, 323980.490444721188396, 0.0 ], [ 403245.581437066954095, 323996.190213122055866, 0.0 ], [ 403270.792846640688367, 323996.762730628834106, 0.0 ], [ 403296.0042577853892, 323997.335319246049039, 0.0 ], [ 403308.960071185603738, 323982.208101030788384, 0.0 ], [ 403321.915927255176939, 323967.080899947031867, 0.0 ], [ 403347.12742839648854, 323967.653628863103222, 0.0 ], [ 403359.382986609591171, 323983.353560784831643, 0.0 ], [ 403371.638500538421795, 323999.053511754143983, 0.0 ], [ 403396.849917959538288, 323999.626384810660966, 0.0 ], [ 403422.061336948012467, 324000.199328977556434, 0.0 ], [ 403435.017371646594256, 323985.072283740097191, 0.0 ], [ 403447.973448921693489, 323969.945255631173495, 0.0 ], [ 403473.184958001365885, 323970.518340096983593, 0.0 ], [ 403486.141122295404784, 323955.391363691887818, 0.0 ], [ 403486.841937034274451, 323924.564273986208718, 0.0 ], [ 403499.798185077379458, 323909.437314342882019, 0.0 ], [ 403512.754475784080569, 323894.310371817555279, 0.0 ], [ 403525.710809163632803, 323879.183446408773307, 0.0 ], [ 403538.667185211204924, 323864.056538118689787, 0.0 ], [ 403551.623603924294002, 323848.92964694800321, 0.0 ], [ 403576.835466984717641, 323849.503008168714587, 0.0 ], [ 403602.047331708832644, 323850.07644050050294, 0.0 ], [ 403627.259198001935147, 323850.649943942669779, 0.0 ], [ 403652.471065871301107, 323851.22351849306142, 0.0 ], [ 403677.682935217744671, 323851.797164150280878, 0.0 ], [ 403702.894806228636298, 323852.370880919334013, 0.0 ], [ 403715.851533161476254, 323837.244214439298958, 0.0 ], [ 403728.808302766177803, 323822.117565064574592, 0.0 ], [ 403754.02026386820944, 323822.69142212899169, 0.0 ], [ 403779.232226540450938, 323823.265350303030573, 0.0 ], [ 403792.189127240795642, 323808.138787229836453, 0.0 ], [ 403805.146070695365779, 323793.012241275340784, 0.0 ], [ 403830.358123459736817, 323793.586309744103346, 0.0 ], [ 403843.315153842442669, 323778.459815498325042, 0.0 ], [ 403856.272226888919249, 323763.333338369091507, 0.0 ], [ 403881.484369747980963, 323763.907547132461332, 0.0 ], [ 403906.696514090639539, 323764.481827002717182, 0.0 ], [ 403931.908660094894003, 323765.056177982594818, 0.0 ], [ 403957.120807675702963, 323765.630600072850939, 0.0 ], [ 403982.332956828351598, 323766.205093272030354, 0.0 ], [ 403995.290293841506355, 323751.07880621944787, 0.0 ], [ 404008.247673517558724, 323735.952536281256471, 0.0 ], [ 404033.459912674734369, 323736.527169770910405, 0.0 ], [ 404058.672153499093838, 323737.101874371583108, 0.0 ], [ 404083.884395898669027, 323737.67665008053882, 0.0 ], [ 404096.841951020003762, 323722.550501033256296, 0.0 ], [ 404097.544814079010393, 323691.723374812921975, 0.0 ], [ 404110.502452936314512, 323676.597242518968415, 0.0 ], [ 404123.460134453314822, 323661.471127340104431, 0.0 ], [ 404136.417858548753429, 323646.345029275049455, 0.0 ], [ 404149.375625396030955, 323631.218948323687073, 0.0 ], [ 404137.120840006507933, 323615.517903160187416, 0.0 ], [ 404124.866010425495915, 323599.816877039382234, 0.0 ], [ 404112.611136479710694, 323584.115869959059637, 0.0 ], [ 404100.356218250177335, 323568.414881928474642, 0.0 ], [ 404101.059057276695967, 323537.587761712959036, 0.0 ], [ 404101.761891496484168, 323506.760642699780874, 0.0 ], [ 404102.464720909658354, 323475.933524890453555, 0.0 ], [ 404115.422647240979131, 323460.807390066387597, 0.0 ], [ 404128.38061623001704, 323445.681272353220265, 0.0 ], [ 404141.338627795223147, 323430.555171765794512, 0.0 ], [ 404154.296682110405527, 323415.429088282224257, 0.0 ], [ 404167.254779089533258, 323400.303021913801786, 0.0 ], [ 404192.467984152724966, 323400.878060858987737, 0.0 ], [ 404205.426168051082641, 323385.752046191541012, 0.0 ], [ 404218.3843946083216, 323370.626048639183864, 0.0 ], [ 404243.597689763642848, 323371.201227869139984, 0.0 ], [ 404256.556003151810728, 323356.075282015546691, 0.0 ], [ 404269.514359286346007, 323340.949353278556373, 0.0 ], [ 404282.472758085932583, 323325.823441655316856, 0.0 ], [ 404295.43119954370195, 323310.697547143674456, 0.0 ], [ 404320.644673311326187, 323311.272935834887903, 0.0 ], [ 404333.603201684483793, 323296.147093024919741, 0.0 ], [ 404346.56177272205241, 323281.021267337840982, 0.0 ], [ 404371.775336487742607, 323281.596796310972422, 0.0 ], [ 404384.733994440583047, 323266.471022314217407, 0.0 ], [ 404397.692695055156946, 323251.345265428361017, 0.0 ], [ 404422.906349004129879, 323251.920934684807435, 0.0 ], [ 404448.12000453408109, 323252.496675045986194, 0.0 ], [ 404461.07883632305311, 323237.371004450367764, 0.0 ], [ 404461.782839573279489, 323206.54387046629563, 0.0 ], [ 404462.486838008568157, 323175.71673768380424, 0.0 ], [ 404463.190831628395244, 323144.889606115117203, 0.0 ], [ 404476.149829251575284, 323129.763951537781395, 0.0 ], [ 404489.108869447372854, 323114.63831406988902, 0.0 ], [ 404502.067952388781123, 323099.512693714350462, 0.0 ], [ 404515.027077990060207, 323084.38709047116572, 0.0 ], [ 404527.986246246495284, 323069.261504338122904, 0.0 ], [ 404540.945457160240039, 323054.135935315280221, 0.0 ], [ 404553.90471073333174, 323039.010383406188339, 0.0 ], [ 404566.864006960880943, 323023.884848617191892, 0.0 ], [ 404567.568324232532177, 322993.057715324219316, 0.0 ], [ 404580.527704174106475, 322977.932197270100005, 0.0 ], [ 404605.742151496117003, 322978.508346878108568, 0.0 ], [ 404630.95660048618447, 322979.084567592246458, 0.0 ], [ 404643.916111598024145, 322963.959135820623487, 0.0 ], [ 404656.875665363506414, 322948.833721157745458, 0.0 ], [ 404669.83526178705506, 322933.708323606522754, 0.0 ], [ 404682.794900861452334, 322918.582943164044991, 0.0 ], [ 404695.754582595895045, 322903.457579832465854, 0.0 ], [ 404708.714306983049028, 322888.332233620982151, 0.0 ], [ 404721.674073937698267, 322873.206904505554121, 0.0 ], [ 404734.633883632544894, 322858.081592501723208, 0.0 ], [ 404759.84868825430749, 322858.658161001803819, 0.0 ], [ 404785.063494453206658, 322859.234800604463089, 0.0 ], [ 404810.278302236343734, 322859.811511309701018, 0.0 ], [ 404835.493111509422306, 322860.388293117517605, 0.0 ], [ 404847.747891478706151, 322876.090285111335106, 0.0 ], [ 404860.002627174952067, 322891.792296147847082, 0.0 ], [ 404872.257318595889956, 322907.494326216343325, 0.0 ], [ 404884.511965736397542, 322923.19637534028152, 0.0 ], [ 404909.726605988864321, 322923.773374329204671, 0.0 ], [ 404934.941247824346647, 322924.350444422161672, 0.0 ], [ 404960.155891152797267, 322924.927585616300348, 0.0 ], [ 404973.116059704858344, 322909.802602716197725, 0.0 ], [ 404986.076270911144093, 322894.677636934095062, 0.0 ], [ 405011.291004427010193, 322895.254918403050397, 0.0 ], [ 405036.505739524203818, 322895.832270975282881, 0.0 ], [ 405061.720476117567159, 322896.409694650152232, 0.0 ], [ 405086.935214382712729, 322896.98718943039421, 0.0 ], [ 405099.189521741762292, 322912.689548177761026, 0.0 ], [ 405111.443784821254667, 322928.391925981210079, 0.0 ], [ 405123.698003626021091, 322944.0943228280521, 0.0 ], [ 405135.952178148902021, 322959.796738721779548, 0.0 ], [ 405148.20630839880323, 322975.499173660238739, 0.0 ], [ 405160.460394371009897, 322991.20162764278939, 0.0 ], [ 405172.71443597052712, 323006.904100668674801, 0.0 ], [ 405184.968433386588003, 323022.60659274290083, 0.0 ], [ 405210.182831849204376, 323023.18445079412777, 0.0 ], [ 405235.397231894661672, 323023.762379951542243, 0.0 ], [ 405260.611633527558297, 323024.34038021217566, 0.0 ], [ 405285.826036653481424, 323024.918451576842926, 0.0 ], [ 405311.040441457415, 323025.496594049036503, 0.0 ], [ 405336.254847844829783, 323026.074807626660913, 0.0 ], [ 405361.469255822827108, 323026.653092309017666, 0.0 ], [ 405374.430009356932715, 323011.528663848468568, 0.0 ], [ 405387.390805549570359, 322996.404252495267428, 0.0 ], [ 405412.605303541058674, 322996.982677446736488, 0.0 ], [ 405425.566186642798129, 322981.858317783160601, 0.0 ], [ 405438.527112402662169, 322966.733975224778987, 0.0 ], [ 405450.780730570782907, 322982.436848422978073, 0.0 ], [ 405463.034304462024011, 322998.139740669517778, 0.0 ], [ 405488.248807301628403, 322998.718378937977832, 0.0 ], [ 405500.502294240402989, 323014.421326751704328, 0.0 ], [ 405512.755736806720961, 323030.124293611675967, 0.0 ], [ 405537.970155887538567, 323030.703076032572426, 0.0 ], [ 405563.184576558182016, 323031.281929558201227, 0.0 ], [ 405588.398998816672247, 323031.860854189959355, 0.0 ], [ 405613.613422662951052, 323032.439849927148316, 0.0 ], [ 405638.827848005108535, 323033.018916767614428, 0.0 ], [ 405651.08103301608935, 323048.722085293848068, 0.0 ], [ 405650.372972782701254, 323079.549303060804959, 0.0 ], [ 405662.626067626057193, 323095.25249220454134, 0.0 ], [ 405674.879118185839616, 323110.955700398015324, 0.0 ], [ 405687.132124464027584, 323126.658927636977751, 0.0 ], [ 405700.093330254370812, 323111.534949860768393, 0.0 ], [ 405713.054578696144745, 323096.410989189054817, 0.0 ], [ 405738.268836523056962, 323096.990344338701107, 0.0 ], [ 405763.483096028969157, 323097.569770595931914, 0.0 ], [ 405788.69735712883994, 323098.149267960630823, 0.0 ], [ 405813.911619815626182, 323098.728836432215758, 0.0 ], [ 405839.125884089735337, 323099.308476008474827, 0.0 ], [ 405864.340149863623083, 323099.88818669016473, 0.0 ], [ 405876.592859037686139, 323115.591687080392148, 0.0 ], [ 405888.845523931551725, 323131.295206519658677, 0.0 ], [ 405914.059706039493904, 323131.875061359489337, 0.0 ], [ 405926.312283977400512, 323147.5786363723455, 0.0 ], [ 405938.564817629754543, 323163.282230434240773, 0.0 ], [ 405950.817307001212612, 323178.985843543021474, 0.0 ], [ 405963.069751994335093, 323194.689475700084586, 0.0 ], [ 405975.322152798587922, 323210.39312689693179, 0.0 ], [ 405987.574509316356853, 323226.096797154168598, 0.0 ], [ 406012.788436978997197, 323226.67694225901505, 0.0 ], [ 406038.002366228029132, 323227.257158471446019, 0.0 ], [ 406050.96406857133843, 323212.133665953937452, 0.0 ], [ 406051.673539175884798, 323181.306412288395222, 0.0 ], [ 406064.635325217619538, 323166.182936503726523, 0.0 ], [ 406077.597153818118386, 323151.059477818605956, 0.0 ], [ 406090.559025166323408, 323135.936036240891553, 0.0 ], [ 406115.773220002243761, 323136.516459938196931, 0.0 ], [ 406140.987416432239115, 323137.096954743028618, 0.0 ], [ 406153.239610315242317, 323152.800858491391409, 0.0 ], [ 406152.529796813614666, 323183.628118753724266, 0.0 ], [ 406164.781900511181448, 323199.332043125294149, 0.0 ], [ 406177.033959929016419, 323215.035986535891425, 0.0 ], [ 406189.285974969272502, 323230.739949005481321, 0.0 ], [ 406201.537945816526189, 323246.443930527602788, 0.0 ], [ 406200.827943871670868, 323277.271198278991506, 0.0 ], [ 406213.079824533429928, 323292.975200422108173, 0.0 ], [ 406238.293592640431598, 323293.555989392276388, 0.0 ], [ 406263.507362337666564, 323294.136849471367896, 0.0 ], [ 406288.721133630024269, 323294.717780658742413, 0.0 ], [ 406313.934906423033681, 323295.298782952944748, 0.0 ], [ 406326.897013607434928, 323280.175671573670115, 0.0 ], [ 406339.859163443092257, 323265.052577296795789, 0.0 ], [ 406365.073026452620979, 323265.633719861565623, 0.0 ], [ 406378.035263210418634, 323250.510677268670406, 0.0 ], [ 406378.745868871628772, 323219.683397079934366, 0.0 ], [ 406391.708189321449026, 323204.56037122476846, 0.0 ], [ 406404.6705524220597, 323189.437362459197175, 0.0 ], [ 406405.381235300679691, 323158.610082720115315, 0.0 ], [ 406406.09191331861075, 323127.782804179179948, 0.0 ], [ 406406.802586475620046, 323096.955526835692581, 0.0 ], [ 406407.513254771532957, 323066.128250702342484, 0.0 ], [ 406408.223918206756935, 323035.300975755846594, 0.0 ], [ 406395.971967453020625, 323019.596713025472127, 0.0 ], [ 406370.75740734685678, 323019.015514940896537, 0.0 ], [ 406358.505369640886784, 323003.311307788419072, 0.0 ], [ 406346.253287646744866, 322987.607119687076192, 0.0 ], [ 406334.001161371241324, 322971.902950634714216, 0.0 ], [ 406346.963721594656818, 322956.779852608393412, 0.0 ], [ 406359.926324470783584, 322941.656771683774423, 0.0 ], [ 406372.888969992403872, 322926.533707870054059, 0.0 ], [ 406385.851658168830909, 322911.410661148081999, 0.0 ], [ 406386.562210366828367, 322880.583394142333418, 0.0 ], [ 406387.272757704602554, 322849.756128333334345, 0.0 ], [ 406387.983300181862433, 322818.928863723878749, 0.0 ], [ 406388.693837798433378, 322788.101600323163439, 0.0 ], [ 406389.404370555013884, 322757.274338109942619, 0.0 ], [ 406390.114898450847249, 322726.447077094868291, 0.0 ], [ 406390.825421486399136, 322695.619817278638948, 0.0 ], [ 406403.788439558120444, 322680.496785028430168, 0.0 ], [ 406429.003957410342991, 322681.078032772464212, 0.0 ], [ 406441.96706239139894, 322665.95505220053019, 0.0 ], [ 406454.930210019578226, 322650.832088739494793, 0.0 ], [ 406467.893400292901788, 322635.709142368810717, 0.0 ], [ 406480.856633213406894, 322620.586213099188171, 0.0 ], [ 406493.819908780860715, 322605.463300927658565, 0.0 ], [ 406506.783226997184101, 322590.340405857830774, 0.0 ], [ 406519.746587860165164, 322575.217527885455638, 0.0 ], [ 406532.709991364856251, 322560.094667016179301, 0.0 ], [ 406557.925864908611402, 322560.676262477471028, 0.0 ], [ 406570.889355325140059, 322545.553453282918781, 0.0 ], [ 406583.852888383087702, 322530.430661186517682, 0.0 ], [ 406609.068852135329507, 322531.01239690562943, 0.0 ], [ 406634.284817484265659, 322531.594203728018329, 0.0 ], [ 406659.50078433973249, 322532.176081650191918, 0.0 ], [ 406684.716752879903652, 322532.758030679891817, 0.0 ], [ 406697.68050563079305, 322517.63539399713045, 0.0 ], [ 406710.644301029620692, 322502.512774401926436, 0.0 ], [ 406735.860359690152109, 322503.094863684498705, 0.0 ], [ 406761.076419950462878, 322503.677024070348125, 0.0 ], [ 406786.292481716198381, 322504.25925555737922, 0.0 ], [ 406799.256452544766944, 322489.136756787193008, 0.0 ], [ 406812.220466015802231, 322474.014275113062467, 0.0 ], [ 406837.4366179954377, 322474.596646855119616, 0.0 ], [ 406862.652771573455539, 322475.179089699697215, 0.0 ], [ 406887.868926657713018, 322475.761603645514697, 0.0 ], [ 406913.085083433194086, 322476.344188697403297, 0.0 ], [ 406926.049316593736876, 322461.221862420614343, 0.0 ], [ 406939.013592402916402, 322446.099553241278045, 0.0 ], [ 406964.229839301668108, 322446.682278544642031, 0.0 ], [ 406989.446087797405198, 322447.265074949886184, 0.0 ], [ 407002.410494684474543, 322432.142852013348602, 0.0 ], [ 407015.374944302835502, 322417.020646176359151, 0.0 ], [ 407040.591282922774553, 322417.603582832380198, 0.0 ], [ 407065.807623147265986, 322418.186590591678396, 0.0 ], [ 407091.023964967462234, 322418.769669455010444, 0.0 ], [ 407103.988590015738737, 322403.647584434540477, 0.0 ], [ 407116.953257618937641, 322388.525516520778183, 0.0 ], [ 407129.917967950750608, 322373.403465692419559, 0.0 ], [ 407117.666202060470823, 322357.698214806790929, 0.0 ], [ 407092.449684879858978, 322357.115068756043911, 0.0 ], [ 407080.197832042817026, 322341.409873453958426, 0.0 ], [ 407080.910638783825561, 322310.582576472952496, 0.0 ], [ 407081.623440648138057, 322279.755280685203616, 0.0 ], [ 407082.336237635463476, 322248.927986107592005, 0.0 ], [ 407095.301066180923954, 322233.805881710257381, 0.0 ], [ 407108.265937365358695, 322218.683794409676921, 0.0 ], [ 407108.978811519686133, 322187.856500256923027, 0.0 ], [ 407121.943766278913245, 322172.734429670032114, 0.0 ], [ 407134.908763764309697, 322157.612376180535648, 0.0 ], [ 407135.621715083136223, 322126.785082463291474, 0.0 ], [ 407148.586796233896166, 322111.663045700930525, 0.0 ], [ 407161.551920022640843, 322096.54102602112107, 0.0 ], [ 407162.264948503463529, 322065.713732740783598, 0.0 ], [ 407175.230155954021029, 322050.591729777457658, 0.0 ], [ 407188.195406041631941, 322035.469743908033706, 0.0 ], [ 407188.908511681947857, 322004.642451061750762, 0.0 ], [ 407189.621612442890182, 321973.815159422112629, 0.0 ], [ 407190.334708324808162, 321942.987868968572002, 0.0 ], [ 407191.04779932735255, 321912.160579710325692, 0.0 ], [ 407178.79543027112959, 321896.45527942298213, 0.0 ], [ 407166.543016936047934, 321880.749998187529854, 0.0 ], [ 407154.290559326997027, 321865.044736005307641, 0.0 ], [ 407129.072649760462809, 321864.461550170555711, 0.0 ], [ 407116.820105307037011, 321848.756343570479658, 0.0 ], [ 407104.567516489769332, 321833.051156032131985, 0.0 ], [ 407079.349523212644272, 321832.468114352726843, 0.0 ], [ 407054.131531532097142, 321831.885143770894501, 0.0 ], [ 407041.878813127870671, 321816.180048331443686, 0.0 ], [ 407029.626050448394381, 321800.474971943884157, 0.0 ], [ 407004.407975149457343, 321799.892145518097095, 0.0 ], [ 406992.155125539400615, 321784.187124710471835, 0.0 ], [ 406979.902231654967181, 321768.482122953340877, 0.0 ], [ 406954.684072555042803, 321767.899440678593237, 0.0 ], [ 406929.465915057691745, 321767.316829502175096, 0.0 ], [ 406917.212891585426405, 321751.611919851740822, 0.0 ], [ 406904.959823841345496, 321735.907029253838118, 0.0 ], [ 406879.741582723043393, 321735.324562229856383, 0.0 ], [ 406867.488428047741763, 321719.619727209152188, 0.0 ], [ 406855.235229101439472, 321703.914911239524372, 0.0 ], [ 406830.016904179588892, 321703.332588363788091, 0.0 ], [ 406804.79858085711021, 321702.750336585741024, 0.0 ], [ 406792.545252326875925, 321687.045612732006703, 0.0 ], [ 406780.291879614174832, 321671.340907919569872, 0.0 ], [ 406755.073472580406815, 321670.75880028901156, 0.0 ], [ 406742.820012847776525, 321655.05415105225984, 0.0 ], [ 406730.566508847754449, 321639.349520864489023, 0.0 ], [ 406718.312960571260192, 321623.644909728609491, 0.0 ], [ 406719.024351514526643, 321592.817669609328732, 0.0 ], [ 406706.77071308059385, 321577.113079098693561, 0.0 ], [ 406694.517030373448506, 321561.408507639949676, 0.0 ], [ 406695.228324673022144, 321530.581271881936118, 0.0 ], [ 406682.974551812163554, 321514.876721048436593, 0.0 ], [ 406657.755716723797377, 321514.294907577510457, 0.0 ], [ 406645.50185693660751, 321498.590412318357266, 0.0 ], [ 406633.24795287696179, 321482.885936111037154, 0.0 ], [ 406620.994004549866077, 321467.181478954153135, 0.0 ], [ 406608.74001195083838, 321451.477040844853036, 0.0 ], [ 406596.485975087096449, 321435.772621785989031, 0.0 ], [ 406584.23189394955989, 321420.068221776804421, 0.0 ], [ 406571.977768545038998, 321404.363840830861591, 0.0 ], [ 406559.723598959797528, 321388.65947892254917, 0.0 ], [ 406547.469385020667687, 321372.955136064032558, 0.0 ], [ 406535.215126808499917, 321357.250812252343167, 0.0 ], [ 406522.960824328300077, 321341.546507493243553, 0.0 ], [ 406510.706477582454681, 321325.84222178242635, 0.0 ], [ 406498.452086568984669, 321310.137955119891558, 0.0 ], [ 406486.197651288006455, 321294.43370750779286, 0.0 ], [ 406473.943171737599187, 321278.729478944733273, 0.0 ], [ 406461.688647919800133, 321263.025269442063291, 0.0 ], [ 406436.469131986435968, 321262.444111444579903, 0.0 ], [ 406424.214521250105463, 321246.739957501296885, 0.0 ], [ 406411.959866247430909, 321231.03582260775147, 0.0 ], [ 406386.74026651494205, 321230.45480874722125, 0.0 ], [ 406374.485524596530013, 321214.750729423714802, 0.0 ], [ 406362.230738409736659, 321199.046669149945956, 0.0 ], [ 406337.011055060429499, 321198.465799429162871, 0.0 ], [ 406324.756181956559885, 321182.761794724036008, 0.0 ], [ 406312.501264589605853, 321167.057809068646748, 0.0 ], [ 406287.281497443444096, 321166.477083481207956, 0.0 ], [ 406275.026493157376535, 321150.773153395857662, 0.0 ], [ 406262.771444609097671, 321135.069242358149495, 0.0 ], [ 406250.516351795988157, 321119.365350379375741, 0.0 ], [ 406238.261214716418181, 321103.661477436835412, 0.0 ], [ 406226.006033464975189, 321087.957623544731177, 0.0 ], [ 406213.750807857257314, 321072.25378870026907, 0.0 ], [ 406201.495537990471348, 321056.549972899782006, 0.0 ], [ 406189.240223855478689, 321040.846176147693768, 0.0 ], [ 406176.984865459613502, 321025.142398445284925, 0.0 ], [ 406164.729462798277382, 321009.438639788306318, 0.0 ], [ 406152.474015878688078, 320993.734900180366822, 0.0 ], [ 406140.218524691590574, 320978.03117962856777, 0.0 ], [ 406114.998247422045097, 320977.450963385694195, 0.0 ], [ 406102.742669322877191, 320961.747298391943332, 0.0 ], [ 406090.487046963651665, 320946.043652443564497, 0.0 ], [ 406078.231380340410396, 320930.34002554428298, 0.0 ], [ 406065.975669460021891, 320914.636417688336223, 0.0 ], [ 406040.755223091342486, 320914.056418613181449, 0.0 ], [ 406028.499425297719426, 320898.352866325119976, 0.0 ], [ 406029.208271239651367, 320867.52570840815315, 0.0 ], [ 406029.917112329625525, 320836.698551701323595, 0.0 ], [ 406030.625948567758314, 320805.87139618198853, 0.0 ], [ 406031.334779953933321, 320775.044241862196941, 0.0 ], [ 406019.078754408983514, 320759.34071491548093, 0.0 ], [ 406006.113945055636577, 320774.464358192868531, 0.0 ], [ 405993.149178238934837, 320789.588018562702928, 0.0 ], [ 405967.928389085456729, 320789.00824054988334, 0.0 ], [ 405942.707601528381929, 320788.428533627535217, 0.0 ], [ 405930.451449649524875, 320772.7251337118214, 0.0 ], [ 405918.195253513753414, 320757.021752840140834, 0.0 ], [ 405892.97438234341098, 320756.442190044152085, 0.0 ], [ 405880.009794107405469, 320771.566006169654429, 0.0 ], [ 405867.045248507754877, 320786.689839391852729, 0.0 ], [ 405854.788968682812992, 320770.986549030814786, 0.0 ], [ 405855.497186982654966, 320740.15940954675898, 0.0 ], [ 405868.461771997681353, 320725.035558475763537, 0.0 ], [ 405881.426399639458396, 320709.911724504316226, 0.0 ], [ 405882.134695132612251, 320679.084585482662078, 0.0 ], [ 405882.842985777417198, 320648.257447647803929, 0.0 ], [ 405883.551271573756821, 320617.430311014642939, 0.0 ], [ 405884.259552521572914, 320586.60317557817325, 0.0 ], [ 405884.967828620574437, 320555.776041352597531, 0.0 ], [ 405872.711226110812277, 320540.072744532779325, 0.0 ], [ 405860.454579339537304, 320524.36946675775107, 0.0 ], [ 405848.197888314025477, 320508.666208028211258, 0.0 ], [ 405835.941153029794805, 320492.962968344858382, 0.0 ], [ 405823.684373489348218, 320477.259747706237249, 0.0 ], [ 405798.462726613157429, 320476.680486787634436, 0.0 ], [ 405773.241081420099363, 320476.10129695670912, 0.0 ], [ 405760.9841723346035, 320460.398168395797256, 0.0 ], [ 405748.727218991145492, 320444.69505888101412, 0.0 ], [ 405736.470221394789405, 320428.991968411020935, 0.0 ], [ 405749.434995408926625, 320413.867940763651859, 0.0 ], [ 405762.399812054354697, 320398.743930202384945, 0.0 ], [ 405763.107624645810574, 320367.91681289934786, 0.0 ], [ 405776.072524936054833, 320352.792819062364288, 0.0 ], [ 405789.037467854330316, 320337.668842322076671, 0.0 ], [ 405789.74535763647873, 320306.84172547084745, 0.0 ], [ 405790.453242572024465, 320276.0146098297555, 0.0 ], [ 405778.196056690183468, 320260.311473236652091, 0.0 ], [ 405765.938826554687694, 320244.608355689735617, 0.0 ], [ 405766.646614917786792, 320213.781244384415913, 0.0 ], [ 405754.389294663851615, 320198.078147455002181, 0.0 ], [ 405742.131930159404874, 320182.3750695703784, 0.0 ], [ 405729.874521402467508, 320166.672010730486363, 0.0 ], [ 405717.617068390827626, 320150.96897093532607, 0.0 ], [ 405718.324668459536042, 320120.141867132508196, 0.0 ], [ 405706.067125336732715, 320104.43884795421036, 0.0 ], [ 405693.809537959925365, 320088.735847820586059, 0.0 ], [ 405681.551906426437199, 320073.03286673250841, 0.0 ], [ 405656.329139653360471, 320072.454057633352932, 0.0 ], [ 405644.071421131840907, 320056.751132101868279, 0.0 ], [ 405644.77874603762757, 320025.924037727585528, 0.0 ], [ 405645.486066100362223, 319995.096944562799763, 0.0 ], [ 405658.451237420318648, 319979.972773398796562, 0.0 ], [ 405671.416451362892985, 319964.848619332246017, 0.0 ], [ 405684.381707932683639, 319949.724482363206334, 0.0 ], [ 405697.347007032483816, 319934.600362487311941, 0.0 ], [ 405710.312348851351999, 319919.476259710325394, 0.0 ], [ 405723.277733292314224, 319904.352174031431787, 0.0 ], [ 405736.243160359677859, 319889.228105447196867, 0.0 ], [ 405749.208630048553459, 319874.104053960414603, 0.0 ], [ 405749.916273388196714, 319843.276959004753735, 0.0 ], [ 405750.623911882692482, 319812.449865236645564, 0.0 ], [ 405751.331545531866141, 319781.622772668779362, 0.0 ], [ 405752.039174335659482, 319750.795681300456636, 0.0 ], [ 405752.746798293723259, 319719.968591142329387, 0.0 ], [ 405753.454417406755965, 319689.141502171696629, 0.0 ], [ 405741.196274893824011, 319673.438468507432844, 0.0 ], [ 405728.938088131253608, 319657.735453888657503, 0.0 ], [ 405716.67985712364316, 319642.032458312518429, 0.0 ], [ 405691.455872629478108, 319641.453605395858176, 0.0 ], [ 405666.231889636430424, 319640.874823555583134, 0.0 ], [ 405641.007908236875664, 319640.296112795942463, 0.0 ], [ 405615.783928430639207, 319639.717473114782479, 0.0 ], [ 405590.559950219583698, 319639.138904512859881, 0.0 ], [ 405565.335973689332604, 319638.560406993026845, 0.0 ], [ 405540.111998663865961, 319637.981980550917797, 0.0 ], [ 405514.888025228632614, 319637.403625187347643, 0.0 ], [ 405501.922668133862317, 319652.528007861867081, 0.0 ], [ 405488.957353666366544, 319667.652407630288508, 0.0 ], [ 405463.733470374136232, 319667.074192482104991, 0.0 ], [ 405450.768242754973471, 319682.198643917450681, 0.0 ], [ 405437.803057763318066, 319697.323112448852044, 0.0 ], [ 405412.579264431144111, 319696.74503751314478, 0.0 ], [ 405387.355472695082426, 319696.167033655219711, 0.0 ], [ 405362.131682547798846, 319695.589100877288729, 0.0 ], [ 405336.907894083997235, 319695.011239181330893, 0.0 ], [ 405324.649070963962004, 319679.308807194291148, 0.0 ], [ 405312.390203596209176, 319663.606394247733988, 0.0 ], [ 405287.166331354761496, 319663.028676652582362, 0.0 ], [ 405274.907377102645114, 319647.326319261977915, 0.0 ], [ 405262.648378607758787, 319631.623980910459068, 0.0 ], [ 405237.42442276905058, 319631.04640741890762, 0.0 ], [ 405225.165337388287298, 319615.344124621187802, 0.0 ], [ 405212.906207763124257, 319599.641860864649061, 0.0 ], [ 405200.647033898218069, 319583.939616150048096, 0.0 ], [ 405188.387815784313716, 319568.237390487978701, 0.0 ], [ 405163.163690888788551, 319567.660034116008319, 0.0 ], [ 405137.93956758530112, 319567.082748821820132, 0.0 ], [ 405112.71544595900923, 319566.5055346096633, 0.0 ], [ 405087.491325834242161, 319565.928391471737996, 0.0 ], [ 405062.267207296215929, 319565.351319412351586, 0.0 ], [ 405037.043090349296108, 319564.774318430747371, 0.0 ], [ 405011.818975078873336, 319564.197388529835735, 0.0 ], [ 404998.854420530202333, 319579.322463285934646, 0.0 ], [ 404985.889908602403011, 319594.447555152932182, 0.0 ], [ 404960.665883285051677, 319593.870765464496799, 0.0 ], [ 404935.441859557991847, 319593.294046855298802, 0.0 ], [ 404910.217837416334078, 319592.717399323126301, 0.0 ], [ 404897.958151974016801, 319577.015592729498167, 0.0 ], [ 404885.698422194051091, 319561.313805186306126, 0.0 ], [ 404860.474316361360252, 319560.737301749235485, 0.0 ], [ 404848.2144997024443, 319545.035569742845837, 0.0 ], [ 404835.954638801515102, 319529.333856775483582, 0.0 ], [ 404823.694733656477183, 319513.632162845868152, 0.0 ], [ 404811.434784269891679, 319497.930487958132289, 0.0 ], [ 404786.210509560711216, 319497.354201636393555, 0.0 ], [ 404760.986236345837824, 319496.777986389643047, 0.0 ], [ 404748.726157444878481, 319481.076403557613958, 0.0 ], [ 404736.466034298413433, 319465.374839761934709, 0.0 ], [ 404711.241677392506972, 319464.798768608132377, 0.0 ], [ 404698.981467369012535, 319449.097260361246299, 0.0 ], [ 404686.721213105134666, 319433.395771152689122, 0.0 ], [ 404673.757069500628859, 319448.521296794293448, 0.0 ], [ 404660.792968431836925, 319463.646839531138539, 0.0 ], [ 404647.828909986186773, 319478.77239937253762, 0.0 ], [ 404634.864894164144062, 319493.897976311389357, 0.0 ], [ 404609.640630466165021, 319493.322187526442576, 0.0 ], [ 404596.676701492862776, 319508.447816135769244, 0.0 ], [ 404583.712815141188912, 319523.573461847496219, 0.0 ], [ 404570.748971415974665, 319538.699124660226516, 0.0 ], [ 404570.045454409671947, 319569.526117512723431, 0.0 ], [ 404557.08169442077633, 319584.651797061029356, 0.0 ], [ 404544.117976971145254, 319599.777493707486428, 0.0 ], [ 404531.15430214186199, 319614.903207457100507, 0.0 ], [ 404518.190669940202497, 319630.028938306961209, 0.0 ], [ 404517.487312215031125, 319660.855930903053377, 0.0 ], [ 404504.523763661971316, 319675.98167848715093, 0.0 ], [ 404479.300029086065479, 319675.406233468151186, 0.0 ], [ 404466.336567384656519, 319690.532032725517638, 0.0 ], [ 404453.37314831209369, 319705.657849074690603, 0.0 ], [ 404428.149503862194251, 319705.082544276723638, 0.0 ], [ 404402.925860905903392, 319704.507310555898584, 0.0 ], [ 404389.962572908843867, 319719.633213159861043, 0.0 ], [ 404376.999327538418584, 319734.759132869075984, 0.0 ], [ 404351.775774614943657, 319734.184039369225502, 0.0 ], [ 404338.812616101757158, 319749.310010749672074, 0.0 ], [ 404325.849500301177613, 319764.435999236709904, 0.0 ], [ 404300.626037414651364, 319763.861045959289186, 0.0 ], [ 404275.402576108463109, 319763.286163760407362, 0.0 ], [ 404250.179116387094837, 319762.711352639307734, 0.0 ], [ 404237.216175801062491, 319777.837461943621747, 0.0 ], [ 404224.253277844982222, 319792.963588352431543, 0.0 ], [ 404199.029908247059211, 319792.388917456613854, 0.0 ], [ 404173.806540138553828, 319791.814317638578359, 0.0 ], [ 404148.583173611899838, 319791.239788898383267, 0.0 ], [ 404136.322529723343905, 319775.539066538505722, 0.0 ], [ 404124.061841591494158, 319759.838363214978017, 0.0 ], [ 404111.80110922124004, 319744.137678928382229, 0.0 ], [ 404099.540332700475119, 319728.437013680872042, 0.0 ], [ 404074.316797180450521, 319727.862702040350996, 0.0 ], [ 404062.055933685973287, 319712.162092331040185, 0.0 ], [ 404062.757737424515653, 319681.335132158827037, 0.0 ], [ 404050.496783853857778, 319665.634543054271489, 0.0 ], [ 404038.235786041186657, 319649.933972985309083, 0.0 ], [ 404038.937493302684743, 319619.107017140369862, 0.0 ], [ 404026.67640541784931, 319603.406467674707528, 0.0 ], [ 404014.415273291873746, 319587.705937243939843, 0.0 ], [ 404002.154096932092216, 319572.005425850802567, 0.0 ], [ 403976.930133493617177, 319571.431408181553707, 0.0 ], [ 403951.706171545549296, 319570.857461586594582, 0.0 ], [ 403939.444865660858341, 319555.157042237115093, 0.0 ], [ 403927.183515536016785, 319539.456641934579238, 0.0 ], [ 403901.959469886089209, 319538.882839422672987, 0.0 ], [ 403876.735425903869327, 319538.309107990004122, 0.0 ], [ 403864.473946262267418, 319522.608799719135277, 0.0 ], [ 403865.17502625886118, 319491.781862203031778, 0.0 ], [ 403852.91345654334873, 319476.081574534066021, 0.0 ], [ 403840.651842591294553, 319460.381305899180006, 0.0 ], [ 403828.390184405259788, 319444.681056298490148, 0.0 ], [ 403803.165884485002607, 319444.107543882331811, 0.0 ], [ 403777.94158614159096, 319443.534102540521417, 0.0 ], [ 403752.717289469903335, 319442.960732277133502, 0.0 ], [ 403727.492994282278232, 319442.387433086638339, 0.0 ], [ 403715.231121296645142, 319426.687348532781471, 0.0 ], [ 403702.969204071094282, 319410.987283010908868, 0.0 ], [ 403677.744825181318447, 319410.414127899275627, 0.0 ], [ 403665.482821078796405, 319394.714117924799211, 0.0 ], [ 403653.22077283647377, 319379.014126976020634, 0.0 ], [ 403627.99631024239352, 319378.441115943191107, 0.0 ], [ 403602.771849228767678, 319377.868175983894616, 0.0 ], [ 403590.509671374456957, 319362.168277070275508, 0.0 ], [ 403578.247449288202915, 319346.468397190794349, 0.0 ], [ 403553.022904567653313, 319345.895601309661288, 0.0 ], [ 403527.798361514578573, 319345.322876503458247, 0.0 ], [ 403515.536009914474562, 319329.623088658438064, 0.0 ], [ 403503.273614076315425, 319313.923319846158847, 0.0 ], [ 403478.048987228190526, 319313.350739113870077, 0.0 ], [ 403465.086843079770915, 319328.477925267769024, 0.0 ], [ 403452.124741552630439, 319343.605128526163753, 0.0 ], [ 403426.900204807403497, 319343.03268801770173, 0.0 ], [ 403413.938190126966219, 319358.159942955768202, 0.0 ], [ 403400.976218072813936, 319373.287214999843854, 0.0 ], [ 403375.751771250041202, 319372.714914710260928, 0.0 ], [ 403363.489209623890929, 319357.015344302752055, 0.0 ], [ 403351.226603764574975, 319341.315792927925941, 0.0 ], [ 403326.002073231851682, 319340.743636712257285, 0.0 ], [ 403300.777544369571842, 319340.17155157297384, 0.0 ], [ 403275.553016990423203, 319339.599537505069748, 0.0 ], [ 403250.328491188702174, 319339.027594511455391, 0.0 ], [ 403225.103966959926765, 319338.455722591374069, 0.0 ], [ 403199.879444398568012, 319337.883921746280976, 0.0 ], [ 403174.654923319467343, 319337.312191972567234, 0.0 ], [ 403161.693350813002326, 319352.43979265372036, 0.0 ], [ 403148.731820933811832, 319367.567410440766253, 0.0 ], [ 403123.507389860460535, 319366.995820891694166, 0.0 ], [ 403110.545946827623993, 319382.123490363359451, 0.0 ], [ 403097.584546418103855, 319397.251176930440124, 0.0 ], [ 403084.623188728408422, 319412.3788806204102, 0.0 ], [ 403071.661873574368656, 319427.506601414934266, 0.0 ], [ 403046.437620947370306, 319426.93522124068113, 0.0 ], [ 403033.476392640615813, 319442.062993720523082, 0.0 ], [ 403020.515206959971692, 319457.190783306316007, 0.0 ], [ 403007.554063910269178, 319472.318590003007557, 0.0 ], [ 402994.592963489238173, 319487.446413807047065, 0.0 ], [ 402981.631905694841407, 319502.574254722043406, 0.0 ], [ 402980.933861104422249, 319533.401126006618142, 0.0 ], [ 402980.2358117334079, 319564.227998507791199, 0.0 ], [ 402979.537757582264021, 319595.054872216307558, 0.0 ], [ 402978.839698650990613, 319625.881747127859853, 0.0 ], [ 402978.14163493970409, 319656.708623245358467, 0.0 ], [ 402965.180825078161433, 319671.83647946768906, 0.0 ], [ 402939.957273643114604, 319671.265368213702459, 0.0 ], [ 402914.733723782585002, 319670.694328035460785, 0.0 ], [ 402901.773044894100167, 319685.822270529577509, 0.0 ], [ 402901.075232219533063, 319716.649143293441739, 0.0 ], [ 402900.37741476658266, 319747.476017262495589, 0.0 ], [ 402899.679592535365373, 319778.302892438194249, 0.0 ], [ 402898.981765526114032, 319809.129768807790242, 0.0 ], [ 402898.283933738362975, 319839.956646393926349, 0.0 ], [ 402897.58609717246145, 319870.783525184553582, 0.0 ], [ 402896.888255828176625, 319901.610405181127135, 0.0 ], [ 402896.190409705624916, 319932.437286382890306, 0.0 ], [ 402908.452868291293271, 319948.136229504947551, 0.0 ], [ 402920.715282635064796, 319963.835191669582855, 0.0 ], [ 402920.017340085352771, 319994.662077202228829, 0.0 ], [ 402919.319392756849993, 320025.488963942858391, 0.0 ], [ 402918.621440649381839, 320056.315851887280587, 0.0 ], [ 402917.923483763705008, 320087.142741026356816, 0.0 ], [ 402917.225522098946385, 320117.969631380517967, 0.0 ], [ 402916.527555655513424, 320148.796522942720912, 0.0 ], [ 402915.829584433347918, 320179.623415708018001, 0.0 ], [ 402902.869560694671236, 320194.751335011329502, 0.0 ], [ 402889.909579587052576, 320209.879271426994819, 0.0 ], [ 402889.211685683578253, 320240.706164671690203, 0.0 ], [ 402901.473686011799145, 320256.405123434611596, 0.0 ], [ 402926.695585329202004, 320256.976200109173078, 0.0 ], [ 402951.917486220074352, 320257.547347863612231, 0.0 ], [ 402977.139388590003364, 320258.11856669728877, 0.0 ], [ 402989.401216718251817, 320273.817653994483408, 0.0 ], [ 403001.663000606058631, 320289.516760321566835, 0.0 ], [ 403013.924740255170036, 320305.21588568208972, 0.0 ], [ 403013.226397629478015, 320336.042792157153599, 0.0 ], [ 403012.52805022301618, 320366.869699829025194, 0.0 ], [ 403024.789653969695792, 320382.568847347865812, 0.0 ], [ 403037.051213476865087, 320398.268013897351921, 0.0 ], [ 403049.312728737480938, 320413.967199482314754, 0.0 ], [ 403061.574199760449119, 320429.666404097981285, 0.0 ], [ 403060.875664250575937, 320460.493319237604737, 0.0 ], [ 403073.137045107374433, 320476.192544447316322, 0.0 ], [ 403085.398381813662127, 320491.891788691224065, 0.0 ], [ 403097.659674272290431, 320507.59105195722077, 0.0 ], [ 403109.920922492048703, 320523.29033426794922, 0.0 ], [ 403122.1821264680475, 320538.989635610021651, 0.0 ], [ 403147.403258019126952, 320539.561369309492875, 0.0 ], [ 403159.66437509417301, 320555.260726186912507, 0.0 ], [ 403171.925447927438654, 320570.960102098528296, 0.0 ], [ 403184.186476423870772, 320586.659497040673159, 0.0 ], [ 403196.447460765833966, 320602.358911018411163, 0.0 ], [ 403208.708400862815324, 320618.058344028191641, 0.0 ], [ 403220.969296717317775, 320633.75779607280856, 0.0 ], [ 403233.230148326780181, 320649.457267139514443, 0.0 ], [ 403232.53097115107812, 320680.284204169816803, 0.0 ], [ 403231.83178918925114, 320711.111142405366991, 0.0 ], [ 403231.132602441415656, 320741.938081843953114, 0.0 ], [ 403230.433410907513462, 320772.765022488485556, 0.0 ], [ 403242.694034922868013, 320788.464518843393307, 0.0 ], [ 403267.914479263359681, 320789.036623341904487, 0.0 ], [ 403293.134925084537826, 320789.608798923087306, 0.0 ], [ 403305.395419543376192, 320805.308387331664562, 0.0 ], [ 403317.655869754671585, 320821.007994775020052, 0.0 ], [ 403342.876231925562024, 320821.58031445206143, 0.0 ], [ 403355.136595229851082, 320837.27997743152082, 0.0 ], [ 403367.396914288692642, 320852.979659446573351, 0.0 ], [ 403392.617192718898878, 320853.552123218018096, 0.0 ], [ 403417.837472635321319, 320854.124658072949387, 0.0 ], [ 403430.097662131302059, 320869.824432133755181, 0.0 ], [ 403442.357807374151889, 320885.524225226603448, 0.0 ], [ 403467.578003640344832, 320886.096904180245474, 0.0 ], [ 403479.838061981543433, 320901.796752814087085, 0.0 ], [ 403479.137977620761376, 320932.623718707181979, 0.0 ], [ 403478.437888467684388, 320963.450685815420002, 0.0 ], [ 403477.737794522894546, 320994.277654128090944, 0.0 ], [ 403477.037695786100812, 321025.10462364461273, 0.0 ], [ 403476.337592257303186, 321055.931594366382342, 0.0 ], [ 403488.597377136815339, 321071.631469846295658, 0.0 ], [ 403513.817055115359835, 321072.204302519035991, 0.0 ], [ 403539.036734758643433, 321072.777206280850805, 0.0 ], [ 403551.296390070754569, 321088.477173819381278, 0.0 ], [ 403563.556001133809332, 321104.177160393446684, 0.0 ], [ 403588.775597031461075, 321104.750208256067708, 0.0 ], [ 403601.035121183667798, 321120.450250373978633, 0.0 ], [ 403613.294601081637666, 321136.150311526027508, 0.0 ], [ 403638.514113145705778, 321136.723503488057759, 0.0 ], [ 403650.773506134282798, 321152.42362018401036, 0.0 ], [ 403663.032854868273716, 321168.123755914799403, 0.0 ], [ 403688.252283278969117, 321168.697091981128324, 0.0 ], [ 403700.511545102810487, 321184.397283257218078, 0.0 ], [ 403712.770762673753779, 321200.097493570239749, 0.0 ], [ 403725.029935989237856, 321215.797722906805575, 0.0 ], [ 403724.328934748482425, 321246.624720106425229, 0.0 ], [ 403711.368847088655457, 321261.751486033434048, 0.0 ], [ 403698.408802069665398, 321276.878269069187809, 0.0 ], [ 403685.448799693956971, 321292.00506921519991, 0.0 ], [ 403672.488839966244996, 321307.131886472809128, 0.0 ], [ 403659.528922877740115, 321322.258720841316972, 0.0 ], [ 403634.309930522926152, 321321.68544623372145, 0.0 ], [ 403609.090939835936297, 321321.112242718110792, 0.0 ], [ 403596.131153866706882, 321336.23916336055845, 0.0 ], [ 403583.171410539653152, 321351.366101101913955, 0.0 ], [ 403570.211709856754169, 321366.493055966857355, 0.0 ], [ 403557.252051822957583, 321381.620027942000888, 0.0 ], [ 403544.292436429182999, 321396.747017028799746, 0.0 ], [ 403531.332863682706375, 321411.874023225042038, 0.0 ], [ 403518.373333578929305, 321427.001046532182954, 0.0 ], [ 403505.413846122683026, 321442.128086954471655, 0.0 ], [ 403480.195210902253166, 321441.555231190111954, 0.0 ], [ 403454.976577167981304, 321440.982446514186449, 0.0 ], [ 403442.017220831243321, 321456.109573210473172, 0.0 ], [ 403441.317137118661776, 321486.936558858549688, 0.0 ], [ 403428.357864480291028, 321502.063702308107167, 0.0 ], [ 403415.398634492768906, 321517.190862872113939, 0.0 ], [ 403402.439447146956809, 321532.318040547717828, 0.0 ], [ 403377.221078923321329, 321531.745463375118561, 0.0 ], [ 403352.002712184854317, 321531.172957291651983, 0.0 ], [ 403326.784347016888205, 321530.60052229865687, 0.0 ], [ 403301.565983423730358, 321530.028158397006337, 0.0 ], [ 403288.607015673420392, 321545.155491520941723, 0.0 ], [ 403275.648090570233762, 321560.282841756532434, 0.0 ], [ 403262.689208209048957, 321575.410209111461882, 0.0 ], [ 403249.730368400574662, 321590.537593573797494, 0.0 ], [ 403236.771571242017671, 321605.6649951498257, 0.0 ], [ 403223.812816729303449, 321620.792413829010911, 0.0 ], [ 403210.854104868718423, 321635.91984963323921, 0.0 ], [ 403197.895435651822481, 321651.047302550519817, 0.0 ], [ 403184.93680908321403, 321666.174772580096032, 0.0 ], [ 403184.237560878158547, 321697.001747452071868, 0.0 ], [ 403171.279018020199146, 321712.129234237130731, 0.0 ], [ 403158.320517811225727, 321727.256738137977663, 0.0 ], [ 403145.362060341634788, 321742.38425915397238, 0.0 ], [ 403132.403645429178141, 321757.511797271727119, 0.0 ], [ 403119.445273168210406, 321772.639352515165228, 0.0 ], [ 403106.486943557159975, 321787.766924873110838, 0.0 ], [ 403093.528656595968641, 321802.894514344807249, 0.0 ], [ 403080.570412282599136, 321818.022120930196252, 0.0 ], [ 403067.612210619379766, 321833.149744632828515, 0.0 ], [ 403042.394731781212613, 321832.578072440286633, 0.0 ], [ 403029.436617099447176, 321847.705747845291626, 0.0 ], [ 403016.4785449760966, 321862.833440362650435, 0.0 ], [ 403003.520515508076642, 321877.961149995098822, 0.0 ], [ 403002.821842165954877, 321908.788119852950331, 0.0 ], [ 402989.863896408234723, 321923.915846245072316, 0.0 ], [ 402976.90599330450641, 321939.043589752400294, 0.0 ], [ 402963.948132849996909, 321954.171350374177564, 0.0 ], [ 402950.990315049828496, 321969.299128112499602, 0.0 ], [ 402938.03253990173107, 321984.426922965969425, 0.0 ], [ 402925.074807403725572, 321999.554734935285524, 0.0 ], [ 402912.117117652553134, 322014.682564024697058, 0.0 ], [ 402899.159470459853765, 322029.810410215111915, 0.0 ], [ 402898.461120857624337, 322060.637378437910229, 0.0 ], [ 402885.503557386051398, 322075.765241401502863, 0.0 ], [ 402872.546036565559916, 322090.893121478031389, 0.0 ], [ 402859.588558403076604, 322106.021018673316576, 0.0 ], [ 402846.631122889579274, 322121.14893298514653, 0.0 ], [ 402845.932932777621318, 322151.975900991994422, 0.0 ], [ 402845.234737888793461, 322182.802870192681439, 0.0 ], [ 402844.53653822268825, 322213.629840612062253, 0.0 ], [ 402831.579268567613326, 322228.757770972617436, 0.0 ], [ 402818.622041569673456, 322243.885718451172579, 0.0 ], [ 402805.664857224503066, 322259.013683046970982, 0.0 ], [ 402780.448610915802419, 322258.442694951314479, 0.0 ], [ 402767.491513469256461, 322273.570711254433263, 0.0 ], [ 402779.750616594799794, 322289.269663593266159, 0.0 ], [ 402792.009675463312306, 322304.968634953547735, 0.0 ], [ 402791.311630521086045, 322335.795606362866238, 0.0 ], [ 402790.613580803270452, 322366.62257897737436, 0.0 ], [ 402789.915526309574489, 322397.449552797828801, 0.0 ], [ 402789.217467040289193, 322428.276527824171353, 0.0 ], [ 402788.519402995472774, 322459.103504045808222, 0.0 ], [ 402787.821334174659569, 322489.93048148258822, 0.0 ], [ 402787.123260578024201, 322520.757460127468221, 0.0 ], [ 402786.425182205974124, 322551.584439977479633, 0.0 ], [ 402798.683829943300225, 322567.28344286873471, 0.0 ], [ 402810.942433512944262, 322582.982464784872718, 0.0 ], [ 402823.20099281729199, 322598.681505745800678, 0.0 ], [ 402835.459507860825397, 322614.380565741623286, 0.0 ], [ 402834.761241317959502, 322645.207553040294442, 0.0 ], [ 402847.01966624869965, 322660.906633630918805, 0.0 ], [ 402859.278046911116689, 322676.605733253527433, 0.0 ], [ 402871.536383314291015, 322692.304851912427694, 0.0 ], [ 402883.794675450888462, 322708.003989605524112, 0.0 ], [ 402896.052923325565644, 322723.703146322746761, 0.0 ], [ 402921.267873682023492, 322724.274518651829567, 0.0 ], [ 402933.526034611393698, 322739.973730922152754, 0.0 ], [ 402945.784151275875047, 322755.672962225915398, 0.0 ], [ 402958.042223677504808, 322771.372212564572692, 0.0 ], [ 402970.300251811335329, 322787.071481939463411, 0.0 ], [ 402995.515033112431411, 322787.64307140361052, 0.0 ], [ 403007.772974304389209, 322803.342396321706474, 0.0 ], [ 403007.074070620816201, 322834.169404272572137, 0.0 ], [ 402994.117312671325635, 322849.297085387108382, 0.0 ], [ 402981.160597386653535, 322864.424783609749284, 0.0 ], [ 402980.461771068628877, 322895.251792052062228, 0.0 ], [ 402967.505139512941241, 322910.379507047822699, 0.0 ], [ 402942.29070748318918, 322909.807981015939731, 0.0 ], [ 402917.07627702341415, 322909.23652608593693, 0.0 ], [ 402891.861848221044056, 322908.665142257814296, 0.0 ], [ 402878.905392069020309, 322923.7929781487328, 0.0 ], [ 402865.94897858024342, 322938.920831157593057, 0.0 ], [ 402840.734639749978669, 322938.349587612785399, 0.0 ], [ 402827.778313167858869, 322953.477492333215196, 0.0 ], [ 402814.822029247297905, 322968.605414173740428, 0.0 ], [ 402789.607780476217158, 322968.034310916496906, 0.0 ], [ 402764.393533363938332, 322967.463278761890251, 0.0 ], [ 402751.437380602466874, 322982.591286906797905, 0.0 ], [ 402738.481270503252745, 322997.719312159810215, 0.0 ], [ 402725.525203063967638, 323012.847354543511756, 0.0 ], [ 402712.569178289500996, 323027.975414047366939, 0.0 ], [ 402699.613196175254416, 323043.103490672016051, 0.0 ], [ 402698.915297409519553, 323073.930485279182903, 0.0 ], [ 402711.17329382780008, 323089.629405177838635, 0.0 ], [ 402723.431245976302307, 323105.328344110690523, 0.0 ], [ 402722.733250732300803, 323136.155343034537509, 0.0 ], [ 402722.035250713815913, 323166.9823431756231, 0.0 ], [ 402721.337245921255089, 323197.80934452265501, 0.0 ], [ 402720.639236354618333, 323228.636347075575031, 0.0 ], [ 402732.896960824611597, 323244.335311281727627, 0.0 ], [ 402745.154641023604199, 323260.034294513578061, 0.0 ], [ 402744.456534974393435, 323290.861301393073518, 0.0 ], [ 402756.714125049125869, 323306.560305228922516, 0.0 ], [ 402768.971670856466517, 323322.259328100364655, 0.0 ], [ 402781.229172299033962, 323337.958370004489552, 0.0 ], [ 402806.442377885919996, 323338.529496239323635, 0.0 ], [ 402818.699792468105443, 323354.228593689447735, 0.0 ], [ 402830.957162779639475, 323369.927710175164975, 0.0 ], [ 402843.214488815865479, 323385.626845693564974, 0.0 ], [ 402842.516015921195503, 323416.453865043702535, 0.0 ], [ 402841.817538249306381, 323447.280885611835402, 0.0 ], [ 402854.074728304694872, 323462.980043286457658, 0.0 ], [ 402866.331874085997697, 323478.679219998070039, 0.0 ], [ 402878.588975597638637, 323494.378415743878577, 0.0 ], [ 402903.801752670842689, 323494.949835969833657, 0.0 ], [ 402929.014531400753185, 323495.521327304770239, 0.0 ], [ 402941.271503267693333, 323511.220615106227342, 0.0 ], [ 402953.5284308596747, 323526.919921943976078, 0.0 ], [ 402965.785314180888236, 323542.619247818714939, 0.0 ], [ 402965.086382701760158, 323573.446282774268184, 0.0 ], [ 402977.34317588515114, 323589.145629243168514, 0.0 ], [ 402989.599924799520522, 323604.844994748942554, 0.0 ], [ 402988.900896818959154, 323635.672034044575412, 0.0 ], [ 403001.157555506099015, 323651.371420143812429, 0.0 ], [ 403013.414170011237729, 323667.070825283590239, 0.0 ], [ 403012.715045527613256, 323697.897868893051054, 0.0 ], [ 403024.971569891669787, 323713.597294629027601, 0.0 ], [ 403037.228049985074904, 323729.296739402052481, 0.0 ], [ 403036.528828995418735, 323760.123787350137718, 0.0 ], [ 403048.785218950768467, 323775.823252719361335, 0.0 ], [ 403061.041564627899788, 323791.522737124818377, 0.0 ], [ 403060.342247130116448, 323822.349789401632734, 0.0 ], [ 403072.598502667620778, 323838.049294392752927, 0.0 ], [ 403084.854713928420097, 323853.748818431457039, 0.0 ], [ 403097.110880914609879, 323869.448361509246752, 0.0 ], [ 403109.367003531544469, 323885.147923620534129, 0.0 ], [ 403121.623081961181015, 323900.8475047708489, 0.0 ], [ 403133.879116113414057, 323916.547104957455304, 0.0 ], [ 403146.135105990222655, 323932.246724181750324, 0.0 ], [ 403158.391051589162089, 323947.946362442336977, 0.0 ], [ 403170.646952905459329, 323963.646019741310738, 0.0 ], [ 403195.858444725279696, 323964.218322001572233, 0.0 ], [ 403221.06993802083889, 323964.790695370058529, 0.0 ], [ 403233.325709683354944, 323980.490444721188396, 0.0 ] ] ] ] } },
{ "type": "Feature", "properties": { "Name": "230103#01", "desc": "울산시(동천1교)", "area": 3.39, "perim": 10.04 }, "geometry": { "type": "MultiPolygon", "coordinates": [ [ [ [ 407129.917967950750608, 322373.403465692419559, 0.0 ], [ 407142.169689564558212, 322389.108735631976742, 0.0 ], [ 407155.134444160852581, 322373.986719377338886, 0.0 ], [ 407168.099241402000189, 322358.864720218756702, 0.0 ], [ 407181.064081283111591, 322343.742738156870473, 0.0 ], [ 407194.028963806340471, 322328.620773191738408, 0.0 ], [ 407219.245574404310901, 322329.204201696265955, 0.0 ], [ 407232.210543741530273, 322314.08228839666117, 0.0 ], [ 407245.175555810565129, 322298.960392193112057, 0.0 ], [ 407270.392256532330066, 322299.543960946204606, 0.0 ], [ 407295.608958860684652, 322300.127600799838547, 0.0 ], [ 407307.860517930821516, 322315.833104244782589, 0.0 ], [ 407320.112032721808646, 322331.53862674155971, 0.0 ], [ 407332.363503226602916, 322347.244168292265385, 0.0 ], [ 407344.614929364179261, 322362.949728895560838, 0.0 ], [ 407369.831462651141919, 322363.533585977042094, 0.0 ], [ 407395.047997538349591, 322364.117514160403516, 0.0 ], [ 407420.264534030808136, 322364.701513447042089, 0.0 ], [ 407433.229816540377215, 322349.579877106938511, 0.0 ], [ 407446.195141691307072, 322334.458257859398145, 0.0 ], [ 407459.160509395587724, 322319.336655707098544, 0.0 ], [ 407472.125919826561585, 322304.215070650156122, 0.0 ], [ 407497.342634978122078, 322304.799279325816315, 0.0 ], [ 407510.308132315170951, 322289.677745935157873, 0.0 ], [ 407523.273672295268625, 322274.556229637644719, 0.0 ], [ 407548.49047757248627, 322275.140578558377456, 0.0 ], [ 407573.707284363801591, 322275.724998579593375, 0.0 ], [ 407598.924092851928435, 322276.309489704843145, 0.0 ], [ 407611.175185913045425, 322292.015429946535733, 0.0 ], [ 407610.460558674647473, 322322.842766875110101, 0.0 ], [ 407622.711561542353593, 322338.548727752000559, 0.0 ], [ 407634.962520131608471, 322354.254707683576271, 0.0 ], [ 407647.213434435252566, 322369.96070667123422, 0.0 ], [ 407660.179115323233418, 322354.839381470694207, 0.0 ], [ 407673.144838851876557, 322339.718073364812881, 0.0 ], [ 407698.361479818355292, 322340.302852824737784, 0.0 ], [ 407711.327290251967497, 322325.181596382928547, 0.0 ], [ 407712.042265183292329, 322294.354251604876481, 0.0 ], [ 407725.0081592706847, 322279.233011872507632, 0.0 ], [ 407737.974095997516997, 322264.111789243936073, 0.0 ], [ 407750.940075366583187, 322248.990583697916009, 0.0 ], [ 407763.906097372760996, 322233.86939524509944, 0.0 ], [ 407776.872162018204108, 322218.748223884089384, 0.0 ], [ 407802.089157103036996, 322219.33327990345424, 0.0 ], [ 407815.055308653623797, 322204.212160205119289, 0.0 ], [ 407828.021502838586457, 322189.091057599987835, 0.0 ], [ 407853.238588147447444, 322189.676253862329759, 0.0 ], [ 407878.455675060977228, 322190.261521228705533, 0.0 ], [ 407891.422000416903757, 322175.140504852170125, 0.0 ], [ 407892.137559333816171, 322144.313152306131087, 0.0 ], [ 407892.853113354707602, 322113.485800964524969, 0.0 ], [ 407893.568662480101921, 322082.658450808376074, 0.0 ], [ 407906.535153510340024, 322067.537450370844454, 0.0 ], [ 407919.501687085488811, 322052.41646702226717, 0.0 ], [ 407932.468263387738261, 322037.295500768988859, 0.0 ], [ 407945.4348823268665, 322022.174551605421584, 0.0 ], [ 407958.401543905143626, 322007.053619534301106, 0.0 ], [ 407983.619158765184693, 322007.639159517304506, 0.0 ], [ 407996.585907240165398, 321992.518279114563484, 0.0 ], [ 408009.552698354062159, 321977.397415792976972, 0.0 ], [ 408022.519532103906386, 321962.276569563138764, 0.0 ], [ 408035.486408394994214, 321947.15574042161461, 0.0 ], [ 408048.095304955961183, 321947.448606210469734, 0.0 ], [ 408048.453327416733373, 321932.034928370383568, 0.0 ], [ 408049.169368663337082, 321901.207573589519598, 0.0 ], [ 408049.885405010660179, 321870.38022000179626, 0.0 ], [ 408050.601436458062381, 321839.552867620717734, 0.0 ], [ 408051.317463006242178, 321808.725516423583031, 0.0 ], [ 408052.033484654908534, 321777.898166418948676, 0.0 ], [ 408039.782336335803848, 321762.191631975583732, 0.0 ], [ 408014.564023024810012, 321761.605965521768667, 0.0 ], [ 407989.345711230067536, 321761.020370165584609, 0.0 ], [ 407977.094433329533786, 321745.313927842420526, 0.0 ], [ 407977.810184440924786, 321714.486586138256826, 0.0 ], [ 407978.525930654723197, 321683.659245617396664, 0.0 ], [ 407979.241671970812604, 321652.831906291132327, 0.0 ], [ 407979.957408388960175, 321622.004568160162307, 0.0 ], [ 407980.673139909340534, 321591.177231221692637, 0.0 ], [ 407981.388866531546228, 321560.349895491905045, 0.0 ], [ 407994.356187487835996, 321545.228992203599773, 0.0 ], [ 408019.575107660377398, 321545.814573795476463, 0.0 ], [ 408032.542515509994701, 321530.693722160591278, 0.0 ], [ 408045.509965896897484, 321515.57288761541713, 0.0 ], [ 408058.477459010086022, 321500.452070161991287, 0.0 ], [ 408071.444994752528146, 321485.331269796122797, 0.0 ], [ 408084.412573128589429, 321470.210486519907136, 0.0 ], [ 408097.380194131226745, 321455.089720332645811, 0.0 ], [ 408110.347857769229449, 321439.968971247784793, 0.0 ], [ 408123.315564038231969, 321424.848239238373935, 0.0 ], [ 408136.283312935556751, 321409.727524318674114, 0.0 ], [ 408136.999531607259996, 321378.900183940131683, 0.0 ], [ 408137.71574537770357, 321348.072844755486585, 0.0 ], [ 408125.464082342456095, 321332.366222846496385, 0.0 ], [ 408113.21237502945587, 321316.659619994228706, 0.0 ], [ 408113.928492091828957, 321285.832285177253652, 0.0 ], [ 408101.676694601250347, 321270.125702960940544, 0.0 ], [ 408089.42485284054419, 321254.419139802805148, 0.0 ], [ 408077.172966800862923, 321238.712595700810198, 0.0 ], [ 408064.92103648930788, 321223.006070654839277, 0.0 ], [ 408065.636965043609962, 321192.178743346012197, 0.0 ], [ 408066.352888697700109, 321161.351417243073229, 0.0 ], [ 408067.068807452102192, 321130.524092322739307, 0.0 ], [ 408054.816695161862299, 321114.817591076542158, 0.0 ], [ 408042.564538693637587, 321099.111108887940645, 0.0 ], [ 408043.280360748060048, 321068.28378832526505, 0.0 ], [ 408043.996177903143689, 321037.456468955846503, 0.0 ], [ 408044.711990158772096, 321006.629150793713052, 0.0 ], [ 408045.427797515061684, 320975.801833813427947, 0.0 ], [ 408046.143599972245283, 320944.974518027796876, 0.0 ], [ 408033.891169641341548, 320929.268062799179461, 0.0 ], [ 408021.638695039553568, 320913.561626624607015, 0.0 ], [ 408022.354400800948497, 320882.734315207286272, 0.0 ], [ 408023.070101663586684, 320851.90700497321086, 0.0 ], [ 408023.785797627526335, 320821.079695934487972, 0.0 ], [ 408024.501488692592829, 320790.25238808960421, 0.0 ], [ 408012.248786233947612, 320774.545977295259945, 0.0 ], [ 407987.027695133467205, 320773.960515976825263, 0.0 ], [ 407974.774905761238188, 320758.25416076957481, 0.0 ], [ 407975.49041324108839, 320727.426859260885976, 0.0 ], [ 407976.205915823462419, 320696.599558934103698, 0.0 ], [ 407976.921413508127443, 320665.772259803314228, 0.0 ], [ 407977.636906294967048, 320634.944961866363883, 0.0 ], [ 407978.352394183690194, 320604.117665135359857, 0.0 ], [ 407966.099331070494372, 320588.411336888908409, 0.0 ], [ 407953.846223690197803, 320572.705027696385514, 0.0 ], [ 407954.561614893726073, 320541.877735311107244, 0.0 ], [ 407942.308417442953214, 320526.171446757332888, 0.0 ], [ 407930.055175633635372, 320510.465177254693117, 0.0 ], [ 407917.801889557857066, 320494.758926810289267, 0.0 ], [ 407892.5800228738226, 320494.173767561092973, 0.0 ], [ 407867.358157797018066, 320493.588679403241258, 0.0 ], [ 407842.136294331750832, 320493.003662332310341, 0.0 ], [ 407816.914432563236915, 320492.418716354120988, 0.0 ], [ 407791.692572316038422, 320491.833841462852433, 0.0 ], [ 407766.470713675022125, 320491.249037661473267, 0.0 ], [ 407741.248856642632745, 320490.664304948528297, 0.0 ], [ 407716.027001313166693, 320490.079643327509984, 0.0 ], [ 407690.805147494771518, 320489.495052792073693, 0.0 ], [ 407678.551433397689834, 320473.789150150609203, 0.0 ], [ 407666.297675033449195, 320458.083266573725268, 0.0 ], [ 407641.075737547478639, 320457.498820182285272, 0.0 ], [ 407628.821892279200256, 320441.792992172646336, 0.0 ], [ 407616.568002749118023, 320426.087183219089638, 0.0 ], [ 407591.345981681137346, 320425.502880971645936, 0.0 ], [ 407566.123962130281143, 320424.918649809027556, 0.0 ], [ 407540.901944184093736, 320424.334489735600073, 0.0 ], [ 407515.67992784245871, 320423.750400751247071, 0.0 ], [ 407490.457913202233613, 320423.166382856783457, 0.0 ], [ 407465.235900078259874, 320422.582436047843657, 0.0 ], [ 407440.013888558372855, 320421.998560328793246, 0.0 ], [ 407427.046109297312796, 320437.120272443571594, 0.0 ], [ 407414.078372659976594, 320452.242001648060977, 0.0 ], [ 407401.110678644385189, 320467.363747930154204, 0.0 ], [ 407388.143027254845947, 320482.48551131458953, 0.0 ], [ 407362.921194418799132, 320481.901844935724512, 0.0 ], [ 407350.666925992467441, 320466.196417133091018, 0.0 ], [ 407338.412613305030391, 320450.491008395096287, 0.0 ], [ 407313.190696697623935, 320449.907486153766513, 0.0 ], [ 407300.936297109292354, 320434.20213298156159, 0.0 ], [ 407288.681853253860027, 320418.496798859792762, 0.0 ], [ 407263.459853064618073, 320417.91342075826833, 0.0 ], [ 407238.237854387785774, 320417.330113742267713, 0.0 ], [ 407213.015857317601331, 320416.746877813304309, 0.0 ], [ 407187.793861849466339, 320416.163712972775102, 0.0 ], [ 407162.571867987746373, 320415.580619220621884, 0.0 ], [ 407137.349875817773864, 320414.997596556902863, 0.0 ], [ 407112.127885163878091, 320414.414644978765864, 0.0 ], [ 407086.905896108597517, 320413.831764489063062, 0.0 ], [ 407061.683908661536407, 320413.248955087037757, 0.0 ], [ 407036.461922905291431, 320412.666216774203349, 0.0 ], [ 407011.23993866413366, 320412.083549546892755, 0.0 ], [ 406998.272911572596058, 320427.205849241057876, 0.0 ], [ 406985.30592710361816, 320442.328166027669795, 0.0 ], [ 406972.338985260110348, 320457.450499892642256, 0.0 ], [ 406971.626992471981794, 320488.277713326562662, 0.0 ], [ 406958.660134264500812, 320503.400063915818464, 0.0 ], [ 406945.693318678298965, 320518.522431595425587, 0.0 ], [ 406932.726545720128343, 320533.644816367479507, 0.0 ], [ 406919.759815475903451, 320548.767218234192114, 0.0 ], [ 406906.793127772514708, 320563.889637191256043, 0.0 ], [ 406881.571585975238122, 320563.3073156127939, 0.0 ], [ 406856.350045779603533, 320562.72506512212567, 0.0 ], [ 406831.128507185319904, 320562.142885719775222, 0.0 ], [ 406805.906970284413546, 320561.560777407314163, 0.0 ], [ 406793.651901376666501, 320545.856148396502249, 0.0 ], [ 406781.396788205311168, 320530.151538434671238, 0.0 ], [ 406769.141630773083307, 320514.446947523916606, 0.0 ], [ 406769.852933338203002, 320483.619748552504461, 0.0 ], [ 406770.564231034077238, 320452.792550778540317, 0.0 ], [ 406758.308937589637935, 320437.087982082157396, 0.0 ], [ 406746.053599880891852, 320421.383432422706392, 0.0 ], [ 406733.798217914765701, 320405.67890181299299, 0.0 ], [ 406721.542791687010322, 320389.974390254414175, 0.0 ], [ 406722.253901005606167, 320359.147199983592145, 0.0 ], [ 406722.965005456004292, 320328.320010910974815, 0.0 ], [ 406723.67610503785545, 320297.492823047738057, 0.0 ], [ 406724.387199751799926, 320266.665636367804836, 0.0 ], [ 406725.098289597430266, 320235.838450888113584, 0.0 ], [ 406725.809374574571848, 320205.011266603716649, 0.0 ], [ 406713.553628839144949, 320189.306783553853165, 0.0 ], [ 406701.297838932019658, 320173.602319555182476, 0.0 ], [ 406702.008827292069327, 320142.775139633449726, 0.0 ], [ 406702.719810784677975, 320111.947960898571182, 0.0 ], [ 406703.430789409496356, 320081.120783360383939, 0.0 ], [ 406691.174817536782939, 320065.416343139484525, 0.0 ], [ 406665.951900015643332, 320064.834692647738848, 0.0 ], [ 406640.728984095272608, 320064.253113242331892, 0.0 ], [ 406628.472882691246923, 320048.548765108978841, 0.0 ], [ 406616.216737027396448, 320032.844436023966409, 0.0 ], [ 406603.960547110124025, 320017.140125998586882, 0.0 ], [ 406591.704313026042655, 320001.435835013049655, 0.0 ], [ 406579.4480346016353, 319985.731563072942663, 0.0 ], [ 406567.191711917985231, 319970.027310180477798, 0.0 ], [ 406541.968541766051203, 319969.446020976291038, 0.0 ], [ 406529.712132192216814, 319953.741823652468156, 0.0 ], [ 406517.455678364261985, 319938.03764537407551, 0.0 ], [ 406492.232424533343874, 319937.456500291940756, 0.0 ], [ 406479.975883906008676, 319921.752377584343776, 0.0 ], [ 406480.686051446478814, 319890.925224830920342, 0.0 ], [ 406468.429420604370534, 319875.221122756425757, 0.0 ], [ 406456.172745507210493, 319859.517039716709405, 0.0 ], [ 406469.13953741377918, 319844.393972778809257, 0.0 ], [ 406482.106371939182281, 319829.27092293050373, 0.0 ], [ 406469.849649360985495, 319813.566823997884057, 0.0 ], [ 406457.592882528086193, 319797.862744110752828, 0.0 ], [ 406445.336071443045512, 319782.158683270507026, 0.0 ], [ 406433.079216110811103, 319766.454641477845144, 0.0 ], [ 406420.822316522127949, 319750.750618733465672, 0.0 ], [ 406395.598547847825103, 319750.169769705913495, 0.0 ], [ 406383.341561373323202, 319734.465802535880357, 0.0 ], [ 406371.084530738298781, 319718.761854405689519, 0.0 ], [ 406345.860678390075918, 319718.181149495881982, 0.0 ], [ 406333.603560777672101, 319702.477256925834808, 0.0 ], [ 406321.346398914582096, 319686.773383401916362, 0.0 ], [ 406296.122462892613839, 319686.192822607816197, 0.0 ], [ 406270.898528468853328, 319685.612332894350402, 0.0 ], [ 406245.674595733289607, 319685.031914264312945, 0.0 ], [ 406220.450664507807232, 319684.451566712057684, 0.0 ], [ 406195.226734877622221, 319683.871290240495, 0.0 ], [ 406182.260224530473351, 319698.994739272573497, 0.0 ], [ 406169.293756799597759, 319714.11820539785549, 0.0 ], [ 406156.327331689593848, 319729.241688617039472, 0.0 ], [ 406143.360949295805767, 319744.365188920928631, 0.0 ], [ 406118.137198199052364, 319743.785121787397657, 0.0 ], [ 406092.913448701379821, 319743.205125735141337, 0.0 ], [ 406080.655950582353398, 319727.501596768212039, 0.0 ], [ 406068.398408214154188, 319711.798086836119182, 0.0 ], [ 406043.174575036158785, 319711.218234896019567, 0.0 ], [ 406030.916945876087993, 319695.514780526224058, 0.0 ], [ 406018.659272372140549, 319679.811345199763309, 0.0 ], [ 405993.435355516383424, 319679.23163737176219, 0.0 ], [ 405981.177595131273847, 319663.528257607540581, 0.0 ], [ 405968.919790493091568, 319647.824896886013448, 0.0 ], [ 405943.695789959398098, 319647.245333168713842, 0.0 ], [ 405930.729680933291093, 319662.369128222868312, 0.0 ], [ 405917.763614618568681, 319677.492940372321755, 0.0 ], [ 405892.53970414766809, 319676.913516866101418, 0.0 ], [ 405867.315795269445516, 319676.334164439176675, 0.0 ], [ 405842.091887984017376, 319675.754883092129603, 0.0 ], [ 405816.867982297902927, 319675.17567282501841, 0.0 ], [ 405791.6440782964346, 319674.596533642092254, 0.0 ], [ 405766.420175796956755, 319674.01746553479461, 0.0 ], [ 405753.808225146203768, 319673.727958136412781, 0.0 ], [ 405753.454417406755965, 319689.141502171696629, 0.0 ], [ 405752.746798293723259, 319719.968591142329387, 0.0 ], [ 405752.039174335659482, 319750.795681300456636, 0.0 ], [ 405751.331545531866141, 319781.622772668779362, 0.0 ], [ 405750.623911882692482, 319812.449865236645564, 0.0 ], [ 405749.916273388196714, 319843.276959004753735, 0.0 ], [ 405749.208630048553459, 319874.104053960414603, 0.0 ], [ 405736.243160359677859, 319889.228105447196867, 0.0 ], [ 405723.277733292314224, 319904.352174031431787, 0.0 ], [ 405710.312348851351999, 319919.476259710325394, 0.0 ], [ 405697.347007032483816, 319934.600362487311941, 0.0 ], [ 405684.381707932683639, 319949.724482363206334, 0.0 ], [ 405671.416451362892985, 319964.848619332246017, 0.0 ], [ 405658.451237420318648, 319979.972773398796562, 0.0 ], [ 405645.486066100362223, 319995.096944562799763, 0.0 ], [ 405644.77874603762757, 320025.924037727585528, 0.0 ], [ 405644.071421131840907, 320056.751132101868279, 0.0 ], [ 405656.329139653360471, 320072.454057633352932, 0.0 ], [ 405681.551906426437199, 320073.03286673250841, 0.0 ], [ 405693.809537959925365, 320088.735847820586059, 0.0 ], [ 405706.067125336732715, 320104.43884795421036, 0.0 ], [ 405718.324668459536042, 320120.141867132508196, 0.0 ], [ 405717.617068390827626, 320150.96897093532607, 0.0 ], [ 405729.874521402467508, 320166.672010730486363, 0.0 ], [ 405742.131930159404874, 320182.3750695703784, 0.0 ], [ 405754.389294663851615, 320198.078147455002181, 0.0 ], [ 405766.646614917786792, 320213.781244384415913, 0.0 ], [ 405765.938826554687694, 320244.608355689735617, 0.0 ], [ 405778.196056690183468, 320260.311473236652091, 0.0 ], [ 405790.453242572024465, 320276.0146098297555, 0.0 ], [ 405789.74535763647873, 320306.84172547084745, 0.0 ], [ 405789.037467854330316, 320337.668842322076671, 0.0 ], [ 405776.072524936054833, 320352.792819062364288, 0.0 ], [ 405763.107624645810574, 320367.91681289934786, 0.0 ], [ 405762.399812054354697, 320398.743930202384945, 0.0 ], [ 405749.434995408926625, 320413.867940763651859, 0.0 ], [ 405736.470221394789405, 320428.991968411020935, 0.0 ], [ 405748.727218991145492, 320444.69505888101412, 0.0 ], [ 405760.9841723346035, 320460.398168395797256, 0.0 ], [ 405773.241081420099363, 320476.10129695670912, 0.0 ], [ 405798.462726613157429, 320476.680486787634436, 0.0 ], [ 405823.684373489348218, 320477.259747706237249, 0.0 ], [ 405835.941153029794805, 320492.962968344858382, 0.0 ], [ 405848.197888314025477, 320508.666208028211258, 0.0 ], [ 405860.454579339537304, 320524.36946675775107, 0.0 ], [ 405872.711226110812277, 320540.072744532779325, 0.0 ], [ 405884.967828620574437, 320555.776041352597531, 0.0 ], [ 405884.259552521572914, 320586.60317557817325, 0.0 ], [ 405883.551271573756821, 320617.430311014642939, 0.0 ], [ 405882.842985777417198, 320648.257447647803929, 0.0 ], [ 405882.134695132612251, 320679.084585482662078, 0.0 ], [ 405881.426399639458396, 320709.911724504316226, 0.0 ], [ 405868.461771997681353, 320725.035558475763537, 0.0 ], [ 405855.497186982654966, 320740.15940954675898, 0.0 ], [ 405854.788968682812992, 320770.986549030814786, 0.0 ], [ 405867.045248507754877, 320786.689839391852729, 0.0 ], [ 405880.009794107405469, 320771.566006169654429, 0.0 ], [ 405892.97438234341098, 320756.442190044152085, 0.0 ], [ 405918.195253513753414, 320757.021752840140834, 0.0 ], [ 405930.451449649524875, 320772.7251337118214, 0.0 ], [ 405942.707601528381929, 320788.428533627535217, 0.0 ], [ 405967.928389085456729, 320789.00824054988334, 0.0 ], [ 405993.149178238934837, 320789.588018562702928, 0.0 ], [ 406006.113945055636577, 320774.464358192868531, 0.0 ], [ 406019.078754408983514, 320759.34071491548093, 0.0 ], [ 406031.334779953933321, 320775.044241862196941, 0.0 ], [ 406030.625948567758314, 320805.87139618198853, 0.0 ], [ 406029.917112329625525, 320836.698551701323595, 0.0 ], [ 406029.208271239651367, 320867.52570840815315, 0.0 ], [ 406028.499425297719426, 320898.352866325119976, 0.0 ], [ 406040.755223091342486, 320914.056418613181449, 0.0 ], [ 406065.975669460021891, 320914.636417688336223, 0.0 ], [ 406078.231380340410396, 320930.34002554428298, 0.0 ], [ 406090.487046963651665, 320946.043652443564497, 0.0 ], [ 406102.742669322877191, 320961.747298391943332, 0.0 ], [ 406114.998247422045097, 320977.450963385694195, 0.0 ], [ 406140.218524691590574, 320978.03117962856777, 0.0 ], [ 406152.474015878688078, 320993.734900180366822, 0.0 ], [ 406164.729462798277382, 321009.438639788306318, 0.0 ], [ 406176.984865459613502, 321025.142398445284925, 0.0 ], [ 406189.240223855478689, 321040.846176147693768, 0.0 ], [ 406201.495537990471348, 321056.549972899782006, 0.0 ], [ 406213.750807857257314, 321072.25378870026907, 0.0 ], [ 406226.006033464975189, 321087.957623544731177, 0.0 ], [ 406238.261214716418181, 321103.661477436835412, 0.0 ], [ 406250.516351795988157, 321119.365350379375741, 0.0 ], [ 406262.771444609097671, 321135.069242358149495, 0.0 ], [ 406275.026493157376535, 321150.773153395857662, 0.0 ], [ 406287.281497443444096, 321166.477083481207956, 0.0 ], [ 406312.501264589605853, 321167.057809068646748, 0.0 ], [ 406324.756181956559885, 321182.761794724036008, 0.0 ], [ 406337.011055060429499, 321198.465799429162871, 0.0 ], [ 406362.230738409736659, 321199.046669149945956, 0.0 ], [ 406374.485524596530013, 321214.750729423714802, 0.0 ], [ 406386.74026651494205, 321230.45480874722125, 0.0 ], [ 406411.959866247430909, 321231.03582260775147, 0.0 ], [ 406424.214521250105463, 321246.739957501296885, 0.0 ], [ 406436.469131986435968, 321262.444111444579903, 0.0 ], [ 406461.688647919800133, 321263.025269442063291, 0.0 ], [ 406473.943171737599187, 321278.729478944733273, 0.0 ], [ 406486.197651288006455, 321294.43370750779286, 0.0 ], [ 406498.452086568984669, 321310.137955119891558, 0.0 ], [ 406510.706477582454681, 321325.84222178242635, 0.0 ], [ 406522.960824328300077, 321341.546507493243553, 0.0 ], [ 406535.215126808499917, 321357.250812252343167, 0.0 ], [ 406547.469385020667687, 321372.955136064032558, 0.0 ], [ 406559.723598959797528, 321388.65947892254917, 0.0 ], [ 406571.977768545038998, 321404.363840830861591, 0.0 ], [ 406584.23189394955989, 321420.068221776804421, 0.0 ], [ 406596.485975087096449, 321435.772621785989031, 0.0 ], [ 406608.74001195083838, 321451.477040844853036, 0.0 ], [ 406620.994004549866077, 321467.181478954153135, 0.0 ], [ 406633.24795287696179, 321482.885936111037154, 0.0 ], [ 406645.50185693660751, 321498.590412318357266, 0.0 ], [ 406657.755716723797377, 321514.294907577510457, 0.0 ], [ 406682.974551812163554, 321514.876721048436593, 0.0 ], [ 406695.228324673022144, 321530.581271881936118, 0.0 ], [ 406694.517030373448506, 321561.408507639949676, 0.0 ], [ 406706.77071308059385, 321577.113079098693561, 0.0 ], [ 406719.024351514526643, 321592.817669609328732, 0.0 ], [ 406718.312960571260192, 321623.644909728609491, 0.0 ], [ 406730.566508847754449, 321639.349520864489023, 0.0 ], [ 406742.820012847776525, 321655.05415105225984, 0.0 ], [ 406755.073472580406815, 321670.75880028901156, 0.0 ], [ 406780.291879614174832, 321671.340907919569872, 0.0 ], [ 406792.545252326875925, 321687.045612732006703, 0.0 ], [ 406804.79858085711021, 321702.750336585741024, 0.0 ], [ 406830.016904179588892, 321703.332588363788091, 0.0 ], [ 406855.235229101439472, 321703.914911239524372, 0.0 ], [ 406867.488428047741763, 321719.619727209152188, 0.0 ], [ 406879.741582723043393, 321735.324562229856383, 0.0 ], [ 406904.959823841345496, 321735.907029253838118, 0.0 ], [ 406917.212891585426405, 321751.611919851740822, 0.0 ], [ 406929.465915057691745, 321767.316829502175096, 0.0 ], [ 406954.684072555042803, 321767.899440678593237, 0.0 ], [ 406979.902231654967181, 321768.482122953340877, 0.0 ], [ 406992.155125539400615, 321784.187124710471835, 0.0 ], [ 407004.407975149457343, 321799.892145518097095, 0.0 ], [ 407029.626050448394381, 321800.474971943884157, 0.0 ], [ 407041.878813127870671, 321816.180048331443686, 0.0 ], [ 407054.131531532097142, 321831.885143770894501, 0.0 ], [ 407079.349523212644272, 321832.468114352726843, 0.0 ], [ 407104.567516489769332, 321833.051156032131985, 0.0 ], [ 407116.820105307037011, 321848.756343570479658, 0.0 ], [ 407129.072649760462809, 321864.461550170555711, 0.0 ], [ 407154.290559326997027, 321865.044736005307641, 0.0 ], [ 407166.543016936047934, 321880.749998187529854, 0.0 ], [ 407178.79543027112959, 321896.45527942298213, 0.0 ], [ 407191.04779932735255, 321912.160579710325692, 0.0 ], [ 407190.334708324808162, 321942.987868968572002, 0.0 ], [ 407189.621612442890182, 321973.815159422112629, 0.0 ], [ 407188.908511681947857, 322004.642451061750762, 0.0 ], [ 407188.195406041631941, 322035.469743908033706, 0.0 ], [ 407175.230155954021029, 322050.591729777457658, 0.0 ], [ 407162.264948503463529, 322065.713732740783598, 0.0 ], [ 407161.551920022640843, 322096.54102602112107, 0.0 ], [ 407148.586796233896166, 322111.663045700930525, 0.0 ], [ 407135.621715083136223, 322126.785082463291474, 0.0 ], [ 407134.908763764309697, 322157.612376180535648, 0.0 ], [ 407121.943766278913245, 322172.734429670032114, 0.0 ], [ 407108.978811519686133, 322187.856500256923027, 0.0 ], [ 407108.265937365358695, 322218.683794409676921, 0.0 ], [ 407095.301066180923954, 322233.805881710257381, 0.0 ], [ 407082.336237635463476, 322248.927986107592005, 0.0 ], [ 407081.623440648138057, 322279.755280685203616, 0.0 ], [ 407080.910638783825561, 322310.582576472952496, 0.0 ], [ 407080.197832042817026, 322341.409873453958426, 0.0 ], [ 407092.449684879858978, 322357.115068756043911, 0.0 ], [ 407117.666202060470823, 322357.698214806790929, 0.0 ], [ 407129.917967950750608, 322373.403465692419559, 0.0 ] ] ] ] } },
{ "type": "Feature", "properties": { "Name": "230103#02", "desc": "울산시(덕신교)", "area": 8.08, "perim": 17.28 }, "geometry": { "type": "MultiPolygon", "coordinates": [ [ [ [ 408048.453327416733373, 321932.034928370383568, 0.0 ], [ 408048.095304955961183, 321947.448606210469734, 0.0 ], [ 408060.704201916756574, 321947.741489775944501, 0.0 ], [ 408085.921997044701129, 321948.327310230699368, 0.0 ], [ 408111.139793786220253, 321948.913201787392609, 0.0 ], [ 408124.106845593836624, 321933.792493437533267, 0.0 ], [ 408137.07394003670197, 321918.671802180237137, 0.0 ], [ 408162.291826820815913, 321919.257833969953936, 0.0 ], [ 408187.509715302207042, 321919.843936862249393, 0.0 ], [ 408200.476940906082746, 321904.723331828601658, 0.0 ], [ 408213.444209147128277, 321889.602743884606753, 0.0 ], [ 408238.66218776430469, 321890.188987009285484, 0.0 ], [ 408251.62954290304333, 321875.068450719467364, 0.0 ], [ 408264.596940583316609, 321859.947931529255584, 0.0 ], [ 408289.815009336802177, 321860.534314886957873, 0.0 ], [ 408315.033079702989198, 321861.120769346540328, 0.0 ], [ 408327.283621117705479, 321876.827710395446047, 0.0 ], [ 408339.53411825268995, 321892.534670515975449, 0.0 ], [ 408364.752104924584273, 321893.121269144350663, 0.0 ], [ 408389.970093115232885, 321893.70793887245236, 0.0 ], [ 408415.188083009503316, 321894.294679703132715, 0.0 ], [ 408440.406074512924533, 321894.881491635693237, 0.0 ], [ 408452.656356755585875, 321910.588616954628378, 0.0 ], [ 408464.906594713102095, 321926.295761330344249, 0.0 ], [ 408490.1245024332311, 321926.882717433094513, 0.0 ], [ 408515.342411857564002, 321927.469744639121927, 0.0 ], [ 408540.560322894249111, 321928.056842947029509, 0.0 ], [ 408565.778235543286428, 321928.644012355362065, 0.0 ], [ 408578.028258605278097, 321944.351321935129818, 0.0 ], [ 408590.278237388469279, 321960.058650576684158, 0.0 ], [ 408615.496066255145706, 321960.645964158757124, 0.0 ], [ 408628.464003344182856, 321945.525947127898689, 0.0 ], [ 408641.43198307172861, 321930.405947188148275, 0.0 ], [ 408654.40000543295173, 321915.285964335897006, 0.0 ], [ 408667.368070425349288, 321900.165998569747899, 0.0 ], [ 408680.336178051133174, 321885.046049890457653, 0.0 ], [ 408681.054382390982937, 321854.218648272682913, 0.0 ], [ 408694.02257365063997, 321839.098716292181052, 0.0 ], [ 408706.990807545254938, 321823.978801399876829, 0.0 ], [ 408694.740814077085815, 321808.271315466088708, 0.0 ], [ 408682.490776328369975, 321792.563848591176793, 0.0 ], [ 408683.208965925441589, 321761.736450540891383, 0.0 ], [ 408683.927150607865769, 321730.909053694398608, 0.0 ], [ 408684.645330376108177, 321700.081658030452672, 0.0 ], [ 408685.363505230052397, 321669.254263559705578, 0.0 ], [ 408686.08167516940739, 321638.426870280702133, 0.0 ], [ 408673.83136356936302, 321622.719430381490383, 0.0 ], [ 408661.581007688306272, 321607.012009541154839, 0.0 ], [ 408662.299080887576565, 321576.184620633372106, 0.0 ], [ 408650.048634811362717, 321560.47722043748945, 0.0 ], [ 408637.798144455126021, 321544.769839297689032, 0.0 ], [ 408638.516120916930959, 321513.942454739823006, 0.0 ], [ 408639.234092465543654, 321483.115071371605154, 0.0 ], [ 408639.952059100323822, 321452.287689209275413, 0.0 ], [ 408652.920694823260419, 321437.167683034553193, 0.0 ], [ 408665.889373175450601, 321422.047693947330117, 0.0 ], [ 408678.858094153925776, 321406.927721944171935, 0.0 ], [ 408704.077492377662566, 321407.515213323407806, 0.0 ], [ 408717.046300247951876, 321392.395292970817536, 0.0 ], [ 408730.015150654362515, 321377.27538970153546, 0.0 ], [ 408742.984043779200874, 321362.155503518413752, 0.0 ], [ 408730.733404265425634, 321346.448004796751775, 0.0 ], [ 408718.482720563421026, 321330.740525136119686, 0.0 ], [ 408706.231992490706034, 321315.033064544317313, 0.0 ], [ 408693.981220142566599, 321299.325622998760082, 0.0 ], [ 408681.730403516674414, 321283.618200514174532, 0.0 ], [ 408669.479542613262311, 321267.910797088581603, 0.0 ], [ 408657.228637430118397, 321252.203412721864879, 0.0 ], [ 408644.977687970153056, 321236.496047414140776, 0.0 ], [ 408632.726694237964693, 321220.788701164594386, 0.0 ], [ 408620.475656224298291, 321205.081373974680901, 0.0 ], [ 408621.193491735029966, 321174.25400452449685, 0.0 ], [ 408634.162452162592672, 321159.133960279345047, 0.0 ], [ 408659.382542397652287, 321159.72129367798334, 0.0 ], [ 408684.602634249371476, 321160.308698173612356, 0.0 ], [ 408697.571725818212144, 321145.188740135869011, 0.0 ], [ 408710.540860013104975, 321130.06879918492632, 0.0 ], [ 408723.510036836494692, 321114.948875317291822, 0.0 ], [ 408736.479256193211768, 321099.828968532907311, 0.0 ], [ 408749.448518265679013, 321084.709078838233836, 0.0 ], [ 408762.417822963674553, 321069.589206225355156, 0.0 ], [ 408775.387170289177448, 321054.469350698636845, 0.0 ], [ 408776.105502636753954, 321023.641975370410364, 0.0 ], [ 408776.82383006811142, 320992.814601223217323, 0.0 ], [ 408777.542152582784183, 320961.98722826858284, 0.0 ], [ 408790.511665507918224, 320946.867388654616661, 0.0 ], [ 408803.481221052526962, 320931.747566122561693, 0.0 ], [ 408804.199620631872676, 320900.920193589932751, 0.0 ], [ 408817.169259795278776, 320885.800387753057294, 0.0 ], [ 408830.138941579731181, 320870.680598998791538, 0.0 ], [ 408843.108665989770088, 320855.560827327833977, 0.0 ], [ 408868.329638055874966, 320856.148709736939054, 0.0 ], [ 408880.58079890726367, 320871.856365794083104, 0.0 ], [ 408892.83191548648756, 320887.564040910860058, 0.0 ], [ 408905.08298778894823, 320903.271735085814726, 0.0 ], [ 408917.334015816973988, 320918.979448309808504, 0.0 ], [ 408942.554819029930513, 320919.567547955317423, 0.0 ], [ 408967.775623767520301, 320920.155718691996299, 0.0 ], [ 408992.996430216939189, 320920.743960524967406, 0.0 ], [ 409005.966380811238196, 320905.624414085643366, 0.0 ], [ 409018.936374033277389, 320890.504884719732217, 0.0 ], [ 409031.906409875955433, 320875.385372435033787, 0.0 ], [ 409044.876488343521487, 320860.265877234283835, 0.0 ], [ 409057.127350711787585, 320875.973789037903771, 0.0 ], [ 409069.378168809460476, 320891.681719901913311, 0.0 ], [ 409081.628942539391574, 320907.389669824100565, 0.0 ], [ 409093.879672084003687, 320923.097638797480613, 0.0 ], [ 409106.130357354879379, 320938.805626843939535, 0.0 ], [ 409118.380998347362038, 320954.513633950729854, 0.0 ], [ 409131.351129250542726, 320939.394260683911853, 0.0 ], [ 409144.321302771917544, 320924.27490450249752, 0.0 ], [ 409169.54212054470554, 320924.863643995427992, 0.0 ], [ 409182.512380952015519, 320909.744339463941287, 0.0 ], [ 409195.482683887239546, 320894.625052003771998, 0.0 ], [ 409207.733244509901851, 320910.33318460843293, 0.0 ], [ 409207.013454553845804, 320941.160588773316704, 0.0 ], [ 409219.263924987288192, 320956.868742026621476, 0.0 ], [ 409231.514351141639054, 320972.576914339559153, 0.0 ], [ 409230.794464431761298, 321003.404322879156098, 0.0 ], [ 409243.044800395146012, 321019.112515837943647, 0.0 ], [ 409255.295092081127223, 321034.820727861311752, 0.0 ], [ 409267.545339491742197, 321050.528958943614271, 0.0 ], [ 409292.765817756706383, 321051.11806182860164, 0.0 ], [ 409305.73613542469684, 321035.998931650072336, 0.0 ], [ 409306.45628776436206, 321005.171515982539859, 0.0 ], [ 409307.176435175118968, 320974.344101504713763, 0.0 ], [ 409307.89657765685115, 320943.516688219329808, 0.0 ], [ 409320.867060996824875, 320928.397573941503651, 0.0 ], [ 409333.837586958892643, 320913.278476756124292, 0.0 ], [ 409334.557806480966974, 320882.451063875108957, 0.0 ], [ 409347.52841604501009, 320867.331983365875203, 0.0 ], [ 409360.499068235163577, 320852.212919939251151, 0.0 ], [ 409361.219364795251749, 320821.385507459694054, 0.0 ], [ 409361.939656424918212, 320790.558096171880607, 0.0 ], [ 409362.659943123930134, 320759.730686087859794, 0.0 ], [ 409375.63076088251546, 320744.61163855844643, 0.0 ], [ 409388.601621263893321, 320729.492608108033892, 0.0 ], [ 409376.351083634013776, 320713.784229259763379, 0.0 ], [ 409364.100501731329132, 320698.075869471824262, 0.0 ], [ 409364.820773639599793, 320667.248462951043621, 0.0 ], [ 409365.541040616924874, 320636.421057632658631, 0.0 ], [ 409366.261302664177492, 320605.593653493968304, 0.0 ], [ 409379.23232533223927, 320590.474603990325704, 0.0 ], [ 409392.203390621696599, 320575.355571568536106, 0.0 ], [ 409405.174498527427204, 320560.236556225048844, 0.0 ], [ 409418.145649051701184, 320545.117557961319108, 0.0 ], [ 409431.116842106624972, 320529.998576777987182, 0.0 ], [ 409456.338807335938327, 320530.588072555256076, 0.0 ], [ 409481.560774189303629, 320531.177639425150119, 0.0 ], [ 409506.782742662064265, 320531.767277386970818, 0.0 ], [ 409532.004712758935057, 320532.356986440776382, 0.0 ], [ 409544.976125458837487, 320517.238160555018112, 0.0 ], [ 409545.696976021805312, 320486.41074732132256, 0.0 ], [ 409558.668472402961925, 320471.291938120906707, 0.0 ], [ 409571.640011406096164, 320456.173146001587156, 0.0 ], [ 409584.611593023873866, 320441.054370959929656, 0.0 ], [ 409597.583217260893434, 320425.935612998029683, 0.0 ], [ 409610.554884109995328, 320410.816872113675345, 0.0 ], [ 409623.526593580085319, 320395.698148309835233, 0.0 ], [ 409636.498345666565001, 320380.579441584297456, 0.0 ], [ 409649.470140366698615, 320365.460751948470715, 0.0 ], [ 409662.441977592883632, 320350.342079376045149, 0.0 ], [ 409675.41385752503993, 320335.2234238848323, 0.0 ], [ 409688.385780074982904, 320320.104785474715754, 0.0 ], [ 409701.357745235553011, 320304.986164138710592, 0.0 ], [ 409714.329753016238101, 320289.867559882462956, 0.0 ], [ 409739.552431214600801, 320290.457821796706412, 0.0 ], [ 409752.524525866145268, 320275.339269170595799, 0.0 ], [ 409765.496663127560169, 320260.220733623486012, 0.0 ], [ 409790.71943137148628, 320260.811135731812101, 0.0 ], [ 409815.94220132776536, 320261.401608932123054, 0.0 ], [ 409841.164972913451493, 320261.992153222323395, 0.0 ], [ 409866.387746119347867, 320262.582768603693694, 0.0 ], [ 409879.360103021201212, 320247.464388343505561, 0.0 ], [ 409892.332502449280582, 320232.346025167265907, 0.0 ], [ 409917.555365792650264, 320232.936780742777046, 0.0 ], [ 409942.77823076385539, 320233.527607408817858, 0.0 ], [ 409968.001097358413972, 320234.118505164748058, 0.0 ], [ 409993.22396558127366, 320234.709474010451231, 0.0 ], [ 410018.44683533773059, 320235.300513946043793, 0.0 ], [ 410031.419498751522042, 320220.182340596453287, 0.0 ], [ 410044.392204776289873, 320205.064184323768131, 0.0 ], [ 410069.615164764865767, 320205.655364452744834, 0.0 ], [ 410094.838126380112953, 320206.246615672949702, 0.0 ], [ 410120.061089529946912, 320206.837937982345466, 0.0 ], [ 410145.284054399351589, 320207.429331382212695, 0.0 ], [ 410170.507020893797744, 320208.020795874064788, 0.0 ], [ 410195.72998901817482, 320208.612331455748063, 0.0 ], [ 410220.952958767884411, 320209.203938128019217, 0.0 ], [ 410233.926017116056755, 320194.086040784837678, 0.0 ], [ 410234.649159304506611, 320163.25858700228855, 0.0 ], [ 410247.622301320545375, 320148.140706335252617, 0.0 ], [ 410260.595485948724672, 320133.022842743666843, 0.0 ], [ 410273.56871319108177, 320117.904996226192452, 0.0 ], [ 410286.541983042610809, 320102.787166794121731, 0.0 ], [ 410287.265284146997146, 320071.959712600160856, 0.0 ], [ 410275.015228515258059, 320056.250089838751592, 0.0 ], [ 410262.765128608501982, 320040.540486144018359, 0.0 ], [ 410263.488332925597206, 320009.713036319881212, 0.0 ], [ 410264.211532290908508, 319978.885587683995254, 0.0 ], [ 410264.934726704377681, 319948.058140250446741, 0.0 ], [ 410265.657916166586801, 319917.230693993740715, 0.0 ], [ 410278.631430168868974, 319902.112844673567452, 0.0 ], [ 410291.604986778402235, 319886.995012426690664, 0.0 ], [ 410292.328253217623569, 319856.167566559510306, 0.0 ], [ 410293.051514704362489, 319825.340121891873423, 0.0 ], [ 410293.77477123902645, 319794.512678403931204, 0.0 ], [ 410294.49802282161545, 319763.685236105637159, 0.0 ], [ 410282.247508024272975, 319747.97562924498925, 0.0 ], [ 410257.023231780913193, 319747.383910247939639, 0.0 ], [ 410244.772630089544691, 319731.674358990567271, 0.0 ], [ 410232.521984216582496, 319715.964826801384334, 0.0 ], [ 410220.271293986705132, 319700.255313673929777, 0.0 ], [ 410220.99427008186467, 319669.427880927396473, 0.0 ], [ 410221.717241226928309, 319638.600449357065372, 0.0 ], [ 410209.46641490154434, 319622.890958474366926, 0.0 ], [ 410184.241796037997119, 319622.29946069966536, 0.0 ], [ 410171.990882818819955, 319606.590025419602171, 0.0 ], [ 410159.739925336791202, 319590.880609201267362, 0.0 ], [ 410134.515222855145112, 319590.28925558825722, 0.0 ], [ 410122.264178567682393, 319574.579894974711351, 0.0 ], [ 410110.01308992767008, 319558.870553423650563, 0.0 ], [ 410097.761957015725784, 319543.161230946367141, 0.0 ], [ 410110.735652812989429, 319528.043134983920027, 0.0 ], [ 410135.96052732213866, 319528.634413530293386, 0.0 ], [ 410148.934309974545613, 319513.516369190823752, 0.0 ], [ 410161.908135235775262, 319498.398341924068518, 0.0 ], [ 410187.133099964936264, 319498.989760653232224, 0.0 ], [ 410212.358066325250547, 319499.581250466580968, 0.0 ], [ 410237.583034312119707, 319500.172811364813242, 0.0 ], [ 410262.808003840153106, 319500.764443345135078, 0.0 ], [ 410275.058928571175784, 319516.47400094504701, 0.0 ], [ 410287.309809037076775, 319532.183577607444022, 0.0 ], [ 410312.53469504066743, 319532.775353752251249, 0.0 ], [ 410337.75958267156966, 319533.367200982640497, 0.0 ], [ 410350.733719334646594, 319518.249433020595461, 0.0 ], [ 410351.457100092375185, 319487.42199744307436, 0.0 ], [ 410352.180475896399003, 319456.594563053688034, 0.0 ], [ 410365.154736996628344, 319441.47681135853054, 0.0 ], [ 410390.379888506664429, 319442.068794783612248, 0.0 ], [ 410403.354236553306691, 319426.951094709336758, 0.0 ], [ 410416.328627202427015, 319411.833411718369462, 0.0 ], [ 410429.303060456295498, 319396.715745788009372, 0.0 ], [ 410430.026682012481615, 319365.888308989640791, 0.0 ], [ 410430.750298613042105, 319335.0608733795234, 0.0 ], [ 410431.473910258268006, 319304.233438958297484, 0.0 ], [ 410419.222919863997959, 319288.523673264484387, 0.0 ], [ 410406.971885203616694, 319272.813926645903848, 0.0 ], [ 410407.695400069118477, 319241.986496597295627, 0.0 ], [ 410395.444275229703635, 319226.276770623750053, 0.0 ], [ 410383.193106125108898, 319210.567063714144751, 0.0 ], [ 410370.941892760514747, 319194.857375870575197, 0.0 ], [ 410358.690635216771625, 319179.147707092983183, 0.0 ], [ 410346.439333320828155, 319163.438057375722565, 0.0 ], [ 410334.187987158540636, 319147.728426723042503, 0.0 ], [ 410321.936596736661159, 319132.018815147748683, 0.0 ], [ 410309.685162046691403, 319116.309222624986432, 0.0 ], [ 410297.433683095499873, 319100.599649165349547, 0.0 ], [ 410285.182159878779203, 319084.890094769652933, 0.0 ], [ 410272.93059240130242, 319069.180559438536875, 0.0 ], [ 410247.704406708013266, 319068.588955337472726, 0.0 ], [ 410235.452752350247465, 319052.879475605499465, 0.0 ], [ 410236.175624480529223, 319022.052067827084102, 0.0 ], [ 410223.923879952984862, 319006.342608750099316, 0.0 ], [ 410211.672091163054574, 318990.633168748347089, 0.0 ], [ 410199.420258109457791, 318974.923747798369732, 0.0 ], [ 410187.168380794348195, 318959.214345910237171, 0.0 ], [ 410174.9164592223824, 318943.50496308732545, 0.0 ], [ 410162.664493384829257, 318927.795599328354001, 0.0 ], [ 410163.387085126247257, 318896.968202280753758, 0.0 ], [ 410164.109671918326057, 318866.140806425653864, 0.0 ], [ 410177.084357314568479, 318851.022770759183913, 0.0 ], [ 410190.05908530659508, 318835.904752153379377, 0.0 ], [ 410190.781749060144648, 318805.077356684836559, 0.0 ], [ 410191.504407863947563, 318774.249962407397106, 0.0 ], [ 410192.227061717770994, 318743.422569317510352, 0.0 ], [ 410192.94971062161494, 318712.595177429204341, 0.0 ], [ 410193.672354575828649, 318681.767786717857234, 0.0 ], [ 410194.394993580062874, 318650.940397198253777, 0.0 ], [ 410182.142612962576095, 318635.23103028035257, 0.0 ], [ 410169.890188082354143, 318619.521682424936444, 0.0 ], [ 410157.637718946672976, 318603.812353634100873, 0.0 ], [ 410145.385205641039647, 318588.103043906448875, 0.0 ], [ 410133.132647992344573, 318572.393753250478767, 0.0 ], [ 410107.905082229175605, 318571.802607490564696, 0.0 ], [ 410082.677518095471896, 318571.211532809189521, 0.0 ], [ 410069.702641083044, 318586.329710257356055, 0.0 ], [ 410056.72780666599283, 318601.447904788074084, 0.0 ], [ 410031.500332738331053, 318600.856970273191109, 0.0 ], [ 410006.272860347060487, 318600.266106833296362, 0.0 ], [ 409981.045389586652163, 318599.675314471882302, 0.0 ], [ 409955.817920452449471, 318599.084593188250437, 0.0 ], [ 409943.565066151611973, 318583.375575733138248, 0.0 ], [ 409931.312167598691303, 318567.66657734970795, 0.0 ], [ 409906.084614956052974, 318567.076000212167855, 0.0 ], [ 409880.857063853472937, 318566.485494150372688, 0.0 ], [ 409868.604035813477822, 318550.776587884232868, 0.0 ], [ 409856.35096351779066, 318535.067700679181144, 0.0 ], [ 409844.097846971126273, 318519.358832537254784, 0.0 ], [ 409831.844686164637096, 318503.649983453564346, 0.0 ], [ 409819.591481105308048, 318487.94115343305748, 0.0 ], [ 409807.338231878937222, 318472.23234247363871, 0.0 ], [ 409782.110426725761499, 318471.642126686696429, 0.0 ], [ 409756.882623197510839, 318471.051981974800583, 0.0 ], [ 409743.90819844865473, 318486.170609702938236, 0.0 ], [ 409730.933816302684136, 318501.289254503790289, 0.0 ], [ 409718.680440789205022, 318485.580570613499731, 0.0 ], [ 409706.42702102358453, 318469.871905780746602, 0.0 ], [ 409694.173557093949057, 318454.163260012632236, 0.0 ], [ 409694.894424403086305, 318423.335918626456987, 0.0 ], [ 409695.615286774351262, 318392.508578420674894, 0.0 ], [ 409683.361686711432412, 318376.799954889458604, 0.0 ], [ 409671.108042393054347, 318361.091350416478235, 0.0 ], [ 409671.828808037971612, 318330.26401458051987, 0.0 ], [ 409659.575073573039845, 318314.555430756881833, 0.0 ], [ 409647.321294860390481, 318298.846865995030385, 0.0 ], [ 409648.041963781113736, 318268.019534537335858, 0.0 ], [ 409648.762627765070647, 318237.192204258637503, 0.0 ], [ 409636.508713010465726, 318221.48366173444083, 0.0 ], [ 409624.25475400686264, 318205.775138270575553, 0.0 ], [ 409624.975321269710548, 318174.947812360245734, 0.0 ], [ 409625.695883595966734, 318144.120487653068267, 0.0 ], [ 409626.416440985864028, 318113.293164124828763, 0.0 ], [ 409627.136993439169601, 318082.465841790486593, 0.0 ], [ 409627.857540955883451, 318051.638520644395612, 0.0 ], [ 409615.603308244200889, 318035.930024182365742, 0.0 ], [ 409590.374300320807379, 318035.340404823422432, 0.0 ], [ 409565.145293931243941, 318034.750856534461491, 0.0 ], [ 409552.890931754955091, 318019.042452194029465, 0.0 ], [ 409540.636525329493452, 318003.334066924580839, 0.0 ], [ 409528.382074653287418, 317987.625700703414623, 0.0 ], [ 409516.127579730877187, 317971.91735354042612, 0.0 ], [ 409503.873040560283698, 317956.209025436430238, 0.0 ], [ 409491.618457141565159, 317940.500716392067261, 0.0 ], [ 409466.389196817064658, 317939.91145835397765, 0.0 ], [ 409454.13452654244611, 317924.203204897348769, 0.0 ], [ 409441.879812017956283, 317908.494970498257317, 0.0 ], [ 409416.650468012725469, 317907.905856587167364, 0.0 ], [ 409391.421125634806231, 317907.316813748155255, 0.0 ], [ 409379.166281647339929, 317891.608671465713996, 0.0 ], [ 409392.140821011154912, 317876.489518024143763, 0.0 ], [ 409405.115402968367562, 317861.370381666522007, 0.0 ], [ 409405.835134368157014, 317830.543086735589895, 0.0 ], [ 409406.554860836418811, 317799.715792997041717, 0.0 ], [ 409394.299877553596161, 317784.007638008857612, 0.0 ], [ 409382.044850024976768, 317768.299502080306411, 0.0 ], [ 409382.764479792444035, 317737.472212709428277, 0.0 ], [ 409370.50936222600285, 317721.76409744087141, 0.0 ], [ 409358.25420032691909, 317706.056001215591095, 0.0 ], [ 409345.998994178371504, 317690.347924049303401, 0.0 ], [ 409333.743743785249535, 317674.639865940494929, 0.0 ], [ 409321.488449149997905, 317658.931826890620869, 0.0 ], [ 409308.513755803927779, 317674.051086737890728, 0.0 ], [ 409295.539105049916543, 317689.170363659912255, 0.0 ], [ 409270.309162918943912, 317688.5816900691716, 0.0 ], [ 409245.07922250701813, 317687.993087550566997, 0.0 ], [ 409219.84928362671053, 317687.40455609979108, 0.0 ], [ 409194.619346372724976, 317686.816095717658754, 0.0 ], [ 409181.644915132317692, 317701.935527882014867, 0.0 ], [ 409168.670526482339483, 317717.054977121064439, 0.0 ], [ 409155.696180428029038, 317732.174443420080934, 0.0 ], [ 409142.721877056465019, 317747.293926808051765, 0.0 ], [ 409129.747616185806692, 317762.413427266583312, 0.0 ], [ 409116.773397913260851, 317777.532944798469543, 0.0 ], [ 409091.543727661832236, 317776.944762745348271, 0.0 ], [ 409078.569596208748408, 317792.064331896719523, 0.0 ], [ 409077.850998646463268, 317822.891599841415882, 0.0 ], [ 409077.132396160508506, 317853.718868979311083, 0.0 ], [ 409076.413788751349784, 317884.546139296144247, 0.0 ], [ 409075.695176418113988, 317915.373410817526747, 0.0 ], [ 409062.721251395938452, 317930.492995461798273, 0.0 ], [ 409049.747368964250199, 317945.612597178667784, 0.0 ], [ 409036.773529128113296, 317960.732215972500853, 0.0 ], [ 409023.799731979786884, 317975.851851843181066, 0.0 ], [ 409010.825977337197401, 317990.971504784480203, 0.0 ], [ 408997.852265290915966, 318006.091174791275989, 0.0 ], [ 408984.87859583820682, 318021.210861884232145, 0.0 ], [ 408972.623253640776966, 318005.503297690942418, 0.0 ], [ 408960.367867197084706, 317989.795752566482406, 0.0 ], [ 408935.138814558100421, 317989.207983063533902, 0.0 ], [ 408909.909763632807881, 317988.620284634875134, 0.0 ], [ 408884.680714235990308, 317988.03265727480175, 0.0 ], [ 408859.451666462351568, 317987.445100986864418, 0.0 ], [ 408834.222620304848533, 317986.857615769607946, 0.0 ], [ 408808.99357577227056, 317986.270201624545734, 0.0 ], [ 408783.764532947854605, 317985.682858552259859, 0.0 ], [ 408770.791218984057195, 318000.802839467127342, 0.0 ], [ 408757.817947616800666, 318015.922837470192462, 0.0 ], [ 408732.588994783931412, 318015.335634559509344, 0.0 ], [ 408707.360043573135044, 318014.748502720205579, 0.0 ], [ 408694.386903262231499, 318029.868586892436724, 0.0 ], [ 408681.413805641233921, 318044.988688144425396, 0.0 ], [ 408668.440750525332987, 318060.108806469070259, 0.0 ], [ 408655.467738011619076, 318075.228941872075666, 0.0 ], [ 408630.238965341006406, 318074.642019290069584, 0.0 ], [ 408617.266039651585743, 318089.762206314655486, 0.0 ], [ 408604.293156562605873, 318104.882410418998916, 0.0 ], [ 408591.320316071854904, 318120.002631599549204, 0.0 ], [ 408578.347518177470192, 318135.122869848506525, 0.0 ], [ 408553.118924141919706, 318134.536156528105494, 0.0 ], [ 408540.146213079569861, 318149.656446411448997, 0.0 ], [ 408539.429380183690228, 318180.483687092259061, 0.0 ], [ 408526.456752684782259, 318195.603993662341963, 0.0 ], [ 408513.484167785267346, 318210.724317309330218, 0.0 ], [ 408500.511625489976723, 318225.84465803601779, 0.0 ], [ 408475.283296749985311, 318225.258152001537383, 0.0 ], [ 408462.310841281432658, 318240.378544352715835, 0.0 ], [ 408449.338428507733624, 318255.498953784350306, 0.0 ], [ 408436.366058239538688, 318270.619380283693317, 0.0 ], [ 408423.393730573880021, 318285.739823871233966, 0.0 ], [ 408410.421445506392047, 318300.860284539288841, 0.0 ], [ 408397.449203041964211, 318315.98076228419086, 0.0 ], [ 408384.477003178442828, 318331.101257108151913, 0.0 ], [ 408383.760661905282177, 318361.928493093466386, 0.0 ], [ 408370.788545611023437, 318377.049004605622031, 0.0 ], [ 408345.560659192851745, 318376.462844057881739, 0.0 ], [ 408320.332774478418287, 318375.876754585769959, 0.0 ], [ 408295.104891292168759, 318375.290736185095739, 0.0 ], [ 408282.132950296101626, 318390.411368426633999, 0.0 ], [ 408269.161051904549822, 318405.532017735939007, 0.0 ], [ 408243.933258797973394, 318404.946139508800115, 0.0 ], [ 408230.961447238107212, 318420.066840458137449, 0.0 ], [ 408217.989678373094648, 318435.18755849142326, 0.0 ], [ 408205.017952020512894, 318450.308293602312915, 0.0 ], [ 408192.046268270816654, 318465.429045792960096, 0.0 ], [ 408166.81865370325977, 318464.843376838776749, 0.0 ], [ 408141.591040755040012, 318464.25777896028012, 0.0 ], [ 408129.334980474610347, 318448.551396314229351, 0.0 ], [ 408117.078875945298932, 318432.845032718672883, 0.0 ], [ 408104.8227272646036, 318417.138688180537429, 0.0 ], [ 408092.566534243058413, 318401.432362692896277, 0.0 ], [ 408067.338752436859068, 318400.846981979208067, 0.0 ], [ 408055.082472554291598, 318385.140712077904027, 0.0 ], [ 408042.826148426393047, 318369.434461217839271, 0.0 ], [ 408017.59828299965011, 318368.849224624049384, 0.0 ], [ 408004.626828550943173, 318383.970236916851718, 0.0 ], [ 407991.655416795285419, 318399.091266283008736, 0.0 ], [ 407978.684047550079413, 318414.212312738178298, 0.0 ], [ 407965.712720907875337, 318429.333376275142655, 0.0 ], [ 407952.741436873679049, 318444.454456894018222, 0.0 ], [ 407952.02655241888715, 318475.281664112815633, 0.0 ], [ 407939.055351959774271, 318490.40276142267976, 0.0 ], [ 407926.084194107039366, 318505.523875815793872, 0.0 ], [ 407925.369386708829552, 318536.351083441812079, 0.0 ], [ 407924.654574413900264, 318567.178292272321414, 0.0 ], [ 407911.683541117468849, 318582.299422971904278, 0.0 ], [ 407898.71255043061683, 318597.420570753398351, 0.0 ], [ 407885.741602344322018, 318612.541735617443919, 0.0 ], [ 407872.770696955733001, 318627.662917564797681, 0.0 ], [ 407859.799834080098663, 318642.784116592607461, 0.0 ], [ 407834.572761597344652, 318642.199359780352097, 0.0 ], [ 407821.601985559798777, 318657.320610445342027, 0.0 ], [ 407808.631252130551729, 318672.441878179437481, 0.0 ], [ 407795.660561307216994, 318687.563163008890115, 0.0 ], [ 407794.946158799808472, 318718.390367965272162, 0.0 ], [ 407807.202360261930153, 318734.096290060086176, 0.0 ], [ 407819.458517476159614, 318749.802231206791475, 0.0 ], [ 407818.7440183267463, 318780.629440520890057, 0.0 ], [ 407818.02951428364031, 318811.456651017593686, 0.0 ], [ 407830.285535502363928, 318827.162614382104948, 0.0 ], [ 407842.541512469993904, 318842.868596797750797, 0.0 ], [ 407841.826911781681702, 318873.695811664918438, 0.0 ], [ 407828.856420982745476, 318888.817042147216853, 0.0 ], [ 407815.885972789488733, 318903.938289712765254, 0.0 ], [ 407802.915567206800915, 318919.059554363775533, 0.0 ], [ 407777.689279643062036, 318918.47492198087275, 0.0 ], [ 407752.462993785098661, 318917.890360676450655, 0.0 ], [ 407727.236709440592676, 318917.305870447657071, 0.0 ], [ 407714.266479169542436, 318932.427255842252634, 0.0 ], [ 407713.552298090828117, 318963.254464440513402, 0.0 ], [ 407712.838112120283768, 318994.081674245360773, 0.0 ], [ 407712.123921258200426, 319024.908885244862176, 0.0 ], [ 407699.153856545279268, 319040.03028656495735, 0.0 ], [ 407686.183834446710534, 319055.151704969757702, 0.0 ], [ 407673.213854953763075, 319070.273140459961724, 0.0 ], [ 407660.243918071093503, 319085.394593022821937, 0.0 ], [ 407647.274023800855502, 319100.516062683134805, 0.0 ], [ 407634.304172231350094, 319115.637549428851344, 0.0 ], [ 407621.33436318236636, 319130.759053257177584, 0.0 ], [ 407609.078459722455591, 319115.053366260195617, 0.0 ], [ 407596.822512016282417, 319099.347698314406443, 0.0 ], [ 407584.566520055115689, 319083.642049420450348, 0.0 ], [ 407572.310483845649287, 319067.936419588921126, 0.0 ], [ 407547.084645065711811, 319067.352417064830661, 0.0 ], [ 407534.828521983057726, 319051.64684279699577, 0.0 ], [ 407522.572354736214038, 319035.941287580353674, 0.0 ], [ 407497.346432318270672, 319035.357429178257007, 0.0 ], [ 407472.120511506684124, 319034.773641853185836, 0.0 ], [ 407446.894592305761762, 319034.189925606013276, 0.0 ], [ 407421.668674710555933, 319033.606280435167719, 0.0 ], [ 407396.442758815770503, 319033.022706345655024, 0.0 ], [ 407383.473267526132986, 319048.144539420027286, 0.0 ], [ 407382.760196067974903, 319078.971727237920277, 0.0 ], [ 407369.790788379847072, 319094.093577013874892, 0.0 ], [ 407356.821423300891183, 319109.215443876688369, 0.0 ], [ 407343.852100833435543, 319124.337327824207023, 0.0 ], [ 407330.882820982369594, 319139.45922885852633, 0.0 ], [ 407317.913583738496527, 319154.581146979704499, 0.0 ], [ 407292.688021716079675, 319153.997849343460985, 0.0 ], [ 407267.462461207935121, 319153.414622782845981, 0.0 ], [ 407254.493355047190562, 319168.536627105728257, 0.0 ], [ 407253.780698365939315, 319199.36380989884492, 0.0 ], [ 407240.811675808799919, 319214.485830913414247, 0.0 ], [ 407215.586292238091119, 319213.902742583304644, 0.0 ], [ 407202.617356525966898, 319229.024815254204441, 0.0 ], [ 407189.648463431396522, 319244.146905012661591, 0.0 ], [ 407164.423170025809668, 319243.563956878788304, 0.0 ], [ 407151.454363774624653, 319258.686098282923922, 0.0 ], [ 407138.485600141691975, 319273.80825677321991, 0.0 ], [ 407125.516879117931239, 319288.930432354507502, 0.0 ], [ 407112.54820070794085, 319304.05262502055848, 0.0 ], [ 407099.579564914456569, 319319.174834776204079, 0.0 ], [ 407086.610971735441126, 319334.297061619465239, 0.0 ], [ 407073.64242117095273, 319349.419305540970527, 0.0 ], [ 407072.930343265528791, 319380.24648177693598, 0.0 ], [ 407072.218260483525228, 319411.073659209592734, 0.0 ], [ 407059.249834611080587, 319426.195919468067586, 0.0 ], [ 407046.281451266258955, 319441.318196811946109, 0.0 ], [ 407033.313110537012108, 319456.440491244837176, 0.0 ], [ 407020.34481242345646, 319471.562802766624372, 0.0 ], [ 407007.376556923962198, 319486.68513136531692, 0.0 ], [ 406994.408344040333759, 319501.807477066409774, 0.0 ], [ 406993.696502357721329, 319532.634653404296841, 0.0 ], [ 406980.728373092133552, 319547.757015810580924, 0.0 ], [ 406967.760286438744515, 319562.879395306517836, 0.0 ], [ 406967.048521876451559, 319593.706572077760939, 0.0 ], [ 406979.304757098201662, 319609.411371311114635, 0.0 ], [ 406991.560948062804528, 319625.116189583495725, 0.0 ], [ 406990.849086881964467, 319655.943370706168935, 0.0 ], [ 406977.881121607264504, 319671.065731587819755, 0.0 ], [ 406964.913198946160264, 319686.188109557784628, 0.0 ], [ 406951.945318905287422, 319701.31050461664563, 0.0 ], [ 406926.721342955890577, 319700.728166791901458, 0.0 ], [ 406913.753549768705852, 319715.850613504298963, 0.0 ], [ 406900.785799202392809, 319730.973077304894105, 0.0 ], [ 406887.818091252469458, 319746.095558195840567, 0.0 ], [ 406874.850425924174488, 319761.218056166544557, 0.0 ], [ 406849.62662843556609, 319760.635927667841315, 0.0 ], [ 406837.370409404917154, 319744.931303157063667, 0.0 ], [ 406838.081763975438662, 319714.104130197549239, 0.0 ], [ 406825.825454910402186, 319698.399526304274332, 0.0 ], [ 406800.6014868823695, 319697.817543885554187, 0.0 ], [ 406788.345090837450698, 319682.112995560164563, 0.0 ], [ 406776.088650544581469, 319666.408466281020083, 0.0 ], [ 406750.864598849555477, 319665.826627984293737, 0.0 ], [ 406738.608071665395983, 319650.122154273092747, 0.0 ], [ 406726.351500233984552, 319634.417699611571152, 0.0 ], [ 406701.127364961896092, 319633.83600543619832, 0.0 ], [ 406688.870706642162986, 319618.131606341921724, 0.0 ], [ 406676.614004068309441, 319602.427226306637749, 0.0 ], [ 406651.389785039238632, 319601.845676247612573, 0.0 ], [ 406639.132995585096069, 319586.141351768164895, 0.0 ], [ 406626.876161875552498, 319570.437046335602645, 0.0 ], [ 406614.619283917709254, 319554.732759951381013, 0.0 ], [ 406615.329827446490526, 319523.905611794325523, 0.0 ], [ 406603.072859459207393, 319508.201346035406459, 0.0 ], [ 406577.848384629818611, 319507.620015087130014, 0.0 ], [ 406565.591329669288825, 319491.915804894000757, 0.0 ], [ 406553.334230461390689, 319476.211613747058436, 0.0 ], [ 406541.077087003795896, 319460.50744165899232, 0.0 ], [ 406528.819899297435768, 319444.803288605820853, 0.0 ], [ 406503.595255531545263, 319444.222174808965065, 0.0 ], [ 406478.370613462873735, 319443.641132092685439, 0.0 ], [ 406465.758292979910038, 319443.350637388066389, 0.0 ], [ 406465.403288505040109, 319458.764203953440301, 0.0 ], [ 406452.436006165167782, 319473.88729289395269, 0.0 ], [ 406439.468766447564121, 319489.010398939019069, 0.0 ], [ 406426.501569343148731, 319504.133522073680069, 0.0 ], [ 406413.534414859255776, 319519.256662302999757, 0.0 ], [ 406400.567302991519682, 319534.379819621215574, 0.0 ], [ 406387.600233744480647, 319549.502994032693096, 0.0 ], [ 406374.63320720626507, 319564.626185539469589, 0.0 ], [ 406361.666223194566555, 319579.749394136597402, 0.0 ], [ 406348.699281804380007, 319594.872619825531729, 0.0 ], [ 406335.732383033609949, 319609.995862594922073, 0.0 ], [ 406335.022780474100728, 319640.822992840199731, 0.0 ], [ 406322.055965327715967, 319655.946252337365877, 0.0 ], [ 406309.089192798943259, 319671.069528927095234, 0.0 ], [ 406308.734430702752434, 319686.483094119466841, 0.0 ], [ 406321.346398914582096, 319686.773383401916362, 0.0 ], [ 406333.603560777672101, 319702.477256925834808, 0.0 ], [ 406345.860678390075918, 319718.181149495881982, 0.0 ], [ 406371.084530738298781, 319718.761854405689519, 0.0 ], [ 406383.341561373323202, 319734.465802535880357, 0.0 ], [ 406395.598547847825103, 319750.169769705913495, 0.0 ], [ 406420.822316522127949, 319750.750618733465672, 0.0 ], [ 406433.079216110811103, 319766.454641477845144, 0.0 ], [ 406445.336071443045512, 319782.158683270507026, 0.0 ], [ 406457.592882528086193, 319797.862744110752828, 0.0 ], [ 406469.849649360985495, 319813.566823997884057, 0.0 ], [ 406482.106371939182281, 319829.27092293050373, 0.0 ], [ 406469.13953741377918, 319844.393972778809257, 0.0 ], [ 406456.172745507210493, 319859.517039716709405, 0.0 ], [ 406468.429420604370534, 319875.221122756425757, 0.0 ], [ 406480.686051446478814, 319890.925224830920342, 0.0 ], [ 406479.975883906008676, 319921.752377584343776, 0.0 ], [ 406492.232424533343874, 319937.456500291940756, 0.0 ], [ 406517.455678364261985, 319938.03764537407551, 0.0 ], [ 406529.712132192216814, 319953.741823652468156, 0.0 ], [ 406541.968541766051203, 319969.446020976291038, 0.0 ], [ 406567.191711917985231, 319970.027310180477798, 0.0 ], [ 406579.4480346016353, 319985.731563072942663, 0.0 ], [ 406591.704313026042655, 320001.435835013049655, 0.0 ], [ 406603.960547110124025, 320017.140125998586882, 0.0 ], [ 406616.216737027396448, 320032.844436023966409, 0.0 ], [ 406628.472882691246923, 320048.548765108978841, 0.0 ], [ 406640.728984095272608, 320064.253113242331892, 0.0 ], [ 406665.951900015643332, 320064.834692647738848, 0.0 ], [ 406691.174817536782939, 320065.416343139484525, 0.0 ], [ 406703.430789409496356, 320081.120783360383939, 0.0 ], [ 406702.719810784677975, 320111.947960898571182, 0.0 ], [ 406702.008827292069327, 320142.775139633449726, 0.0 ], [ 406701.297838932019658, 320173.602319555182476, 0.0 ], [ 406713.553628839144949, 320189.306783553853165, 0.0 ], [ 406725.809374574571848, 320205.011266603716649, 0.0 ], [ 406725.098289597430266, 320235.838450888113584, 0.0 ], [ 406724.387199751799926, 320266.665636367804836, 0.0 ], [ 406723.67610503785545, 320297.492823047738057, 0.0 ], [ 406722.965005456004292, 320328.320010910974815, 0.0 ], [ 406722.253901005606167, 320359.147199983592145, 0.0 ], [ 406721.542791687010322, 320389.974390254414175, 0.0 ], [ 406733.798217914765701, 320405.67890181299299, 0.0 ], [ 406746.053599880891852, 320421.383432422706392, 0.0 ], [ 406758.308937589637935, 320437.087982082157396, 0.0 ], [ 406770.564231034077238, 320452.792550778540317, 0.0 ], [ 406769.852933338203002, 320483.619748552504461, 0.0 ], [ 406769.141630773083307, 320514.446947523916606, 0.0 ], [ 406781.396788205311168, 320530.151538434671238, 0.0 ], [ 406793.651901376666501, 320545.856148396502249, 0.0 ], [ 406805.906970284413546, 320561.560777407314163, 0.0 ], [ 406831.128507185319904, 320562.142885719775222, 0.0 ], [ 406856.350045779603533, 320562.72506512212567, 0.0 ], [ 406881.571585975238122, 320563.3073156127939, 0.0 ], [ 406906.793127772514708, 320563.889637191256043, 0.0 ], [ 406919.759815475903451, 320548.767218234192114, 0.0 ], [ 406932.726545720128343, 320533.644816367479507, 0.0 ], [ 406945.693318678298965, 320518.522431595425587, 0.0 ], [ 406958.660134264500812, 320503.400063915818464, 0.0 ], [ 406971.626992471981794, 320488.277713326562662, 0.0 ], [ 406972.338985260110348, 320457.450499892642256, 0.0 ], [ 406985.30592710361816, 320442.328166027669795, 0.0 ], [ 406998.272911572596058, 320427.205849241057876, 0.0 ], [ 407011.23993866413366, 320412.083549546892755, 0.0 ], [ 407036.461922905291431, 320412.666216774203349, 0.0 ], [ 407061.683908661536407, 320413.248955087037757, 0.0 ], [ 407086.905896108597517, 320413.831764489063062, 0.0 ], [ 407112.127885163878091, 320414.414644978765864, 0.0 ], [ 407137.349875817773864, 320414.997596556902863, 0.0 ], [ 407162.571867987746373, 320415.580619220621884, 0.0 ], [ 407187.793861849466339, 320416.163712972775102, 0.0 ], [ 407213.015857317601331, 320416.746877813304309, 0.0 ], [ 407238.237854387785774, 320417.330113742267713, 0.0 ], [ 407263.459853064618073, 320417.91342075826833, 0.0 ], [ 407288.681853253860027, 320418.496798859792762, 0.0 ], [ 407300.936297109292354, 320434.20213298156159, 0.0 ], [ 407313.190696697623935, 320449.907486153766513, 0.0 ], [ 407338.412613305030391, 320450.491008395096287, 0.0 ], [ 407350.666925992467441, 320466.196417133091018, 0.0 ], [ 407362.921194418799132, 320481.901844935724512, 0.0 ], [ 407388.143027254845947, 320482.48551131458953, 0.0 ], [ 407401.110678644385189, 320467.363747930154204, 0.0 ], [ 407414.078372659976594, 320452.242001648060977, 0.0 ], [ 407427.046109297312796, 320437.120272443571594, 0.0 ], [ 407440.013888558372855, 320421.998560328793246, 0.0 ], [ 407465.235900078259874, 320422.582436047843657, 0.0 ], [ 407490.457913202233613, 320423.166382856783457, 0.0 ], [ 407515.67992784245871, 320423.750400751247071, 0.0 ], [ 407540.901944184093736, 320424.334489735600073, 0.0 ], [ 407566.123962130281143, 320424.918649809027556, 0.0 ], [ 407591.345981681137346, 320425.502880971645936, 0.0 ], [ 407616.568002749118023, 320426.087183219089638, 0.0 ], [ 407628.821892279200256, 320441.792992172646336, 0.0 ], [ 407641.075737547478639, 320457.498820182285272, 0.0 ], [ 407666.297675033449195, 320458.083266573725268, 0.0 ], [ 407678.551433397689834, 320473.789150150609203, 0.0 ], [ 407690.805147494771518, 320489.495052792073693, 0.0 ], [ 407716.027001313166693, 320490.079643327509984, 0.0 ], [ 407741.248856642632745, 320490.664304948528297, 0.0 ], [ 407766.470713675022125, 320491.249037661473267, 0.0 ], [ 407791.692572316038422, 320491.833841462852433, 0.0 ], [ 407816.914432563236915, 320492.418716354120988, 0.0 ], [ 407842.136294331750832, 320493.003662332310341, 0.0 ], [ 407867.358157797018066, 320493.588679403241258, 0.0 ], [ 407892.5800228738226, 320494.173767561092973, 0.0 ], [ 407917.801889557857066, 320494.758926810289267, 0.0 ], [ 407930.055175633635372, 320510.465177254693117, 0.0 ], [ 407942.308417442953214, 320526.171446757332888, 0.0 ], [ 407954.561614893726073, 320541.877735311107244, 0.0 ], [ 407953.846223690197803, 320572.705027696385514, 0.0 ], [ 407966.099331070494372, 320588.411336888908409, 0.0 ], [ 407978.352394183690194, 320604.117665135359857, 0.0 ], [ 407977.636906294967048, 320634.944961866363883, 0.0 ], [ 407976.921413508127443, 320665.772259803314228, 0.0 ], [ 407976.205915823462419, 320696.599558934103698, 0.0 ], [ 407975.49041324108839, 320727.426859260885976, 0.0 ], [ 407974.774905761238188, 320758.25416076957481, 0.0 ], [ 407987.027695133467205, 320773.960515976825263, 0.0 ], [ 408012.248786233947612, 320774.545977295259945, 0.0 ], [ 408024.501488692592829, 320790.25238808960421, 0.0 ], [ 408023.785797627526335, 320821.079695934487972, 0.0 ], [ 408023.070101663586684, 320851.90700497321086, 0.0 ], [ 408022.354400800948497, 320882.734315207286272, 0.0 ], [ 408021.638695039553568, 320913.561626624607015, 0.0 ], [ 408033.891169641341548, 320929.268062799179461, 0.0 ], [ 408046.143599972245283, 320944.974518027796876, 0.0 ], [ 408045.427797515061684, 320975.801833813427947, 0.0 ], [ 408044.711990158772096, 321006.629150793713052, 0.0 ], [ 408043.996177903143689, 321037.456468955846503, 0.0 ], [ 408043.280360748060048, 321068.28378832526505, 0.0 ], [ 408042.564538693637587, 321099.111108887940645, 0.0 ], [ 408054.816695161862299, 321114.817591076542158, 0.0 ], [ 408067.068807452102192, 321130.524092322739307, 0.0 ], [ 408066.352888697700109, 321161.351417243073229, 0.0 ], [ 408065.636965043609962, 321192.178743346012197, 0.0 ], [ 408064.92103648930788, 321223.006070654839277, 0.0 ], [ 408077.172966800862923, 321238.712595700810198, 0.0 ], [ 408089.42485284054419, 321254.419139802805148, 0.0 ], [ 408101.676694601250347, 321270.125702960940544, 0.0 ], [ 408113.928492091828957, 321285.832285177253652, 0.0 ], [ 408113.21237502945587, 321316.659619994228706, 0.0 ], [ 408125.464082342456095, 321332.366222846496385, 0.0 ], [ 408137.71574537770357, 321348.072844755486585, 0.0 ], [ 408136.999531607259996, 321378.900183940131683, 0.0 ], [ 408136.283312935556751, 321409.727524318674114, 0.0 ], [ 408123.315564038231969, 321424.848239238373935, 0.0 ], [ 408110.347857769229449, 321439.968971247784793, 0.0 ], [ 408097.380194131226745, 321455.089720332645811, 0.0 ], [ 408084.412573128589429, 321470.210486519907136, 0.0 ], [ 408071.444994752528146, 321485.331269796122797, 0.0 ], [ 408058.477459010086022, 321500.452070161991287, 0.0 ], [ 408045.509965896897484, 321515.57288761541713, 0.0 ], [ 408032.542515509994701, 321530.693722160591278, 0.0 ], [ 408019.575107660377398, 321545.814573795476463, 0.0 ], [ 407994.356187487835996, 321545.228992203599773, 0.0 ], [ 407981.388866531546228, 321560.349895491905045, 0.0 ], [ 407980.673139909340534, 321591.177231221692637, 0.0 ], [ 407979.957408388960175, 321622.004568160162307, 0.0 ], [ 407979.241671970812604, 321652.831906291132327, 0.0 ], [ 407978.525930654723197, 321683.659245617396664, 0.0 ], [ 407977.810184440924786, 321714.486586138256826, 0.0 ], [ 407977.094433329533786, 321745.313927842420526, 0.0 ], [ 407989.345711230067536, 321761.020370165584609, 0.0 ], [ 408014.564023024810012, 321761.605965521768667, 0.0 ], [ 408039.782336335803848, 321762.191631975583732, 0.0 ], [ 408052.033484654908534, 321777.898166418948676, 0.0 ], [ 408051.317463006242178, 321808.725516423583031, 0.0 ], [ 408050.601436458062381, 321839.552867620717734, 0.0 ], [ 408049.885405010660179, 321870.38022000179626, 0.0 ], [ 408049.169368663337082, 321901.207573589519598, 0.0 ], [ 408048.453327416733373, 321932.034928370383568, 0.0 ] ] ] ] } },
{ "type": "Feature", "properties": { "Name": "230103#03", "desc": "남창천합류전 n to 230103#05", "area": 8.86, "perim": 20.21 }, "geometry": { "type": "MultiPolygon", "coordinates": [ [ [ [ 406837.370409404917154, 319744.931303157063667, 0.0 ], [ 406849.62662843556609, 319760.635927667841315, 0.0 ], [ 406874.850425924174488, 319761.218056166544557, 0.0 ], [ 406887.818091252469458, 319746.095558195840567, 0.0 ], [ 406900.785799202392809, 319730.973077304894105, 0.0 ], [ 406913.753549768705852, 319715.850613504298963, 0.0 ], [ 406926.721342955890577, 319700.728166791901458, 0.0 ], [ 406951.945318905287422, 319701.31050461664563, 0.0 ], [ 406964.913198946160264, 319686.188109557784628, 0.0 ], [ 406977.881121607264504, 319671.065731587819755, 0.0 ], [ 406990.849086881964467, 319655.943370706168935, 0.0 ], [ 406991.560948062804528, 319625.116189583495725, 0.0 ], [ 406979.304757098201662, 319609.411371311114635, 0.0 ], [ 406967.048521876451559, 319593.706572077760939, 0.0 ], [ 406967.760286438744515, 319562.879395306517836, 0.0 ], [ 406980.728373092133552, 319547.757015810580924, 0.0 ], [ 406993.696502357721329, 319532.634653404296841, 0.0 ], [ 406994.408344040333759, 319501.807477066409774, 0.0 ], [ 407007.376556923962198, 319486.68513136531692, 0.0 ], [ 407020.34481242345646, 319471.562802766624372, 0.0 ], [ 407033.313110537012108, 319456.440491244837176, 0.0 ], [ 407046.281451266258955, 319441.318196811946109, 0.0 ], [ 407059.249834611080587, 319426.195919468067586, 0.0 ], [ 407072.218260483525228, 319411.073659209592734, 0.0 ], [ 407072.930343265528791, 319380.24648177693598, 0.0 ], [ 407073.64242117095273, 319349.419305540970527, 0.0 ], [ 407086.610971735441126, 319334.297061619465239, 0.0 ], [ 407099.579564914456569, 319319.174834776204079, 0.0 ], [ 407112.54820070794085, 319304.05262502055848, 0.0 ], [ 407125.516879117931239, 319288.930432354507502, 0.0 ], [ 407138.485600141691975, 319273.80825677321991, 0.0 ], [ 407151.454363774624653, 319258.686098282923922, 0.0 ], [ 407164.423170025809668, 319243.563956878788304, 0.0 ], [ 407189.648463431396522, 319244.146905012661591, 0.0 ], [ 407202.617356525966898, 319229.024815254204441, 0.0 ], [ 407215.586292238091119, 319213.902742583304644, 0.0 ], [ 407240.811675808799919, 319214.485830913414247, 0.0 ], [ 407253.780698365939315, 319199.36380989884492, 0.0 ], [ 407254.493355047190562, 319168.536627105728257, 0.0 ], [ 407267.462461207935121, 319153.414622782845981, 0.0 ], [ 407292.688021716079675, 319153.997849343460985, 0.0 ], [ 407317.913583738496527, 319154.581146979704499, 0.0 ], [ 407330.882820982369594, 319139.45922885852633, 0.0 ], [ 407343.852100833435543, 319124.337327824207023, 0.0 ], [ 407356.821423300891183, 319109.215443876688369, 0.0 ], [ 407369.790788379847072, 319094.093577013874892, 0.0 ], [ 407382.760196067974903, 319078.971727237920277, 0.0 ], [ 407383.473267526132986, 319048.144539420027286, 0.0 ], [ 407396.442758815770503, 319033.022706345655024, 0.0 ], [ 407421.668674710555933, 319033.606280435167719, 0.0 ], [ 407446.894592305761762, 319034.189925606013276, 0.0 ], [ 407472.120511506684124, 319034.773641853185836, 0.0 ], [ 407497.346432318270672, 319035.357429178257007, 0.0 ], [ 407522.572354736214038, 319035.941287580353674, 0.0 ], [ 407534.828521983057726, 319051.64684279699577, 0.0 ], [ 407547.084645065711811, 319067.352417064830661, 0.0 ], [ 407572.310483845649287, 319067.936419588921126, 0.0 ], [ 407584.566520055115689, 319083.642049420450348, 0.0 ], [ 407596.822512016282417, 319099.347698314406443, 0.0 ], [ 407609.078459722455591, 319115.053366260195617, 0.0 ], [ 407621.33436318236636, 319130.759053257177584, 0.0 ], [ 407634.304172231350094, 319115.637549428851344, 0.0 ], [ 407647.274023800855502, 319100.516062683134805, 0.0 ], [ 407660.243918071093503, 319085.394593022821937, 0.0 ], [ 407673.213854953763075, 319070.273140459961724, 0.0 ], [ 407686.183834446710534, 319055.151704969757702, 0.0 ], [ 407699.153856545279268, 319040.03028656495735, 0.0 ], [ 407712.123921258200426, 319024.908885244862176, 0.0 ], [ 407712.838112120283768, 318994.081674245360773, 0.0 ], [ 407713.552298090828117, 318963.254464440513402, 0.0 ], [ 407714.266479169542436, 318932.427255842252634, 0.0 ], [ 407727.236709440592676, 318917.305870447657071, 0.0 ], [ 407752.462993785098661, 318917.890360676450655, 0.0 ], [ 407777.689279643062036, 318918.47492198087275, 0.0 ], [ 407802.915567206800915, 318919.059554363775533, 0.0 ], [ 407815.885972789488733, 318903.938289712765254, 0.0 ], [ 407828.856420982745476, 318888.817042147216853, 0.0 ], [ 407841.826911781681702, 318873.695811664918438, 0.0 ], [ 407842.541512469993904, 318842.868596797750797, 0.0 ], [ 407830.285535502363928, 318827.162614382104948, 0.0 ], [ 407818.02951428364031, 318811.456651017593686, 0.0 ], [ 407818.7440183267463, 318780.629440520890057, 0.0 ], [ 407819.458517476159614, 318749.802231206791475, 0.0 ], [ 407807.202360261930153, 318734.096290060086176, 0.0 ], [ 407794.946158799808472, 318718.390367965272162, 0.0 ], [ 407795.660561307216994, 318687.563163008890115, 0.0 ], [ 407808.631252130551729, 318672.441878179437481, 0.0 ], [ 407821.601985559798777, 318657.320610445342027, 0.0 ], [ 407834.572761597344652, 318642.199359780352097, 0.0 ], [ 407859.799834080098663, 318642.784116592607461, 0.0 ], [ 407872.770696955733001, 318627.662917564797681, 0.0 ], [ 407885.741602344322018, 318612.541735617443919, 0.0 ], [ 407898.71255043061683, 318597.420570753398351, 0.0 ], [ 407911.683541117468849, 318582.299422971904278, 0.0 ], [ 407924.654574413900264, 318567.178292272321414, 0.0 ], [ 407925.369386708829552, 318536.351083441812079, 0.0 ], [ 407926.084194107039366, 318505.523875815793872, 0.0 ], [ 407939.055351959774271, 318490.40276142267976, 0.0 ], [ 407952.02655241888715, 318475.281664112815633, 0.0 ], [ 407952.741436873679049, 318444.454456894018222, 0.0 ], [ 407965.712720907875337, 318429.333376275142655, 0.0 ], [ 407978.684047550079413, 318414.212312738178298, 0.0 ], [ 407991.655416795285419, 318399.091266283008736, 0.0 ], [ 408004.626828550943173, 318383.970236916851718, 0.0 ], [ 408017.59828299965011, 318368.849224624049384, 0.0 ], [ 408042.826148426393047, 318369.434461217839271, 0.0 ], [ 408055.082472554291598, 318385.140712077904027, 0.0 ], [ 408067.338752436859068, 318400.846981979208067, 0.0 ], [ 408092.566534243058413, 318401.432362692896277, 0.0 ], [ 408104.8227272646036, 318417.138688180537429, 0.0 ], [ 408117.078875945298932, 318432.845032718672883, 0.0 ], [ 408129.334980474610347, 318448.551396314229351, 0.0 ], [ 408141.591040755040012, 318464.25777896028012, 0.0 ], [ 408166.81865370325977, 318464.843376838776749, 0.0 ], [ 408192.046268270816654, 318465.429045792960096, 0.0 ], [ 408205.017952020512894, 318450.308293602312915, 0.0 ], [ 408217.989678373094648, 318435.18755849142326, 0.0 ], [ 408230.961447238107212, 318420.066840458137449, 0.0 ], [ 408243.933258797973394, 318404.946139508800115, 0.0 ], [ 408269.161051904549822, 318405.532017735939007, 0.0 ], [ 408282.132950296101626, 318390.411368426633999, 0.0 ], [ 408295.104891292168759, 318375.290736185095739, 0.0 ], [ 408320.332774478418287, 318375.876754585769959, 0.0 ], [ 408345.560659192851745, 318376.462844057881739, 0.0 ], [ 408370.788545611023437, 318377.049004605622031, 0.0 ], [ 408383.760661905282177, 318361.928493093466386, 0.0 ], [ 408384.477003178442828, 318331.101257108151913, 0.0 ], [ 408397.449203041964211, 318315.98076228419086, 0.0 ], [ 408410.421445506392047, 318300.860284539288841, 0.0 ], [ 408423.393730573880021, 318285.739823871233966, 0.0 ], [ 408436.366058239538688, 318270.619380283693317, 0.0 ], [ 408449.338428507733624, 318255.498953784350306, 0.0 ], [ 408462.310841281432658, 318240.378544352715835, 0.0 ], [ 408475.283296749985311, 318225.258152001537383, 0.0 ], [ 408500.511625489976723, 318225.84465803601779, 0.0 ], [ 408513.484167785267346, 318210.724317309330218, 0.0 ], [ 408526.456752684782259, 318195.603993662341963, 0.0 ], [ 408539.429380183690228, 318180.483687092259061, 0.0 ], [ 408540.146213079569861, 318149.656446411448997, 0.0 ], [ 408553.118924141919706, 318134.536156528105494, 0.0 ], [ 408578.347518177470192, 318135.122869848506525, 0.0 ], [ 408591.320316071854904, 318120.002631599549204, 0.0 ], [ 408604.293156562605873, 318104.882410418998916, 0.0 ], [ 408617.266039651585743, 318089.762206314655486, 0.0 ], [ 408630.238965341006406, 318074.642019290069584, 0.0 ], [ 408655.467738011619076, 318075.228941872075666, 0.0 ], [ 408668.440750525332987, 318060.108806469070259, 0.0 ], [ 408681.413805641233921, 318044.988688144425396, 0.0 ], [ 408694.386903262231499, 318029.868586892436724, 0.0 ], [ 408707.360043573135044, 318014.748502720205579, 0.0 ], [ 408732.588994783931412, 318015.335634559509344, 0.0 ], [ 408757.817947616800666, 318015.922837470192462, 0.0 ], [ 408770.791218984057195, 318000.802839467127342, 0.0 ], [ 408783.764532947854605, 317985.682858552259859, 0.0 ], [ 408808.99357577227056, 317986.270201624545734, 0.0 ], [ 408834.222620304848533, 317986.857615769607946, 0.0 ], [ 408859.451666462351568, 317987.445100986864418, 0.0 ], [ 408884.680714235990308, 317988.03265727480175, 0.0 ], [ 408909.909763632807881, 317988.620284634875134, 0.0 ], [ 408935.138814558100421, 317989.207983063533902, 0.0 ], [ 408960.367867197084706, 317989.795752566482406, 0.0 ], [ 408972.623253640776966, 318005.503297690942418, 0.0 ], [ 408984.87859583820682, 318021.210861884232145, 0.0 ], [ 408997.852265290915966, 318006.091174791275989, 0.0 ], [ 409010.825977337197401, 317990.971504784480203, 0.0 ], [ 409023.799731979786884, 317975.851851843181066, 0.0 ], [ 409036.773529128113296, 317960.732215972500853, 0.0 ], [ 409049.747368964250199, 317945.612597178667784, 0.0 ], [ 409062.721251395938452, 317930.492995461798273, 0.0 ], [ 409075.695176418113988, 317915.373410817526747, 0.0 ], [ 409076.413788751349784, 317884.546139296144247, 0.0 ], [ 409077.132396160508506, 317853.718868979311083, 0.0 ], [ 409077.850998646463268, 317822.891599841415882, 0.0 ], [ 409078.569596208748408, 317792.064331896719523, 0.0 ], [ 409091.543727661832236, 317776.944762745348271, 0.0 ], [ 409116.773397913260851, 317777.532944798469543, 0.0 ], [ 409129.747616185806692, 317762.413427266583312, 0.0 ], [ 409142.721877056465019, 317747.293926808051765, 0.0 ], [ 409155.696180428029038, 317732.174443420080934, 0.0 ], [ 409168.670526482339483, 317717.054977121064439, 0.0 ], [ 409181.644915132317692, 317701.935527882014867, 0.0 ], [ 409194.619346372724976, 317686.816095717658754, 0.0 ], [ 409219.84928362671053, 317687.40455609979108, 0.0 ], [ 409245.07922250701813, 317687.993087550566997, 0.0 ], [ 409270.309162918943912, 317688.5816900691716, 0.0 ], [ 409295.539105049916543, 317689.170363659912255, 0.0 ], [ 409308.513755803927779, 317674.051086737890728, 0.0 ], [ 409321.488449149997905, 317658.931826890620869, 0.0 ], [ 409333.743743785249535, 317674.639865940494929, 0.0 ], [ 409345.998994178371504, 317690.347924049303401, 0.0 ], [ 409358.25420032691909, 317706.056001215591095, 0.0 ], [ 409370.50936222600285, 317721.76409744087141, 0.0 ], [ 409382.764479792444035, 317737.472212709428277, 0.0 ], [ 409382.044850024976768, 317768.299502080306411, 0.0 ], [ 409394.299877553596161, 317784.007638008857612, 0.0 ], [ 409406.554860836418811, 317799.715792997041717, 0.0 ], [ 409405.835134368157014, 317830.543086735589895, 0.0 ], [ 409405.115402968367562, 317861.370381666522007, 0.0 ], [ 409392.140821011154912, 317876.489518024143763, 0.0 ], [ 409379.166281647339929, 317891.608671465713996, 0.0 ], [ 409391.421125634806231, 317907.316813748155255, 0.0 ], [ 409416.650468012725469, 317907.905856587167364, 0.0 ], [ 409441.879812017956283, 317908.494970498257317, 0.0 ], [ 409454.13452654244611, 317924.203204897348769, 0.0 ], [ 409466.389196817064658, 317939.91145835397765, 0.0 ], [ 409491.618457141565159, 317940.500716392067261, 0.0 ], [ 409503.873040560283698, 317956.209025436430238, 0.0 ], [ 409516.127579730877187, 317971.91735354042612, 0.0 ], [ 409528.382074653287418, 317987.625700703414623, 0.0 ], [ 409540.636525329493452, 318003.334066924580839, 0.0 ], [ 409552.890931754955091, 318019.042452194029465, 0.0 ], [ 409565.145293931243941, 318034.750856534461491, 0.0 ], [ 409590.374300320807379, 318035.340404823422432, 0.0 ], [ 409615.603308244200889, 318035.930024182365742, 0.0 ], [ 409627.857540955883451, 318051.638520644395612, 0.0 ], [ 409627.136993439169601, 318082.465841790486593, 0.0 ], [ 409626.416440985864028, 318113.293164124828763, 0.0 ], [ 409625.695883595966734, 318144.120487653068267, 0.0 ], [ 409624.975321269710548, 318174.947812360245734, 0.0 ], [ 409624.25475400686264, 318205.775138270575553, 0.0 ], [ 409636.508713010465726, 318221.48366173444083, 0.0 ], [ 409648.762627765070647, 318237.192204258637503, 0.0 ], [ 409648.041963781113736, 318268.019534537335858, 0.0 ], [ 409647.321294860390481, 318298.846865995030385, 0.0 ], [ 409659.575073573039845, 318314.555430756881833, 0.0 ], [ 409671.828808037971612, 318330.26401458051987, 0.0 ], [ 409671.108042393054347, 318361.091350416478235, 0.0 ], [ 409683.361686711432412, 318376.799954889458604, 0.0 ], [ 409695.615286774351262, 318392.508578420674894, 0.0 ], [ 409694.894424403086305, 318423.335918626456987, 0.0 ], [ 409694.173557093949057, 318454.163260012632236, 0.0 ], [ 409706.42702102358453, 318469.871905780746602, 0.0 ], [ 409718.680440789205022, 318485.580570613499731, 0.0 ], [ 409730.933816302684136, 318501.289254503790289, 0.0 ], [ 409743.90819844865473, 318486.170609702938236, 0.0 ], [ 409756.882623197510839, 318471.051981974800583, 0.0 ], [ 409782.110426725761499, 318471.642126686696429, 0.0 ], [ 409807.338231878937222, 318472.23234247363871, 0.0 ], [ 409819.591481105308048, 318487.94115343305748, 0.0 ], [ 409831.844686164637096, 318503.649983453564346, 0.0 ], [ 409844.097846971126273, 318519.358832537254784, 0.0 ], [ 409856.35096351779066, 318535.067700679181144, 0.0 ], [ 409868.604035813477822, 318550.776587884232868, 0.0 ], [ 409880.857063853472937, 318566.485494150372688, 0.0 ], [ 409906.084614956052974, 318567.076000212167855, 0.0 ], [ 409931.312167598691303, 318567.66657734970795, 0.0 ], [ 409943.565066151611973, 318583.375575733138248, 0.0 ], [ 409955.817920452449471, 318599.084593188250437, 0.0 ], [ 409981.045389586652163, 318599.675314471882302, 0.0 ], [ 410006.272860347060487, 318600.266106833296362, 0.0 ], [ 410031.500332738331053, 318600.856970273191109, 0.0 ], [ 410056.72780666599283, 318601.447904788074084, 0.0 ], [ 410069.702641083044, 318586.329710257356055, 0.0 ], [ 410082.677518095471896, 318571.211532809189521, 0.0 ], [ 410107.905082229175605, 318571.802607490564696, 0.0 ], [ 410133.132647992344573, 318572.393753250478767, 0.0 ], [ 410145.385205641039647, 318588.103043906448875, 0.0 ], [ 410157.637718946672976, 318603.812353634100873, 0.0 ], [ 410169.890188082354143, 318619.521682424936444, 0.0 ], [ 410182.142612962576095, 318635.23103028035257, 0.0 ], [ 410194.394993580062874, 318650.940397198253777, 0.0 ], [ 410193.672354575828649, 318681.767786717857234, 0.0 ], [ 410192.94971062161494, 318712.595177429204341, 0.0 ], [ 410192.227061717770994, 318743.422569317510352, 0.0 ], [ 410191.504407863947563, 318774.249962407397106, 0.0 ], [ 410190.781749060144648, 318805.077356684836559, 0.0 ], [ 410190.05908530659508, 318835.904752153379377, 0.0 ], [ 410177.084357314568479, 318851.022770759183913, 0.0 ], [ 410164.109671918326057, 318866.140806425653864, 0.0 ], [ 410163.387085126247257, 318896.968202280753758, 0.0 ], [ 410163.025789874081966, 318912.381900655513164, 0.0 ], [ 410175.639096869330388, 318912.677564451470971, 0.0 ], [ 410200.865712077356875, 318913.268945353804156, 0.0 ], [ 410213.840402408386581, 318898.150962093553971, 0.0 ], [ 410226.815135337645188, 318883.032995906018186, 0.0 ], [ 410252.041840666672215, 318883.624516976997256, 0.0 ], [ 410265.016660353983752, 318868.506602401786949, 0.0 ], [ 410277.991522729105782, 318853.38870491203852, 0.0 ], [ 410290.966427704435773, 318838.270824482897297, 0.0 ], [ 410303.941375281778164, 318823.152961124316789, 0.0 ], [ 410329.168259225669317, 318823.744691451196559, 0.0 ], [ 410342.143293643370271, 318808.626879706454929, 0.0 ], [ 410355.1183706651791, 318793.509085033612791, 0.0 ], [ 410368.093490283645224, 318778.39130743133137, 0.0 ], [ 410381.068652413436212, 318763.273546896758489, 0.0 ], [ 410394.043857227428816, 318748.1558034348418, 0.0 ], [ 410407.019104644597974, 318733.038077042787336, 0.0 ], [ 410419.994394659996033, 318717.920367734681349, 0.0 ], [ 410420.717820333782583, 318687.092959087458439, 0.0 ], [ 410433.69319389667362, 318671.975266434252262, 0.0 ], [ 410446.668610057211481, 318656.857590851606801, 0.0 ], [ 410447.392112677393015, 318626.030182588146999, 0.0 ], [ 410460.367612385889515, 318610.912523673148826, 0.0 ], [ 410473.343154693837278, 318595.794881825800985, 0.0 ], [ 410474.066734257736243, 318564.967473958211485, 0.0 ], [ 410487.042360109859146, 318549.849848778452724, 0.0 ], [ 410500.018028468126431, 318534.732240666460712, 0.0 ], [ 410512.993739513098262, 318519.614649623574223, 0.0 ], [ 410538.221505087101832, 318520.206928642233834, 0.0 ], [ 410563.449272289406508, 318520.799278738675639, 0.0 ], [ 410588.677041127113625, 318521.391699912201148, 0.0 ], [ 410600.928923575207591, 318537.101645041781012, 0.0 ], [ 410613.180761674069799, 318552.811609230993781, 0.0 ], [ 410638.408446921035647, 318553.404174557712395, 0.0 ], [ 410650.660198242287152, 318569.11419435380958, 0.0 ], [ 410662.911905301269144, 318584.82423321378883, 0.0 ], [ 410688.139506959938444, 318585.416942693002056, 0.0 ], [ 410701.115488417795859, 318570.29961131530581, 0.0 ], [ 410714.091512471670285, 318555.182297006773297, 0.0 ], [ 410739.319204164203256, 318555.775146643980406, 0.0 ], [ 410764.546897583641112, 318556.36806736321887, 0.0 ], [ 410777.523052720935084, 318541.250839204760268, 0.0 ], [ 410778.247664629830979, 318510.423409750219434, 0.0 ], [ 410778.972271575126797, 318479.595981483231299, 0.0 ], [ 410779.696873556356877, 318448.768554415844847, 0.0 ], [ 410780.421470574219711, 318417.941128525999375, 0.0 ], [ 410781.146062628366053, 318387.113703823648393, 0.0 ], [ 410794.122465085994918, 318371.996490709774662, 0.0 ], [ 410807.098910137545317, 318356.87929466215428, 0.0 ], [ 410807.823579115909524, 318326.051870338676963, 0.0 ], [ 410795.571716190723237, 318310.341644071682822, 0.0 ], [ 410783.319809008098673, 318294.631436861527618, 0.0 ], [ 410784.044381207320839, 318263.804016911366489, 0.0 ], [ 410784.76894844265189, 318232.976598151552025, 0.0 ], [ 410797.745555617671926, 318217.859383012459148, 0.0 ], [ 410810.722205385158304, 318202.742184938222636, 0.0 ], [ 410811.44684954121476, 318171.914766567177139, 0.0 ], [ 410812.171488733147271, 318141.087349372974131, 0.0 ], [ 410812.896122960664798, 318110.259933367720805, 0.0 ], [ 410800.643938689026982, 318094.549718243652023, 0.0 ], [ 410788.391710161813535, 318078.839522184163798, 0.0 ], [ 410776.139437379315495, 318063.129345189256128, 0.0 ], [ 410750.910354345105588, 318062.536456434347201, 0.0 ], [ 410738.657994702050928, 318046.826335042074788, 0.0 ], [ 410726.405590894049965, 318031.116232727887109, 0.0 ], [ 410714.153142739261966, 318015.406149464135524, 0.0 ], [ 410701.900650330120698, 317999.696085265662987, 0.0 ], [ 410689.64811367157381, 317983.986040130374022, 0.0 ], [ 410677.395532754366286, 317968.276014061062597, 0.0 ], [ 410665.142907585657667, 317952.566007054236252, 0.0 ], [ 410652.890238161198795, 317936.856019112747163, 0.0 ], [ 410627.660815924580675, 317936.263493719452526, 0.0 ], [ 410615.408059734792914, 317920.553561379900202, 0.0 ], [ 410603.155259202059824, 317904.843648101377767, 0.0 ], [ 410590.902414413867518, 317889.133753899426665, 0.0 ], [ 410578.649525375803933, 317873.423878747969866, 0.0 ], [ 410553.41993435646873, 317872.831570569134783, 0.0 ], [ 410541.166958459769376, 317857.121751016762573, 0.0 ], [ 410541.890592746203765, 317826.294367680384312, 0.0 ], [ 410542.614222074626014, 317795.466985530860256, 0.0 ], [ 410543.337846444977913, 317764.639604570926167, 0.0 ], [ 410544.06146585685201, 317733.812224811292253, 0.0 ], [ 410531.808262111269869, 317718.10243069299031, 0.0 ], [ 410519.555014117446262, 317702.392655638570432, 0.0 ], [ 410520.278536774800159, 317671.565280240902212, 0.0 ], [ 410508.025198722898494, 317655.855525845079683, 0.0 ], [ 410495.771816331078298, 317640.145790510287043, 0.0 ], [ 410483.518389687291346, 317624.436074238677975, 0.0 ], [ 410471.264918796310667, 317608.726377040205989, 0.0 ], [ 410459.011403656448238, 317593.016698893508874, 0.0 ], [ 410446.757844267471228, 317577.307039811450522, 0.0 ], [ 410459.734691871213727, 317562.189332648238633, 0.0 ], [ 410484.96514474612195, 317562.781336576794274, 0.0 ], [ 410497.942079174332321, 317547.66368101676926, 0.0 ], [ 410510.919056187500246, 317532.546042525907978, 0.0 ], [ 410536.149599076074082, 317533.138186596159358, 0.0 ], [ 410549.126662913477048, 317518.020599705690984, 0.0 ], [ 410562.103769337292761, 317502.903029883571435, 0.0 ], [ 410575.080918343213852, 317487.785477126366459, 0.0 ], [ 410575.804579965828452, 317456.95810606732266, 0.0 ], [ 410576.528236629790626, 317426.130736184481066, 0.0 ], [ 410577.25188833498396, 317395.303367491927929, 0.0 ], [ 410577.975535081117414, 317364.475999986927491, 0.0 ], [ 410590.952890426793601, 317349.358462679374497, 0.0 ], [ 410603.930288354924414, 317334.240942446631379, 0.0 ], [ 410604.654012014856562, 317303.413575321843382, 0.0 ], [ 410617.63149346614955, 317288.296071739750914, 0.0 ], [ 410642.862737560470123, 317288.888484107155818, 0.0 ], [ 410655.840305827150587, 317273.771032125398051, 0.0 ], [ 410656.564193228667136, 317242.94366338045802, 0.0 ], [ 410657.2880756695522, 317212.116295825864654, 0.0 ], [ 410658.011953149340115, 317181.288929468020797, 0.0 ], [ 410658.735825668554753, 317150.461564288474619, 0.0 ], [ 410659.459693226963282, 317119.634200298518408, 0.0 ], [ 410647.20574195246445, 317103.924291908100713, 0.0 ], [ 410634.951746523147449, 317088.214402583020274, 0.0 ], [ 410635.67551733268192, 317057.387042979127727, 0.0 ], [ 410636.39928318222519, 317026.559684551437385, 0.0 ], [ 410637.12304407148622, 316995.732327313395217, 0.0 ], [ 410637.846800000465009, 316964.904971264302731, 0.0 ], [ 410638.570550968928728, 316934.077616402646527, 0.0 ], [ 410651.54856776422821, 316918.960142504016403, 0.0 ], [ 410664.526627230807208, 316903.842685659648851, 0.0 ], [ 410677.504729278036393, 316888.725245880137663, 0.0 ], [ 410690.482873907894827, 316873.60782316478435, 0.0 ], [ 410691.206783641013317, 316842.78046786977211, 0.0 ], [ 410691.930688412394375, 316811.953113764466252, 0.0 ], [ 410692.654588222096208, 316781.125760856550187, 0.0 ], [ 410680.400174719106872, 316765.415833465231117, 0.0 ], [ 410668.145716976840049, 316749.705925136455335, 0.0 ], [ 410668.869520043022931, 316718.87857659405563, 0.0 ], [ 410681.847867671924178, 316703.761134381464217, 0.0 ], [ 410694.826257881941274, 316688.643709232332185, 0.0 ], [ 410695.550137845275458, 316657.816361068049446, 0.0 ], [ 410696.27401284663938, 316626.989014101913199, 0.0 ], [ 410709.252527489792556, 316611.871605205466039, 0.0 ], [ 410722.231084713130258, 316596.754213369626086, 0.0 ], [ 410735.209684509318322, 316581.636838596547022, 0.0 ], [ 410748.188326887669973, 316566.519480887567624, 0.0 ], [ 410761.167011843295768, 316551.402140241407324, 0.0 ], [ 410774.145739283587318, 316536.284816654457245, 0.0 ], [ 410774.869854887481779, 316505.457468429289293, 0.0 ], [ 410775.593965527485125, 316474.630121404363308, 0.0 ], [ 410776.31807120423764, 316443.802775555639528, 0.0 ], [ 410777.042171917273663, 316412.975430896563921, 0.0 ], [ 410790.021105727995746, 316397.858122747915331, 0.0 ], [ 410803.000082114129327, 316382.740831662784331, 0.0 ], [ 410815.979101078002714, 316367.623557650251314, 0.0 ], [ 410841.212961389333941, 316368.216407481464557, 0.0 ], [ 410854.192067152122036, 316353.099185049475636, 0.0 ], [ 410841.93726672657067, 316337.389060787972994, 0.0 ], [ 410829.682422062905971, 316321.678955588897225, 0.0 ], [ 410817.427533161186147, 316305.968869455857202, 0.0 ], [ 410805.172600019490346, 316290.258802383148577, 0.0 ], [ 410792.917622642649803, 316274.548754373623524, 0.0 ], [ 410780.662601028452627, 316258.838725426525343, 0.0 ], [ 410781.386671959422529, 316228.011387906677555, 0.0 ], [ 410769.131560311070643, 316212.301379620272201, 0.0 ], [ 410756.876404333685059, 316196.59139039425645, 0.0 ], [ 410757.600378527655266, 316165.764057239925023, 0.0 ], [ 410770.579595508985221, 316150.64671130978968, 0.0 ], [ 410783.558854971081018, 316135.529382439563051, 0.0 ], [ 410796.538157096656505, 316120.412070632795803, 0.0 ], [ 410821.772710261342581, 316121.004833389190026, 0.0 ], [ 410834.752099183388054, 316105.887573172862176, 0.0 ], [ 410835.476318912231363, 316075.060237588302698, 0.0 ], [ 410835.838426914822776, 316059.646570236072876, 0.0 ], [ 410823.221062910859473, 316059.35016421333421, 0.0 ], [ 410810.965762672072742, 316043.640109900152311, 0.0 ], [ 410798.710418200411368, 316027.930074648757, 0.0 ], [ 410786.455029494012706, 316012.220058459788561, 0.0 ], [ 410774.19959664309863, 315996.51006133685587, 0.0 ], [ 410761.944119465304539, 315980.800083274254575, 0.0 ], [ 410749.68859805323882, 315965.090124273439869, 0.0 ], [ 410724.45361576997675, 315964.497584701573942, 0.0 ], [ 410712.19800754240714, 315948.787681302637793, 0.0 ], [ 410699.942355079110712, 315933.077796956989914, 0.0 ], [ 410687.686658384627663, 315917.367931673827115, 0.0 ], [ 410675.430917457095347, 315901.658085450297222, 0.0 ], [ 410663.17513238650281, 315885.948258291347884, 0.0 ], [ 410650.919302992988378, 315870.238450193486642, 0.0 ], [ 410638.663429364794865, 315854.528661156597082, 0.0 ], [ 410639.386914947535843, 315823.701351076248102, 0.0 ], [ 410640.110395569587126, 315792.874042196781375, 0.0 ], [ 410640.833871231530793, 315762.046734492818359, 0.0 ], [ 410628.57781572942622, 315746.336969300347846, 0.0 ], [ 410616.321715993690304, 315730.627223170362413, 0.0 ], [ 410604.065572031540796, 315714.91749610210536, 0.0 ], [ 410591.809383834130131, 315699.207788094237912, 0.0 ], [ 410592.532671014545485, 315668.380487967806403, 0.0 ], [ 410580.276392707019113, 315652.670800617022905, 0.0 ], [ 410568.020070171740372, 315636.961132325930521, 0.0 ], [ 410555.763703496893868, 315621.251483097963501, 0.0 ], [ 410543.50729250209406, 315605.541852929687593, 0.0 ], [ 410544.230391208664514, 315574.714560359541792, 0.0 ], [ 410544.953484957222827, 315543.887268976250198, 0.0 ], [ 410532.696937974891625, 315528.177661068271846, 0.0 ], [ 410520.440346766496077, 315512.468072209972888, 0.0 ], [ 410508.183711329824291, 315496.758502412063535, 0.0 ], [ 410482.947443406563252, 315496.166703410737682, 0.0 ], [ 410470.690721159800887, 315480.457189199863933, 0.0 ], [ 410458.433954689884558, 315464.747694051475264, 0.0 ], [ 410446.177144077955745, 315449.038217964814976, 0.0 ], [ 410433.920289150672033, 315433.328760936390609, 0.0 ], [ 410408.683852549060248, 315432.737179094925523, 0.0 ], [ 410396.426910813199356, 315417.027777652197983, 0.0 ], [ 410384.169924852903932, 315401.318395270442124, 0.0 ], [ 410358.933404727082234, 315400.7269575347309, 0.0 ], [ 410346.676331961061805, 315385.017630750720855, 0.0 ], [ 410334.419215056812391, 315369.308323016390204, 0.0 ], [ 410309.1826114114956, 315368.717029387131333, 0.0 ], [ 410296.925407614558935, 315353.007777235645335, 0.0 ], [ 410284.668159589695279, 315337.29854414309375, 0.0 ], [ 410259.431472422729712, 315336.707394617435057, 0.0 ], [ 410234.194786888780072, 315336.116316144820303, 0.0 ], [ 410221.937409571313765, 315320.407175166765228, 0.0 ], [ 410209.679987943207379, 315304.698053244035691, 0.0 ], [ 410197.422522085718811, 315288.988950380298775, 0.0 ], [ 410185.165012005949393, 315273.279866575438064, 0.0 ], [ 410159.928157793125138, 315272.689005254942458, 0.0 ], [ 410147.670560910715722, 315256.979977033624891, 0.0 ], [ 410148.392216418404132, 315226.152729526569601, 0.0 ], [ 410136.134529439965263, 315210.443721957446542, 0.0 ], [ 410123.876798240467906, 315194.734733446559403, 0.0 ], [ 410111.619022907572798, 315179.025763998099137, 0.0 ], [ 410099.361203261651099, 315163.316813603625633, 0.0 ], [ 410100.082670345378574, 315132.489573647209909, 0.0 ], [ 410087.824760606046766, 315116.780643904930912, 0.0 ], [ 410075.566806648741476, 315101.071733232180122, 0.0 ], [ 410076.288177049485967, 315070.244497651932761, 0.0 ], [ 410064.03013299847953, 315054.535607618629001, 0.0 ], [ 410051.772044725832529, 315038.826736644259654, 0.0 ], [ 410039.513912234222516, 315023.117884726729244, 0.0 ], [ 410027.255735518818256, 315007.409051868773531, 0.0 ], [ 410014.99751458724495, 314991.700238068355247, 0.0 ], [ 410002.739249520353042, 314975.991443327628076, 0.0 ], [ 410015.718650709139183, 314960.873011651856359, 0.0 ], [ 410028.698094548366498, 314945.754597029590514, 0.0 ], [ 410016.43978188559413, 314930.045786414993927, 0.0 ], [ 410004.18142508843448, 314914.336994860030245, 0.0 ], [ 410004.902505454374477, 314883.509772404679097, 0.0 ], [ 409992.644058484816924, 314867.801001498359255, 0.0 ], [ 409980.385567295772489, 314852.092249650275335, 0.0 ], [ 409968.127031887532212, 314836.38351685757516, 0.0 ], [ 409942.888977363298181, 314835.793322937272023, 0.0 ], [ 409930.6303551637684, 314820.084645736555103, 0.0 ], [ 409918.371688741259277, 314804.375987579929642, 0.0 ], [ 409893.133550794329494, 314803.785937753331382, 0.0 ], [ 409880.154165964166168, 314818.904544086486567, 0.0 ], [ 409867.174823693407234, 314834.023167467559688, 0.0 ], [ 409854.195523988571949, 314849.141807924082968, 0.0 ], [ 409841.216266845702194, 314864.260465441271663, 0.0 ], [ 409828.237052267068066, 314879.379140021861531, 0.0 ], [ 409815.257880257675424, 314894.497831665212288, 0.0 ], [ 409802.278750808269251, 314909.616540370625444, 0.0 ], [ 409789.299663926009089, 314924.735266138799489, 0.0 ], [ 409776.320619698963128, 314939.854008971829899, 0.0 ], [ 409763.341617947211489, 314954.972768865525723, 0.0 ], [ 409750.362658758531325, 314970.091545812028926, 0.0 ], [ 409737.383742135250941, 314985.210339831886813, 0.0 ], [ 409724.404868082376197, 315000.32915091450559, 0.0 ], [ 409736.663555710576475, 315016.037545507017057, 0.0 ], [ 409748.922199123771861, 315031.745959156367462, 0.0 ], [ 409748.201961897313595, 315062.573167615104467, 0.0 ], [ 409735.223168044118211, 315077.691960429016035, 0.0 ], [ 409722.244416762085166, 315092.810770308598876, 0.0 ], [ 409709.265708042657934, 315107.929597240232397, 0.0 ], [ 409684.028450911981054, 315107.340095865365583, 0.0 ], [ 409671.409822961897589, 315107.045371821441222, 0.0 ], [ 409671.049828973249532, 315122.458974400244188, 0.0 ], [ 409670.329837293131277, 315153.28618044994073, 0.0 ], [ 409657.351298932451755, 315168.405075651709922, 0.0 ], [ 409644.37280305189779, 315183.523987912747543, 0.0 ], [ 409631.394349736976437, 315198.642917238583323, 0.0 ], [ 409606.157357866410166, 315198.053623038460501, 0.0 ], [ 409593.178991329390556, 315213.172603958344553, 0.0 ], [ 409605.437570815964136, 315228.880827084940393, 0.0 ], [ 409617.696106079150923, 315244.589069255627692, 0.0 ], [ 409604.717778829683084, 315259.708032310416456, 0.0 ], [ 409591.739494146546349, 315274.827012429421302, 0.0 ], [ 409591.019738151575439, 315305.654218457173556, 0.0 ], [ 409578.041536967386492, 315320.77321523957653, 0.0 ], [ 409565.063378352671862, 315335.892229088232853, 0.0 ], [ 409564.343699278309941, 315366.719435505452566, 0.0 ], [ 409551.36562416201923, 315381.838466007553507, 0.0 ], [ 409538.38759170321282, 315396.95751358801499, 0.0 ], [ 409525.409601726918481, 315412.076578232576139, 0.0 ], [ 409512.431654320913367, 315427.195659942051861, 0.0 ], [ 409511.712134028901346, 315458.022865950013511, 0.0 ], [ 409523.970474349102005, 315473.730992237629835, 0.0 ], [ 409536.22877044591587, 315489.439137584122363, 0.0 ], [ 409548.487022231565788, 315505.147301982447971, 0.0 ], [ 409573.723142921575345, 315505.736473992990796, 0.0 ], [ 409585.981307988869958, 315521.444693962170277, 0.0 ], [ 409598.239428834291175, 315537.15293299726909, 0.0 ], [ 409623.475465988740325, 315537.742249104368966, 0.0 ], [ 409648.711504775797948, 315538.331636265909765, 0.0 ], [ 409660.969496141187847, 315554.039967402059119, 0.0 ], [ 409673.227443367242813, 315569.748317595745903, 0.0 ], [ 409685.485346373054199, 315585.456686847668607, 0.0 ], [ 409684.76519383455161, 315616.283912745886482, 0.0 ], [ 409697.023006745381281, 315631.992302644997835, 0.0 ], [ 409709.280775432707742, 315647.700711601646617, 0.0 ], [ 409721.538499889837112, 315663.409139604482334, 0.0 ], [ 409733.796180125151295, 315679.117586676147766, 0.0 ], [ 409733.075839175609872, 315709.94482012919616, 0.0 ], [ 409732.355493286857381, 315740.77205477404641, 0.0 ], [ 409719.377599831204861, 315755.890838763501961, 0.0 ], [ 409706.399748953001108, 315771.009639819210861, 0.0 ], [ 409705.679479987185914, 315801.836874840082601, 0.0 ], [ 409692.701712608744856, 315816.955692561983597, 0.0 ], [ 409679.723987806355581, 315832.074527348042466, 0.0 ], [ 409666.746305575361475, 315847.193379199015908, 0.0 ], [ 409641.511133237392642, 315846.603901072230656, 0.0 ], [ 409616.275962436804548, 315846.014493999944534, 0.0 ], [ 409591.040793268068228, 315845.425157982041128, 0.0 ], [ 409578.063286258256994, 315860.544130498019513, 0.0 ], [ 409565.08582182507962, 315875.663120080251247, 0.0 ], [ 409539.85074271709891, 315875.073924183554482, 0.0 ], [ 409526.873365162056871, 315890.192965367576107, 0.0 ], [ 409513.896030094125308, 315905.312023615057115, 0.0 ], [ 409500.918737601023167, 315920.431098928849678, 0.0 ], [ 409487.941487681237049, 315935.550191301852465, 0.0 ], [ 409462.70658706233371, 315934.961204593768343, 0.0 ], [ 409437.471688073943369, 315934.372288943675812, 0.0 ], [ 409412.236790801689494, 315933.78344435011968, 0.0 ], [ 409387.001895069493912, 315933.194670812401455, 0.0 ], [ 409361.767000962630846, 315932.605968329124153, 0.0 ], [ 409336.532108485873323, 315932.017336903139949, 0.0 ], [ 409311.297217631828971, 315931.42877653153846, 0.0 ], [ 409286.062328499509022, 315930.840287220024038, 0.0 ], [ 409273.08547488017939, 315945.959672939789016, 0.0 ], [ 409260.108663834515028, 315961.079075727204327, 0.0 ], [ 409247.131895369850099, 315976.198495583084878, 0.0 ], [ 409234.155169477162417, 315991.317932509467937, 0.0 ], [ 409208.920458739157766, 315990.729652388719842, 0.0 ], [ 409183.685749719908927, 315990.141443326661829, 0.0 ], [ 409170.709154834039509, 316005.260966389672831, 0.0 ], [ 409157.732602529693395, 316020.380506521731149, 0.0 ], [ 409144.756092797906604, 316035.500063721556216, 0.0 ], [ 409131.779625645838678, 316050.619637991883792, 0.0 ], [ 409118.803201069356874, 316065.739229318569414, 0.0 ], [ 409105.826819074980449, 316080.858837727166247, 0.0 ], [ 409092.850479653803632, 316095.978463205625303, 0.0 ], [ 409092.132239722530358, 316126.805663615174126, 0.0 ], [ 409079.15598382067401, 316141.925305764074437, 0.0 ], [ 409053.921716954675503, 316141.337442056974396, 0.0 ], [ 409040.945547849405557, 316156.45713581261225, 0.0 ], [ 409027.969421320827678, 316171.576846638752613, 0.0 ], [ 409002.735244420706294, 316170.98912306065904, 0.0 ], [ 408977.501069142948836, 316170.401470537704881, 0.0 ], [ 408952.266895581793506, 316169.813889074837789, 0.0 ], [ 408927.032723552139942, 316169.226378667110112, 0.0 ], [ 408914.056816464755684, 316184.346244708634913, 0.0 ], [ 408913.339169414306525, 316215.17343479039846, 0.0 ], [ 408912.62151744402945, 316246.000626076653134, 0.0 ], [ 408924.87964480946539, 316261.707953700621147, 0.0 ], [ 408937.137727944354992, 316277.41530037712073, 0.0 ], [ 408936.419979325379245, 316308.24249603174394, 0.0 ], [ 408923.444234380789567, 316323.362343023531139, 0.0 ], [ 408910.468532014871016, 316338.482207075983752, 0.0 ], [ 408897.492872234317474, 316353.602088210289367, 0.0 ], [ 408872.259224300622009, 316353.014708017872181, 0.0 ], [ 408859.283651315548923, 316368.134640763164498, 0.0 ], [ 408858.566148368350696, 316398.961834042042028, 0.0 ], [ 408845.590658910921775, 316414.081783463479951, 0.0 ], [ 408832.615212125703692, 316429.201749957515858, 0.0 ], [ 408819.639807829866186, 316444.321733520715497, 0.0 ], [ 408806.664446118869819, 316459.441734143823851, 0.0 ], [ 408805.947102041449398, 316490.268927038239781, 0.0 ], [ 408792.971823860309087, 316505.38894435018301, 0.0 ], [ 408767.738616477698088, 316504.80183848174056, 0.0 ], [ 408742.505410719662905, 316504.214803674782161, 0.0 ], [ 408729.530263554188423, 316519.33490713610081, 0.0 ], [ 408716.555159064417239, 316534.455027672229335, 0.0 ], [ 408703.580097065540031, 316549.575165280257352, 0.0 ], [ 408690.605077654763591, 316564.695319960941561, 0.0 ], [ 408665.372050386329647, 316564.108494369545951, 0.0 ], [ 408652.397117772430647, 316579.228700659878086, 0.0 ], [ 408639.422227744769771, 316594.348924026358873, 0.0 ], [ 408614.189290532725863, 316593.762238575262018, 0.0 ], [ 408588.956355033849832, 316593.175624184950721, 0.0 ], [ 408563.723421063041314, 316592.589080854086205, 0.0 ], [ 408551.465201870538294, 316576.882247057044879, 0.0 ], [ 408539.206938452844042, 316561.175432313990314, 0.0 ], [ 408513.973920908640139, 316560.589033081778325, 0.0 ], [ 408488.740905077080242, 316560.002704911748879, 0.0 ], [ 408463.507890772772953, 316559.416447799711023, 0.0 ], [ 408438.274878088152036, 316558.830261746305041, 0.0 ], [ 408425.300343430251814, 316573.950778899306897, 0.0 ], [ 408412.325851354631595, 316589.071313127060421, 0.0 ], [ 408387.092928724712692, 316588.485267214651685, 0.0 ], [ 408374.118523543234915, 316603.60585304844426, 0.0 ], [ 408361.144160854048096, 316618.726455967698712, 0.0 ], [ 408335.911328276328277, 316618.140550197742414, 0.0 ], [ 408322.937052389141172, 316633.261204730079044, 0.0 ], [ 408309.96281908970559, 316648.381876338622533, 0.0 ], [ 408284.730076563544571, 316647.796110711060464, 0.0 ], [ 408259.497335743391886, 316647.210416146437638, 0.0 ], [ 408246.523233462823555, 316662.331173911399674, 0.0 ], [ 408233.549173768493347, 316677.451948753267061, 0.0 ], [ 408208.316522906650789, 316676.86639432964148, 0.0 ], [ 408183.083873666939326, 316676.280910966859665, 0.0 ], [ 408157.851226042199414, 316675.695498663466424, 0.0 ], [ 408132.618580127076712, 316675.110157422255725, 0.0 ], [ 408107.385935736470856, 316674.524887239735108, 0.0 ], [ 408094.412139709689654, 316689.645851866458543, 0.0 ], [ 408081.438386269786861, 316704.76683357078582, 0.0 ], [ 408056.205831927771214, 316704.181703532813117, 0.0 ], [ 408043.946944212308154, 316688.475593766139355, 0.0 ], [ 408031.688012358557899, 316672.769503051356878, 0.0 ], [ 408006.455374431214295, 316672.184517108486034, 0.0 ], [ 407994.196355661959387, 316656.478481960191857, 0.0 ], [ 407981.937292660062667, 316640.772465862333775, 0.0 ], [ 407956.704571152105927, 316640.187624012527522, 0.0 ], [ 407931.471851262031123, 316639.602853222750127, 0.0 ], [ 407918.498323875421192, 316654.724060041946359, 0.0 ], [ 407905.524838983255904, 316669.845283935195766, 0.0 ], [ 407892.551396680704784, 316684.966524906107225, 0.0 ], [ 407891.837138652452268, 316715.793656152673066, 0.0 ], [ 407878.863779897568747, 316730.914913801068906, 0.0 ], [ 407865.890463727759197, 316746.036188536323607, 0.0 ], [ 407865.176282724598423, 316776.863320199248847, 0.0 ], [ 407852.203050106065348, 316791.984611622639932, 0.0 ], [ 407839.229860076040495, 316807.105920123693068, 0.0 ], [ 407826.256712632370181, 316822.22724570374703, 0.0 ], [ 407813.283607779769227, 316837.348588360007852, 0.0 ], [ 407812.569585728342645, 316868.17571965046227, 0.0 ], [ 407799.596564519568346, 316883.297078997711651, 0.0 ], [ 407786.623585805529729, 316898.418455421924591, 0.0 ], [ 407773.650649681338109, 316913.539848923683167, 0.0 ], [ 407760.677756149147172, 316928.661259503802285, 0.0 ], [ 407759.96389305574121, 316959.488390446582343, 0.0 ], [ 407746.99108307500137, 316974.609817715594545, 0.0 ], [ 407734.018315689638257, 316989.731262064306065, 0.0 ], [ 407733.304529632208869, 317020.558393412793521, 0.0 ], [ 407720.331845797481947, 317035.6798544532503, 0.0 ], [ 407695.100269066693727, 317035.095697572687641, 0.0 ], [ 407669.868694041331764, 317034.511611755064223, 0.0 ], [ 407644.637120538565796, 317033.927596997469664, 0.0 ], [ 407619.405548646114767, 317033.343653302174062, 0.0 ], [ 407594.173978363804054, 317032.759780669061001, 0.0 ], [ 407581.201558210363146, 317047.8814315177151, 0.0 ], [ 407580.488283301121555, 317078.708553444768768, 0.0 ], [ 407567.51594679185655, 317093.830220988660585, 0.0 ], [ 407554.543652786931489, 317108.95190560730407, 0.0 ], [ 407553.830454924202058, 317139.779027947166469, 0.0 ], [ 407553.117252173600718, 317170.606151490821503, 0.0 ], [ 407552.404044535127468, 317201.433276230527554, 0.0 ], [ 407551.690832009015139, 317232.260402165469714, 0.0 ], [ 407538.718744469399098, 317247.382102318806574, 0.0 ], [ 407525.746699523413554, 317262.503819549747277, 0.0 ], [ 407525.033564048120752, 317293.3309458947042, 0.0 ], [ 407524.320423685479909, 317324.158073447702918, 0.0 ], [ 407523.607278435723856, 317354.985202194598969, 0.0 ], [ 407510.635398990940303, 317370.106935348245315, 0.0 ], [ 407485.40479022951331, 317369.523325308400672, 0.0 ], [ 407472.432997599011287, 317384.645110090030357, 0.0 ], [ 407471.720016232109629, 317415.472237280453555, 0.0 ], [ 407471.007029979024082, 317446.29936567688128, 0.0 ], [ 407470.294038840103894, 317477.126495268545114, 0.0 ], [ 407469.581042815349065, 317507.953626056900248, 0.0 ], [ 407468.868041904876009, 317538.780758040607907, 0.0 ], [ 407468.155036108801141, 317569.607891207560897, 0.0 ], [ 407467.442025426891632, 317600.435025580460206, 0.0 ], [ 407466.729009859147482, 317631.262161150050815, 0.0 ], [ 407466.015989405685104, 317662.089297914935742, 0.0 ], [ 407465.302964066737331, 317692.916435863764491, 0.0 ], [ 407452.331623760866933, 317708.038233865867369, 0.0 ], [ 407427.101973450277001, 317707.454744315473363, 0.0 ], [ 407414.130719962646253, 317722.576593948411755, 0.0 ], [ 407401.15950907568913, 317737.69846066320315, 0.0 ], [ 407388.188340785098262, 317752.820344462059438, 0.0 ], [ 407375.217215093318373, 317767.942245342012029, 0.0 ], [ 407349.987743190955371, 317767.358965056657325, 0.0 ], [ 407337.729310142924078, 317751.653785857837647, 0.0 ], [ 407325.470832949271426, 317735.948625709395856, 0.0 ], [ 407313.212311429902911, 317720.243484608596191, 0.0 ], [ 407300.953745672828518, 317704.538362556020729, 0.0 ], [ 407275.724104928667657, 317703.955299404391553, 0.0 ], [ 407250.494465791096445, 317703.37230732064927, 0.0 ], [ 407225.264828264247626, 317702.789386301941704, 0.0 ], [ 407213.006090524722822, 317687.084392847435083, 0.0 ], [ 407200.747308462508954, 317671.379418451862875, 0.0 ], [ 407175.517587318958249, 317670.796641531866044, 0.0 ], [ 407150.287867778737564, 317670.213935678999405, 0.0 ], [ 407125.058149850985501, 317669.631300891865976, 0.0 ], [ 407099.828433618822601, 317669.048737172677647, 0.0 ], [ 407074.598718905937858, 317668.466244519222528, 0.0 ], [ 407049.369005798129365, 317667.883822931500617, 0.0 ], [ 407036.398374648764729, 317683.006191198132001, 0.0 ], [ 407035.68682059738785, 317713.833296940487344, 0.0 ], [ 407034.975261670537293, 317744.660403880930971, 0.0 ], [ 407034.263697868096642, 317775.487512017425615, 0.0 ], [ 407033.552129189949483, 317806.314621349913068, 0.0 ], [ 407032.840555636677891, 317837.141731867101043, 0.0 ], [ 407019.87017198902322, 317852.264115312893409, 0.0 ], [ 406994.640983101795428, 317851.681824079307262, 0.0 ], [ 406969.411795913300011, 317851.099603914364707, 0.0 ], [ 406956.441543304594234, 317866.222073550510686, 0.0 ], [ 406943.471333299472462, 317881.344560270023067, 0.0 ], [ 406918.242236066958867, 317880.762480276520364, 0.0 ], [ 406905.272112884675153, 317895.885018633853178, 0.0 ], [ 406892.302032301784493, 317911.007574077346362, 0.0 ], [ 406867.073025209771004, 317910.425634259532671, 0.0 ], [ 406841.844019630749244, 317909.843765507510398, 0.0 ], [ 406828.874070092220791, 317924.966407142055687, 0.0 ], [ 406828.163171739783138, 317955.793506749323569, 0.0 ], [ 406815.193305791704915, 317970.916165086906403, 0.0 ], [ 406802.223482441622764, 317986.038840512104798, 0.0 ], [ 406801.512661186454352, 318016.865940564021003, 0.0 ], [ 406800.801835061167367, 318047.693041811231524, 0.0 ], [ 406787.832136285491288, 318062.815733557741623, 0.0 ], [ 406774.862480111420155, 318077.938442390353885, 0.0 ], [ 406774.15173108689487, 318108.765544061083347, 0.0 ], [ 406773.440977192658465, 318139.592646940494888, 0.0 ], [ 406760.471445598523133, 318154.715372096630745, 0.0 ], [ 406747.501956694584806, 318169.838114340265747, 0.0 ], [ 406734.532510307617486, 318184.960873670701403, 0.0 ], [ 406721.563106525572948, 318200.083650085842237, 0.0 ], [ 406720.852511709090322, 318230.910752625379246, 0.0 ], [ 406733.111233831499703, 318246.615080718358513, 0.0 ], [ 406745.36991171608679, 318262.319427859620191, 0.0 ], [ 406744.659220319066662, 318293.146534761821385, 0.0 ], [ 406743.94852405320853, 318323.973642864322755, 0.0 ], [ 406743.237822918512393, 318354.80075216141995, 0.0 ], [ 406742.527116915618535, 318385.627862646011636, 0.0 ], [ 406729.557957443175837, 318400.750619306170847, 0.0 ], [ 406716.588840577634983, 318415.873393054585904, 0.0 ], [ 406715.878211683942936, 318446.70050398458261, 0.0 ], [ 406715.167577922344208, 318477.527616110572126, 0.0 ], [ 406714.456939292722382, 318508.354729424812831, 0.0 ], [ 406701.487988001783378, 318523.477519116422627, 0.0 ], [ 406688.519079321413301, 318538.600325894891284, 0.0 ], [ 406687.808517804718576, 318569.427439655933995, 0.0 ], [ 406674.839692721492611, 318584.550263143784832, 0.0 ], [ 406661.870910251513124, 318599.673103718436323, 0.0 ], [ 406661.160425850655884, 318630.500217915687244, 0.0 ], [ 406648.191726977471262, 318645.623075185576454, 0.0 ], [ 406622.964818575594109, 318645.041727966221515, 0.0 ], [ 406609.996206542942673, 318660.164636895991862, 0.0 ], [ 406597.027637115330435, 318675.287562914716545, 0.0 ], [ 406584.059110297705047, 318690.410506022395566, 0.0 ], [ 406583.348871852969751, 318721.237617935286835, 0.0 ], [ 406570.380428641452454, 318736.360577751591336, 0.0 ], [ 406557.412028040562291, 318751.48355465620989, 0.0 ], [ 406556.70186671934789, 318782.310666995355859, 0.0 ], [ 406555.991700533602852, 318813.137780545395799, 0.0 ], [ 406555.281529483501799, 318843.964895291428547, 0.0 ], [ 406554.571353569161147, 318874.792011234210804, 0.0 ], [ 406541.603159558959305, 318889.915003710950259, 0.0 ], [ 406516.376952297869138, 318889.333925126527902, 0.0 ], [ 406491.150746734812856, 318888.752917617093772, 0.0 ], [ 406478.182683791266754, 318903.875996299786493, 0.0 ], [ 406465.214663460443262, 318918.999092062294949, 0.0 ], [ 406439.988547862274572, 318918.41822474624496, 0.0 ], [ 406414.762433862488251, 318917.837428504426498, 0.0 ], [ 406389.536321555147879, 318917.256703340448439, 0.0 ], [ 406376.568476521177217, 318932.379919881233945, 0.0 ], [ 406375.858894010074437, 318963.207025726966094, 0.0 ], [ 406375.149306638806593, 318994.034132769389544, 0.0 ], [ 406374.439714407431893, 319024.861241009260993, 0.0 ], [ 406361.472034984617494, 319039.984473506745417, 0.0 ], [ 406348.504398176213726, 319055.107723083929159, 0.0 ], [ 406347.794883083552122, 319085.934831767110154, 0.0 ], [ 406347.085363131482154, 319116.761941644130275, 0.0 ], [ 406346.375838320120238, 319147.589052722149063, 0.0 ], [ 406345.666308649233542, 319178.41616499616066, 0.0 ], [ 406344.956774119287729, 319209.243278458365239, 0.0 ], [ 406344.247234729875345, 319240.070393130066805, 0.0 ], [ 406343.537690480996389, 319270.897508999856655, 0.0 ], [ 406355.795450177043676, 319286.601379504310898, 0.0 ], [ 406368.053165626595728, 319302.305269055010285, 0.0 ], [ 406367.343524796015117, 319333.132389263424557, 0.0 ], [ 406379.60115013923496, 319348.836299437272828, 0.0 ], [ 406391.858731142710894, 319364.540228655154351, 0.0 ], [ 406404.116267989040352, 319380.244176922016777, 0.0 ], [ 406416.373760589805897, 319395.948144235124346, 0.0 ], [ 406428.631208940409124, 319411.652130595059134, 0.0 ], [ 406440.888613045215607, 319427.356136000482365, 0.0 ], [ 406453.145972897182219, 319443.060160452849232, 0.0 ], [ 406478.370613462873735, 319443.641132092685439, 0.0 ], [ 406503.595255531545263, 319444.222174808965065, 0.0 ], [ 406528.819899297435768, 319444.803288605820853, 0.0 ], [ 406541.077087003795896, 319460.50744165899232, 0.0 ], [ 406553.334230461390689, 319476.211613747058436, 0.0 ], [ 406565.591329669288825, 319491.915804894000757, 0.0 ], [ 406577.848384629818611, 319507.620015087130014, 0.0 ], [ 406603.072859459207393, 319508.201346035406459, 0.0 ], [ 406615.329827446490526, 319523.905611794325523, 0.0 ], [ 406614.619283917709254, 319554.732759951381013, 0.0 ], [ 406626.876161875552498, 319570.437046335602645, 0.0 ], [ 406639.132995585096069, 319586.141351768164895, 0.0 ], [ 406651.389785039238632, 319601.845676247612573, 0.0 ], [ 406676.614004068309441, 319602.427226306637749, 0.0 ], [ 406688.870706642162986, 319618.131606341921724, 0.0 ], [ 406701.127364961896092, 319633.83600543619832, 0.0 ], [ 406726.351500233984552, 319634.417699611571152, 0.0 ], [ 406738.608071665395983, 319650.122154273092747, 0.0 ], [ 406750.864598849555477, 319665.826627984293737, 0.0 ], [ 406776.088650544581469, 319666.408466281020083, 0.0 ], [ 406788.345090837450698, 319682.112995560164563, 0.0 ], [ 406800.6014868823695, 319697.817543885554187, 0.0 ], [ 406825.825454910402186, 319698.399526304274332, 0.0 ], [ 406838.081763975438662, 319714.104130197549239, 0.0 ], [ 406837.370409404917154, 319744.931303157063667, 0.0 ] ] ] ] } },
{ "type": "Feature", "properties": { "Name": "230103#04", "desc": "남창천 n to 230103#05", "area": 51.88, "perim": 39.67 }, "geometry": { "type": "MultiPolygon", "coordinates": [ [ [ [ 402547.250933229457587, 319739.48934806935722, 0.0 ], [ 402559.514263825840317, 319755.187770856078714, 0.0 ], [ 402584.737531099643093, 319755.757821729814168, 0.0 ], [ 402609.960799945110921, 319756.327943679934833, 0.0 ], [ 402635.184070267598145, 319756.898136704985518, 0.0 ], [ 402648.144182251417078, 319741.769832032441627, 0.0 ], [ 402661.104336865129881, 319726.641544473648537, 0.0 ], [ 402686.327697283530142, 319727.211877733236179, 0.0 ], [ 402711.551059276855085, 319727.782282068452332, 0.0 ], [ 402736.774422835849691, 319728.352757480053697, 0.0 ], [ 402749.734752645716071, 319713.224590763275046, 0.0 ], [ 402762.695125179830939, 319698.096441160247196, 0.0 ], [ 402787.918578745797276, 319698.667056804872118, 0.0 ], [ 402813.142033885116689, 319699.237743524543475, 0.0 ], [ 402838.365490593540017, 319699.808501318388153, 0.0 ], [ 402863.588948783115484, 319700.37933018791955, 0.0 ], [ 402888.812408636673354, 319700.950230135291349, 0.0 ], [ 402901.773044894100167, 319685.822270529577509, 0.0 ], [ 402914.733723782585002, 319670.694328035460785, 0.0 ], [ 402939.957273643114604, 319671.265368213702459, 0.0 ], [ 402965.180825078161433, 319671.83647946768906, 0.0 ], [ 402978.14163493970409, 319656.708623245358467, 0.0 ], [ 402978.839698650990613, 319625.881747127859853, 0.0 ], [ 402979.537757582264021, 319595.054872216307558, 0.0 ], [ 402980.2358117334079, 319564.227998507791199, 0.0 ], [ 402980.933861104422249, 319533.401126006618142, 0.0 ], [ 402981.631905694841407, 319502.574254722043406, 0.0 ], [ 402994.592963489238173, 319487.446413807047065, 0.0 ], [ 403007.554063910269178, 319472.318590003007557, 0.0 ], [ 403020.515206959971692, 319457.190783306316007, 0.0 ], [ 403033.476392640615813, 319442.062993720523082, 0.0 ], [ 403046.437620947370306, 319426.93522124068113, 0.0 ], [ 403071.661873574368656, 319427.506601414934266, 0.0 ], [ 403084.623188728408422, 319412.3788806204102, 0.0 ], [ 403097.584546418103855, 319397.251176930440124, 0.0 ], [ 403110.545946827623993, 319382.123490363359451, 0.0 ], [ 403123.507389860460535, 319366.995820891694166, 0.0 ], [ 403148.731820933811832, 319367.567410440766253, 0.0 ], [ 403161.693350813002326, 319352.43979265372036, 0.0 ], [ 403174.654923319467343, 319337.312191972567234, 0.0 ], [ 403199.879444398568012, 319337.883921746280976, 0.0 ], [ 403225.103966959926765, 319338.455722591374069, 0.0 ], [ 403250.328491188702174, 319339.027594511455391, 0.0 ], [ 403275.553016990423203, 319339.599537505069748, 0.0 ], [ 403300.777544369571842, 319340.17155157297384, 0.0 ], [ 403326.002073231851682, 319340.743636712257285, 0.0 ], [ 403351.226603764574975, 319341.315792927925941, 0.0 ], [ 403363.489209623890929, 319357.015344302752055, 0.0 ], [ 403375.751771250041202, 319372.714914710260928, 0.0 ], [ 403400.976218072813936, 319373.287214999843854, 0.0 ], [ 403413.938190126966219, 319358.159942955768202, 0.0 ], [ 403426.900204807403497, 319343.03268801770173, 0.0 ], [ 403452.124741552630439, 319343.605128526163753, 0.0 ], [ 403465.086843079770915, 319328.477925267769024, 0.0 ], [ 403478.048987228190526, 319313.350739113870077, 0.0 ], [ 403503.273614076315425, 319313.923319846158847, 0.0 ], [ 403515.536009914474562, 319329.623088658438064, 0.0 ], [ 403527.798361514578573, 319345.322876503458247, 0.0 ], [ 403553.022904567653313, 319345.895601309661288, 0.0 ], [ 403578.247449288202915, 319346.468397190794349, 0.0 ], [ 403590.509671374456957, 319362.168277070275508, 0.0 ], [ 403602.771849228767678, 319377.868175983894616, 0.0 ], [ 403627.99631024239352, 319378.441115943191107, 0.0 ], [ 403653.22077283647377, 319379.014126976020634, 0.0 ], [ 403665.482821078796405, 319394.714117924799211, 0.0 ], [ 403677.744825181318447, 319410.414127899275627, 0.0 ], [ 403702.969204071094282, 319410.987283010908868, 0.0 ], [ 403715.231121296645142, 319426.687348532781471, 0.0 ], [ 403727.492994282278232, 319442.387433086638339, 0.0 ], [ 403752.717289469903335, 319442.960732277133502, 0.0 ], [ 403777.94158614159096, 319443.534102540521417, 0.0 ], [ 403803.165884485002607, 319444.107543882331811, 0.0 ], [ 403828.390184405259788, 319444.681056298490148, 0.0 ], [ 403840.651842591294553, 319460.381305899180006, 0.0 ], [ 403852.91345654334873, 319476.081574534066021, 0.0 ], [ 403865.17502625886118, 319491.781862203031778, 0.0 ], [ 403864.473946262267418, 319522.608799719135277, 0.0 ], [ 403876.735425903869327, 319538.309107990004122, 0.0 ], [ 403901.959469886089209, 319538.882839422672987, 0.0 ], [ 403927.183515536016785, 319539.456641934579238, 0.0 ], [ 403939.444865660858341, 319555.157042237115093, 0.0 ], [ 403951.706171545549296, 319570.857461586594582, 0.0 ], [ 403976.930133493617177, 319571.431408181553707, 0.0 ], [ 404002.154096932092216, 319572.005425850802567, 0.0 ], [ 404014.415273291873746, 319587.705937243939843, 0.0 ], [ 404026.67640541784931, 319603.406467674707528, 0.0 ], [ 404038.937493302684743, 319619.107017140369862, 0.0 ], [ 404038.235786041186657, 319649.933972985309083, 0.0 ], [ 404050.496783853857778, 319665.634543054271489, 0.0 ], [ 404062.757737424515653, 319681.335132158827037, 0.0 ], [ 404062.055933685973287, 319712.162092331040185, 0.0 ], [ 404074.316797180450521, 319727.862702040350996, 0.0 ], [ 404099.540332700475119, 319728.437013680872042, 0.0 ], [ 404111.80110922124004, 319744.137678928382229, 0.0 ], [ 404124.061841591494158, 319759.838363214978017, 0.0 ], [ 404136.322529723343905, 319775.539066538505722, 0.0 ], [ 404148.583173611899838, 319791.239788898383267, 0.0 ], [ 404173.806540138553828, 319791.814317638578359, 0.0 ], [ 404199.029908247059211, 319792.388917456613854, 0.0 ], [ 404224.253277844982222, 319792.963588352431543, 0.0 ], [ 404237.216175801062491, 319777.837461943621747, 0.0 ], [ 404250.179116387094837, 319762.711352639307734, 0.0 ], [ 404275.402576108463109, 319763.286163760407362, 0.0 ], [ 404300.626037414651364, 319763.861045959289186, 0.0 ], [ 404325.849500301177613, 319764.435999236709904, 0.0 ], [ 404338.812616101757158, 319749.310010749672074, 0.0 ], [ 404351.775774614943657, 319734.184039369225502, 0.0 ], [ 404376.999327538418584, 319734.759132869075984, 0.0 ], [ 404389.962572908843867, 319719.633213159861043, 0.0 ], [ 404402.925860905903392, 319704.507310555898584, 0.0 ], [ 404428.149503862194251, 319705.082544276723638, 0.0 ], [ 404453.37314831209369, 319705.657849074690603, 0.0 ], [ 404466.336567384656519, 319690.532032725517638, 0.0 ], [ 404479.300029086065479, 319675.406233468151186, 0.0 ], [ 404504.523763661971316, 319675.98167848715093, 0.0 ], [ 404517.487312215031125, 319660.855930903053377, 0.0 ], [ 404518.190669940202497, 319630.028938306961209, 0.0 ], [ 404531.15430214186199, 319614.903207457100507, 0.0 ], [ 404544.117976971145254, 319599.777493707486428, 0.0 ], [ 404557.08169442077633, 319584.651797061029356, 0.0 ], [ 404570.045454409671947, 319569.526117512723431, 0.0 ], [ 404570.748971415974665, 319538.699124660226516, 0.0 ], [ 404583.712815141188912, 319523.573461847496219, 0.0 ], [ 404596.676701492862776, 319508.447816135769244, 0.0 ], [ 404609.640630466165021, 319493.322187526442576, 0.0 ], [ 404634.864894164144062, 319493.897976311389357, 0.0 ], [ 404647.828909986186773, 319478.77239937253762, 0.0 ], [ 404660.792968431836925, 319463.646839531138539, 0.0 ], [ 404673.757069500628859, 319448.521296794293448, 0.0 ], [ 404686.721213105134666, 319433.395771152689122, 0.0 ], [ 404698.981467369012535, 319449.097260361246299, 0.0 ], [ 404711.241677392506972, 319464.798768608132377, 0.0 ], [ 404736.466034298413433, 319465.374839761934709, 0.0 ], [ 404748.726157444878481, 319481.076403557613958, 0.0 ], [ 404760.986236345837824, 319496.777986389643047, 0.0 ], [ 404786.210509560711216, 319497.354201636393555, 0.0 ], [ 404811.434784269891679, 319497.930487958132289, 0.0 ], [ 404823.694733656477183, 319513.632162845868152, 0.0 ], [ 404835.954638801515102, 319529.333856775483582, 0.0 ], [ 404848.2144997024443, 319545.035569742845837, 0.0 ], [ 404860.474316361360252, 319560.737301749235485, 0.0 ], [ 404885.698422194051091, 319561.313805186306126, 0.0 ], [ 404897.958151974016801, 319577.015592729498167, 0.0 ], [ 404910.217837416334078, 319592.717399323126301, 0.0 ], [ 404935.441859557991847, 319593.294046855298802, 0.0 ], [ 404960.665883285051677, 319593.870765464496799, 0.0 ], [ 404985.889908602403011, 319594.447555152932182, 0.0 ], [ 404998.854420530202333, 319579.322463285934646, 0.0 ], [ 405011.818975078873336, 319564.197388529835735, 0.0 ], [ 405037.043090349296108, 319564.774318430747371, 0.0 ], [ 405062.267207296215929, 319565.351319412351586, 0.0 ], [ 405087.491325834242161, 319565.928391471737996, 0.0 ], [ 405112.71544595900923, 319566.5055346096633, 0.0 ], [ 405137.93956758530112, 319567.082748821820132, 0.0 ], [ 405163.163690888788551, 319567.660034116008319, 0.0 ], [ 405188.387815784313716, 319568.237390487978701, 0.0 ], [ 405200.647033898218069, 319583.939616150048096, 0.0 ], [ 405212.906207763124257, 319599.641860864649061, 0.0 ], [ 405225.165337388287298, 319615.344124621187802, 0.0 ], [ 405237.42442276905058, 319631.04640741890762, 0.0 ], [ 405262.648378607758787, 319631.623980910459068, 0.0 ], [ 405274.907377102645114, 319647.326319261977915, 0.0 ], [ 405287.166331354761496, 319663.028676652582362, 0.0 ], [ 405312.390203596209176, 319663.606394247733988, 0.0 ], [ 405324.649070963962004, 319679.308807194291148, 0.0 ], [ 405336.907894083997235, 319695.011239181330893, 0.0 ], [ 405362.131682547798846, 319695.589100877288729, 0.0 ], [ 405387.355472695082426, 319696.167033655219711, 0.0 ], [ 405412.579264431144111, 319696.74503751314478, 0.0 ], [ 405437.803057763318066, 319697.323112448852044, 0.0 ], [ 405450.768242754973471, 319682.198643917450681, 0.0 ], [ 405463.733470374136232, 319667.074192482104991, 0.0 ], [ 405488.957353666366544, 319667.652407630288508, 0.0 ], [ 405501.922668133862317, 319652.528007861867081, 0.0 ], [ 405514.888025228632614, 319637.403625187347643, 0.0 ], [ 405540.111998663865961, 319637.981980550917797, 0.0 ], [ 405565.335973689332604, 319638.560406993026845, 0.0 ], [ 405590.559950219583698, 319639.138904512859881, 0.0 ], [ 405615.783928430639207, 319639.717473114782479, 0.0 ], [ 405641.007908236875664, 319640.296112795942463, 0.0 ], [ 405666.231889636430424, 319640.874823555583134, 0.0 ], [ 405691.455872629478108, 319641.453605395858176, 0.0 ], [ 405716.67985712364316, 319642.032458312518429, 0.0 ], [ 405728.938088131253608, 319657.735453888657503, 0.0 ], [ 405741.196274893824011, 319673.438468507432844, 0.0 ], [ 405766.420175796956755, 319674.01746553479461, 0.0 ], [ 405791.6440782964346, 319674.596533642092254, 0.0 ], [ 405816.867982297902927, 319675.17567282501841, 0.0 ], [ 405842.091887984017376, 319675.754883092129603, 0.0 ], [ 405867.315795269445516, 319676.334164439176675, 0.0 ], [ 405892.53970414766809, 319676.913516866101418, 0.0 ], [ 405917.763614618568681, 319677.492940372321755, 0.0 ], [ 405930.729680933291093, 319662.369128222868312, 0.0 ], [ 405943.695789959398098, 319647.245333168713842, 0.0 ], [ 405968.919790493091568, 319647.824896886013448, 0.0 ], [ 405981.177595131273847, 319663.528257607540581, 0.0 ], [ 405993.435355516383424, 319679.23163737176219, 0.0 ], [ 406018.659272372140549, 319679.811345199763309, 0.0 ], [ 406030.916945876087993, 319695.514780526224058, 0.0 ], [ 406043.174575036158785, 319711.218234896019567, 0.0 ], [ 406068.398408214154188, 319711.798086836119182, 0.0 ], [ 406080.655950582353398, 319727.501596768212039, 0.0 ], [ 406092.913448701379821, 319743.205125735141337, 0.0 ], [ 406118.137198199052364, 319743.785121787397657, 0.0 ], [ 406143.360949295805767, 319744.365188920928631, 0.0 ], [ 406156.327331689593848, 319729.241688617039472, 0.0 ], [ 406169.293756799597759, 319714.11820539785549, 0.0 ], [ 406182.260224530473351, 319698.994739272573497, 0.0 ], [ 406195.226734877622221, 319683.871290240495, 0.0 ], [ 406220.450664507807232, 319684.451566712057684, 0.0 ], [ 406245.674595733289607, 319685.031914264312945, 0.0 ], [ 406270.898528468853328, 319685.612332894350402, 0.0 ], [ 406296.122462892613839, 319686.192822607816197, 0.0 ], [ 406308.734430702752434, 319686.483094119466841, 0.0 ], [ 406309.089192798943259, 319671.069528927095234, 0.0 ], [ 406322.055965327715967, 319655.946252337365877, 0.0 ], [ 406335.022780474100728, 319640.822992840199731, 0.0 ], [ 406335.732383033609949, 319609.995862594922073, 0.0 ], [ 406348.699281804380007, 319594.872619825531729, 0.0 ], [ 406361.666223194566555, 319579.749394136597402, 0.0 ], [ 406374.63320720626507, 319564.626185539469589, 0.0 ], [ 406387.600233744480647, 319549.502994032693096, 0.0 ], [ 406400.567302991519682, 319534.379819621215574, 0.0 ], [ 406413.534414859255776, 319519.256662302999757, 0.0 ], [ 406426.501569343148731, 319504.133522073680069, 0.0 ], [ 406439.468766447564121, 319489.010398939019069, 0.0 ], [ 406452.436006165167782, 319473.88729289395269, 0.0 ], [ 406465.403288505040109, 319458.764203953440301, 0.0 ], [ 406465.758292979910038, 319443.350637388066389, 0.0 ], [ 406453.145972897182219, 319443.060160452849232, 0.0 ], [ 406440.888613045215607, 319427.356136000482365, 0.0 ], [ 406428.631208940409124, 319411.652130595059134, 0.0 ], [ 406416.373760589805897, 319395.948144235124346, 0.0 ], [ 406404.116267989040352, 319380.244176922016777, 0.0 ], [ 406391.858731142710894, 319364.540228655154351, 0.0 ], [ 406379.60115013923496, 319348.836299437272828, 0.0 ], [ 406367.343524796015117, 319333.132389263424557, 0.0 ], [ 406368.053165626595728, 319302.305269055010285, 0.0 ], [ 406355.795450177043676, 319286.601379504310898, 0.0 ], [ 406343.537690480996389, 319270.897508999856655, 0.0 ], [ 406344.247234729875345, 319240.070393130066805, 0.0 ], [ 406344.956774119287729, 319209.243278458365239, 0.0 ], [ 406345.666308649233542, 319178.41616499616066, 0.0 ], [ 406346.375838320120238, 319147.589052722149063, 0.0 ], [ 406347.085363131482154, 319116.761941644130275, 0.0 ], [ 406347.794883083552122, 319085.934831767110154, 0.0 ], [ 406348.504398176213726, 319055.107723083929159, 0.0 ], [ 406361.472034984617494, 319039.984473506745417, 0.0 ], [ 406374.439714407431893, 319024.861241009260993, 0.0 ], [ 406375.149306638806593, 318994.034132769389544, 0.0 ], [ 406375.858894010074437, 318963.207025726966094, 0.0 ], [ 406376.568476521177217, 318932.379919881233945, 0.0 ], [ 406389.536321555147879, 318917.256703340448439, 0.0 ], [ 406414.762433862488251, 318917.837428504426498, 0.0 ], [ 406439.988547862274572, 318918.41822474624496, 0.0 ], [ 406465.214663460443262, 318918.999092062294949, 0.0 ], [ 406478.182683791266754, 318903.875996299786493, 0.0 ], [ 406491.150746734812856, 318888.752917617093772, 0.0 ], [ 406516.376952297869138, 318889.333925126527902, 0.0 ], [ 406541.603159558959305, 318889.915003710950259, 0.0 ], [ 406554.571353569161147, 318874.792011234210804, 0.0 ], [ 406555.281529483501799, 318843.964895291428547, 0.0 ], [ 406555.991700533602852, 318813.137780545395799, 0.0 ], [ 406556.70186671934789, 318782.310666995355859, 0.0 ], [ 406557.412028040562291, 318751.48355465620989, 0.0 ], [ 406570.380428641452454, 318736.360577751591336, 0.0 ], [ 406583.348871852969751, 318721.237617935286835, 0.0 ], [ 406584.059110297705047, 318690.410506022395566, 0.0 ], [ 406597.027637115330435, 318675.287562914716545, 0.0 ], [ 406609.996206542942673, 318660.164636895991862, 0.0 ], [ 406622.964818575594109, 318645.041727966221515, 0.0 ], [ 406648.191726977471262, 318645.623075185576454, 0.0 ], [ 406661.160425850655884, 318630.500217915687244, 0.0 ], [ 406661.870910251513124, 318599.673103718436323, 0.0 ], [ 406674.839692721492611, 318584.550263143784832, 0.0 ], [ 406687.808517804718576, 318569.427439655933995, 0.0 ], [ 406688.519079321413301, 318538.600325894891284, 0.0 ], [ 406701.487988001783378, 318523.477519116422627, 0.0 ], [ 406714.456939292722382, 318508.354729424812831, 0.0 ], [ 406715.167577922344208, 318477.527616110572126, 0.0 ], [ 406715.878211683942936, 318446.70050398458261, 0.0 ], [ 406716.588840577634983, 318415.873393054585904, 0.0 ], [ 406729.557957443175837, 318400.750619306170847, 0.0 ], [ 406742.527116915618535, 318385.627862646011636, 0.0 ], [ 406743.237822918512393, 318354.80075216141995, 0.0 ], [ 406743.94852405320853, 318323.973642864322755, 0.0 ], [ 406744.659220319066662, 318293.146534761821385, 0.0 ], [ 406745.36991171608679, 318262.319427859620191, 0.0 ], [ 406733.111233831499703, 318246.615080718358513, 0.0 ], [ 406720.852511709090322, 318230.910752625379246, 0.0 ], [ 406721.563106525572948, 318200.083650085842237, 0.0 ], [ 406734.532510307617486, 318184.960873670701403, 0.0 ], [ 406747.501956694584806, 318169.838114340265747, 0.0 ], [ 406760.471445598523133, 318154.715372096630745, 0.0 ], [ 406773.440977192658465, 318139.592646940494888, 0.0 ], [ 406774.15173108689487, 318108.765544061083347, 0.0 ], [ 406774.862480111420155, 318077.938442390353885, 0.0 ], [ 406787.832136285491288, 318062.815733557741623, 0.0 ], [ 406800.801835061167367, 318047.693041811231524, 0.0 ], [ 406801.512661186454352, 318016.865940564021003, 0.0 ], [ 406802.223482441622764, 317986.038840512104798, 0.0 ], [ 406815.193305791704915, 317970.916165086906403, 0.0 ], [ 406828.163171739783138, 317955.793506749323569, 0.0 ], [ 406828.874070092220791, 317924.966407142055687, 0.0 ], [ 406841.844019630749244, 317909.843765507510398, 0.0 ], [ 406867.073025209771004, 317910.425634259532671, 0.0 ], [ 406892.302032301784493, 317911.007574077346362, 0.0 ], [ 406905.272112884675153, 317895.885018633853178, 0.0 ], [ 406918.242236066958867, 317880.762480276520364, 0.0 ], [ 406943.471333299472462, 317881.344560270023067, 0.0 ], [ 406956.441543304594234, 317866.222073550510686, 0.0 ], [ 406969.411795913300011, 317851.099603914364707, 0.0 ], [ 406994.640983101795428, 317851.681824079307262, 0.0 ], [ 407019.87017198902322, 317852.264115312893409, 0.0 ], [ 407032.840555636677891, 317837.141731867101043, 0.0 ], [ 407033.552129189949483, 317806.314621349913068, 0.0 ], [ 407034.263697868096642, 317775.487512017425615, 0.0 ], [ 407034.975261670537293, 317744.660403880930971, 0.0 ], [ 407035.68682059738785, 317713.833296940487344, 0.0 ], [ 407036.398374648764729, 317683.006191198132001, 0.0 ], [ 407049.369005798129365, 317667.883822931500617, 0.0 ], [ 407074.598718905937858, 317668.466244519222528, 0.0 ], [ 407099.828433618822601, 317669.048737172677647, 0.0 ], [ 407125.058149850985501, 317669.631300891865976, 0.0 ], [ 407150.287867778737564, 317670.213935678999405, 0.0 ], [ 407175.517587318958249, 317670.796641531866044, 0.0 ], [ 407200.747308462508954, 317671.379418451862875, 0.0 ], [ 407213.006090524722822, 317687.084392847435083, 0.0 ], [ 407225.264828264247626, 317702.789386301941704, 0.0 ], [ 407250.494465791096445, 317703.37230732064927, 0.0 ], [ 407275.724104928667657, 317703.955299404391553, 0.0 ], [ 407300.953745672828518, 317704.538362556020729, 0.0 ], [ 407313.212311429902911, 317720.243484608596191, 0.0 ], [ 407325.470832949271426, 317735.948625709395856, 0.0 ], [ 407337.729310142924078, 317751.653785857837647, 0.0 ], [ 407349.987743190955371, 317767.358965056657325, 0.0 ], [ 407375.217215093318373, 317767.942245342012029, 0.0 ], [ 407388.188340785098262, 317752.820344462059438, 0.0 ], [ 407401.15950907568913, 317737.69846066320315, 0.0 ], [ 407414.130719962646253, 317722.576593948411755, 0.0 ], [ 407427.101973450277001, 317707.454744315473363, 0.0 ], [ 407452.331623760866933, 317708.038233865867369, 0.0 ], [ 407465.302964066737331, 317692.916435863764491, 0.0 ], [ 407466.015989405685104, 317662.089297914935742, 0.0 ], [ 407466.729009859147482, 317631.262161150050815, 0.0 ], [ 407467.442025426891632, 317600.435025580460206, 0.0 ], [ 407468.155036108801141, 317569.607891207560897, 0.0 ], [ 407468.868041904876009, 317538.780758040607907, 0.0 ], [ 407469.581042815349065, 317507.953626056900248, 0.0 ], [ 407470.294038840103894, 317477.126495268545114, 0.0 ], [ 407471.007029979024082, 317446.29936567688128, 0.0 ], [ 407471.720016232109629, 317415.472237280453555, 0.0 ], [ 407472.432997599011287, 317384.645110090030357, 0.0 ], [ 407485.40479022951331, 317369.523325308400672, 0.0 ], [ 407510.635398990940303, 317370.106935348245315, 0.0 ], [ 407523.607278435723856, 317354.985202194598969, 0.0 ], [ 407524.320423685479909, 317324.158073447702918, 0.0 ], [ 407525.033564048120752, 317293.3309458947042, 0.0 ], [ 407525.746699523413554, 317262.503819549747277, 0.0 ], [ 407538.718744469399098, 317247.382102318806574, 0.0 ], [ 407551.690832009015139, 317232.260402165469714, 0.0 ], [ 407552.404044535127468, 317201.433276230527554, 0.0 ], [ 407553.117252173600718, 317170.606151490821503, 0.0 ], [ 407553.830454924202058, 317139.779027947166469, 0.0 ], [ 407554.543652786931489, 317108.95190560730407, 0.0 ], [ 407567.51594679185655, 317093.830220988660585, 0.0 ], [ 407580.488283301121555, 317078.708553444768768, 0.0 ], [ 407581.201558210363146, 317047.8814315177151, 0.0 ], [ 407594.173978363804054, 317032.759780669061001, 0.0 ], [ 407619.405548646114767, 317033.343653302174062, 0.0 ], [ 407644.637120538565796, 317033.927596997469664, 0.0 ], [ 407669.868694041331764, 317034.511611755064223, 0.0 ], [ 407695.100269066693727, 317035.095697572687641, 0.0 ], [ 407720.331845797481947, 317035.6798544532503, 0.0 ], [ 407733.304529632208869, 317020.558393412793521, 0.0 ], [ 407734.018315689638257, 316989.731262064306065, 0.0 ], [ 407746.99108307500137, 316974.609817715594545, 0.0 ], [ 407759.96389305574121, 316959.488390446582343, 0.0 ], [ 407760.677756149147172, 316928.661259503802285, 0.0 ], [ 407773.650649681338109, 316913.539848923683167, 0.0 ], [ 407786.623585805529729, 316898.418455421924591, 0.0 ], [ 407799.596564519568346, 316883.297078997711651, 0.0 ], [ 407812.569585728342645, 316868.17571965046227, 0.0 ], [ 407813.283607779769227, 316837.348588360007852, 0.0 ], [ 407826.256712632370181, 316822.22724570374703, 0.0 ], [ 407839.229860076040495, 316807.105920123693068, 0.0 ], [ 407852.203050106065348, 316791.984611622639932, 0.0 ], [ 407865.176282724598423, 316776.863320199248847, 0.0 ], [ 407865.890463727759197, 316746.036188536323607, 0.0 ], [ 407878.863779897568747, 316730.914913801068906, 0.0 ], [ 407891.837138652452268, 316715.793656152673066, 0.0 ], [ 407892.551396680704784, 316684.966524906107225, 0.0 ], [ 407905.524838983255904, 316669.845283935195766, 0.0 ], [ 407918.498323875421192, 316654.724060041946359, 0.0 ], [ 407931.471851262031123, 316639.602853222750127, 0.0 ], [ 407956.704571152105927, 316640.187624012527522, 0.0 ], [ 407981.937292660062667, 316640.772465862333775, 0.0 ], [ 407994.196355661959387, 316656.478481960191857, 0.0 ], [ 408006.455374431214295, 316672.184517108486034, 0.0 ], [ 408031.688012358557899, 316672.769503051356878, 0.0 ], [ 408043.946944212308154, 316688.475593766139355, 0.0 ], [ 408056.205831927771214, 316704.181703532813117, 0.0 ], [ 408081.438386269786861, 316704.76683357078582, 0.0 ], [ 408094.412139709689654, 316689.645851866458543, 0.0 ], [ 408107.385935736470856, 316674.524887239735108, 0.0 ], [ 408132.618580127076712, 316675.110157422255725, 0.0 ], [ 408157.851226042199414, 316675.695498663466424, 0.0 ], [ 408183.083873666939326, 316676.280910966859665, 0.0 ], [ 408208.316522906650789, 316676.86639432964148, 0.0 ], [ 408233.549173768493347, 316677.451948753267061, 0.0 ], [ 408246.523233462823555, 316662.331173911399674, 0.0 ], [ 408259.497335743391886, 316647.210416146437638, 0.0 ], [ 408284.730076563544571, 316647.796110711060464, 0.0 ], [ 408309.96281908970559, 316648.381876338622533, 0.0 ], [ 408322.937052389141172, 316633.261204730079044, 0.0 ], [ 408335.911328276328277, 316618.140550197742414, 0.0 ], [ 408361.144160854048096, 316618.726455967698712, 0.0 ], [ 408374.118523543234915, 316603.60585304844426, 0.0 ], [ 408387.092928724712692, 316588.485267214651685, 0.0 ], [ 408412.325851354631595, 316589.071313127060421, 0.0 ], [ 408425.300343430251814, 316573.950778899306897, 0.0 ], [ 408438.274878088152036, 316558.830261746305041, 0.0 ], [ 408463.507890772772953, 316559.416447799711023, 0.0 ], [ 408488.740905077080242, 316560.002704911748879, 0.0 ], [ 408513.973920908640139, 316560.589033081778325, 0.0 ], [ 408539.206938452844042, 316561.175432313990314, 0.0 ], [ 408551.465201870538294, 316576.882247057044879, 0.0 ], [ 408563.723421063041314, 316592.589080854086205, 0.0 ], [ 408588.956355033849832, 316593.175624184950721, 0.0 ], [ 408614.189290532725863, 316593.762238575262018, 0.0 ], [ 408639.422227744769771, 316594.348924026358873, 0.0 ], [ 408652.397117772430647, 316579.228700659878086, 0.0 ], [ 408665.372050386329647, 316564.108494369545951, 0.0 ], [ 408690.605077654763591, 316564.695319960941561, 0.0 ], [ 408703.580097065540031, 316549.575165280257352, 0.0 ], [ 408716.555159064417239, 316534.455027672229335, 0.0 ], [ 408729.530263554188423, 316519.33490713610081, 0.0 ], [ 408742.505410719662905, 316504.214803674782161, 0.0 ], [ 408767.738616477698088, 316504.80183848174056, 0.0 ], [ 408792.971823860309087, 316505.38894435018301, 0.0 ], [ 408805.947102041449398, 316490.268927038239781, 0.0 ], [ 408806.664446118869819, 316459.441734143823851, 0.0 ], [ 408819.639807829866186, 316444.321733520715497, 0.0 ], [ 408832.615212125703692, 316429.201749957515858, 0.0 ], [ 408845.590658910921775, 316414.081783463479951, 0.0 ], [ 408858.566148368350696, 316398.961834042042028, 0.0 ], [ 408859.283651315548923, 316368.134640763164498, 0.0 ], [ 408872.259224300622009, 316353.014708017872181, 0.0 ], [ 408897.492872234317474, 316353.602088210289367, 0.0 ], [ 408910.468532014871016, 316338.482207075983752, 0.0 ], [ 408923.444234380789567, 316323.362343023531139, 0.0 ], [ 408936.419979325379245, 316308.24249603174394, 0.0 ], [ 408937.137727944354992, 316277.41530037712073, 0.0 ], [ 408924.87964480946539, 316261.707953700621147, 0.0 ], [ 408912.62151744402945, 316246.000626076653134, 0.0 ], [ 408913.339169414306525, 316215.17343479039846, 0.0 ], [ 408914.056816464755684, 316184.346244708634913, 0.0 ], [ 408927.032723552139942, 316169.226378667110112, 0.0 ], [ 408952.266895581793506, 316169.813889074837789, 0.0 ], [ 408977.501069142948836, 316170.401470537704881, 0.0 ], [ 409002.735244420706294, 316170.98912306065904, 0.0 ], [ 409027.969421320827678, 316171.576846638752613, 0.0 ], [ 409040.945547849405557, 316156.45713581261225, 0.0 ], [ 409053.921716954675503, 316141.337442056974396, 0.0 ], [ 409079.15598382067401, 316141.925305764074437, 0.0 ], [ 409092.132239722530358, 316126.805663615174126, 0.0 ], [ 409092.850479653803632, 316095.978463205625303, 0.0 ], [ 409105.826819074980449, 316080.858837727166247, 0.0 ], [ 409118.803201069356874, 316065.739229318569414, 0.0 ], [ 409131.779625645838678, 316050.619637991883792, 0.0 ], [ 409144.756092797906604, 316035.500063721556216, 0.0 ], [ 409157.732602529693395, 316020.380506521731149, 0.0 ], [ 409170.709154834039509, 316005.260966389672831, 0.0 ], [ 409183.685749719908927, 315990.141443326661829, 0.0 ], [ 409208.920458739157766, 315990.729652388719842, 0.0 ], [ 409234.155169477162417, 315991.317932509467937, 0.0 ], [ 409247.131895369850099, 315976.198495583084878, 0.0 ], [ 409260.108663834515028, 315961.079075727204327, 0.0 ], [ 409273.08547488017939, 315945.959672939789016, 0.0 ], [ 409286.062328499509022, 315930.840287220024038, 0.0 ], [ 409311.297217631828971, 315931.42877653153846, 0.0 ], [ 409336.532108485873323, 315932.017336903139949, 0.0 ], [ 409361.767000962630846, 315932.605968329124153, 0.0 ], [ 409387.001895069493912, 315933.194670812401455, 0.0 ], [ 409412.236790801689494, 315933.78344435011968, 0.0 ], [ 409437.471688073943369, 315934.372288943675812, 0.0 ], [ 409462.70658706233371, 315934.961204593768343, 0.0 ], [ 409487.941487681237049, 315935.550191301852465, 0.0 ], [ 409500.918737601023167, 315920.431098928849678, 0.0 ], [ 409513.896030094125308, 315905.312023615057115, 0.0 ], [ 409526.873365162056871, 315890.192965367576107, 0.0 ], [ 409539.85074271709891, 315875.073924183554482, 0.0 ], [ 409565.08582182507962, 315875.663120080251247, 0.0 ], [ 409578.063286258256994, 315860.544130498019513, 0.0 ], [ 409591.040793268068228, 315845.425157982041128, 0.0 ], [ 409616.275962436804548, 315846.014493999944534, 0.0 ], [ 409641.511133237392642, 315846.603901072230656, 0.0 ], [ 409666.746305575361475, 315847.193379199015908, 0.0 ], [ 409679.723987806355581, 315832.074527348042466, 0.0 ], [ 409692.701712608744856, 315816.955692561983597, 0.0 ], [ 409705.679479987185914, 315801.836874840082601, 0.0 ], [ 409706.399748953001108, 315771.009639819210861, 0.0 ], [ 409719.377599831204861, 315755.890838763501961, 0.0 ], [ 409732.355493286857381, 315740.77205477404641, 0.0 ], [ 409733.075839175609872, 315709.94482012919616, 0.0 ], [ 409733.796180125151295, 315679.117586676147766, 0.0 ], [ 409721.538499889837112, 315663.409139604482334, 0.0 ], [ 409709.280775432707742, 315647.700711601646617, 0.0 ], [ 409697.023006745381281, 315631.992302644997835, 0.0 ], [ 409684.76519383455161, 315616.283912745886482, 0.0 ], [ 409685.485346373054199, 315585.456686847668607, 0.0 ], [ 409673.227443367242813, 315569.748317595745903, 0.0 ], [ 409660.969496141187847, 315554.039967402059119, 0.0 ], [ 409648.711504775797948, 315538.331636265909765, 0.0 ], [ 409623.475465988740325, 315537.742249104368966, 0.0 ], [ 409598.239428834291175, 315537.15293299726909, 0.0 ], [ 409585.981307988869958, 315521.444693962170277, 0.0 ], [ 409573.723142921575345, 315505.736473992990796, 0.0 ], [ 409548.487022231565788, 315505.147301982447971, 0.0 ], [ 409536.22877044591587, 315489.439137584122363, 0.0 ], [ 409523.970474349102005, 315473.730992237629835, 0.0 ], [ 409511.712134028901346, 315458.022865950013511, 0.0 ], [ 409512.431654320913367, 315427.195659942051861, 0.0 ], [ 409525.409601726918481, 315412.076578232576139, 0.0 ], [ 409538.38759170321282, 315396.95751358801499, 0.0 ], [ 409551.36562416201923, 315381.838466007553507, 0.0 ], [ 409564.343699278309941, 315366.719435505452566, 0.0 ], [ 409565.063378352671862, 315335.892229088232853, 0.0 ], [ 409578.041536967386492, 315320.77321523957653, 0.0 ], [ 409591.019738151575439, 315305.654218457173556, 0.0 ], [ 409591.739494146546349, 315274.827012429421302, 0.0 ], [ 409604.717778829683084, 315259.708032310416456, 0.0 ], [ 409617.696106079150923, 315244.589069255627692, 0.0 ], [ 409605.437570815964136, 315228.880827084940393, 0.0 ], [ 409593.178991329390556, 315213.172603958344553, 0.0 ], [ 409606.157357866410166, 315198.053623038460501, 0.0 ], [ 409631.394349736976437, 315198.642917238583323, 0.0 ], [ 409644.37280305189779, 315183.523987912747543, 0.0 ], [ 409657.351298932451755, 315168.405075651709922, 0.0 ], [ 409670.329837293131277, 315153.28618044994073, 0.0 ], [ 409671.049828973249532, 315122.458974400244188, 0.0 ], [ 409671.409822961897589, 315107.045371821441222, 0.0 ], [ 409658.791195505065843, 315106.750665542087518, 0.0 ], [ 409646.53251772839576, 315091.042375749209896, 0.0 ], [ 409634.273795729794074, 315075.334105001122225, 0.0 ], [ 409622.015029513509944, 315059.625853311270475, 0.0 ], [ 409622.734832808782812, 315028.798654817102943, 0.0 ], [ 409610.475976512010675, 315013.090423772344366, 0.0 ], [ 409598.217075993714388, 314997.382211785123218, 0.0 ], [ 409598.936782631091774, 314966.555017663573381, 0.0 ], [ 409599.656484332575928, 314935.727824743720703, 0.0 ], [ 409600.376181098283269, 314904.900633003620896, 0.0 ], [ 409601.095872928155586, 314874.07344245450804, 0.0 ], [ 409601.815559822076466, 314843.246253095741849, 0.0 ], [ 409589.556385789066553, 314827.538068119552918, 0.0 ], [ 409577.297167539014481, 314811.829902212251909, 0.0 ], [ 409565.037905071862042, 314796.121755346830469, 0.0 ], [ 409539.799789974407759, 314795.532700189505704, 0.0 ], [ 409514.561676417244598, 314794.943716077366844, 0.0 ], [ 409501.582954685960431, 314810.06284031982068, 0.0 ], [ 409488.604275517398492, 314825.181981612928212, 0.0 ], [ 409463.366252004634589, 314824.593137604999356, 0.0 ], [ 409450.387659606931265, 314839.712330502748955, 0.0 ], [ 409437.409109867003281, 314854.831540464714635, 0.0 ], [ 409412.171176395728253, 314854.242836560937576, 0.0 ], [ 409386.933244551764801, 314853.654203705256805, 0.0 ], [ 409361.6953143394785, 314853.065641896915622, 0.0 ], [ 409349.435758761363104, 314837.357803061022423, 0.0 ], [ 409337.176158967311494, 314821.649983279057778, 0.0 ], [ 409311.938145321619231, 314821.061565558775328, 0.0 ], [ 409286.700133212376386, 314820.473218882281799, 0.0 ], [ 409261.462122733937576, 314819.88494325382635, 0.0 ], [ 409236.224113881587982, 314819.296738672710489, 0.0 ], [ 409223.245919333712664, 314834.416242329811212, 0.0 ], [ 409210.267767442099284, 314849.535763052466791, 0.0 ], [ 409185.029848629725166, 314848.947698577656411, 0.0 ], [ 409172.051783416536637, 314864.067270895000547, 0.0 ], [ 409159.073760772123933, 314879.186860277259257, 0.0 ], [ 409133.835931997047737, 314878.598935909452848, 0.0 ], [ 409120.857996121805627, 314893.718576887098607, 0.0 ], [ 409107.880102813476697, 314908.838234932452906, 0.0 ], [ 409082.642364165280014, 314908.250450673163868, 0.0 ], [ 409057.404627051728312, 314907.66273746045772, 0.0 ], [ 409032.166891567001585, 314907.07509529509116, 0.0 ], [ 409006.929157706559636, 314906.487524177064188, 0.0 ], [ 408981.69142556481529, 314905.900024108530488, 0.0 ], [ 408956.453694956726395, 314905.312595085939392, 0.0 ], [ 408931.215965976938605, 314904.725237110687885, 0.0 ], [ 408905.978238618234172, 314904.137950182775967, 0.0 ], [ 408893.000741514842957, 314919.257901538047008, 0.0 ], [ 408880.023286979063414, 314934.377869959629606, 0.0 ], [ 408867.045875101815909, 314949.497855441120919, 0.0 ], [ 408854.068505700037349, 314964.61785799881909, 0.0 ], [ 408828.830956787394825, 314964.03078024322167, 0.0 ], [ 408815.853674160549417, 314979.150834399159066, 0.0 ], [ 408802.876434099860489, 314994.270905622106511, 0.0 ], [ 408777.63897522026673, 314993.683967978518922, 0.0 ], [ 408752.401518052909523, 314993.097101384424604, 0.0 ], [ 408739.424408969352953, 315008.217258740391117, 0.0 ], [ 408726.447342459636275, 315023.337433163367677, 0.0 ], [ 408714.186997542332392, 315007.630497724167071, 0.0 ], [ 408701.926608412759379, 314991.923581334704068, 0.0 ], [ 408689.66617506602779, 314976.216683998471126, 0.0 ], [ 408677.405697507434525, 314960.509805712732486, 0.0 ], [ 408652.168159962340724, 314959.923225290724076, 0.0 ], [ 408626.930624132975936, 314959.33671591890743, 0.0 ], [ 408601.693089834530838, 314958.750277591578197, 0.0 ], [ 408576.455557161476463, 314958.16391031164676, 0.0 ], [ 408551.218026109039783, 314957.577614078356419, 0.0 ], [ 408525.980496771633625, 314956.991388895199634, 0.0 ], [ 408500.742968964390457, 314956.405234757985454, 0.0 ], [ 408487.766260978183709, 314971.525737832940649, 0.0 ], [ 408487.050367916701362, 315002.352845730783883, 0.0 ], [ 408474.073743439337704, 315017.473365480429493, 0.0 ], [ 408448.836392442812212, 315016.887349474593066, 0.0 ], [ 408423.599043070338666, 315016.301404516096227, 0.0 ], [ 408398.361695407307707, 315015.715530607791152, 0.0 ], [ 408385.385246110672597, 315030.836171028844547, 0.0 ], [ 408372.408839379670098, 315045.956828518246766, 0.0 ], [ 408347.171581653179601, 315045.371094721893314, 0.0 ], [ 408334.910643870825879, 315029.664705417468213, 0.0 ], [ 408322.64966188010294, 315013.95833516062703, 0.0 ], [ 408297.412320701580029, 315013.372745441738516, 0.0 ], [ 408285.151251914037857, 314997.666430749988649, 0.0 ], [ 408272.890138913993724, 314981.960135105880909, 0.0 ], [ 408260.628981699119322, 314966.253858514304738, 0.0 ], [ 408261.344088809215464, 314935.426769632147625, 0.0 ], [ 408249.082841538707726, 314919.720513687818311, 0.0 ], [ 408236.821550061460584, 314904.014276780420914, 0.0 ], [ 408237.536560581822414, 314873.187192265293561, 0.0 ], [ 408225.275179046089761, 314857.480975993792526, 0.0 ], [ 408213.013753301871475, 314841.774778772785794, 0.0 ], [ 408213.728667234885506, 314810.947698624513578, 0.0 ], [ 408201.467151436139829, 314795.241522038704716, 0.0 ], [ 408176.229210893041454, 314794.656301406561397, 0.0 ], [ 408150.991271877428517, 314794.071151818206999, 0.0 ], [ 408138.729626711574383, 314778.365067317150533, 0.0 ], [ 408126.467937336303294, 314762.659001853724476, 0.0 ], [ 408114.206203749170527, 314746.952955439337529, 0.0 ], [ 408114.920755860977806, 314716.12588678591419, 0.0 ], [ 408115.635303071932867, 314685.298819326446392, 0.0 ], [ 408116.349845381919295, 314654.47175306151621, 0.0 ], [ 408104.087930070818402, 314638.765730465296656, 0.0 ], [ 408091.825970551813953, 314623.059726906009018, 0.0 ], [ 408079.563966914894991, 314607.353742396517191, 0.0 ], [ 408067.301918977638707, 314591.647776935249567, 0.0 ], [ 408068.016273035260383, 314560.820718208269682, 0.0 ], [ 408068.730622193252202, 314529.993660674372222, 0.0 ], [ 408081.707151899812743, 314514.872565039258916, 0.0 ], [ 408094.68372408032883, 314499.751486480992753, 0.0 ], [ 408095.398150211374741, 314468.924429356469773, 0.0 ], [ 408083.135917388834059, 314453.218452779226936, 0.0 ], [ 408070.873640267527662, 314437.512495247472543, 0.0 ], [ 408058.611318940354977, 314421.806556764058769, 0.0 ], [ 408046.348953411797993, 314406.100637328927405, 0.0 ], [ 408034.086543673125561, 314390.394736942078453, 0.0 ], [ 408008.847486300335731, 314389.810039333940949, 0.0 ], [ 407996.584989785100333, 314374.104194503684994, 0.0 ], [ 407997.2990492322715, 314343.277150078502018, 0.0 ], [ 407985.036462673218921, 314327.571325882745441, 0.0 ], [ 407972.773832002247218, 314311.86552073888015, 0.0 ], [ 407960.511157034372445, 314296.159734638349619, 0.0 ], [ 407948.248437864764128, 314280.453967584704515, 0.0 ], [ 407948.962309080641717, 314249.626930686004926, 0.0 ], [ 407949.676175399217755, 314218.799894993309863, 0.0 ], [ 407937.413320360821672, 314203.094150158867706, 0.0 ], [ 407925.150421117024962, 314187.388424374221358, 0.0 ], [ 407912.887477672717068, 314171.682717634306755, 0.0 ], [ 407900.624490025802515, 314155.977029944129754, 0.0 ], [ 407901.338168121525086, 314125.150001775822602, 0.0 ], [ 407889.075090439000633, 314109.444334717234597, 0.0 ], [ 407863.835261961619835, 314108.86008115275763, 0.0 ], [ 407838.595435005729087, 314108.275898627762217, 0.0 ], [ 407826.332227977050934, 314092.570323632739019, 0.0 ], [ 407814.068976744427346, 314076.864767693798058, 0.0 ], [ 407788.82906626467593, 314076.280729222868104, 0.0 ], [ 407763.589157400769182, 314075.696761791536119, 0.0 ], [ 407751.325776913319714, 314059.991297907603439, 0.0 ], [ 407739.062352134846151, 314044.285853067704011, 0.0 ], [ 407713.822359744575806, 314043.702029691834468, 0.0 ], [ 407701.558848190121353, 314027.996640404337086, 0.0 ], [ 407689.295292437833268, 314012.291270162269939, 0.0 ], [ 407677.031692483462393, 313996.58591896930011, 0.0 ], [ 407664.768048329045996, 313980.880586819606833, 0.0 ], [ 407652.504359979764558, 313965.175273718254175, 0.0 ], [ 407640.24062751675956, 313949.469979661633261, 0.0 ], [ 407627.976850766455755, 313933.764704662549775, 0.0 ], [ 407615.713029817678034, 313918.059448696905747, 0.0 ], [ 407603.44916467013536, 313902.354211776691955, 0.0 ], [ 407591.185255321674049, 313886.648993901326321, 0.0 ], [ 407565.944838823052123, 313886.065606628952082, 0.0 ], [ 407540.704423938586842, 313885.482290394720621, 0.0 ], [ 407515.464010763098486, 313884.899045198631939, 0.0 ], [ 407503.199929500522558, 313869.193955887225457, 0.0 ], [ 407490.935804042615928, 313853.488885620608926, 0.0 ], [ 407478.671634385013022, 313837.783834398083854, 0.0 ], [ 407466.407420529983938, 313822.078802221687511, 0.0 ], [ 407454.143162482767366, 313806.373789089324418, 0.0 ], [ 407454.855225060484372, 313775.546809629478958, 0.0 ], [ 407442.590876989765093, 313759.841817127366085, 0.0 ], [ 407430.326484725344926, 313744.136843667947687, 0.0 ], [ 407418.062048355001025, 313728.431889253959525, 0.0 ], [ 407405.797567698522471, 313712.726953886158299, 0.0 ], [ 407393.53304284409387, 313697.022037560294848, 0.0 ], [ 407368.292118722107261, 313696.439230422838591, 0.0 ], [ 407356.027507101767696, 313680.734369645069819, 0.0 ], [ 407343.762851288542151, 313665.02952791278949, 0.0 ], [ 407318.521843640774023, 313664.446864820201881, 0.0 ], [ 407306.257101149996743, 313648.742078647366725, 0.0 ], [ 407293.992314377101138, 313633.037311507272534, 0.0 ], [ 407268.751223203493282, 313632.45479245739989, 0.0 ], [ 407243.510133639851119, 313631.872344441420864, 0.0 ], [ 407218.269045695429668, 313631.289967461430933, 0.0 ], [ 407193.027959452825598, 313630.707661518245004, 0.0 ], [ 407180.762958204490133, 313615.003059432725422, 0.0 ], [ 407168.49791276245378, 313599.298476392053999, 0.0 ], [ 407156.23282312694937, 313583.593912394717336, 0.0 ], [ 407143.967689295997843, 313567.889367439260241, 0.0 ], [ 407118.726434298616368, 313567.307278540509287, 0.0 ], [ 407106.461213704780675, 313551.602789130352903, 0.0 ], [ 407107.172022651066072, 313520.775846832373645, 0.0 ], [ 407094.906712051597424, 313505.071378060965799, 0.0 ], [ 407082.641357348300517, 313489.366928320203442, 0.0 ], [ 407083.352069788263179, 313458.53999038488837, 0.0 ], [ 407071.086624993302394, 313442.835561270825565, 0.0 ], [ 407058.821136002487037, 313427.131151196488645, 0.0 ], [ 407046.55560282280203, 313411.426760166941676, 0.0 ], [ 407034.290025449823588, 313395.722388179390691, 0.0 ], [ 407022.024403888266534, 313380.018035234417766, 0.0 ], [ 406996.782636444142554, 313379.436313324957155, 0.0 ], [ 406984.516928123543039, 313363.732015934481751, 0.0 ], [ 406972.251175703306217, 313348.027737575350329, 0.0 ], [ 406947.009324735030532, 313347.446159700804856, 0.0 ], [ 406934.743485464132391, 313331.741936882724985, 0.0 ], [ 406922.477602008264512, 313316.037733108620159, 0.0 ], [ 406897.235667516011745, 313315.456299267651048, 0.0 ], [ 406884.969697298016399, 313299.752151034597773, 0.0 ], [ 406885.679686493356712, 313268.925236031645909, 0.0 ], [ 406873.413626281078905, 313253.221108423196711, 0.0 ], [ 406861.147521965845954, 313237.516999855230097, 0.0 ], [ 406861.502468926890288, 313222.103544396697544, 0.0 ], [ 406848.881373374257237, 313221.812910339853261, 0.0 ], [ 406823.63918347551953, 313221.231695499853231, 0.0 ], [ 406798.39699518866837, 313220.650551692349836, 0.0 ], [ 406773.154808515449986, 313220.069478914490901, 0.0 ], [ 406747.91262354166247, 313219.488477170467377, 0.0 ], [ 406722.670440091053024, 313218.90754645614652, 0.0 ], [ 406697.428258249070495, 313218.326686771470122, 0.0 ], [ 406672.186078020371497, 313217.74589811853366, 0.0 ], [ 406646.943899397389032, 313217.165180496638641, 0.0 ], [ 406633.968254183069803, 313232.288294929312542, 0.0 ], [ 406620.992651435430162, 313247.411426445993129, 0.0 ], [ 406595.750562779488973, 313246.830848918354604, 0.0 ], [ 406570.508475738053676, 313246.250342423270922, 0.0 ], [ 406557.533003906661179, 313261.373560077219736, 0.0 ], [ 406544.557574632694013, 313276.496794805221725, 0.0 ], [ 406532.290962650848087, 313260.793159145803656, 0.0 ], [ 406520.024306572158821, 313245.089542528323364, 0.0 ], [ 406494.782224357069936, 313244.509249126422219, 0.0 ], [ 406482.51548143295804, 313228.805688042892143, 0.0 ], [ 406470.248694321955554, 313213.102146011195146, 0.0 ], [ 406445.00652857881505, 313212.521996635710821, 0.0 ], [ 406419.764364444534294, 313211.941918290569447, 0.0 ], [ 406394.522202008869499, 313211.361910977866501, 0.0 ], [ 406369.28004109399626, 313210.781974694167729, 0.0 ], [ 406344.037881784839556, 313210.20210944081191, 0.0 ], [ 406318.795724086055998, 313209.622315218497533, 0.0 ], [ 406293.553568085189909, 313209.042592027923092, 0.0 ], [ 406280.578541260794736, 313224.166189919342287, 0.0 ], [ 406267.603556998656131, 313239.289804897562135, 0.0 ], [ 406254.628615294815972, 313254.413436949136667, 0.0 ], [ 406241.653716156259179, 313269.537086079071742, 0.0 ], [ 406228.678859573905356, 313284.660752283816691, 0.0 ], [ 406215.704045552702155, 313299.784435563313309, 0.0 ], [ 406202.729274095094297, 313314.908135919016786, 0.0 ], [ 406189.75454519642517, 313330.031853352382313, 0.0 ], [ 406164.512744217645377, 313329.452477465558331, 0.0 ], [ 406139.270944752905052, 313328.873172606923617, 0.0 ], [ 406114.029146896733437, 313328.293938779388554, 0.0 ], [ 406101.761902833066415, 313312.590920411166735, 0.0 ], [ 406089.494614586001262, 313296.887921081972308, 0.0 ], [ 406077.227282153791748, 313281.18494079192169, 0.0 ], [ 406064.959905626717955, 313265.481979538861196, 0.0 ], [ 406052.692484822298866, 313249.77903732273262, 0.0 ], [ 406040.425019837799482, 313234.076114145747852, 0.0 ], [ 406015.182968162931502, 313233.497170324029867, 0.0 ], [ 405989.940918091102503, 313232.918297532014549, 0.0 ], [ 405964.698869629122782, 313232.339495771040674, 0.0 ], [ 405939.456822862266563, 313231.760765042563435, 0.0 ], [ 405914.214777607936412, 313231.182105341576971, 0.0 ], [ 405888.972733960370533, 313230.603516670234967, 0.0 ], [ 405863.730691915028729, 313230.024999029235914, 0.0 ], [ 405851.462884750275407, 313214.322350351780187, 0.0 ], [ 405852.169307629053947, 313183.495518278388772, 0.0 ], [ 405839.901410579681396, 313167.792890219832771, 0.0 ], [ 405827.63346925273072, 313152.090281194658019, 0.0 ], [ 405815.365483745466918, 313136.387691207230091, 0.0 ], [ 405803.097454053582624, 313120.685120255337097, 0.0 ], [ 405803.803688903921284, 313089.858295684389304, 0.0 ], [ 405816.778040189179592, 313074.734040106006432, 0.0 ], [ 405829.75243403215427, 313059.609801614424214, 0.0 ], [ 405817.484311140491627, 313043.907216363528278, 0.0 ], [ 405805.216144065139815, 313028.204650149680674, 0.0 ], [ 405805.922364375961479, 312997.377829173114151, 0.0 ], [ 405806.628579840355087, 312966.551009396847803, 0.0 ], [ 405807.334790457971394, 312935.724190817971248, 0.0 ], [ 405820.309346478316002, 312920.599933350284118, 0.0 ], [ 405833.283945055445656, 312905.475692947453354, 0.0 ], [ 405833.990232718526386, 312874.648874806938693, 0.0 ], [ 405834.696515534538776, 312843.822057865909301, 0.0 ], [ 405847.671238563605584, 312828.697833779559005, 0.0 ], [ 405860.646004055975936, 312813.573626767203677, 0.0 ], [ 405873.620812201057561, 312798.449436832510401, 0.0 ], [ 405886.595662901061587, 312783.325263985374477, 0.0 ], [ 405887.302104647853412, 312752.498446720011998, 0.0 ], [ 405888.008541546238121, 312721.671630653552711, 0.0 ], [ 405888.714973596041091, 312690.844815784483217, 0.0 ], [ 405901.68998968671076, 312675.720658860751428, 0.0 ], [ 405914.665048331429716, 312660.59651901316829, 0.0 ], [ 405915.371557418082375, 312629.769704591657501, 0.0 ], [ 405928.346699561399873, 312614.645581436459906, 0.0 ], [ 405941.321884262841195, 312599.521475358924363, 0.0 ], [ 405929.053244741167873, 312583.818767822172958, 0.0 ], [ 405916.7845610443037, 312568.116079321713187, 0.0 ], [ 405917.491055583697744, 312537.289268484688364, 0.0 ], [ 405918.197545273695141, 312506.462458857800812, 0.0 ], [ 405905.928725818870589, 312490.759792551805731, 0.0 ], [ 405893.659862185479142, 312475.057145282102283, 0.0 ], [ 405894.366255446744617, 312444.230340002337471, 0.0 ], [ 405882.097301850095391, 312428.527713347226381, 0.0 ], [ 405869.828304075519554, 312412.825105729163624, 0.0 ], [ 405857.559262220282108, 312397.122517148731276, 0.0 ], [ 405845.290176095208153, 312381.41994760313537, 0.0 ], [ 405833.021045797271654, 312365.717397103086114, 0.0 ], [ 405820.751871322398074, 312350.014865627221297, 0.0 ], [ 405821.457985005166847, 312319.188071021577343, 0.0 ], [ 405822.164093841041904, 312288.361277614778373, 0.0 ], [ 405822.870197829906829, 312257.534485406125896, 0.0 ], [ 405810.600841821986251, 312241.831977703142911, 0.0 ], [ 405785.356030653929338, 312241.25380687660072, 0.0 ], [ 405760.111221093335189, 312240.675707071844954, 0.0 ], [ 405734.866413225361612, 312240.09767829044722, 0.0 ], [ 405722.596885362407193, 312224.395299107534811, 0.0 ], [ 405710.327313326706644, 312208.692938948865049, 0.0 ], [ 405685.082421852159314, 312208.115054169087671, 0.0 ], [ 405659.837531984201632, 312207.537240411154926, 0.0 ], [ 405634.592643808224238, 312206.959497675823513, 0.0 ], [ 405609.347757148439996, 312206.381825962278526, 0.0 ], [ 405597.077970696031116, 312190.679630798811559, 0.0 ], [ 405584.808140071691014, 312174.977454669424333, 0.0 ], [ 405559.563169894332532, 312174.399926955462433, 0.0 ], [ 405547.29325254028663, 312158.69780634943163, 0.0 ], [ 405535.023291012563277, 312142.995704776840284, 0.0 ], [ 405509.778237408027053, 312142.418321064498741, 0.0 ], [ 405484.533185313921422, 312141.841008371906355, 0.0 ], [ 405459.288134825066663, 312141.26376669970341, 0.0 ], [ 405434.043085936398711, 312140.686596048704814, 0.0 ], [ 405408.79803874285426, 312140.109496420249343, 0.0 ], [ 405383.552993056655396, 312139.532467810844537, 0.0 ], [ 405371.282732000050601, 312123.830604206130374, 0.0 ], [ 405359.012426768545993, 312108.128759635495953, 0.0 ], [ 405333.767297565529589, 312107.551875022763852, 0.0 ], [ 405321.49690560833551, 312091.850085971993394, 0.0 ], [ 405309.226469476649072, 312076.148315965256188, 0.0 ], [ 405283.981256844708696, 312075.571575351350475, 0.0 ], [ 405258.736045726225711, 312074.994905755738728, 0.0 ], [ 405233.490836206707172, 312074.418307179177646, 0.0 ], [ 405221.220228227204643, 312058.716665657819249, 0.0 ], [ 405208.949576078914106, 312043.015043168561533, 0.0 ], [ 405196.678879759740084, 312027.313439709832892, 0.0 ], [ 405184.408139364735689, 312011.611855287454091, 0.0 ], [ 405172.137354711361695, 311995.910289894905873, 0.0 ], [ 405172.8411603384302, 311965.083559370192233, 0.0 ], [ 405160.570285739027895, 311949.382014586648438, 0.0 ], [ 405148.299366974388249, 311933.680488847196102, 0.0 ], [ 405136.028404040494934, 311917.978982126980554, 0.0 ], [ 405123.0537744180765, 311933.10421865346143, 0.0 ], [ 405122.35014706174843, 311963.93094405636657, 0.0 ], [ 405109.375600931234658, 311979.056197285244707, 0.0 ], [ 405096.401097353314981, 311994.181467590271495, 0.0 ], [ 405083.426636330317706, 312009.306754973600619, 0.0 ], [ 405070.452217952581123, 312024.432059436745476, 0.0 ], [ 405069.748749546939507, 312055.258784545760136, 0.0 ], [ 405056.774414573446847, 312070.384105708333664, 0.0 ], [ 405043.800122153712437, 312085.509443937975448, 0.0 ], [ 405030.825872289715335, 312100.634799258608837, 0.0 ], [ 405017.851664979709312, 312115.760171656205785, 0.0 ], [ 405004.877500223694369, 312130.885561132803559, 0.0 ], [ 404979.632480146945454, 312130.309668848989531, 0.0 ], [ 404966.658402108470909, 312145.435109938727692, 0.0 ], [ 404953.684366709669121, 312160.560568109620363, 0.0 ], [ 404928.439436555898283, 312159.984815914416686, 0.0 ], [ 404915.465487787267193, 312175.110325697052758, 0.0 ], [ 404902.4915815689601, 312190.235852557234466, 0.0 ], [ 404889.517717908020131, 312205.361396496475209, 0.0 ], [ 404876.54389680037275, 312220.486957505578175, 0.0 ], [ 404863.570118250092492, 312235.612535607186146, 0.0 ], [ 404850.596382255491335, 312250.73813078564126, 0.0 ], [ 404837.622688904637471, 312265.863743046007585, 0.0 ], [ 404836.919962395855691, 312296.690460188081488, 0.0 ], [ 404823.946352464146912, 312311.81608915142715, 0.0 ], [ 404798.701863925089128, 312311.240682302741334, 0.0 ], [ 404785.728340709058102, 312326.366362882778049, 0.0 ], [ 404772.75486005214043, 312341.492060543270782, 0.0 ], [ 404747.510461431229487, 312340.916793787444476, 0.0 ], [ 404722.266064497292973, 312340.34159805480158, 0.0 ], [ 404709.292714723036624, 312355.467381857568398, 0.0 ], [ 404696.319407501257956, 312370.593182747834362, 0.0 ], [ 404671.0751003967016, 312370.018127107410692, 0.0 ], [ 404645.830794890644029, 312369.44314248743467, 0.0 ], [ 404620.586490978370421, 312368.868228889245074, 0.0 ], [ 404595.342188754235394, 312368.293386313656811, 0.0 ], [ 404570.097888035525102, 312367.718614757817704, 0.0 ], [ 404557.124844177858904, 312382.844605415244587, 0.0 ], [ 404544.151842878083698, 312397.970613152428996, 0.0 ], [ 404518.907632074609865, 312397.395981690846384, 0.0 ], [ 404493.66342295834329, 312396.82142125396058, 0.0 ], [ 404481.392084161401726, 312381.120820487441961, 0.0 ], [ 404482.093610966287088, 312350.294127031869721, 0.0 ], [ 404495.066563294210937, 312335.168032402580138, 0.0 ], [ 404508.039558092248626, 312320.041954843094572, 0.0 ], [ 404508.74116199160926, 312289.215261841425672, 0.0 ], [ 404509.442761074868031, 312258.388570040697232, 0.0 ], [ 404510.144355342141353, 312227.561879441665951, 0.0 ], [ 404510.84594479307998, 312196.735190052771941, 0.0 ], [ 404511.547529428265989, 312165.908501857775263, 0.0 ], [ 404512.249109247233719, 312135.081814862322062, 0.0 ], [ 404512.950684250099584, 312104.255129067169037, 0.0 ], [ 404513.652254436921794, 312073.428444475051947, 0.0 ], [ 404501.380456427112222, 312057.727842013351619, 0.0 ], [ 404489.108614164288156, 312042.027258567337412, 0.0 ], [ 404476.836727736226749, 312026.326694150513504, 0.0 ], [ 404464.564797143219039, 312010.626148761482909, 0.0 ], [ 404452.29282238316955, 311994.925622402341105, 0.0 ], [ 404427.04749056044966, 311994.351300340495072, 0.0 ], [ 404414.77542907372117, 311978.650829492660705, 0.0 ], [ 404402.503323425073177, 311962.950377672561444, 0.0 ], [ 404390.231173700420186, 311947.249944883107673, 0.0 ], [ 404377.958979726303369, 311931.549531121389009, 0.0 ], [ 404352.713479248108342, 311930.975426007702481, 0.0 ], [ 404340.44119854393648, 311915.275067767186556, 0.0 ], [ 404328.168873679009266, 311899.57472854241496, 0.0 ], [ 404315.896504651289433, 311883.874408347532153, 0.0 ], [ 404316.597347390372306, 311853.047747744305525, 0.0 ], [ 404317.298185318009928, 311822.221088341961149, 0.0 ], [ 404305.025680597638711, 311806.520790323149413, 0.0 ], [ 404292.753131717501674, 311790.820511332130991, 0.0 ], [ 404280.480538765608799, 311775.120251380838454, 0.0 ], [ 404255.234611082531046, 311774.546440067118965, 0.0 ], [ 404242.261363158584572, 311789.67288676078897, 0.0 ], [ 404229.288157787988894, 311804.799350546265487, 0.0 ], [ 404216.314994968706742, 311819.925831412896514, 0.0 ], [ 404203.34187470539473, 311835.052329363534227, 0.0 ], [ 404178.096125235664658, 311834.478727207286283, 0.0 ], [ 404165.123091768706217, 311849.605276776710525, 0.0 ], [ 404164.422769328346476, 311880.431925705284812, 0.0 ], [ 404151.449819282162935, 311895.55849198193755, 0.0 ], [ 404138.476911788457073, 311910.685075342655182, 0.0 ], [ 404137.776666449964978, 311941.511724718729965, 0.0 ], [ 404124.803842468594667, 311956.638324790226761, 0.0 ], [ 404111.831061042728834, 311971.764941945031751, 0.0 ], [ 404098.858322170097381, 311986.891576181689743, 0.0 ], [ 404073.613012656685896, 311986.318248369905632, 0.0 ], [ 404060.640360497520305, 312001.444934225350153, 0.0 ], [ 404047.667750982102007, 312016.571637167595327, 0.0 ], [ 404022.422531371295918, 312015.998449448612519, 0.0 ], [ 403997.177313349908218, 312015.425332746526692, 0.0 ], [ 403984.2048346112133, 312030.552121843094938, 0.0 ], [ 403971.232398433727212, 312045.678928023669869, 0.0 ], [ 403945.987270314071793, 312045.105951414443552, 0.0 ], [ 403933.714491747377906, 312029.406170569884125, 0.0 ], [ 403921.441668928135186, 312013.706408749509137, 0.0 ], [ 403896.196457268786617, 312013.133576119318604, 0.0 ], [ 403870.951247204735409, 312012.560814505966846, 0.0 ], [ 403845.706038728763815, 312011.988123909570277, 0.0 ], [ 403820.460831935692113, 312011.415504333563149, 0.0 ], [ 403795.215626640012488, 312010.842955773056019, 0.0 ], [ 403782.243501139106229, 312025.970021170563996, 0.0 ], [ 403769.271418199990876, 312041.097103654232342, 0.0 ], [ 403756.299377813702449, 312056.224203209858388, 0.0 ], [ 403743.327379986993037, 312071.351319862937089, 0.0 ], [ 403718.082352898374666, 312070.778980472648982, 0.0 ], [ 403692.837327489047311, 312070.206712102808524, 0.0 ], [ 403667.592303580720909, 312069.634514747711364, 0.0 ], [ 403642.347281259018928, 312069.062388410966378, 0.0 ], [ 403617.102260528074112, 312068.490333092515357, 0.0 ], [ 403604.828974285395816, 312052.791024904407095, 0.0 ], [ 403605.527417747944128, 312021.964411502005532, 0.0 ], [ 403593.254041679902002, 312006.265123913646676, 0.0 ], [ 403580.980621361231897, 311990.565855348133482, 0.0 ], [ 403568.707156882039271, 311974.866605808259919, 0.0 ], [ 403556.433648240345065, 311959.167375291872304, 0.0 ], [ 403544.160095440922305, 311943.468163799785543, 0.0 ], [ 403518.914734190213494, 311942.896400305617135, 0.0 ], [ 403493.66937452275306, 311942.324707828345709, 0.0 ], [ 403468.424016537494026, 311941.753086369426455, 0.0 ], [ 403443.178660047240555, 311941.1815359260072, 0.0 ], [ 403417.933305146521889, 311940.610056497331243, 0.0 ], [ 403392.687951830390375, 311940.03864808625076, 0.0 ], [ 403367.442600193549879, 311939.467310692823958, 0.0 ], [ 403354.471143368573394, 311954.594963987590745, 0.0 ], [ 403341.499729103758, 311969.722634367120918, 0.0 ], [ 403316.25446726649534, 311969.151437067252118, 0.0 ], [ 403303.98053297487786, 311953.45257132453844, 0.0 ], [ 403291.706554524484091, 311937.753724603913724, 0.0 ], [ 403279.432531920145266, 311922.054896906134672, 0.0 ], [ 403267.158465152955614, 311906.356088233238552, 0.0 ], [ 403254.884354319830891, 311890.657298598089255, 0.0 ], [ 403255.581559792335611, 311859.830718331912067, 0.0 ], [ 403256.278760478249751, 311829.004139270982705, 0.0 ], [ 403256.975956377689727, 311798.177561413089279, 0.0 ], [ 403244.701664043357596, 311782.47879549767822, 0.0 ], [ 403232.427327556884848, 311766.780048605054617, 0.0 ], [ 403220.152946909074672, 311751.081320745171979, 0.0 ], [ 403207.878522107494064, 311735.382611896027811, 0.0 ], [ 403208.575530222908128, 311704.55604152509477, 0.0 ], [ 403209.272533552953973, 311673.729472356499173, 0.0 ], [ 403209.969532097573392, 311642.902904393151402, 0.0 ], [ 403210.666525856475346, 311612.07633764349157, 0.0 ], [ 403198.391873903921805, 311596.377654099604115, 0.0 ], [ 403186.117177798878402, 311580.678989577107131, 0.0 ], [ 403173.842437539482489, 311564.980344078096095, 0.0 ], [ 403160.870842353382614, 311580.108278079831507, 0.0 ], [ 403147.899289817025419, 311595.236229170463048, 0.0 ], [ 403122.653000104299281, 311594.665623224864248, 0.0 ], [ 403109.681534175644629, 311609.793625938531477, 0.0 ], [ 403096.710110807209276, 311624.921645728405565, 0.0 ], [ 403071.463910972117446, 311624.351179874269292, 0.0 ], [ 403046.217712723999284, 311623.780785033479333, 0.0 ], [ 403020.971516152960248, 311623.210461208131164, 0.0 ], [ 402995.725321075995453, 311622.640208393335342, 0.0 ], [ 402970.479127581056673, 311622.070026592642535, 0.0 ], [ 402945.232935672276653, 311621.499915804539341, 0.0 ], [ 402932.261819737497717, 311636.628159928950481, 0.0 ], [ 402919.290746451355517, 311651.756421140860766, 0.0 ], [ 402894.044644419918768, 311651.186450447072275, 0.0 ], [ 402881.073657744564116, 311666.314763285568915, 0.0 ], [ 402868.102713625645265, 311681.443093213776592, 0.0 ], [ 402842.856701471086126, 311680.873262612090912, 0.0 ], [ 402817.610690897097811, 311680.303503024508245, 0.0 ], [ 402804.639877721201628, 311695.431919123919215, 0.0 ], [ 402791.669107012450695, 311710.560352305939887, 0.0 ], [ 402766.423186314408667, 311709.990732814068906, 0.0 ], [ 402741.177267200953793, 311709.42118433478754, 0.0 ], [ 402715.931349667254835, 311708.851706868910696, 0.0 ], [ 402690.685433807899244, 311708.282300418475643, 0.0 ], [ 402678.410069414123427, 311692.584359090717044, 0.0 ], [ 402666.134660869487561, 311676.88643678225344, 0.0 ], [ 402640.888661370030604, 311676.317174287454691, 0.0 ], [ 402628.613166108028963, 311660.619307472603396, 0.0 ], [ 402616.337626690976322, 311644.921459676290397, 0.0 ], [ 402591.091543646296486, 311644.352341137826443, 0.0 ], [ 402578.815917605068535, 311628.654548836522736, 0.0 ], [ 402566.5402473192662, 311612.956775552418549, 0.0 ], [ 402541.294080727093387, 311612.387800970289391, 0.0 ], [ 402516.047915713163093, 311611.818897400808055, 0.0 ], [ 402490.801752281957306, 311611.250064843974542, 0.0 ], [ 402465.555590518983081, 311610.681303301185835, 0.0 ], [ 402452.585313350893557, 311625.810203697765246, 0.0 ], [ 402439.615078742674086, 311640.939121183357202, 0.0 ], [ 402427.339197224238887, 311625.241547707410064, 0.0 ], [ 402415.063271552266087, 311609.543993248662446, 0.0 ], [ 402389.817114440724254, 311608.975444741023239, 0.0 ], [ 402364.5709589063772, 311608.406967246031854, 0.0 ], [ 402339.324805043754168, 311607.838560765085276, 0.0 ], [ 402314.078652667696588, 311607.270225293992553, 0.0 ], [ 402301.802512585825752, 311591.572835746803321, 0.0 ], [ 402289.526328358333558, 311575.875465205463115, 0.0 ], [ 402264.28009242931148, 311575.307273687096313, 0.0 ], [ 402239.033858175971545, 311574.73915318143554, 0.0 ], [ 402213.78762540378375, 311574.171103686327115, 0.0 ], [ 402201.511269332258962, 311558.473861573031172, 0.0 ], [ 402189.234869106439874, 311542.776638477575034, 0.0 ], [ 402163.988552785129286, 311542.208732933097053, 0.0 ], [ 402138.742238044040278, 311541.64089839841472, 0.0 ], [ 402113.495924968388863, 311541.073134877136908, 0.0 ], [ 402101.219352901738603, 311525.376040206232574, 0.0 ], [ 402088.942736686207354, 311509.67896455177106, 0.0 ], [ 402063.696339968359098, 311509.111344976874534, 0.0 ], [ 402051.419637039653026, 311493.414324809622485, 0.0 ], [ 402039.142889960552566, 311477.717323658813257, 0.0 ], [ 402013.896409780834801, 311477.149848033906892, 0.0 ], [ 402001.619575993914623, 311461.452902367513161, 0.0 ], [ 401989.342698054504581, 311445.755975728156045, 0.0 ], [ 401976.373054736293852, 311460.885534218919929, 0.0 ], [ 401963.403453973238356, 311476.015109811385628, 0.0 ], [ 401951.126535057439469, 311460.318237080879044, 0.0 ], [ 401938.849571989267133, 311444.621383377409074, 0.0 ], [ 401913.603011319879442, 311444.054193717078306, 0.0 ], [ 401888.356452319072559, 311443.487075070152059, 0.0 ], [ 401863.109894801280461, 311442.920027429529, 0.0 ], [ 401837.863338859053329, 311442.353050800797064, 0.0 ], [ 401812.616784492274746, 311441.786145181918982, 0.0 ], [ 401787.370231793145649, 311441.219310574990232, 0.0 ], [ 401762.123680576565675, 311440.652546976401936, 0.0 ], [ 401736.877130937005859, 311440.085854387667496, 0.0 ], [ 401711.630582869634964, 311439.519232810183894, 0.0 ], [ 401686.384036379051395, 311438.952682240400463, 0.0 ], [ 401661.137491552741267, 311438.386202683963347, 0.0 ], [ 401635.890948207932524, 311437.819794135168195, 0.0 ], [ 401623.613430216268171, 311422.123397036630195, 0.0 ], [ 401611.335868079215288, 311406.427018951624632, 0.0 ], [ 401586.089241180277895, 311405.86075434362283, 0.0 ], [ 401573.811592335172463, 311390.164431740937289, 0.0 ], [ 401561.533899435249623, 311374.468128153239377, 0.0 ], [ 401536.287188977526966, 311373.902007485972717, 0.0 ], [ 401511.04048009525286, 311373.335957827162929, 0.0 ], [ 401485.793772783479653, 311372.769979177392088, 0.0 ], [ 401460.547067046863958, 311372.204071537475102, 0.0 ], [ 401447.578268785728142, 311387.334356173756532, 0.0 ], [ 401434.60951299557928, 311402.464657899690792, 0.0 ], [ 401409.362897106562741, 311401.898890358279459, 0.0 ], [ 401384.116282784903888, 311401.333193826023489, 0.0 ], [ 401371.147657828696538, 311416.463581738818903, 0.0 ], [ 401358.179075431544334, 311431.593986745516304, 0.0 ], [ 401332.932551049452741, 311431.028430313162971, 0.0 ], [ 401319.964055349410046, 311446.158886951336171, 0.0 ], [ 401306.995602208538912, 311461.289360693423077, 0.0 ], [ 401294.027191625325941, 311476.419851530750748, 0.0 ], [ 401281.058823604136705, 311491.550359462038614, 0.0 ], [ 401255.81247725605499, 311490.985012221848592, 0.0 ], [ 401242.844195930287242, 311506.115571796020959, 0.0 ], [ 401229.875957167532761, 311521.246148466889281, 0.0 ], [ 401204.629700755816884, 311520.680941329454072, 0.0 ], [ 401179.383445819374174, 311520.115805199020542, 0.0 ], [ 401154.137192457797937, 311519.550740080536343, 0.0 ], [ 401128.890940663928632, 311518.985745971207507, 0.0 ], [ 401115.922921012039296, 311534.116477921139449, 0.0 ], [ 401102.954944011289626, 311549.247226969979238, 0.0 ], [ 401077.708782061876263, 311548.682372964103706, 0.0 ], [ 401052.462621684011538, 311548.117589968023822, 0.0 ], [ 401027.216462872806005, 311547.552877981041092, 0.0 ], [ 401001.970305630529765, 311546.98823700461071, 0.0 ], [ 400976.724150049383752, 311546.42366704007145, 0.0 ], [ 400951.477995944267605, 311545.859168083290569, 0.0 ], [ 400926.231843407382257, 311545.294740135606844, 0.0 ], [ 400900.985692440939602, 311544.730383198417258, 0.0 ], [ 400875.739543130272068, 311544.16609727247851, 0.0 ], [ 400862.772005831182469, 311559.297174343024381, 0.0 ], [ 400849.804511099064257, 311574.428268499032129, 0.0 ], [ 400824.558451538730878, 311573.864122676546685, 0.0 ], [ 400811.591043500462547, 311588.995268489583395, 0.0 ], [ 400798.623678029398434, 311604.126431400014553, 0.0 ], [ 400773.377708306885324, 311603.562425683892798, 0.0 ], [ 400748.131740246026311, 311602.998490979662165, 0.0 ], [ 400722.885773659218103, 311602.434627283131704, 0.0 ], [ 400709.91858316003345, 311617.56591093930183, 0.0 ], [ 400696.95143521920545, 311632.697211692226119, 0.0 ], [ 400683.984329844126478, 311647.828529545397032, 0.0 ], [ 400671.017267030023504, 311662.959864495380316, 0.0 ], [ 400658.050246779515874, 311678.091216545552015, 0.0 ], [ 400657.361991603742354, 311708.917593785794452, 0.0 ], [ 400644.395055003056768, 311724.048962584405672, 0.0 ], [ 400619.149441508867312, 311723.485375280899461, 0.0 ], [ 400606.182591516990215, 311738.616795726586133, 0.0 ], [ 400593.215784089639783, 311753.748233273916412, 0.0 ], [ 400567.970260432222858, 311753.184786079626065, 0.0 ], [ 400555.003539708792232, 311768.316275274788495, 0.0 ], [ 400542.036861545639113, 311783.447781570255756, 0.0 ], [ 400529.070226040203124, 311798.579304965969641, 0.0 ], [ 400516.103633007558528, 311813.710845461988356, 0.0 ], [ 400503.137082544853911, 311828.842403056914918, 0.0 ], [ 400490.170574643649161, 311843.97397774073761, 0.0 ], [ 400477.204109310405329, 311859.105569536215626, 0.0 ], [ 400464.237686540873256, 311874.237178431940265, 0.0 ], [ 400438.992517549777403, 311873.674078653159086, 0.0 ], [ 400426.026181483874097, 311888.805739200965036, 0.0 ], [ 400413.059888076910283, 311903.937416851171292, 0.0 ], [ 400387.814808924333192, 311903.374457185855135, 0.0 ], [ 400374.848602128913626, 311918.506186484533828, 0.0 ], [ 400361.882437902851962, 311933.637932887126226, 0.0 ], [ 400336.637448586057872, 311933.07511333655566, 0.0 ], [ 400323.671371064556297, 311948.206911391171161, 0.0 ], [ 400310.705336108105257, 311963.338726547488477, 0.0 ], [ 400285.460436721506994, 311962.776047114573885, 0.0 ], [ 400272.494488472759258, 311977.907913910923526, 0.0 ], [ 400271.807486742036417, 312008.734274613845628, 0.0 ], [ 400258.841622057021596, 312023.866158175515011, 0.0 ], [ 400233.596899130672682, 312023.303616949007846, 0.0 ], [ 400220.631121151498519, 312038.4355521670077, 0.0 ], [ 400219.944283416261896, 312069.2619114756817, 0.0 ], [ 400206.978589007689152, 312084.393863444856834, 0.0 ], [ 400194.012937168008648, 312099.525832517130766, 0.0 ], [ 400193.326176718110219, 312130.352192329242826, 0.0 ], [ 400192.639411553449463, 312161.178553360747173, 0.0 ], [ 400191.95264167431742, 312192.004915602388792, 0.0 ], [ 400191.265867080888711, 312222.831279055622872, 0.0 ], [ 400190.57908777310513, 312253.65764370909892, 0.0 ], [ 400189.89230375085026, 312284.484009582665749, 0.0 ], [ 400189.205515014124103, 312315.310376667883247, 0.0 ], [ 400176.240192843484692, 312330.442360407323577, 0.0 ], [ 400163.274913151632063, 312345.57436124922242, 0.0 ], [ 400175.553440394927748, 312361.268728354305495, 0.0 ], [ 400187.831923397548962, 312376.963114467274863, 0.0 ], [ 400200.110362342209555, 312392.657519581145607, 0.0 ], [ 400212.388757138047367, 312408.351943714311346, 0.0 ], [ 400211.701862822752446, 312439.178317547077313, 0.0 ], [ 400223.980167753994465, 312454.872762248851359, 0.0 ], [ 400236.258428535773419, 312470.567225961422082, 0.0 ], [ 400248.536645163432695, 312486.261708684032783, 0.0 ], [ 400260.814817646052688, 312501.95621041598497, 0.0 ], [ 400260.127735740563367, 312532.782591683266219, 0.0 ], [ 400272.405818351078779, 312548.477113983884919, 0.0 ], [ 400284.683856813469902, 312564.171655293845106, 0.0 ], [ 400283.99667875142768, 312594.998040899750777, 0.0 ], [ 400296.27462724770885, 312610.692602778377477, 0.0 ], [ 400308.552531687659211, 312626.387183669139631, 0.0 ], [ 400320.830391973839141, 312642.08178356999997, 0.0 ], [ 400346.07338676112704, 312642.644647003151476, 0.0 ], [ 400358.351160313817672, 312658.339302378473803, 0.0 ], [ 400357.663707924075425, 312689.165697324438952, 0.0 ], [ 400369.941391604603268, 312704.860373269068077, 0.0 ], [ 400382.219031130312942, 312720.555068223795388, 0.0 ], [ 400381.53148257615976, 312751.381467509141658, 0.0 ], [ 400380.843929303286131, 312782.207868006022181, 0.0 ], [ 400380.156371311633848, 312813.034269701049197, 0.0 ], [ 400392.433829513960518, 312828.728988342918456, 0.0 ], [ 400404.711243472062051, 312844.423725995584391, 0.0 ], [ 400404.023589312680997, 312875.250132029934321, 0.0 ], [ 400403.335930433822796, 312906.076539273723029, 0.0 ], [ 400415.613208880531602, 312921.771299056417774, 0.0 ], [ 400427.890443170152139, 312937.466077849909198, 0.0 ], [ 400427.20268812100403, 312968.29248941183323, 0.0 ], [ 400439.479832529556006, 312983.987288776028436, 0.0 ], [ 400451.756932784686796, 312999.682107149623334, 0.0 ], [ 400464.033988881739788, 313015.376944538962562, 0.0 ], [ 400476.311000824905932, 313031.071800936886575, 0.0 ], [ 400488.587968607316725, 313046.766676347062457, 0.0 ], [ 400500.864892237703316, 313062.461570770130493, 0.0 ], [ 400513.141771619091742, 313078.15648420114303, 0.0 ], [ 400538.383564685005695, 313078.719942501571495, 0.0 ], [ 400550.660357416258194, 313094.414911401399877, 0.0 ], [ 400562.937105990131386, 313110.109899326809682, 0.0 ], [ 400588.17881544737611, 313110.6735015779268, 0.0 ], [ 400600.455477275478188, 313126.3685449778568, 0.0 ], [ 400612.73209494818002, 313142.063607391377445, 0.0 ], [ 400625.008668367867358, 313157.75868881639326, 0.0 ], [ 400637.285197724180762, 313173.453789252904244, 0.0 ], [ 400649.561682922125328, 313189.148908703762572, 0.0 ], [ 400648.873109483742155, 313219.97534713440109, 0.0 ], [ 400661.149504789733328, 313235.670487146009691, 0.0 ], [ 400686.390873556141742, 313236.234381123678759, 0.0 ], [ 400698.667182118049823, 313251.929576624708716, 0.0 ], [ 400710.943446518154815, 313267.624791140726302, 0.0 ], [ 400723.219666760764085, 313283.320024668937549, 0.0 ], [ 400735.495842748612631, 313299.015277210099157, 0.0 ], [ 400747.77197467116639, 313314.710548764793202, 0.0 ], [ 400760.048062433314044, 313330.405839331739116, 0.0 ], [ 400772.324106030166149, 313346.101148914371151, 0.0 ], [ 400784.600105470861308, 313361.796477510652039, 0.0 ], [ 400796.87606074847281, 313377.491825107776094, 0.0 ], [ 400796.186938516038936, 313408.318282254622318, 0.0 ], [ 400795.497811554814689, 313439.144740611605812, 0.0 ], [ 400794.808679865091108, 313469.9712001766311, 0.0 ], [ 400794.119543446577154, 313500.797660952550359, 0.0 ], [ 400806.395271624205634, 313516.493033803242724, 0.0 ], [ 400818.670955634210259, 313532.188425678818021, 0.0 ], [ 400817.981723014847375, 313563.014890784863383, 0.0 ], [ 400817.292485666228458, 313593.841357098252047, 0.0 ], [ 400829.568034044466913, 313609.536771108105313, 0.0 ], [ 400841.843538166605867, 313625.232204129453748, 0.0 ], [ 400841.154204614344053, 313656.05867476091953, 0.0 ], [ 400840.464866332302336, 313686.885146613873076, 0.0 ], [ 400839.775523320306093, 313717.711619674169924, 0.0 ], [ 400839.086175578762777, 313748.538093946059234, 0.0 ], [ 400838.396823107497767, 313779.364569425291847, 0.0 ], [ 400837.707465906685684, 313810.191046105523128, 0.0 ], [ 400837.018103976035491, 313841.017524002236314, 0.0 ], [ 400849.29324385599466, 313856.712986960599665, 0.0 ], [ 400874.532890262431465, 313857.27748734143097, 0.0 ], [ 400899.772538235643879, 313857.842058749753051, 0.0 ], [ 400912.047548761533108, 313873.537613660446368, 0.0 ], [ 400924.322515122941695, 313889.233187586825807, 0.0 ], [ 400949.562079382943921, 313889.797902960737702, 0.0 ], [ 400961.836958982283249, 313905.493532370775938, 0.0 ], [ 400974.111794416676275, 313921.189180795219727, 0.0 ], [ 400999.351275148219429, 313921.754040139552671, 0.0 ], [ 401024.590757442871109, 313922.318970510794315, 0.0 ], [ 401049.830241305404343, 313922.883971911622211, 0.0 ], [ 401075.069726640998852, 313923.449044337845407, 0.0 ], [ 401087.344347536331043, 313939.144857648352627, 0.0 ], [ 401086.654099170060363, 313969.971359497809317, 0.0 ], [ 401085.963846068130806, 314000.797862557403278, 0.0 ], [ 401072.999104567395989, 314015.928548819792923, 0.0 ], [ 401060.03440565301571, 314031.059252188075334, 0.0 ], [ 401059.344229833921418, 314061.885755750467069, 0.0 ], [ 401058.654049280215986, 314092.712260511703789, 0.0 ], [ 401057.963863991317339, 314123.538766492973082, 0.0 ], [ 401044.999330781167373, 314138.669485911435913, 0.0 ], [ 401032.034840066218749, 314153.800222432299051, 0.0 ], [ 401044.309181767923292, 314169.495992750278674, 0.0 ], [ 401057.273673967574723, 314154.365273685136344, 0.0 ], [ 401070.238208842929453, 314139.23457172390772, 0.0 ], [ 401095.477088562911376, 314139.799728568119463, 0.0 ], [ 401108.441710184211843, 314124.669078269507736, 0.0 ], [ 401121.406374390702695, 314109.538445076148491, 0.0 ], [ 401146.645343999902252, 314110.103742067760322, 0.0 ], [ 401171.884315080475062, 314110.669110087561421, 0.0 ], [ 401197.123287820024416, 314111.234549139160663, 0.0 ], [ 401209.397421271889471, 314126.930554181104526, 0.0 ], [ 401221.671510557760485, 314142.626578240946401, 0.0 ], [ 401233.945555670419708, 314158.322621317231096, 0.0 ], [ 401246.219556614290923, 314174.018683407804929, 0.0 ], [ 401258.493513384484686, 314189.714764516218565, 0.0 ], [ 401257.802619836525992, 314220.541289416258223, 0.0 ], [ 401257.111721548601054, 314251.367815536330454, 0.0 ], [ 401256.420818521233741, 314282.194342863804195, 0.0 ], [ 401268.694593873689882, 314297.890447673562448, 0.0 ], [ 401280.968324965680949, 314313.586571496911347, 0.0 ], [ 401293.242011972412001, 314329.282714340311941, 0.0 ], [ 401318.480385242262855, 314329.84852194332052, 0.0 ], [ 401330.753985482093412, 314345.544720276026055, 0.0 ], [ 401343.027541548770387, 314361.240937615220901, 0.0 ], [ 401355.301053436880466, 314376.937173981510568, 0.0 ], [ 401367.574521155795082, 314392.633429367793724, 0.0 ], [ 401379.847944698180072, 314408.329703769821208, 0.0 ], [ 401379.156584166688845, 314439.156246711208951, 0.0 ], [ 401391.429917695000768, 314454.85254168958636, 0.0 ], [ 401403.703207133919932, 314470.548855689412449, 0.0 ], [ 401415.976452402537689, 314486.245188706379849, 0.0 ], [ 401428.249653493810911, 314501.941540729894768, 0.0 ], [ 401440.522810411639512, 314517.637911781843286, 0.0 ], [ 401465.760672518110368, 314518.204157069616485, 0.0 ], [ 401490.998536195023917, 314518.770473390584812, 0.0 ], [ 401503.271563649293967, 314534.466936409764457, 0.0 ], [ 401515.544547017663717, 314550.1634184474824, 0.0 ], [ 401527.817486211773939, 314565.859919503098354, 0.0 ], [ 401540.090381224930752, 314581.556439579406288, 0.0 ], [ 401565.328076081175823, 314582.122972834331449, 0.0 ], [ 401577.60088432172779, 314597.819548402796499, 0.0 ], [ 401589.87364838749636, 314613.516142989101354, 0.0 ], [ 401615.11125952162547, 314614.082820227311458, 0.0 ], [ 401640.348872314905748, 314614.649568502267357, 0.0 ], [ 401652.621507004601881, 314630.346255060052499, 0.0 ], [ 401651.929158851969987, 314661.172827519185375, 0.0 ], [ 401651.236805950291455, 314691.999401196371764, 0.0 ], [ 401650.544448299799114, 314722.825976080144756, 0.0 ], [ 401649.852085900492966, 314753.652552173356526, 0.0 ], [ 401636.88731285254471, 314768.7824351049494, 0.0 ], [ 401611.650133894116152, 314768.215677247790154, 0.0 ], [ 401598.685447692347225, 314783.345611832861323, 0.0 ], [ 401585.720803994452581, 314798.475563529529609, 0.0 ], [ 401560.483714939909987, 314797.908945827512071, 0.0 ], [ 401547.519157996051945, 314813.038949187612161, 0.0 ], [ 401559.7916443614522, 314828.735518231464084, 0.0 ], [ 401572.06408654502593, 314844.432106296764687, 0.0 ], [ 401584.336484551546164, 314860.128713379905093, 0.0 ], [ 401596.608838373504113, 314875.825339482340496, 0.0 ], [ 401583.644317709084135, 314890.955290116078686, 0.0 ], [ 401570.679839630785864, 314906.085257853730582, 0.0 ], [ 401569.987709053559229, 314936.911835433274973, 0.0 ], [ 401557.023314580903389, 314952.041819920646958, 0.0 ], [ 401544.05896269727964, 314967.171821509720758, 0.0 ], [ 401543.366909398406278, 314997.998399601259734, 0.0 ], [ 401530.40264111966826, 315013.128417942207307, 0.0 ], [ 401517.438415437354706, 315028.258453387010377, 0.0 ], [ 401516.746439419919625, 315059.085031967842951, 0.0 ], [ 401503.78229733929038, 315074.215084161667619, 0.0 ], [ 401490.818197853863239, 315089.345153460744768, 0.0 ], [ 401477.854141051240731, 315104.475239865714684, 0.0 ], [ 401464.890126751619391, 315119.605343373841606, 0.0 ], [ 401451.926155042776372, 315134.735463984368835, 0.0 ], [ 401438.962225929659326, 315149.865601700148545, 0.0 ], [ 401438.270491257193498, 315180.692179380974267, 0.0 ], [ 401425.306645754200872, 315195.822333837335464, 0.0 ], [ 401400.070694150519557, 315195.256117466837168, 0.0 ], [ 401387.106935410527512, 315210.386323602171615, 0.0 ], [ 401374.143219269462861, 315225.516546843398828, 0.0 ], [ 401361.179545808408875, 315240.646787189878523, 0.0 ], [ 401348.215914854081348, 315255.777044640854001, 0.0 ], [ 401322.980141505831853, 315255.211037559609395, 0.0 ], [ 401310.01659731590189, 315270.34134667966282, 0.0 ], [ 401297.053095721057616, 315285.471672903571744, 0.0 ], [ 401271.81741228204919, 315284.90580598951783, 0.0 ], [ 401258.853997456724755, 315300.036183883843478, 0.0 ], [ 401245.890625314670615, 315315.166578884876799, 0.0 ], [ 401220.655031784670427, 315314.600852136616595, 0.0 ], [ 401195.41943981742952, 315314.035196428594645, 0.0 ], [ 401170.18384941725526, 315313.469611759413965, 0.0 ], [ 401157.220652296207845, 315328.600127545825671, 0.0 ], [ 401144.257497773389332, 315343.73066045017913, 0.0 ], [ 401131.29438593465602, 315358.86121046403423, 0.0 ], [ 401118.331316606956534, 315373.991777581744827, 0.0 ], [ 401093.095904453191906, 315373.426402209559456, 0.0 ], [ 401080.132921891636215, 315388.557020998443477, 0.0 ], [ 401079.442364192917012, 315419.3835815754137, 0.0 ], [ 401078.751801758888178, 315450.210143361182418, 0.0 ], [ 401091.024094083928503, 315465.9060886084917, 0.0 ], [ 401103.296342227607965, 315481.602052883536089, 0.0 ], [ 401090.33348115615081, 315496.732653162267525, 0.0 ], [ 401065.098417693108786, 315496.167341189051513, 0.0 ], [ 401039.863355791429058, 315495.602100256830454, 0.0 ], [ 401026.900625665555708, 315510.732786774111446, 0.0 ], [ 401013.937938228016719, 315525.863490400195587, 0.0 ], [ 401000.975293298717588, 315540.994211132870987, 0.0 ], [ 400988.012690965784714, 315556.124948972952552, 0.0 ], [ 400975.050131231662817, 315571.255703920382075, 0.0 ], [ 400974.359892254753504, 315602.082264101598412, 0.0 ], [ 400973.669648544746451, 315632.908825504244305, 0.0 ], [ 400972.979400101758074, 315663.735388114233501, 0.0 ], [ 400960.017006048117764, 315678.866159121738747, 0.0 ], [ 400947.054654589912388, 315693.99694723659195, 0.0 ], [ 400934.092345734126866, 315709.127752459549811, 0.0 ], [ 400921.130079476395622, 315724.258574791252613, 0.0 ], [ 400908.167855821782723, 315739.389414222503547, 0.0 ], [ 400895.205674857948907, 315754.520270773151424, 0.0 ], [ 400882.243536404683255, 315769.651144431903958, 0.0 ], [ 400869.281440550403204, 315784.78203519876115, 0.0 ], [ 400868.591515592648648, 315815.60859622398857, 0.0 ], [ 400855.629503370495513, 315830.739503751858138, 0.0 ], [ 400842.66753375006374, 315845.870428387832362, 0.0 ], [ 400829.705606729141437, 315861.001370136160403, 0.0 ], [ 400804.47160031076055, 315860.436745677900035, 0.0 ], [ 400791.509760067157913, 315875.567739090300165, 0.0 ], [ 400778.547962518059649, 315890.698749626346398, 0.0 ], [ 400753.314046010142192, 315890.134265348082408, 0.0 ], [ 400728.080131060443819, 315889.56985211360734, 0.0 ], [ 400702.846217673562933, 315889.005509922921192, 0.0 ], [ 400677.612305842107162, 315888.441238774626981, 0.0 ], [ 400664.650727596483193, 315903.572404694627039, 0.0 ], [ 400651.689191859099083, 315918.703587723313831, 0.0 ], [ 400638.727698727278039, 315933.834787862957455, 0.0 ], [ 400625.766248196479864, 315948.966005111346021, 0.0 ], [ 400600.532514627557248, 315948.401943282689899, 0.0 ], [ 400575.298782615689561, 315947.837952498579398, 0.0 ], [ 400563.026370168023277, 315932.142711799242534, 0.0 ], [ 400550.753913629567251, 315916.44749011710519, 0.0 ], [ 400537.792597192456014, 315931.578828533994965, 0.0 ], [ 400524.831323361606337, 315946.710184060328174, 0.0 ], [ 400499.59759602881968, 315946.14640640548896, 0.0 ], [ 400474.363870250061154, 315945.582699794496875, 0.0 ], [ 400449.130146034178324, 315945.019064227293711, 0.0 ], [ 400423.896423464408144, 315944.45549970457796, 0.0 ], [ 400398.662702364730649, 315943.892006223555654, 0.0 ], [ 400385.701692007132806, 315959.023551711812615, 0.0 ], [ 400372.74072425160557, 315974.155114313063677, 0.0 ], [ 400347.507093056803569, 315973.59176101553021, 0.0 ], [ 400322.273463507241104, 315973.028478763939347, 0.0 ], [ 400297.039835426898208, 315972.46526755404193, 0.0 ], [ 400284.079042796744034, 315987.596950976119842, 0.0 ], [ 400271.118292774190195, 316002.728651502693538, 0.0 ], [ 400258.157585356617346, 316017.860369151458144, 0.0 ], [ 400245.196920542046428, 316032.992103912576567, 0.0 ], [ 400219.963470710092224, 316032.429102028720081, 0.0 ], [ 400194.730022526928224, 316031.866171192843467, 0.0 ], [ 400169.496575807221234, 316031.303311396564823, 0.0 ], [ 400144.263130645733327, 316030.740522644831799, 0.0 ], [ 400119.029687037691474, 316030.177804936130997, 0.0 ], [ 400093.796245077508502, 316029.615158271277323, 0.0 ], [ 400080.835887908411678, 316044.747117576538585, 0.0 ], [ 400067.875573350116611, 316059.879093994793948, 0.0 ], [ 400042.642221196321771, 316059.31658751697978, 0.0 ], [ 400029.681993415171746, 316074.448615619912744, 0.0 ], [ 400016.721808238420635, 316089.580660837935284, 0.0 ], [ 400003.761665672936942, 316104.712723169766832, 0.0 ], [ 400003.074639642436523, 316135.539232780865859, 0.0 ], [ 400002.387608901597559, 316166.365743616304826, 0.0 ], [ 400001.700573450652882, 316197.192255659785587, 0.0 ], [ 399988.740596612275112, 316212.324334074975923, 0.0 ], [ 399975.780662474222481, 316227.456429606769234, 0.0 ], [ 399962.820770854246803, 316242.588542250858154, 0.0 ], [ 399937.587945676757954, 316242.026308556844015, 0.0 ], [ 399924.628140837419778, 316257.15847287705401, 0.0 ], [ 399911.668378611153457, 316272.290654324518982, 0.0 ], [ 399898.708658989169635, 316287.422852887830231, 0.0 ], [ 399885.748981978511438, 316302.555068565532565, 0.0 ], [ 399872.789347574813291, 316317.687301359139383, 0.0 ], [ 399859.829755875340197, 316332.819551268592477, 0.0 ], [ 399846.870206690509804, 316347.951818293193355, 0.0 ], [ 399833.910700117819943, 316363.084102434397209, 0.0 ], [ 399820.951236152846832, 316378.216403689293656, 0.0 ], [ 399833.224198232754134, 316393.910610016726423, 0.0 ], [ 399845.497116123675369, 316409.604835345060565, 0.0 ], [ 399857.769989829394035, 316425.299079698277637, 0.0 ], [ 399870.042819253169, 316440.993343061592896, 0.0 ], [ 399869.356175405322574, 316471.819856519170571, 0.0 ], [ 399868.669526850455441, 316502.646371188340709, 0.0 ], [ 399867.982873588916846, 316533.472887068404816, 0.0 ], [ 399867.296215620590374, 316564.299404150107875, 0.0 ], [ 399866.609552945243195, 316595.125922454753891, 0.0 ], [ 399865.922885562875308, 316625.952441968896892, 0.0 ], [ 399865.23621347383596, 316656.778962695272639, 0.0 ], [ 399864.549536678241566, 316687.605484622588847, 0.0 ], [ 399876.821955978404731, 316703.299779436143581, 0.0 ], [ 399889.094331086147577, 316718.994093264045659, 0.0 ], [ 399888.407558072824031, 316749.820619522943161, 0.0 ], [ 399887.720780352246948, 316780.647146991977934, 0.0 ], [ 399887.033997924183495, 316811.473675673361868, 0.0 ], [ 399886.347210789099336, 316842.300205555686262, 0.0 ], [ 399898.619358683936298, 316857.994544614397455, 0.0 ], [ 399910.891462382336613, 316873.688902685360517, 0.0 ], [ 399897.932521084323525, 316888.821077273983974, 0.0 ], [ 399884.973622396530118, 316903.953268976358231, 0.0 ], [ 399884.286821139161475, 316934.779802505450789, 0.0 ], [ 399883.600015174946748, 316965.606337233446538, 0.0 ], [ 399870.641241204866674, 316980.738545369007625, 0.0 ], [ 399857.68250984797487, 316995.870770624023862, 0.0 ], [ 399844.723821201710962, 317011.003012996981852, 0.0 ], [ 399819.493172279093415, 317010.441016064200085, 0.0 ], [ 399806.534570334421005, 317025.573310130275786, 0.0 ], [ 399793.576011006021872, 317040.705621314409655, 0.0 ], [ 399780.617494298610836, 317055.837949616485275, 0.0 ], [ 399792.889492400921881, 317071.532153658161405, 0.0 ], [ 399818.11996615503449, 317072.094083332049195, 0.0 ], [ 399831.078528609767091, 317056.961807067913469, 0.0 ], [ 399844.037133683217689, 317041.829547921835911, 0.0 ], [ 399869.267697255942039, 317042.391617799003143, 0.0 ], [ 399894.49826247326564, 317042.953758729214314, 0.0 ], [ 399919.728829240542836, 317043.515970711770933, 0.0 ], [ 399944.959397562721279, 317044.0782537451596, 0.0 ], [ 399970.189967345213518, 317044.640607826644555, 0.0 ], [ 399995.420538770558778, 317045.203032962512225, 0.0 ], [ 400020.651111751329154, 317045.765529149328358, 0.0 ], [ 400045.881686287815683, 317046.328096388431732, 0.0 ], [ 400058.153259667218663, 317062.022682629700284, 0.0 ], [ 400070.424788856529631, 317077.717287887469865, 0.0 ], [ 400095.655279594939202, 317078.279999124642927, 0.0 ], [ 400120.885771979694255, 317078.84278141631512, 0.0 ], [ 400133.157171717029996, 317094.537478637706954, 0.0 ], [ 400145.428527254727669, 317110.232194864191115, 0.0 ], [ 400170.658935936400667, 317110.795121157483663, 0.0 ], [ 400195.889346080017276, 317111.358118500967976, 0.0 ], [ 400208.160572169465013, 317127.052926703880075, 0.0 ], [ 400220.431754060322419, 317142.747753923933487, 0.0 ], [ 400245.662080593814608, 317143.310895273287315, 0.0 ], [ 400270.89240868226625, 317143.87410767498659, 0.0 ], [ 400283.163461119518615, 317159.56902686151443, 0.0 ], [ 400295.43446936015971, 317175.263965064543299, 0.0 ], [ 400320.664713656122331, 317175.827321469958406, 0.0 ], [ 400345.894959595345426, 317176.390748929174151, 0.0 ], [ 400358.165838383778464, 317192.085779101471417, 0.0 ], [ 400370.43667297239881, 317207.78082829026971, 0.0 ], [ 400395.666835209704004, 317208.344399756751955, 0.0 ], [ 400408.626249674125575, 317193.212920133140869, 0.0 ], [ 400421.58570666203741, 317178.081457623280585, 0.0 ], [ 400433.85645756451413, 317193.776597226387821, 0.0 ], [ 400433.167704050720204, 317224.603183432889637, 0.0 ], [ 400432.478945817099884, 317255.429770838993136, 0.0 ], [ 400431.790182862896472, 317286.256359466584399, 0.0 ], [ 400444.060752260731533, 317301.951522755436599, 0.0 ], [ 400456.331277464167215, 317317.646705058577936, 0.0 ], [ 400455.642418253526557, 317348.473298009193968, 0.0 ], [ 400467.912853489397094, 317364.168500885192771, 0.0 ], [ 400480.183244523359463, 317379.863722781243268, 0.0 ], [ 400467.223943789373152, 317394.995096592523623, 0.0 ], [ 400454.264685670321342, 317410.126487529603764, 0.0 ], [ 400453.575812297640368, 317440.953084110049531, 0.0 ], [ 400440.616637845174409, 317456.084491818153765, 0.0 ], [ 400427.657506015500985, 317471.215916639950592, 0.0 ], [ 400426.968710020533763, 317502.042513741587754, 0.0 ], [ 400426.279909305856563, 317532.869112042011693, 0.0 ], [ 400425.591103870770894, 317563.695711563224904, 0.0 ], [ 400437.861261345911771, 317579.390888852940407, 0.0 ], [ 400450.13137462415034, 317595.086085161194205, 0.0 ], [ 400462.401443700655364, 317610.781300483737141, 0.0 ], [ 400487.630483532324433, 317611.345180884003639, 0.0 ], [ 400499.900465771497693, 317627.040451704408042, 0.0 ], [ 400512.17040381062543, 317642.735741542011965, 0.0 ], [ 400524.440297552384436, 317658.431050396698993, 0.0 ], [ 400523.751125946524553, 317689.257662353164051, 0.0 ], [ 400523.061949617927894, 317720.084275532513857, 0.0 ], [ 400535.331707705860026, 317735.779606517229695, 0.0 ], [ 400547.601421590312384, 317751.474956520542037, 0.0 ], [ 400546.912148992414586, 317782.301574021577835, 0.0 ], [ 400559.181772896554321, 317797.996944597049151, 0.0 ], [ 400571.451352599018719, 317813.692334179708268, 0.0 ], [ 400570.761983729491476, 317844.518956004467327, 0.0 ], [ 400570.072610136470757, 317875.34557903726818, 0.0 ], [ 400569.383231820189394, 317906.172203280206304, 0.0 ], [ 400581.652629987569526, 317921.867616560717579, 0.0 ], [ 400593.921983954089228, 317937.563048859068658, 0.0 ], [ 400593.232509362744167, 317968.389677413040772, 0.0 ], [ 400580.273767633130774, 317983.520871780114248, 0.0 ], [ 400567.315068530850112, 317998.652083261637017, 0.0 ], [ 400566.625671320885886, 318029.478712344542146, 0.0 ], [ 400565.936269387486391, 318060.305342640494928, 0.0 ], [ 400578.205438673612662, 318076.000763699586969, 0.0 ], [ 400590.474563757248688, 318091.696203767438419, 0.0 ], [ 400589.785065545991529, 318122.522838384262286, 0.0 ], [ 400576.826529082609341, 318137.654031020705588, 0.0 ], [ 400563.868035247956868, 318152.785240772995166, 0.0 ], [ 400563.178614421456587, 318183.611875909613445, 0.0 ], [ 400562.48918887169566, 318214.438512255670503, 0.0 ], [ 400574.758129269233905, 318230.133941084262915, 0.0 ], [ 400599.9854403299978, 318230.698214805102907, 0.0 ], [ 400612.254293884267099, 318246.393699143547565, 0.0 ], [ 400624.523103134590201, 318262.089202497794759, 0.0 ], [ 400649.750330475973897, 318262.653620242956094, 0.0 ], [ 400674.977559369173832, 318263.21810904960148, 0.0 ], [ 400700.204789821233135, 318263.782668918545824, 0.0 ], [ 400712.47342703549657, 318279.47830074117519, 0.0 ], [ 400724.742020044359379, 318295.17395158164436, 0.0 ], [ 400737.010568750672974, 318310.869621440710034, 0.0 ], [ 400749.279073339188471, 318326.565310319710989, 0.0 ], [ 400761.547533714678138, 318342.261018220160622, 0.0 ], [ 400773.815949879703112, 318357.95674513845006, 0.0 ], [ 400799.042926053632982, 318358.521594963618554, 0.0 ], [ 400824.269903784967028, 318359.08651585172629, 0.0 ], [ 400849.496882981737144, 318359.6515077992226, 0.0 ], [ 400861.765127017279156, 318375.347363176057115, 0.0 ], [ 400874.033326843229588, 318391.043237583478913, 0.0 ], [ 400899.260222411365248, 318391.608373563736677, 0.0 ], [ 400924.487119535333477, 318392.173580606293399, 0.0 ], [ 400949.714018220081925, 318392.738858711032663, 0.0 ], [ 400961.982045823242515, 318408.434861587593332, 0.0 ], [ 400974.250029304006603, 318424.130883487639949, 0.0 ], [ 400999.476844268385321, 318424.696305624500383, 0.0 ], [ 401024.703660789411515, 318425.261798824241851, 0.0 ], [ 401036.97151478077285, 318440.957912713463884, 0.0 ], [ 401049.239324558991939, 318456.654045622679405, 0.0 ], [ 401074.466057269950397, 318457.21968285238836, 0.0 ], [ 401099.692791632725857, 318457.785391150042415, 0.0 ], [ 401111.96047191368416, 318473.481616048375145, 0.0 ], [ 401111.26909339800477, 318504.308305161830503, 0.0 ], [ 401098.31012144102715, 318519.438767456449568, 0.0 ], [ 401085.351192105212249, 318534.569246877566911, 0.0 ], [ 401084.659890957758762, 318565.395936502958648, 0.0 ], [ 401083.968585074879229, 318596.222627336392179, 0.0 ], [ 401083.277274456457235, 318627.049319379264489, 0.0 ], [ 401070.318510908051394, 318642.179814871808048, 0.0 ], [ 401057.359790074871853, 318657.310327471699566, 0.0 ], [ 401056.668556828459259, 318688.137020027963445, 0.0 ], [ 401043.709919591026846, 318703.26754940522369, 0.0 ], [ 401030.751324976910837, 318718.398095898330212, 0.0 ], [ 401043.018722664099187, 318734.094242823251989, 0.0 ], [ 401055.286076130811125, 318749.790408767468762, 0.0 ], [ 401067.553385295788758, 318765.486593733774498, 0.0 ], [ 401079.820650332025252, 318781.182797720772214, 0.0 ], [ 401092.087871154421009, 318796.8790207192651, 0.0 ], [ 401104.355047754885163, 318812.575262749742251, 0.0 ], [ 401116.622180143021978, 318828.271523804520257, 0.0 ], [ 401128.889268311439082, 318843.967803877778351, 0.0 ], [ 401128.197746116085909, 318874.794509406026918, 0.0 ], [ 401127.506219184142537, 318905.62121614231728, 0.0 ], [ 401139.773171553679276, 318921.317518353404012, 0.0 ], [ 401152.040079702681396, 318937.01383957528742, 0.0 ], [ 401164.306943633011542, 318952.710179831366986, 0.0 ], [ 401176.573763256717939, 318968.406539106625132, 0.0 ], [ 401188.840538749296684, 318984.102917405485641, 0.0 ], [ 401201.107270022679586, 318999.799314726376906, 0.0 ], [ 401213.373957076692022, 319015.495731070172042, 0.0 ], [ 401225.640599913429469, 319031.192166436696425, 0.0 ], [ 401237.907198530388996, 319046.888620824669488, 0.0 ], [ 401250.173752922622953, 319062.585094236128498, 0.0 ], [ 401262.440263099444564, 319078.281586659082677, 0.0 ], [ 401274.706729053228628, 319093.978098116174806, 0.0 ], [ 401286.973150698584504, 319109.674628594017122, 0.0 ], [ 401312.198075346939731, 319110.241016520303674, 0.0 ], [ 401337.423001558112446, 319110.807475516630802, 0.0 ], [ 401362.647929327562451, 319111.374005582241807, 0.0 ], [ 401387.872858660062775, 319111.940606716438197, 0.0 ], [ 401413.097789461200591, 319112.507278918521479, 0.0 ], [ 401438.322721913689747, 319113.074022192042321, 0.0 ], [ 401463.54765593202319, 319113.640836533391848, 0.0 ], [ 401488.772591509739868, 319114.207721945538651, 0.0 ], [ 401513.997528556850739, 319114.774678426212631, 0.0 ], [ 401539.222467255953234, 319115.341705976228695, 0.0 ], [ 401552.181454882374965, 319100.211872742336709, 0.0 ], [ 401565.140485141077079, 319085.082056622835808, 0.0 ], [ 401590.365513816708699, 319085.649224403779954, 0.0 ], [ 401603.324630911985878, 319070.519459989503957, 0.0 ], [ 401616.283790634595789, 319055.389712680422235, 0.0 ], [ 401641.508909197000321, 319055.957020687346812, 0.0 ], [ 401653.774781277985312, 319071.654077915940434, 0.0 ], [ 401666.040609134593979, 319087.351154159579892, 0.0 ], [ 401691.265644064173102, 319087.918606217717752, 0.0 ], [ 401716.490680557209998, 319088.486129345837981, 0.0 ], [ 401741.715718521154486, 319089.053723540448118, 0.0 ], [ 401766.94075814151438, 319089.621388807892799, 0.0 ], [ 401792.1657993234694, 319090.189125144621357, 0.0 ], [ 401817.390842071850784, 319090.756932550691999, 0.0 ], [ 401829.656369843054563, 319106.454246770648751, 0.0 ], [ 401841.921853385982104, 319122.151580017001834, 0.0 ], [ 401867.146812320628669, 319122.719531472830568, 0.0 ], [ 401892.37177291023545, 319123.287554000853561, 0.0 ], [ 401904.637126943678595, 319138.984979254018981, 0.0 ], [ 401916.902436755364761, 319154.68242353288224, 0.0 ], [ 401929.167702340404503, 319170.379886838782113, 0.0 ], [ 401941.432923700951505, 319186.077369168866426, 0.0 ], [ 401953.69810083671473, 319201.774870525405277, 0.0 ], [ 401965.9632336597424, 319217.472390905371867, 0.0 ], [ 401991.187939945783, 319218.0407034541131, 0.0 ], [ 402003.452985989162698, 319233.738279343990143, 0.0 ], [ 402015.717987804557197, 319249.435874270857312, 0.0 ], [ 402040.942610366560984, 319250.004330875002779, 0.0 ], [ 402066.167234499007463, 319250.572858549887314, 0.0 ], [ 402078.432106706430204, 319266.270545485720504, 0.0 ], [ 402090.696934780164156, 319281.9682514500455, 0.0 ], [ 402102.961718629579991, 319297.665976442862302, 0.0 ], [ 402102.266742741921917, 319328.492773367557675, 0.0 ], [ 402101.571762094681617, 319359.31957149959635, 0.0 ], [ 402113.836410100921057, 319375.017318628088105, 0.0 ], [ 402126.101013874867931, 319390.715084795665462, 0.0 ], [ 402138.365573425660841, 319406.412869988183957, 0.0 ], [ 402150.630088746256661, 319422.110674210591242, 0.0 ], [ 402162.894559841253795, 319437.808497457939666, 0.0 ], [ 402175.158986707916483, 319453.506339732382912, 0.0 ], [ 402187.423369251308031, 319469.204201033164281, 0.0 ], [ 402199.687707660603337, 319484.902081363135949, 0.0 ], [ 402211.952001838828437, 319500.599980720842723, 0.0 ], [ 402224.216251788078807, 319516.297899093595333, 0.0 ], [ 402236.480457507772371, 319531.995836505433545, 0.0 ], [ 402261.7043124436168, 319532.564949990832247, 0.0 ], [ 402273.968431286572013, 319548.262942925968673, 0.0 ], [ 402286.23250590171665, 319563.960954888258129, 0.0 ], [ 402311.456277020392008, 319564.530212435463909, 0.0 ], [ 402323.720264753559604, 319580.228279920993373, 0.0 ], [ 402335.984208260895684, 319595.926366432977375, 0.0 ], [ 402348.248107535066083, 319611.624471975490451, 0.0 ], [ 402360.511962580669206, 319627.322596545796841, 0.0 ], [ 402372.775773390661925, 319643.020740143896546, 0.0 ], [ 402385.039539974066429, 319658.718902759137563, 0.0 ], [ 402410.263056774623692, 319659.288450351799838, 0.0 ], [ 402435.486575231130701, 319659.858069021604024, 0.0 ], [ 402447.750212286715396, 319675.55632366775535, 0.0 ], [ 402460.013805108086672, 319691.254597345250659, 0.0 ], [ 402472.277353697223589, 319706.952890048385598, 0.0 ], [ 402484.540858056047, 319722.651201782107819, 0.0 ], [ 402509.76420749083627, 319723.221037511946633, 0.0 ], [ 402534.987558402179275, 319723.790944314619992, 0.0 ], [ 402547.250933229457587, 319739.48934806935722, 0.0 ] ] ] ] } },
{ "type": "Feature", "properties": { "Name": "230103#05", "desc": "회야강 n to 000000#01", "area": 19.75, "perim": 23.57 }, "geometry": { "type": "MultiPolygon", "coordinates": [ [ [ [ 410810.965762672072742, 316043.640109900152311, 0.0 ], [ 410823.221062910859473, 316059.35016421333421, 0.0 ], [ 410848.455791328335181, 316059.942994025477674, 0.0 ], [ 410873.690521387266926, 316060.535894897649996, 0.0 ], [ 410898.9252529926016, 316061.128866827813908, 0.0 ], [ 410924.159986329847015, 316061.721909818064887, 0.0 ], [ 410949.394721304415725, 316062.315023868402932, 0.0 ], [ 410962.37441318918718, 316047.197935478412546, 0.0 ], [ 410975.354147643549368, 316032.080864149786066, 0.0 ], [ 411000.588972707511857, 316032.674118315684609, 0.0 ], [ 411013.568793867074419, 316017.557098571152892, 0.0 ], [ 411026.548657690291293, 316002.440095889323857, 0.0 ], [ 411039.528564082400408, 315987.323110267461743, 0.0 ], [ 411052.508513045380823, 315972.206141705508344, 0.0 ], [ 411077.743516644462943, 315972.799605040170718, 0.0 ], [ 411102.978521881974302, 315973.393139434920158, 0.0 ], [ 411115.233447128790431, 315989.103609867219348, 0.0 ], [ 411127.488328047038522, 316004.814099361945409, 0.0 ], [ 411139.743164821644314, 316020.524607923405711, 0.0 ], [ 411151.997957355342805, 316036.235135550843552, 0.0 ], [ 411177.232793904840946, 316036.828887131705415, 0.0 ], [ 411202.467632095620502, 316037.422709772654343, 0.0 ], [ 411215.447807139134966, 316022.305966249085031, 0.0 ], [ 411228.428024755557999, 316007.189239786122926, 0.0 ], [ 411253.662952945276629, 316007.783202537626494, 0.0 ], [ 411278.89788286969997, 316008.377236351370811, 0.0 ], [ 411304.132814434124157, 316008.971341224503703, 0.0 ], [ 411316.38735312956851, 316024.68210551404627, 0.0 ], [ 411328.641847585560754, 316040.392888870323077, 0.0 ], [ 411353.876695537415799, 316040.987137867603451, 0.0 ], [ 411366.857135933707468, 316025.870601503876969, 0.0 ], [ 411367.583163714385591, 315995.043227375135757, 0.0 ], [ 411368.309186517260969, 315964.215854441747069, 0.0 ], [ 411381.289751311065629, 315949.099334317957982, 0.0 ], [ 411394.270358676556498, 315933.98283125058515, 0.0 ], [ 411394.996458330599125, 315903.155458673310932, 0.0 ], [ 411395.722553006373346, 315872.328087283589412, 0.0 ], [ 411396.448642704053782, 315841.500717079965398, 0.0 ], [ 411397.174727423291188, 315810.67334807512816, 0.0 ], [ 411410.155541006592102, 315795.556860422715545, 0.0 ], [ 411423.136397162394132, 315780.440389827359468, 0.0 ], [ 411423.862558728433214, 315749.61302117590094, 0.0 ], [ 411436.843498364090919, 315734.496567228343338, 0.0 ], [ 411449.82448056479916, 315719.38013033720199, 0.0 ], [ 411462.805505332769826, 315704.263710501720197, 0.0 ], [ 411475.786572577198967, 315689.147307731793262, 0.0 ], [ 411488.767682481382508, 315674.030922011123039, 0.0 ], [ 411514.003582041419577, 315674.625573266122956, 0.0 ], [ 411539.239483248442411, 315675.220295578415971, 0.0 ], [ 411564.47538609826006, 315675.815088947943877, 0.0 ], [ 411589.711290505132638, 315676.409953373309691, 0.0 ], [ 411614.947196645196527, 315677.004888857307378, 0.0 ], [ 411640.183104435447603, 315677.599895400053356, 0.0 ], [ 411665.419013866689056, 315678.194972999335732, 0.0 ], [ 411690.65492494602222, 315678.790121655154508, 0.0 ], [ 411715.890837579150684, 315679.385341367509682, 0.0 ], [ 411741.126751950883772, 315679.98063213925343, 0.0 ], [ 411754.108346653636545, 315664.86460871034069, 0.0 ], [ 411754.835616715135984, 315634.037218676647171, 0.0 ], [ 411767.817294890875928, 315618.921211890527047, 0.0 ], [ 411780.799015634169336, 315603.80522215802921, 0.0 ], [ 411781.526362522505224, 315572.97783248469932, 0.0 ], [ 411782.253704423317686, 315542.150444008875638, 0.0 ], [ 411782.981041337130591, 315511.323056705645286, 0.0 ], [ 411795.962927361135371, 315496.207082790264394, 0.0 ], [ 411808.217437224288005, 315511.918514056596905, 0.0 ], [ 411820.471902762772515, 315527.629964388266671, 0.0 ], [ 411845.708257723716088, 315528.225529330316931, 0.0 ], [ 411870.944614332227502, 315528.821165327448398, 0.0 ], [ 411896.180972588306759, 315529.416872381872963, 0.0 ], [ 411921.417332490033004, 315530.012650493590627, 0.0 ], [ 411934.399441198795103, 315514.896866652008612, 0.0 ], [ 411947.381592563935556, 315499.781099868181627, 0.0 ], [ 411960.363786490168422, 315484.66535013722023, 0.0 ], [ 411961.091721014352515, 315453.837951116787735, 0.0 ], [ 411948.83737481420394, 315438.126303841243498, 0.0 ], [ 411936.582984377047978, 315422.414675643027294, 0.0 ], [ 411937.310822121624369, 315391.587281007261481, 0.0 ], [ 411938.038654875243083, 315360.759887557651382, 0.0 ], [ 411951.02101075585233, 315345.644118703261483, 0.0 ], [ 411964.003409196331631, 315330.528366901096888, 0.0 ], [ 411976.985850198660046, 315315.412632151681464, 0.0 ], [ 411989.968333765282296, 315300.296914455888327, 0.0 ], [ 411990.696325134835206, 315269.469520544516854, 0.0 ], [ 412003.678892161755357, 315254.353819487965666, 0.0 ], [ 412016.661501749709714, 315239.238135482883081, 0.0 ], [ 412017.389569928520359, 315208.410741916333791, 0.0 ], [ 412030.37226297770394, 315193.295074551249854, 0.0 ], [ 412043.35499858960975, 315178.179424236121122, 0.0 ], [ 412044.083143574884161, 315147.35203103715321, 0.0 ], [ 412044.811283566930797, 315116.524639011535328, 0.0 ], [ 412032.556560256052762, 315100.812899730517529, 0.0 ], [ 412020.301792715792544, 315085.101179516292177, 0.0 ], [ 412021.029835930676199, 315054.27379187598126, 0.0 ], [ 412034.012733476178255, 315039.15812243608525, 0.0 ], [ 412046.995673582772724, 315024.042470047599636, 0.0 ], [ 412059.978656153485645, 315008.926834719080944, 0.0 ], [ 412072.961681377724744, 314993.81121643417282, 0.0 ], [ 412085.944749160553329, 314978.695615201373585, 0.0 ], [ 412111.182682899408974, 314979.291854435694404, 0.0 ], [ 412136.42061828635633, 314979.888164723059162, 0.0 ], [ 412149.403817064361647, 314964.772649578691926, 0.0 ], [ 412150.132274248520844, 314933.945256599923596, 0.0 ], [ 412150.860726436716504, 314903.117864808009472, 0.0 ], [ 412151.589173628832214, 314872.290474211331457, 0.0 ], [ 412164.572537654428743, 314857.174974869994912, 0.0 ], [ 412189.810823403473478, 314857.771419194410555, 0.0 ], [ 412215.049110893975012, 314858.367934572510421, 0.0 ], [ 412227.303903357940726, 314874.079916790942661, 0.0 ], [ 412239.558651589788496, 314889.791918065457139, 0.0 ], [ 412251.813355593476444, 314905.50393842079211, 0.0 ], [ 412264.068015366676264, 314921.215977841464337, 0.0 ], [ 412289.306134144775569, 314921.812710408528801, 0.0 ], [ 412302.289680034387857, 314906.697401539655402, 0.0 ], [ 412315.273268478806131, 314891.582109719282016, 0.0 ], [ 412340.511477443273179, 314892.178982375655323, 0.0 ], [ 412365.749688057636376, 314892.775926083675586, 0.0 ], [ 412378.004179222567473, 314908.4881291143829, 0.0 ], [ 412390.258626154158264, 314924.20035121118417, 0.0 ], [ 412415.496753195649944, 314924.797439041896723, 0.0 ], [ 412440.734881982440129, 314925.394597926991992, 0.0 ], [ 412453.718693193746731, 314910.279496159928385, 0.0 ], [ 412466.702546956832521, 314895.164411441422999, 0.0 ], [ 412479.686443280777894, 314880.049343784223311, 0.0 ], [ 412480.416013706009835, 314849.221928127342835, 0.0 ], [ 412493.399993477971293, 314834.106877089652698, 0.0 ], [ 412506.384015803283546, 314818.991843101219274, 0.0 ], [ 412519.368080593878403, 314803.876826160703786, 0.0 ], [ 412544.60656314319931, 314804.474261176190339, 0.0 ], [ 412569.845047344220802, 314805.071767246059608, 0.0 ], [ 412582.829243220388889, 314789.956836386874784, 0.0 ], [ 412595.8134816539241, 314774.841922576306388, 0.0 ], [ 412621.052055949694477, 314775.439568728441373, 0.0 ], [ 412633.306304940255359, 314791.152130709262565, 0.0 ], [ 412645.560509787872434, 314806.864711760368664, 0.0 ], [ 412658.5448383273324, 314791.749884448945522, 0.0 ], [ 412659.275001240777783, 314760.922458200075198, 0.0 ], [ 412660.005159145919606, 314730.095033145800699, 0.0 ], [ 412672.989612012985162, 314714.98022204451263, 0.0 ], [ 412698.228364848182537, 314715.578077308833599, 0.0 ], [ 412711.212904491520021, 314700.463317770394497, 0.0 ], [ 412724.197486688673962, 314685.348575279815122, 0.0 ], [ 412749.436329526710324, 314685.946570622094441, 0.0 ], [ 412774.675174108415376, 314686.544637018057983, 0.0 ], [ 412786.92930548870936, 314702.257413412735332, 0.0 ], [ 412799.183392640552483, 314717.970208877697587, 0.0 ], [ 412824.422153749852441, 314718.568419399205595, 0.0 ], [ 412849.660916517837904, 314719.166700972418766, 0.0 ], [ 412862.645721395325381, 314704.052148519491311, 0.0 ], [ 412863.376563558354974, 314673.224709641363006, 0.0 ], [ 412876.361451960518025, 314658.110173817141913, 0.0 ], [ 412889.3463829200482, 314642.995655038685072, 0.0 ], [ 412902.331356430076994, 314627.88115330808796, 0.0 ], [ 412927.570384520688094, 314628.479641966056079, 0.0 ], [ 412952.809414268762339, 314629.078201674215961, 0.0 ], [ 412965.794518771464936, 314613.963786027103197, 0.0 ], [ 412966.525693027419038, 314583.136342602199875, 0.0 ], [ 412979.510880876157898, 314568.021943568193819, 0.0 ], [ 412992.496111366781406, 314552.907561582047492, 0.0 ], [ 412993.227362374193035, 314522.080118497717194, 0.0 ], [ 413006.212676301365718, 314506.965753137425054, 0.0 ], [ 413019.198032775137108, 314491.851404821441974, 0.0 ], [ 413019.929360531386919, 314461.023962089791894, 0.0 ], [ 413020.660683271358721, 314430.19652053079335, 0.0 ], [ 413008.406521875585895, 314414.48342973284889, 0.0 ], [ 412996.152316246065311, 314398.770358005189337, 0.0 ], [ 412996.883542174706236, 314367.94292083644541, 0.0 ], [ 412997.614763087301981, 314337.115484863054007, 0.0 ], [ 412998.345978984376416, 314306.288050060160458, 0.0 ], [ 412999.077189865522087, 314275.460616441210732, 0.0 ], [ 412999.808395730855409, 314244.633184004866052, 0.0 ], [ 413000.539596580318175, 314213.805752751068212, 0.0 ], [ 413013.525319318985566, 314198.691383188066538, 0.0 ], [ 413026.511084601515904, 314183.577030660235323, 0.0 ], [ 413039.496892436523922, 314168.462695176713169, 0.0 ], [ 413052.482742819585837, 314153.348376737558283, 0.0 ], [ 413065.468635747849476, 314138.234075342770666, 0.0 ], [ 413090.709062244568486, 314138.832957892096601, 0.0 ], [ 413103.695041849103291, 314123.718708050902933, 0.0 ], [ 413116.681064088596031, 314108.604475255473517, 0.0 ], [ 413141.921580678084865, 314109.203497872862499, 0.0 ], [ 413154.907689683430362, 314094.089316632482223, 0.0 ], [ 413167.893841235549189, 314078.97515243437374, 0.0 ], [ 413193.134447918157093, 314079.574315119825769, 0.0 ], [ 413206.120686230948195, 314064.46020248736022, 0.0 ], [ 413219.106967002444435, 314049.346106885757763, 0.0 ], [ 413232.093290405697189, 314034.232028329162858, 0.0 ], [ 413245.079656359564979, 314019.117966815538239, 0.0 ], [ 413258.066064859158359, 314004.003922346280888, 0.0 ], [ 413271.052515902090818, 313988.889894920634106, 0.0 ], [ 413296.293389543774538, 313989.489335709193256, 0.0 ], [ 413309.279927350755315, 313974.375359832949471, 0.0 ], [ 413322.266507700434886, 313959.261401002411731, 0.0 ], [ 413335.253130505094305, 313944.147459209896624, 0.0 ], [ 413335.985409206477925, 313913.320013437594753, 0.0 ], [ 413336.717682884423994, 313882.492568837187719, 0.0 ], [ 413337.449951538583264, 313851.665125417232048, 0.0 ], [ 413325.195428872131743, 313835.951626666239463, 0.0 ], [ 413312.940861890674569, 313820.238146983319893, 0.0 ], [ 413313.673033728846349, 313789.4107079692767, 0.0 ], [ 413326.659859316830989, 313774.296746597334277, 0.0 ], [ 413339.646727357874624, 313759.18280226335628, 0.0 ], [ 413340.378975916653872, 313728.355363572889473, 0.0 ], [ 413353.36592746223323, 313713.241435860516503, 0.0 ], [ 413366.352921552956104, 313698.127525190357119, 0.0 ], [ 413367.085246829781681, 313667.30008683342021, 0.0 ], [ 413367.81756708183093, 313636.472649671777617, 0.0 ], [ 413380.804685455397703, 313621.358755194116384, 0.0 ], [ 413393.791846366191749, 313606.244877759367228, 0.0 ], [ 413394.524243333493359, 313575.417440918507054, 0.0 ], [ 413395.256635275727604, 313544.590005260892212, 0.0 ], [ 413395.98902219242882, 313513.762570797174703, 0.0 ], [ 413396.7214040842955, 313482.935137502616271, 0.0 ], [ 413397.453780950861983, 313452.107705392641947, 0.0 ], [ 413385.198746668524109, 313436.394154442183208, 0.0 ], [ 413372.943668160529342, 313420.680622564803343, 0.0 ], [ 413373.675948216230609, 313389.853194846597034, 0.0 ], [ 413374.408223247155547, 313359.025768323685043, 0.0 ], [ 413375.140493253595196, 313328.198342969932128, 0.0 ], [ 413375.872758235433139, 313297.370918797969352, 0.0 ], [ 413376.605018192494754, 313266.543495811405592, 0.0 ], [ 413377.33727312454721, 313235.716074015130289, 0.0 ], [ 413365.081875045667402, 313220.002570846176241, 0.0 ], [ 413352.826432750211097, 313204.289086748205591, 0.0 ], [ 413340.570946326479316, 313188.575621723255608, 0.0 ], [ 413328.315415594028309, 313172.86217576789204, 0.0 ], [ 413329.047481940942816, 313142.034761569055263, 0.0 ], [ 413329.779543264245149, 313111.207348550611641, 0.0 ], [ 413330.511599563760683, 313080.379936726763844, 0.0 ], [ 413331.243650839780457, 313049.552526073472109, 0.0 ], [ 413318.987892330973409, 313033.839105614519212, 0.0 ], [ 413293.744329056527931, 313033.239727740525268, 0.0 ], [ 413268.500767442281358, 313032.640420905430801, 0.0 ], [ 413243.257207492715679, 313032.041185109876096, 0.0 ], [ 413231.001277221483178, 313016.327893326815683, 0.0 ], [ 413231.732971440302208, 312985.500493158586323, 0.0 ], [ 413232.464660637488123, 312954.673094185593072, 0.0 ], [ 413220.208594289142638, 312938.959824681980535, 0.0 ], [ 413207.95248372311471, 312923.246574248652905, 0.0 ], [ 413195.696328946622089, 312907.533342886948958, 0.0 ], [ 413183.440129950759001, 312891.82013059197925, 0.0 ], [ 413171.183886740007438, 312876.106937369389925, 0.0 ], [ 413145.939899680961389, 312875.507995875843335, 0.0 ], [ 413133.683569714310579, 312859.794858255889267, 0.0 ], [ 413121.427195621072315, 312844.081739707617089, 0.0 ], [ 413096.183125135721639, 312843.482942319067661, 0.0 ], [ 413070.939056309289299, 312842.884215967264026, 0.0 ], [ 413045.69498914614087, 312842.28556065360317, 0.0 ], [ 413033.438443117192946, 312826.572570772783365, 0.0 ], [ 413034.169413218623959, 312795.745193942566402, 0.0 ], [ 413021.91277709644055, 312780.032224733731709, 0.0 ], [ 413009.6560968515696, 312764.319274598674383, 0.0 ], [ 412997.399372303974815, 312748.606343528954312, 0.0 ], [ 412985.142603541607969, 312732.893431527307257, 0.0 ], [ 412985.873385100159794, 312702.066062292375136, 0.0 ], [ 412973.616526247176807, 312686.353170965623576, 0.0 ], [ 412961.359623182332143, 312670.640298718994018, 0.0 ], [ 412949.102675904054195, 312654.927445529203396, 0.0 ], [ 412936.845684416708536, 312639.214611407543998, 0.0 ], [ 412937.576277439424302, 312608.38724977633683, 0.0 ], [ 412925.319195859483443, 312592.674436328117736, 0.0 ], [ 412913.062070073792711, 312576.961641949426848, 0.0 ], [ 412900.804900163318962, 312561.248866641020868, 0.0 ], [ 412888.547685955069028, 312545.536110399349127, 0.0 ], [ 412889.278090448817238, 312514.708756381063722, 0.0 ], [ 412877.020786150475033, 312498.996020811377093, 0.0 ], [ 412851.775778069742955, 312498.397956090106163, 0.0 ], [ 412839.518387021147646, 312482.685276120202616, 0.0 ], [ 412827.260951765987556, 312466.972615217033308, 0.0 ], [ 412802.015860262908973, 312466.374694590864237, 0.0 ], [ 412789.758338346029632, 312450.662089288933203, 0.0 ], [ 412777.50077213300392, 312434.949503051582724, 0.0 ], [ 412752.255597207753453, 312434.351726519817021, 0.0 ], [ 412739.997944243485108, 312418.639195880154148, 0.0 ], [ 412727.740247071371414, 312402.926684306527022, 0.0 ], [ 412702.494988724065479, 312402.329051868466195, 0.0 ], [ 412690.23720480594784, 312386.616595903120469, 0.0 ], [ 412690.96689031686401, 312355.78926400427008, 0.0 ], [ 412691.696570819243789, 312324.961933286569547, 0.0 ], [ 412692.426246313028969, 312294.134603752114344, 0.0 ], [ 412680.168280655168928, 312278.422171659476589, 0.0 ], [ 412654.922678670438472, 312277.824689390021376, 0.0 ], [ 412642.664626176934689, 312262.112312889366876, 0.0 ], [ 412630.406529479660094, 312246.399955468950793, 0.0 ], [ 412618.148388577043079, 312230.687617101764772, 0.0 ], [ 412605.890203469083644, 312214.975297802651767, 0.0 ], [ 412580.644432983826846, 312214.378032679669559, 0.0 ], [ 412555.398664249340072, 312213.78083859058097, 0.0 ], [ 412543.140349856112152, 312198.068611412367318, 0.0 ], [ 412530.881991258007474, 312182.356403301586397, 0.0 ], [ 412518.623588460090104, 312166.644214258238208, 0.0 ], [ 412506.365141453454271, 312150.932044278772082, 0.0 ], [ 412481.119204128917772, 312150.33506733115064, 0.0 ], [ 412468.860670384252444, 312134.622952945122961, 0.0 ], [ 412456.602092521381564, 312118.910857628681697, 0.0 ], [ 412431.356071777176112, 312118.314024766965304, 0.0 ], [ 412406.110052692703903, 312117.717262936348561, 0.0 ], [ 412393.851345459115691, 312102.005259746394586, 0.0 ], [ 412381.592594024958089, 312086.293275612522848, 0.0 ], [ 412356.346491518081166, 312085.696657866355963, 0.0 ], [ 412331.10039076267276, 312085.100111151987221, 0.0 ], [ 412305.854291566472966, 312084.503635466564447, 0.0 ], [ 412280.608194028725848, 312083.907230810786132, 0.0 ], [ 412255.362098149489611, 312083.31089718604926, 0.0 ], [ 412230.11600401630858, 312082.714634594507515, 0.0 ], [ 412204.869911446061451, 312082.118443030514754, 0.0 ], [ 412179.623820533684921, 312081.522322496864945, 0.0 ], [ 412166.636865556356497, 312096.637928391166497, 0.0 ], [ 412153.649953112821095, 312111.753551318484824, 0.0 ], [ 412128.403952239314094, 312111.157570823852438, 0.0 ], [ 412103.157953115412965, 312110.561661361716688, 0.0 ], [ 412090.171171591442544, 312125.67737035267055, 0.0 ], [ 412077.184432599402498, 312140.793096388690174, 0.0 ], [ 412051.938523425546009, 312140.197326964873355, 0.0 ], [ 412026.692615908163134, 312139.601628572097979, 0.0 ], [ 412014.433316452661529, 312123.890171658538748, 0.0 ], [ 412002.173972888267599, 312108.178733811655547, 0.0 ], [ 411976.927981945220381, 312107.583179499139078, 0.0 ], [ 411964.668551546987146, 312091.871797249303199, 0.0 ], [ 411952.409076950629242, 312076.160434051242191, 0.0 ], [ 411927.163002579589374, 312075.565023817587644, 0.0 ], [ 411914.903441242931876, 312059.853716207318939, 0.0 ], [ 411902.643835703725927, 312044.142427659535315, 0.0 ], [ 411877.397677999339066, 312043.547161506081466, 0.0 ], [ 411852.15152185538318, 312042.951966379478108, 0.0 ], [ 411826.905367366503924, 312042.356842283217702, 0.0 ], [ 411801.659214527811855, 312041.761789215903264, 0.0 ], [ 411788.672881576232612, 312056.877913105883636, 0.0 ], [ 411775.686591251695063, 312071.994054044422228, 0.0 ], [ 411762.700343364616856, 312087.110212025232613, 0.0 ], [ 411749.714138012728654, 312102.226387039700057, 0.0 ], [ 411737.454324754420668, 312086.515333505521994, 0.0 ], [ 411725.194467301247641, 312070.804299021780025, 0.0 ], [ 411699.948407800053246, 312070.209528054168914, 0.0 ], [ 411687.688463604892604, 312054.498549156764057, 0.0 ], [ 411675.428475210384931, 312038.787589320447296, 0.0 ], [ 411663.168442707159556, 312023.076648548652884, 0.0 ], [ 411650.908365912619047, 312007.365726836549584, 0.0 ], [ 411638.648244924203027, 311991.654824185476173, 0.0 ], [ 411639.374227622640319, 311960.827591378882062, 0.0 ], [ 411627.114016574108973, 311945.116709401248954, 0.0 ], [ 411614.853761330479756, 311929.405846474750433, 0.0 ], [ 411602.593461886688601, 311913.695002609281801, 0.0 ], [ 411577.346976994420402, 311913.100596867850982, 0.0 ], [ 411565.086590814520605, 311897.389808588020969, 0.0 ], [ 411552.826160530094057, 311881.679039368580561, 0.0 ], [ 411540.565685958485119, 311865.968289208773058, 0.0 ], [ 411541.291301811113954, 311835.141069208446424, 0.0 ], [ 411529.030737188644707, 311819.430339711427223, 0.0 ], [ 411516.770128367468715, 311803.719629287486896, 0.0 ], [ 411517.495647530886345, 311772.892413672525436, 0.0 ], [ 411505.234948660596274, 311757.18172389868414, 0.0 ], [ 411492.974205599515699, 311741.471053184417542, 0.0 ], [ 411493.699628076050431, 311710.643841958371922, 0.0 ], [ 411481.438794962712564, 311694.933191906253342, 0.0 ], [ 411456.191711235034745, 311694.33915540802991, 0.0 ], [ 411443.205547437537462, 311709.455766948813107, 0.0 ], [ 411430.219426075345837, 311724.572395531809889, 0.0 ], [ 411404.972432372276671, 311723.978499070508406, 0.0 ], [ 411391.986397729953751, 311739.095179207855836, 0.0 ], [ 411379.0004056179896, 311754.21187639090931, 0.0 ], [ 411353.753501939354464, 311753.618119967984967, 0.0 ], [ 411328.506600002408959, 311753.024434574006591, 0.0 ], [ 411303.259699621936306, 311752.430820203968324, 0.0 ], [ 411278.01280089042848, 311751.837276860722341, 0.0 ], [ 411252.765903807594441, 311751.243804543628357, 0.0 ], [ 411240.504735367721878, 311735.53349903144408, 0.0 ], [ 411228.243522729258984, 311719.823212578194216, 0.0 ], [ 411215.982265989645384, 311704.112945189524908, 0.0 ], [ 411216.706729520228691, 311673.285757302248385, 0.0 ], [ 411204.445382645644713, 311657.575510578521062, 0.0 ], [ 411192.183991583005991, 311641.865282905229833, 0.0 ], [ 411179.922556323057506, 311626.155074290116318, 0.0 ], [ 411167.661076870630495, 311610.444884734693915, 0.0 ], [ 411168.385352035460528, 311579.617704432748724, 0.0 ], [ 411156.123782545793802, 311563.907535535865463, 0.0 ], [ 411143.862168864347041, 311548.197385697218124, 0.0 ], [ 411131.600510991294868, 311532.487254918203689, 0.0 ], [ 411119.338808924367186, 311516.777143208717462, 0.0 ], [ 411107.077062759024557, 311501.067050548968837, 0.0 ], [ 411094.815272312669549, 311485.356976947397925, 0.0 ], [ 411082.553437673195731, 311469.646922401967458, 0.0 ], [ 411057.305773274216335, 311469.054036395216826, 0.0 ], [ 411045.043851913069375, 311453.344037427683361, 0.0 ], [ 411032.781886357057374, 311437.634057516173925, 0.0 ], [ 411020.519876613398083, 311421.924096665752586, 0.0 ], [ 411008.257822677842341, 311406.214154872810468, 0.0 ], [ 410983.009989875601605, 311405.62148596154293, 0.0 ], [ 410970.747849214938469, 311389.911599741491955, 0.0 ], [ 410958.485664367268328, 311374.201732592424378, 0.0 ], [ 410946.223435330961365, 311358.491884490300436, 0.0 ], [ 410933.961162105784751, 311342.782055445597507, 0.0 ], [ 410921.698844689875841, 311327.072245457791723, 0.0 ], [ 410909.436483087891247, 311311.362454530259129, 0.0 ], [ 410897.174077297910117, 311295.652682656713296, 0.0 ], [ 410884.911627410212532, 311279.942929844954051, 0.0 ], [ 410872.649133242375683, 311264.233196087821852, 0.0 ], [ 410860.386594887066167, 311248.523481388925575, 0.0 ], [ 410848.124012348940596, 311232.813785757520236, 0.0 ], [ 410835.861385619384237, 311217.104109172243625, 0.0 ], [ 410823.598714705498423, 311201.394451642350759, 0.0 ], [ 410824.321711229160428, 311170.567314929852728, 0.0 ], [ 410825.044702788232826, 311139.740179402753711, 0.0 ], [ 410812.781896007829346, 311124.030544128909241, 0.0 ], [ 410787.533295850385912, 311123.438461482699495, 0.0 ], [ 410762.284697428927757, 311122.846449859789573, 0.0 ], [ 410737.036100560449995, 311122.254509255173616, 0.0 ], [ 410724.05048224912025, 311137.372128884715494, 0.0 ], [ 410711.064906469429843, 311152.489765562815592, 0.0 ], [ 410685.816399601637386, 311151.897964990814216, 0.0 ], [ 410660.567894473788328, 311151.306235442170873, 0.0 ], [ 410635.319390897930134, 311150.714576911123004, 0.0 ], [ 410610.070888969115913, 311150.122989400464576, 0.0 ], [ 410584.822388682281598, 311149.531472911010496, 0.0 ], [ 410559.573890041909181, 311148.940027441945858, 0.0 ], [ 410547.310659666429274, 311133.230774772819132, 0.0 ], [ 410535.047385018260684, 311117.521541158377659, 0.0 ], [ 410509.798802953679115, 311116.930239737732336, 0.0 ], [ 410484.550222530262545, 311116.339009336079471, 0.0 ], [ 410459.301643750281073, 311115.747849955630954, 0.0 ], [ 410446.316511400626041, 311130.865849156223703, 0.0 ], [ 410458.579912001383491, 311146.574955773015972, 0.0 ], [ 410470.843268417753279, 311162.284081444493495, 0.0 ], [ 410470.121485878364183, 311193.111190046183765, 0.0 ], [ 410457.136433635430876, 311208.229170971782878, 0.0 ], [ 410444.151423920993693, 311223.347168945940211, 0.0 ], [ 410443.429718183237128, 311254.174277907412034, 0.0 ], [ 410430.444791964604519, 311269.292292525118683, 0.0 ], [ 410417.459908187156543, 311284.410324188589584, 0.0 ], [ 410404.475066939019598, 311299.528372902772389, 0.0 ], [ 410391.490268220368307, 311314.646438665571623, 0.0 ], [ 410378.505512029048987, 311329.764521479781251, 0.0 ], [ 410365.520798367564566, 311344.882621342549101, 0.0 ], [ 410352.536127240746282, 311360.000738255330361, 0.0 ], [ 410339.551498639688361, 311375.118872208229732, 0.0 ], [ 410326.566912571084686, 311390.237023223133292, 0.0 ], [ 410301.319124166038819, 311389.646271921810694, 0.0 ], [ 410288.334624804905616, 311404.764474495314062, 0.0 ], [ 410275.35016797692515, 311419.882694117433857, 0.0 ], [ 410262.365753677557223, 311435.000930792361032, 0.0 ], [ 410249.381381911691278, 311450.119184518058319, 0.0 ], [ 410236.397052677348256, 311465.237455294409301, 0.0 ], [ 410223.412765972083434, 311480.355743120773695, 0.0 ], [ 410210.428521800902672, 311495.474048, 0.0 ], [ 410197.444320252048783, 311510.592369919992052, 0.0 ], [ 410172.196886830730364, 311510.001965714909602, 0.0 ], [ 410159.212771905586123, 311525.12033920554677, 0.0 ], [ 410146.228699508006684, 311540.238729748292826, 0.0 ], [ 410133.244669643056113, 311555.357137341052294, 0.0 ], [ 410132.523950035800226, 311586.184235342312604, 0.0 ], [ 410131.803225480252877, 311617.011334529612213, 0.0 ], [ 410131.082495976588689, 311647.83843489526771, 0.0 ], [ 410118.098631305270828, 311662.956858321500476, 0.0 ], [ 410105.114809165417682, 311678.075298800540622, 0.0 ], [ 410104.394156486960128, 311708.902399554906879, 0.0 ], [ 410091.410417773062363, 311724.020856678951532, 0.0 ], [ 410078.42672167904675, 311739.139330856560264, 0.0 ], [ 410065.443068031687289, 311754.257822086219676, 0.0 ], [ 410052.459456919168588, 311769.376330369501375, 0.0 ], [ 410039.475888341781683, 311784.494855692842975, 0.0 ], [ 410027.212769646430388, 311768.786299775296357, 0.0 ], [ 410014.949606762675103, 311753.077762899745721, 0.0 ], [ 409989.702878588810563, 311752.487839842797257, 0.0 ], [ 409964.456152141443454, 311751.897987812699284, 0.0 ], [ 409952.192859989590943, 311736.189543016895186, 0.0 ], [ 409939.929523645318113, 311720.48111727507785, 0.0 ], [ 409914.682713661692105, 311719.891409291944001, 0.0 ], [ 409902.419290587771684, 311704.183039115276188, 0.0 ], [ 409890.155823331326246, 311688.474687991139945, 0.0 ], [ 409864.908929901430383, 311687.885124054912012, 0.0 ], [ 409839.662038201931864, 311687.295631146291271, 0.0 ], [ 409814.415148045285605, 311686.706209256662987, 0.0 ], [ 409789.168259530444629, 311686.116858393128496, 0.0 ], [ 409763.921372650424019, 311685.527578551438637, 0.0 ], [ 409750.938209924090188, 311700.646501789684407, 0.0 ], [ 409750.218766412115656, 311731.473575728421565, 0.0 ], [ 409749.499317960755434, 311762.300650857505389, 0.0 ], [ 409736.516279638744891, 311777.419590331381187, 0.0 ], [ 409723.533283764612861, 311792.538546868017875, 0.0 ], [ 409722.813912158599123, 311823.365622378070839, 0.0 ], [ 409709.830999711004552, 311838.484595565998461, 0.0 ], [ 409696.848129802267067, 311853.603585806791671, 0.0 ], [ 409683.865302430698648, 311868.722593103244435, 0.0 ], [ 409670.882517593563534, 311883.841617453959771, 0.0 ], [ 409657.899775295984, 311898.960658861033153, 0.0 ], [ 409644.9170755360974, 311914.079717313172296, 0.0 ], [ 409631.934418313612696, 311929.19879282877082, 0.0 ], [ 409618.951803716714494, 311944.317885401484091, 0.0 ], [ 409605.969231569673866, 311959.436995030497201, 0.0 ], [ 409592.986701960966457, 311974.556121713132598, 0.0 ], [ 409580.004214888147544, 311989.675265451369341, 0.0 ], [ 409567.021770356222987, 312004.79442624602234, 0.0 ], [ 409566.302884546166752, 312035.621498104359489, 0.0 ], [ 409553.320523447182495, 312050.740675541106611, 0.0 ], [ 409540.338204891770147, 312065.859870043466799, 0.0 ], [ 409527.355928870849311, 312080.979081602883525, 0.0 ], [ 409514.373695389658678, 312096.09831022011349, 0.0 ], [ 409501.39150454045739, 312111.217555893061217, 0.0 ], [ 409476.145849810214713, 312110.629029366536997, 0.0 ], [ 409450.900196711649187, 312110.040573867561761, 0.0 ], [ 409425.654545249417424, 312109.452189394680317, 0.0 ], [ 409412.672529392526485, 312124.571555668138899, 0.0 ], [ 409399.690556075889617, 312139.690939002262894, 0.0 ], [ 409374.444994700374082, 312139.10269458964467, 0.0 ], [ 409361.463108108146116, 312154.222129494359251, 0.0 ], [ 409360.744891466805711, 312185.049191332887858, 0.0 ], [ 409347.763088312931359, 312200.168642893899232, 0.0 ], [ 409322.517703573801555, 312199.580536544672213, 0.0 ], [ 409309.535987145325635, 312214.700039679184556, 0.0 ], [ 409296.554313255881425, 312229.819559872150421, 0.0 ], [ 409271.309018603235018, 312229.231593584641814, 0.0 ], [ 409246.063725492625963, 312228.643698322528508, 0.0 ], [ 409233.08218250842765, 312243.763304606778547, 0.0 ], [ 409220.100682068325114, 312258.882927950238809, 0.0 ], [ 409194.855478953220882, 312258.295172749843914, 0.0 ], [ 409169.61027746507898, 312257.707488576241303, 0.0 ], [ 409156.628908020909876, 312272.827198014478199, 0.0 ], [ 409143.647581028810237, 312287.94692450837465, 0.0 ], [ 409118.402469537570141, 312287.359380396490451, 0.0 ], [ 409093.157359679695219, 312286.771907312097028, 0.0 ], [ 409067.912251450354233, 312286.184505255252589, 0.0 ], [ 409042.667144944018219, 312285.597174227354117, 0.0 ], [ 409030.403146061114967, 312269.890015141223557, 0.0 ], [ 409018.139102991553955, 312254.182875104073901, 0.0 ], [ 409005.875015731027815, 312238.475754116720054, 0.0 ], [ 408993.610884286870714, 312222.768652179744095, 0.0 ], [ 408981.346708649827633, 312207.061569293204229, 0.0 ], [ 408969.082488824729808, 312191.354505456401967, 0.0 ], [ 408943.837128556217067, 312190.767464505159296, 0.0 ], [ 408918.591770005295984, 312190.180494582804386, 0.0 ], [ 408906.327420894755051, 312174.473522810905706, 0.0 ], [ 408894.063027596683241, 312158.766570100793615, 0.0 ], [ 408881.798590111837257, 312143.059636427671649, 0.0 ], [ 408869.534108437714167, 312127.352721804927569, 0.0 ], [ 408857.269582577049732, 312111.645826229825616, 0.0 ], [ 408857.986054787645116, 312080.818806600640528, 0.0 ], [ 408845.721438922104426, 312065.111931664985605, 0.0 ], [ 408833.456778866006061, 312049.405075778311584, 0.0 ], [ 408821.192074716673233, 312033.698238945624325, 0.0 ], [ 408795.946290582942311, 312033.111634096479975, 0.0 ], [ 408783.681499606580473, 312017.404852827487048, 0.0 ], [ 408771.416664447635412, 312001.698090594029054, 0.0 ], [ 408746.170796842779964, 312001.111629784747493, 0.0 ], [ 408720.924930866458453, 312000.525239998067264, 0.0 ], [ 408695.679066611046437, 311999.938921238877811, 0.0 ], [ 408683.414059620990884, 311984.232287574443035, 0.0 ], [ 408671.149008444393985, 311968.525672957592178, 0.0 ], [ 408658.883913083584048, 311952.819077390420716, 0.0 ], [ 408646.618773543508723, 311937.112500870192889, 0.0 ], [ 408634.353589815204032, 311921.405943396792281, 0.0 ], [ 408635.06925199739635, 311890.578948817972559, 0.0 ], [ 408622.803978269221261, 311874.872411995369475, 0.0 ], [ 408610.538660356018227, 311859.165894206904341, 0.0 ], [ 408623.519589720177464, 311844.045420195150655, 0.0 ], [ 408636.500561622262467, 311828.924963244760875, 0.0 ], [ 408637.216209065052681, 311798.097972241172101, 0.0 ], [ 408637.931851594650652, 311767.270982430083677, 0.0 ], [ 408638.647489210881758, 311736.44399382348638, 0.0 ], [ 408639.363121914095245, 311705.617006396641955, 0.0 ], [ 408640.078749704058282, 311674.790020162938163, 0.0 ], [ 408627.813155255513266, 311659.083494458463974, 0.0 ], [ 408615.547516623744741, 311643.376987802970689, 0.0 ], [ 408603.281833906192333, 311627.670500197273213, 0.0 ], [ 408578.034937031683512, 311627.08456040447345, 0.0 ], [ 408565.769167493679561, 311611.378128348267637, 0.0 ], [ 408553.503353777690791, 311595.671715348842554, 0.0 ], [ 408541.237495881970972, 311579.965321387862787, 0.0 ], [ 408528.971593804541044, 311564.258946470916271, 0.0 ], [ 408516.705647549941204, 311548.552590603707358, 0.0 ], [ 408504.439657116134185, 311532.846253781928681, 0.0 ], [ 408492.173622593574692, 311517.139936008490622, 0.0 ], [ 408492.888700607349165, 311486.312968854967039, 0.0 ], [ 408480.622576000750996, 311470.606671717425343, 0.0 ], [ 408468.35640722035896, 311454.900393636664376, 0.0 ], [ 408456.090194257441908, 311439.194134590041358, 0.0 ], [ 408443.823937116889283, 311423.487894592457451, 0.0 ], [ 408431.557635801087599, 311407.781673639663495, 0.0 ], [ 408406.31014330626931, 311407.19624489947455, 0.0 ], [ 408394.04375526716467, 311391.490079495473765, 0.0 ], [ 408381.777323143673129, 311375.783933139755391, 0.0 ], [ 408369.510846752964426, 311360.077805828826968, 0.0 ], [ 408357.244326185784303, 311344.371697565482464, 0.0 ], [ 408331.99666513944976, 311343.786485853488557, 0.0 ], [ 408319.730057855078485, 311328.080433135444764, 0.0 ], [ 408307.463406389695592, 311312.374399475636892, 0.0 ], [ 408295.196710751159117, 311296.668384849268477, 0.0 ], [ 408282.929970934637822, 311280.962389269727282, 0.0 ], [ 408270.663187037571333, 311265.256412735732738, 0.0 ], [ 408258.396358870377298, 311249.550455247866921, 0.0 ], [ 408246.129486528341658, 311233.844516803394072, 0.0 ], [ 408233.862570013850927, 311218.13859740504995, 0.0 ], [ 408208.614570256497245, 311217.553748726146296, 0.0 ], [ 408195.633573721512221, 311232.674817460705526, 0.0 ], [ 408182.652619724627584, 311247.795903258025646, 0.0 ], [ 408169.671708263806067, 311262.917006112402305, 0.0 ], [ 408156.690839429269545, 311278.038126032333821, 0.0 ], [ 408143.710013038595207, 311293.159263010136783, 0.0 ], [ 408142.9961784525658, 311323.986195197619963, 0.0 ], [ 408130.015435503679328, 311339.107348842313513, 0.0 ], [ 408117.034735096269287, 311354.228519546915777, 0.0 ], [ 408104.05407722160453, 311369.349707312125247, 0.0 ], [ 408091.073461886495352, 311384.470912140095606, 0.0 ], [ 408078.092889086634386, 311399.592134028673172, 0.0 ], [ 408065.112358829122968, 311414.713372979313135, 0.0 ], [ 408064.398764778859913, 311445.540304003399797, 0.0 ], [ 408051.418317962088622, 311460.661559609579854, 0.0 ], [ 408038.437913776026107, 311475.782832290627994, 0.0 ], [ 408025.457552035979461, 311490.904122032225132, 0.0 ], [ 408012.477232837001793, 311506.025428834487684, 0.0 ], [ 408011.763797519030049, 311536.85235947475303, 0.0 ], [ 407998.78356176771922, 311551.973682944662869, 0.0 ], [ 407985.803368553402834, 311567.095023478730582, 0.0 ], [ 407985.090010155458003, 311597.921954512712546, 0.0 ], [ 407972.109900392708369, 311613.043311714369338, 0.0 ], [ 407946.863044153433293, 311612.459147443179972, 0.0 ], [ 407921.616189631808084, 311611.875054195290431, 0.0 ], [ 407896.369336635689251, 311611.291031964297872, 0.0 ], [ 407871.122485264437273, 311610.707080754451454, 0.0 ], [ 407858.855524433718529, 311595.001670764468145, 0.0 ], [ 407846.588519421522506, 311579.296279829926789, 0.0 ], [ 407821.341584577807225, 311578.712472641549539, 0.0 ], [ 407796.09465144854039, 311578.12873647431843, 0.0 ], [ 407770.847719850833528, 311577.545071323984303, 0.0 ], [ 407745.600789872347377, 311576.961477194796316, 0.0 ], [ 407720.353861512732692, 311576.377954083960503, 0.0 ], [ 407695.106934869312681, 311575.794501995667815, 0.0 ], [ 407669.860009756404907, 311575.211120924970601, 0.0 ], [ 407644.613086262135766, 311574.627810874022543, 0.0 ], [ 407619.366164390638005, 311574.044571842823643, 0.0 ], [ 407594.119244137080386, 311573.461403830617201, 0.0 ], [ 407568.872325596341398, 311572.878306839556899, 0.0 ], [ 407543.625408583029639, 311572.295280866092071, 0.0 ], [ 407518.378493187134154, 311571.712325913074892, 0.0 ], [ 407505.399180095992051, 311586.834321922739036, 0.0 ], [ 407492.419909541145898, 311601.956335007795133, 0.0 ], [ 407479.440681530279107, 311617.078365157125518, 0.0 ], [ 407466.461496151052415, 311632.200412374106236, 0.0 ], [ 407453.482353223487735, 311647.322476655943319, 0.0 ], [ 407440.503252835595049, 311662.444558001297992, 0.0 ], [ 407428.235660288541112, 311646.73976532794768, 0.0 ], [ 407415.968023566412739, 311631.034991694439668, 0.0 ], [ 407390.721289701119531, 311630.452387884550262, 0.0 ], [ 407365.474557456444018, 311629.869855095108505, 0.0 ], [ 407340.227826918067876, 311629.287393326114397, 0.0 ], [ 407327.248904826818034, 311644.409630216076039, 0.0 ], [ 407314.270025282516144, 311659.531884170894045, 0.0 ], [ 407289.023384604370221, 311658.949562463560142, 0.0 ], [ 407263.776745548588224, 311658.367311775975395, 0.0 ], [ 407250.797996879322454, 311673.489651841227897, 0.0 ], [ 407237.819290840765461, 311688.612008974829223, 0.0 ], [ 407212.572741736948956, 311688.029898352513555, 0.0 ], [ 407187.326194247812964, 311687.447858749888837, 0.0 ], [ 407174.347618996864185, 311702.570301994623151, 0.0 ], [ 407161.369086294202134, 311717.692762294318527, 0.0 ], [ 407148.390596130047925, 311732.815239671617746, 0.0 ], [ 407147.680070087779313, 311763.642112616042141, 0.0 ], [ 407134.701663390151225, 311778.764606671582442, 0.0 ], [ 407121.723299324628897, 311793.887117798381951, 0.0 ], [ 407108.74497771798633, 311809.009645986487158, 0.0 ], [ 407083.498783569200896, 311808.427882570133079, 0.0 ], [ 407070.52054867031984, 311823.550462352985051, 0.0 ], [ 407057.54235631856136, 311838.673059202090371, 0.0 ], [ 407044.564206512179226, 311853.795673109008931, 0.0 ], [ 407031.586099248263054, 311868.918304093531333, 0.0 ], [ 407006.340083479124587, 311868.336749795766082, 0.0 ], [ 406993.362062931060791, 311883.459432372881565, 0.0 ], [ 406980.384084926219657, 311898.582132019102573, 0.0 ], [ 406955.138159017893486, 311898.000717789400369, 0.0 ], [ 406929.892234721919522, 311897.419374580786098, 0.0 ], [ 406904.646312042779755, 311896.838102392619476, 0.0 ], [ 406879.400391065864824, 311896.256901227752678, 0.0 ], [ 406866.422632280678954, 311911.379756041918881, 0.0 ], [ 406853.444916039472446, 311926.502627923793625, 0.0 ], [ 406840.467242347134743, 311941.625516876229085, 0.0 ], [ 406839.75772282818798, 311972.452374527463689, 0.0 ], [ 406826.780132606159896, 311987.575280149641912, 0.0 ], [ 406813.802584935794584, 312002.698202852276154, 0.0 ], [ 406813.093142398400232, 312033.525060926971491, 0.0 ], [ 406800.115678197238594, 312048.648000312794466, 0.0 ], [ 406787.13825654622633, 312063.770956767722964, 0.0 ], [ 406774.160877531045116, 312078.893930295307655, 0.0 ], [ 406761.183540978468955, 312094.016920891299378, 0.0 ], [ 406748.206246969406493, 312109.139928555756342, 0.0 ], [ 406735.22899550938746, 312124.262953280122019, 0.0 ], [ 406722.251786599867046, 312139.385995086282492, 0.0 ], [ 406709.274620239215437, 312154.509053960908204, 0.0 ], [ 406708.565500255732331, 312185.335910139314365, 0.0 ], [ 406707.856375404284336, 312216.162767515110318, 0.0 ], [ 406707.147245685104281, 312246.989626085560303, 0.0 ], [ 406706.43811109836679, 312277.816485844843555, 0.0 ], [ 406705.728971643664408, 312308.643346808676142, 0.0 ], [ 406717.996748103294522, 312324.347152410133276, 0.0 ], [ 406730.264480384415947, 312340.050977052829694, 0.0 ], [ 406729.555244464660063, 312370.877842379326466, 0.0 ], [ 406716.578362993430346, 312386.000881096057128, 0.0 ], [ 406703.601524073630571, 312401.123936872696504, 0.0 ], [ 406702.892365148174576, 312431.950802623352502, 0.0 ], [ 406715.159958411939442, 312447.654614556056913, 0.0 ], [ 406727.427507495740429, 312463.358445530000608, 0.0 ], [ 406726.718252102844417, 312494.185315641982015, 0.0 ], [ 406738.985711208952125, 312509.889167237677611, 0.0 ], [ 406751.253126134397462, 312525.593037872458808, 0.0 ], [ 406763.520496874931268, 312541.296927536430303, 0.0 ], [ 406775.787823348829988, 312557.000836247985717, 0.0 ], [ 406775.078379883547314, 312587.827713889360894, 0.0 ], [ 406787.345616462174803, 312603.531643226160668, 0.0 ], [ 406799.612808861769736, 312619.235591604257934, 0.0 ], [ 406798.903268922527786, 312650.062473607598804, 0.0 ], [ 406798.193724113632925, 312680.889356794243213, 0.0 ], [ 406797.484174434677698, 312711.716241188871209, 0.0 ], [ 406796.774619885720313, 312742.543126780947205, 0.0 ], [ 406809.041584886028431, 312758.247100532229524, 0.0 ], [ 406834.285074304265436, 312758.828214809240308, 0.0 ], [ 406846.551952563459054, 312774.53224409656832, 0.0 ], [ 406858.818786636576988, 312790.236292425834108, 0.0 ], [ 406871.085576525889337, 312805.940359795582481, 0.0 ], [ 406883.352322143560741, 312821.644446191028692, 0.0 ], [ 406895.61902366229333, 312837.348551641858649, 0.0 ], [ 406894.909102675970644, 312868.175449897185899, 0.0 ], [ 406894.199176817666739, 312899.002349346352275, 0.0 ], [ 406906.465742544154637, 312914.706477005092893, 0.0 ], [ 406918.732264083111659, 312930.41062370367581, 0.0 ], [ 406930.998741438728757, 312946.114789443439804, 0.0 ], [ 406943.265174604370259, 312961.818974212394096, 0.0 ], [ 406930.288673287665006, 312976.941694827342872, 0.0 ], [ 406917.312214522389695, 312992.064432514249347, 0.0 ], [ 406916.602182432834525, 313022.891338718880434, 0.0 ], [ 406915.892145470716059, 313053.718246120901313, 0.0 ], [ 406915.18210363574326, 313084.545154717518017, 0.0 ], [ 406914.472056928498205, 313115.372064501687419, 0.0 ], [ 406913.762005348224193, 313146.198975490347948, 0.0 ], [ 406900.785793819930404, 313161.321728316019289, 0.0 ], [ 406887.809624847141095, 313176.444498213008046, 0.0 ], [ 406887.099650267744437, 313207.271409627224784, 0.0 ], [ 406874.123564794659615, 313222.39419620949775, 0.0 ], [ 406861.502468926890288, 313222.103544396697544, 0.0 ], [ 406861.147521965845954, 313237.516999855230097, 0.0 ], [ 406873.413626281078905, 313253.221108423196711, 0.0 ], [ 406885.679686493356712, 313268.925236031645909, 0.0 ], [ 406884.969697298016399, 313299.752151034597773, 0.0 ], [ 406897.235667516011745, 313315.456299267651048, 0.0 ], [ 406922.477602008264512, 313316.037733108620159, 0.0 ], [ 406934.743485464132391, 313331.741936882724985, 0.0 ], [ 406947.009324735030532, 313347.446159700804856, 0.0 ], [ 406972.251175703306217, 313348.027737575350329, 0.0 ], [ 406984.516928123543039, 313363.732015934481751, 0.0 ], [ 406996.782636444142554, 313379.436313324957155, 0.0 ], [ 407022.024403888266534, 313380.018035234417766, 0.0 ], [ 407034.290025449823588, 313395.722388179390691, 0.0 ], [ 407046.55560282280203, 313411.426760166941676, 0.0 ], [ 407058.821136002487037, 313427.131151196488645, 0.0 ], [ 407071.086624993302394, 313442.835561270825565, 0.0 ], [ 407083.352069788263179, 313458.53999038488837, 0.0 ], [ 407082.641357348300517, 313489.366928320203442, 0.0 ], [ 407094.906712051597424, 313505.071378060965799, 0.0 ], [ 407107.172022651066072, 313520.775846832373645, 0.0 ], [ 407106.461213704780675, 313551.602789130352903, 0.0 ], [ 407118.726434298616368, 313567.307278540509287, 0.0 ], [ 407143.967689295997843, 313567.889367439260241, 0.0 ], [ 407156.23282312694937, 313583.593912394717336, 0.0 ], [ 407168.49791276245378, 313599.298476392053999, 0.0 ], [ 407180.762958204490133, 313615.003059432725422, 0.0 ], [ 407193.027959452825598, 313630.707661518245004, 0.0 ], [ 407218.269045695429668, 313631.289967461430933, 0.0 ], [ 407243.510133639851119, 313631.872344441420864, 0.0 ], [ 407268.751223203493282, 313632.45479245739989, 0.0 ], [ 407293.992314377101138, 313633.037311507272534, 0.0 ], [ 407306.257101149996743, 313648.742078647366725, 0.0 ], [ 407318.521843640774023, 313664.446864820201881, 0.0 ], [ 407343.762851288542151, 313665.02952791278949, 0.0 ], [ 407356.027507101767696, 313680.734369645069819, 0.0 ], [ 407368.292118722107261, 313696.439230422838591, 0.0 ], [ 407393.53304284409387, 313697.022037560294848, 0.0 ], [ 407405.797567698522471, 313712.726953886158299, 0.0 ], [ 407418.062048355001025, 313728.431889253959525, 0.0 ], [ 407430.326484725344926, 313744.136843667947687, 0.0 ], [ 407442.590876989765093, 313759.841817127366085, 0.0 ], [ 407454.855225060484372, 313775.546809629478958, 0.0 ], [ 407454.143162482767366, 313806.373789089324418, 0.0 ], [ 407466.407420529983938, 313822.078802221687511, 0.0 ], [ 407478.671634385013022, 313837.783834398083854, 0.0 ], [ 407490.935804042615928, 313853.488885620608926, 0.0 ], [ 407503.199929500522558, 313869.193955887225457, 0.0 ], [ 407515.464010763098486, 313884.899045198631939, 0.0 ], [ 407540.704423938586842, 313885.482290394720621, 0.0 ], [ 407565.944838823052123, 313886.065606628952082, 0.0 ], [ 407591.185255321674049, 313886.648993901326321, 0.0 ], [ 407603.44916467013536, 313902.354211776691955, 0.0 ], [ 407615.713029817678034, 313918.059448696905747, 0.0 ], [ 407627.976850766455755, 313933.764704662549775, 0.0 ], [ 407640.24062751675956, 313949.469979661633261, 0.0 ], [ 407652.504359979764558, 313965.175273718254175, 0.0 ], [ 407664.768048329045996, 313980.880586819606833, 0.0 ], [ 407677.031692483462393, 313996.58591896930011, 0.0 ], [ 407689.295292437833268, 314012.291270162269939, 0.0 ], [ 407701.558848190121353, 314027.996640404337086, 0.0 ], [ 407713.822359744575806, 314043.702029691834468, 0.0 ], [ 407739.062352134846151, 314044.285853067704011, 0.0 ], [ 407751.325776913319714, 314059.991297907603439, 0.0 ], [ 407763.589157400769182, 314075.696761791536119, 0.0 ], [ 407788.82906626467593, 314076.280729222868104, 0.0 ], [ 407814.068976744427346, 314076.864767693798058, 0.0 ], [ 407826.332227977050934, 314092.570323632739019, 0.0 ], [ 407838.595435005729087, 314108.275898627762217, 0.0 ], [ 407863.835261961619835, 314108.86008115275763, 0.0 ], [ 407889.075090439000633, 314109.444334717234597, 0.0 ], [ 407901.338168121525086, 314125.150001775822602, 0.0 ], [ 407900.624490025802515, 314155.977029944129754, 0.0 ], [ 407912.887477672717068, 314171.682717634306755, 0.0 ], [ 407925.150421117024962, 314187.388424374221358, 0.0 ], [ 407937.413320360821672, 314203.094150158867706, 0.0 ], [ 407949.676175399217755, 314218.799894993309863, 0.0 ], [ 407948.962309080641717, 314249.626930686004926, 0.0 ], [ 407948.248437864764128, 314280.453967584704515, 0.0 ], [ 407960.511157034372445, 314296.159734638349619, 0.0 ], [ 407972.773832002247218, 314311.86552073888015, 0.0 ], [ 407985.036462673218921, 314327.571325882745441, 0.0 ], [ 407997.2990492322715, 314343.277150078502018, 0.0 ], [ 407996.584989785100333, 314374.104194503684994, 0.0 ], [ 408008.847486300335731, 314389.810039333940949, 0.0 ], [ 408034.086543673125561, 314390.394736942078453, 0.0 ], [ 408046.348953411797993, 314406.100637328927405, 0.0 ], [ 408058.611318940354977, 314421.806556764058769, 0.0 ], [ 408070.873640267527662, 314437.512495247472543, 0.0 ], [ 408083.135917388834059, 314453.218452779226936, 0.0 ], [ 408095.398150211374741, 314468.924429356469773, 0.0 ], [ 408094.68372408032883, 314499.751486480992753, 0.0 ], [ 408081.707151899812743, 314514.872565039258916, 0.0 ], [ 408068.730622193252202, 314529.993660674372222, 0.0 ], [ 408068.016273035260383, 314560.820718208269682, 0.0 ], [ 408067.301918977638707, 314591.647776935249567, 0.0 ], [ 408079.563966914894991, 314607.353742396517191, 0.0 ], [ 408091.825970551813953, 314623.059726906009018, 0.0 ], [ 408104.087930070818402, 314638.765730465296656, 0.0 ], [ 408116.349845381919295, 314654.47175306151621, 0.0 ], [ 408115.635303071932867, 314685.298819326446392, 0.0 ], [ 408114.920755860977806, 314716.12588678591419, 0.0 ], [ 408114.206203749170527, 314746.952955439337529, 0.0 ], [ 408126.467937336303294, 314762.659001853724476, 0.0 ], [ 408138.729626711574383, 314778.365067317150533, 0.0 ], [ 408150.991271877428517, 314794.071151818206999, 0.0 ], [ 408176.229210893041454, 314794.656301406561397, 0.0 ], [ 408201.467151436139829, 314795.241522038704716, 0.0 ], [ 408213.728667234885506, 314810.947698624513578, 0.0 ], [ 408213.013753301871475, 314841.774778772785794, 0.0 ], [ 408225.275179046089761, 314857.480975993792526, 0.0 ], [ 408237.536560581822414, 314873.187192265293561, 0.0 ], [ 408236.821550061460584, 314904.014276780420914, 0.0 ], [ 408249.082841538707726, 314919.720513687818311, 0.0 ], [ 408261.344088809215464, 314935.426769632147625, 0.0 ], [ 408260.628981699119322, 314966.253858514304738, 0.0 ], [ 408272.890138913993724, 314981.960135105880909, 0.0 ], [ 408285.151251914037857, 314997.666430749988649, 0.0 ], [ 408297.412320701580029, 315013.372745441738516, 0.0 ], [ 408322.64966188010294, 315013.95833516062703, 0.0 ], [ 408334.910643870825879, 315029.664705417468213, 0.0 ], [ 408347.171581653179601, 315045.371094721893314, 0.0 ], [ 408372.408839379670098, 315045.956828518246766, 0.0 ], [ 408385.385246110672597, 315030.836171028844547, 0.0 ], [ 408398.361695407307707, 315015.715530607791152, 0.0 ], [ 408423.599043070338666, 315016.301404516096227, 0.0 ], [ 408448.836392442812212, 315016.887349474593066, 0.0 ], [ 408474.073743439337704, 315017.473365480429493, 0.0 ], [ 408487.050367916701362, 315002.352845730783883, 0.0 ], [ 408487.766260978183709, 314971.525737832940649, 0.0 ], [ 408500.742968964390457, 314956.405234757985454, 0.0 ], [ 408525.980496771633625, 314956.991388895199634, 0.0 ], [ 408551.218026109039783, 314957.577614078356419, 0.0 ], [ 408576.455557161476463, 314958.16391031164676, 0.0 ], [ 408601.693089834530838, 314958.750277591578197, 0.0 ], [ 408626.930624132975936, 314959.33671591890743, 0.0 ], [ 408652.168159962340724, 314959.923225290724076, 0.0 ], [ 408677.405697507434525, 314960.509805712732486, 0.0 ], [ 408689.66617506602779, 314976.216683998471126, 0.0 ], [ 408701.926608412759379, 314991.923581334704068, 0.0 ], [ 408714.186997542332392, 315007.630497724167071, 0.0 ], [ 408726.447342459636275, 315023.337433163367677, 0.0 ], [ 408739.424408969352953, 315008.217258740391117, 0.0 ], [ 408752.401518052909523, 314993.097101384424604, 0.0 ], [ 408777.63897522026673, 314993.683967978518922, 0.0 ], [ 408802.876434099860489, 314994.270905622106511, 0.0 ], [ 408815.853674160549417, 314979.150834399159066, 0.0 ], [ 408828.830956787394825, 314964.03078024322167, 0.0 ], [ 408854.068505700037349, 314964.61785799881909, 0.0 ], [ 408867.045875101815909, 314949.497855441120919, 0.0 ], [ 408880.023286979063414, 314934.377869959629606, 0.0 ], [ 408893.000741514842957, 314919.257901538047008, 0.0 ], [ 408905.978238618234172, 314904.137950182775967, 0.0 ], [ 408931.215965976938605, 314904.725237110687885, 0.0 ], [ 408956.453694956726395, 314905.312595085939392, 0.0 ], [ 408981.69142556481529, 314905.900024108530488, 0.0 ], [ 409006.929157706559636, 314906.487524177064188, 0.0 ], [ 409032.166891567001585, 314907.07509529509116, 0.0 ], [ 409057.404627051728312, 314907.66273746045772, 0.0 ], [ 409082.642364165280014, 314908.250450673163868, 0.0 ], [ 409107.880102813476697, 314908.838234932452906, 0.0 ], [ 409120.857996121805627, 314893.718576887098607, 0.0 ], [ 409133.835931997047737, 314878.598935909452848, 0.0 ], [ 409159.073760772123933, 314879.186860277259257, 0.0 ], [ 409172.051783416536637, 314864.067270895000547, 0.0 ], [ 409185.029848629725166, 314848.947698577656411, 0.0 ], [ 409210.267767442099284, 314849.535763052466791, 0.0 ], [ 409223.245919333712664, 314834.416242329811212, 0.0 ], [ 409236.224113881587982, 314819.296738672710489, 0.0 ], [ 409261.462122733937576, 314819.88494325382635, 0.0 ], [ 409286.700133212376386, 314820.473218882281799, 0.0 ], [ 409311.938145321619231, 314821.061565558775328, 0.0 ], [ 409337.176158967311494, 314821.649983279057778, 0.0 ], [ 409349.435758761363104, 314837.357803061022423, 0.0 ], [ 409361.6953143394785, 314853.065641896915622, 0.0 ], [ 409386.933244551764801, 314853.654203705256805, 0.0 ], [ 409412.171176395728253, 314854.242836560937576, 0.0 ], [ 409437.409109867003281, 314854.831540464714635, 0.0 ], [ 409450.387659606931265, 314839.712330502748955, 0.0 ], [ 409463.366252004634589, 314824.593137604999356, 0.0 ], [ 409488.604275517398492, 314825.181981612928212, 0.0 ], [ 409501.582954685960431, 314810.06284031982068, 0.0 ], [ 409514.561676417244598, 314794.943716077366844, 0.0 ], [ 409539.799789974407759, 314795.532700189505704, 0.0 ], [ 409565.037905071862042, 314796.121755346830469, 0.0 ], [ 409577.297167539014481, 314811.829902212251909, 0.0 ], [ 409589.556385789066553, 314827.538068119552918, 0.0 ], [ 409601.815559822076466, 314843.246253095741849, 0.0 ], [ 409601.095872928155586, 314874.07344245450804, 0.0 ], [ 409600.376181098283269, 314904.900633003620896, 0.0 ], [ 409599.656484332575928, 314935.727824743720703, 0.0 ], [ 409598.936782631091774, 314966.555017663573381, 0.0 ], [ 409598.217075993714388, 314997.382211785123218, 0.0 ], [ 409610.475976512010675, 315013.090423772344366, 0.0 ], [ 409622.734832808782812, 315028.798654817102943, 0.0 ], [ 409622.015029513509944, 315059.625853311270475, 0.0 ], [ 409634.273795729794074, 315075.334105001122225, 0.0 ], [ 409646.53251772839576, 315091.042375749209896, 0.0 ], [ 409658.791195505065843, 315106.750665542087518, 0.0 ], [ 409684.028450911981054, 315107.340095865365583, 0.0 ], [ 409709.265708042657934, 315107.929597240232397, 0.0 ], [ 409722.244416762085166, 315092.810770308598876, 0.0 ], [ 409735.223168044118211, 315077.691960429016035, 0.0 ], [ 409748.201961897313595, 315062.573167615104467, 0.0 ], [ 409748.922199123771861, 315031.745959156367462, 0.0 ], [ 409736.663555710576475, 315016.037545507017057, 0.0 ], [ 409724.404868082376197, 315000.32915091450559, 0.0 ], [ 409737.383742135250941, 314985.210339831886813, 0.0 ], [ 409750.362658758531325, 314970.091545812028926, 0.0 ], [ 409763.341617947211489, 314954.972768865525723, 0.0 ], [ 409776.320619698963128, 314939.854008971829899, 0.0 ], [ 409789.299663926009089, 314924.735266138799489, 0.0 ], [ 409802.278750808269251, 314909.616540370625444, 0.0 ], [ 409815.257880257675424, 314894.497831665212288, 0.0 ], [ 409828.237052267068066, 314879.379140021861531, 0.0 ], [ 409841.216266845702194, 314864.260465441271663, 0.0 ], [ 409854.195523988571949, 314849.141807924082968, 0.0 ], [ 409867.174823693407234, 314834.023167467559688, 0.0 ], [ 409880.154165964166168, 314818.904544086486567, 0.0 ], [ 409893.133550794329494, 314803.785937753331382, 0.0 ], [ 409918.371688741259277, 314804.375987579929642, 0.0 ], [ 409930.6303551637684, 314820.084645736555103, 0.0 ], [ 409942.888977363298181, 314835.793322937272023, 0.0 ], [ 409968.127031887532212, 314836.38351685757516, 0.0 ], [ 409980.385567295772489, 314852.092249650275335, 0.0 ], [ 409992.644058484816924, 314867.801001498359255, 0.0 ], [ 410004.902505454374477, 314883.509772404679097, 0.0 ], [ 410004.18142508843448, 314914.336994860030245, 0.0 ], [ 410016.43978188559413, 314930.045786414993927, 0.0 ], [ 410028.698094548366498, 314945.754597029590514, 0.0 ], [ 410015.718650709139183, 314960.873011651856359, 0.0 ], [ 410002.739249520353042, 314975.991443327628076, 0.0 ], [ 410014.99751458724495, 314991.700238068355247, 0.0 ], [ 410027.255735518818256, 315007.409051868773531, 0.0 ], [ 410039.513912234222516, 315023.117884726729244, 0.0 ], [ 410051.772044725832529, 315038.826736644259654, 0.0 ], [ 410064.03013299847953, 315054.535607618629001, 0.0 ], [ 410076.288177049485967, 315070.244497651932761, 0.0 ], [ 410075.566806648741476, 315101.071733232180122, 0.0 ], [ 410087.824760606046766, 315116.780643904930912, 0.0 ], [ 410100.082670345378574, 315132.489573647209909, 0.0 ], [ 410099.361203261651099, 315163.316813603625633, 0.0 ], [ 410111.619022907572798, 315179.025763998099137, 0.0 ], [ 410123.876798240467906, 315194.734733446559403, 0.0 ], [ 410136.134529439965263, 315210.443721957446542, 0.0 ], [ 410148.392216418404132, 315226.152729526569601, 0.0 ], [ 410147.670560910715722, 315256.979977033624891, 0.0 ], [ 410159.928157793125138, 315272.689005254942458, 0.0 ], [ 410185.165012005949393, 315273.279866575438064, 0.0 ], [ 410197.422522085718811, 315288.988950380298775, 0.0 ], [ 410209.679987943207379, 315304.698053244035691, 0.0 ], [ 410221.937409571313765, 315320.407175166765228, 0.0 ], [ 410234.194786888780072, 315336.116316144820303, 0.0 ], [ 410259.431472422729712, 315336.707394617435057, 0.0 ], [ 410284.668159589695279, 315337.29854414309375, 0.0 ], [ 410296.925407614558935, 315353.007777235645335, 0.0 ], [ 410309.1826114114956, 315368.717029387131333, 0.0 ], [ 410334.419215056812391, 315369.308323016390204, 0.0 ], [ 410346.676331961061805, 315385.017630750720855, 0.0 ], [ 410358.933404727082234, 315400.7269575347309, 0.0 ], [ 410384.169924852903932, 315401.318395270442124, 0.0 ], [ 410396.426910813199356, 315417.027777652197983, 0.0 ], [ 410408.683852549060248, 315432.737179094925523, 0.0 ], [ 410433.920289150672033, 315433.328760936390609, 0.0 ], [ 410446.177144077955745, 315449.038217964814976, 0.0 ], [ 410458.433954689884558, 315464.747694051475264, 0.0 ], [ 410470.690721159800887, 315480.457189199863933, 0.0 ], [ 410482.947443406563252, 315496.166703410737682, 0.0 ], [ 410508.183711329824291, 315496.758502412063535, 0.0 ], [ 410520.440346766496077, 315512.468072209972888, 0.0 ], [ 410532.696937974891625, 315528.177661068271846, 0.0 ], [ 410544.953484957222827, 315543.887268976250198, 0.0 ], [ 410544.230391208664514, 315574.714560359541792, 0.0 ], [ 410543.50729250209406, 315605.541852929687593, 0.0 ], [ 410555.763703496893868, 315621.251483097963501, 0.0 ], [ 410568.020070171740372, 315636.961132325930521, 0.0 ], [ 410580.276392707019113, 315652.670800617022905, 0.0 ], [ 410592.532671014545485, 315668.380487967806403, 0.0 ], [ 410591.809383834130131, 315699.207788094237912, 0.0 ], [ 410604.065572031540796, 315714.91749610210536, 0.0 ], [ 410616.321715993690304, 315730.627223170362413, 0.0 ], [ 410628.57781572942622, 315746.336969300347846, 0.0 ], [ 410640.833871231530793, 315762.046734492818359, 0.0 ], [ 410640.110395569587126, 315792.874042196781375, 0.0 ], [ 410639.386914947535843, 315823.701351076248102, 0.0 ], [ 410638.663429364794865, 315854.528661156597082, 0.0 ], [ 410650.919302992988378, 315870.238450193486642, 0.0 ], [ 410663.17513238650281, 315885.948258291347884, 0.0 ], [ 410675.430917457095347, 315901.658085450297222, 0.0 ], [ 410687.686658384627663, 315917.367931673827115, 0.0 ], [ 410699.942355079110712, 315933.077796956989914, 0.0 ], [ 410712.19800754240714, 315948.787681302637793, 0.0 ], [ 410724.45361576997675, 315964.497584701573942, 0.0 ], [ 410749.68859805323882, 315965.090124273439869, 0.0 ], [ 410761.944119465304539, 315980.800083274254575, 0.0 ], [ 410774.19959664309863, 315996.51006133685587, 0.0 ], [ 410786.455029494012706, 316012.220058459788561, 0.0 ], [ 410798.710418200411368, 316027.930074648757, 0.0 ], [ 410810.965762672072742, 316043.640109900152311, 0.0 ] ] ] ] } },
{ "type": "Feature", "properties": { "Name": "230202#01", "desc": "회동수원지 f to 230203#01", "area": 99.54, "perim": 62.93 }, "geometry": { "type": "MultiPolygon", "coordinates": [ [ [ [ 391282.143079814384691, 311936.247074242739473, 0.0 ], [ 391294.436918794875965, 311951.928605181048624, 0.0 ], [ 391307.38695787807228, 311936.784450389968697, 0.0 ], [ 391308.04319758026395, 311905.958746930758934, 0.0 ], [ 391320.993320355890319, 311890.814608989283442, 0.0 ], [ 391333.943485636962578, 311875.670488190546166, 0.0 ], [ 391346.893693606019951, 311860.526384538854472, 0.0 ], [ 391359.843944167951122, 311845.38229803275317, 0.0 ], [ 391372.79423732496798, 311830.238228671485558, 0.0 ], [ 391398.038424054975621, 311830.775846935401205, 0.0 ], [ 391410.988803904154338, 311815.631829308404122, 0.0 ], [ 391423.939226343296468, 311800.487828826298937, 0.0 ], [ 391436.889691381482407, 311785.343845489085652, 0.0 ], [ 391449.840198921272531, 311770.199879305204377, 0.0 ], [ 391462.790749147825409, 311755.055930256377906, 0.0 ], [ 391463.447481987415813, 311724.230223218328319, 0.0 ], [ 391476.398115896154195, 311709.0862910177093, 0.0 ], [ 391489.348792402888648, 311693.94237596046878, 0.0 ], [ 391502.299511500576045, 311678.798478046781383, 0.0 ], [ 391527.544139176141471, 311679.336442182597239, 0.0 ], [ 391540.494944961043075, 311664.192595999513287, 0.0 ], [ 391553.445793341030367, 311649.048766962077934, 0.0 ], [ 391566.396684218663722, 311633.904955077334307, 0.0 ], [ 391579.347617783700116, 311618.761160326830577, 0.0 ], [ 391592.298593938816339, 311603.617382719763555, 0.0 ], [ 391605.249612688203342, 311588.473622256948147, 0.0 ], [ 391618.200674024817999, 311573.329878936172463, 0.0 ], [ 391631.151777957857121, 311558.18615276023047, 0.0 ], [ 391644.102924482431263, 311543.042443726444617, 0.0 ], [ 391657.054113595921081, 311527.898751836037263, 0.0 ], [ 391682.299183612572961, 311528.437132825260051, 0.0 ], [ 391695.250459413102362, 311513.293492664175574, 0.0 ], [ 391708.201777802023571, 311498.149869655724615, 0.0 ], [ 391721.153138781897724, 311483.006263778777793, 0.0 ], [ 391734.10454235447105, 311467.862675043812487, 0.0 ], [ 391747.055988515261561, 311452.719103453797288, 0.0 ], [ 391760.007477268460207, 311437.575549003668129, 0.0 ], [ 391772.959008607023861, 311422.432011697033886, 0.0 ], [ 391785.910582540032919, 311407.288491531740874, 0.0 ], [ 391811.15600680175703, 311407.827220194332767, 0.0 ], [ 391836.401432648301125, 311408.366019856126513, 0.0 ], [ 391849.353137357044034, 311393.222586002317257, 0.0 ], [ 391862.304884652839974, 311378.079169288452249, 0.0 ], [ 391887.550400183070451, 311378.618109113886021, 0.0 ], [ 391912.795917123206891, 311379.157119931478519, 0.0 ], [ 391925.747795194096398, 311364.013789538992569, 0.0 ], [ 391926.406029795180075, 311333.188065582711715, 0.0 ], [ 391939.357991539058276, 311318.044752018584404, 0.0 ], [ 391952.309995873598382, 311302.901455595856532, 0.0 ], [ 391952.96830812189728, 311272.075732265540864, 0.0 ], [ 391965.920396127621643, 311256.93245268316241, 0.0 ], [ 391978.872526716440916, 311241.789190240786411, 0.0 ], [ 391979.530916609219275, 311210.963467546331231, 0.0 ], [ 391992.483130872307811, 311195.820221943606157, 0.0 ], [ 392005.435387720121071, 311180.676993482222315, 0.0 ], [ 392006.093855255632661, 311149.851271400344558, 0.0 ], [ 392019.046195773873478, 311134.708059777214658, 0.0 ], [ 392031.998578783648554, 311119.564865291933529, 0.0 ], [ 392032.657123958924785, 311088.739143846614752, 0.0 ], [ 392045.6095907301642, 311073.595966201741248, 0.0 ], [ 392058.562100084673148, 311058.452805696811993, 0.0 ], [ 392071.514652027166449, 311043.309662331070285, 0.0 ], [ 392096.761133088148199, 311043.849149985122494, 0.0 ], [ 392109.713771706970874, 311028.70605834084563, 0.0 ], [ 392110.372563360841013, 310997.880335072812159, 0.0 ], [ 392123.325285641127266, 310982.737260265450459, 0.0 ], [ 392136.278050505905412, 310967.594202595879324, 0.0 ], [ 392149.230857864720747, 310952.451162076846231, 0.0 ], [ 392162.183707900519948, 310937.308138687803876, 0.0 ], [ 392175.136600520345382, 310922.165132435911801, 0.0 ], [ 392200.383434307645075, 310922.704896736482624, 0.0 ], [ 392225.630269598099403, 310923.244732029852457, 0.0 ], [ 392238.583292978117242, 310908.101812077395152, 0.0 ], [ 392251.536358946352266, 310892.958909264882095, 0.0 ], [ 392276.783283826545812, 310893.498884707747493, 0.0 ], [ 392289.73643646860728, 310878.356033612450119, 0.0 ], [ 392302.689631691435352, 310863.213199656340294, 0.0 ], [ 392315.642869499628432, 310848.070382835925557, 0.0 ], [ 392316.302327436511405, 310817.244652280700393, 0.0 ], [ 392304.008460886776447, 310801.561740365053993, 0.0 ], [ 392291.714550243574195, 310785.878847421205137, 0.0 ], [ 392292.373912445036694, 310755.053121140867006, 0.0 ], [ 392293.033270117943175, 310724.227396086265799, 0.0 ], [ 392293.692623262351844, 310693.401672258158214, 0.0 ], [ 392294.351971877971664, 310662.575949667836539, 0.0 ], [ 392295.011315965268295, 310631.750228294695262, 0.0 ], [ 392307.964839781983756, 310616.607391908357386, 0.0 ], [ 392320.918406181503087, 310601.464572661265265, 0.0 ], [ 392321.577827885746956, 310570.638851906347554, 0.0 ], [ 392334.531477933342103, 310555.49604949116474, 0.0 ], [ 392347.485170565312728, 310540.353264226519968, 0.0 ], [ 392348.14466988388449, 310509.527544089069124, 0.0 ], [ 392348.804164672736079, 310478.701825179508887, 0.0 ], [ 392361.757982024922967, 310463.559056430240162, 0.0 ], [ 392374.71184195834212, 310448.416304819460493, 0.0 ], [ 392375.371414358378388, 310417.590586538019124, 0.0 ], [ 392388.325357845984399, 310402.447851757053286, 0.0 ], [ 392401.279344006674364, 310387.305134113878012, 0.0 ], [ 392401.938994016032666, 310356.47941643995, 0.0 ], [ 392414.89306382421637, 310341.336715630139224, 0.0 ], [ 392427.847176207927987, 310326.194031953869853, 0.0 ], [ 392428.506903823814355, 310295.368314897408709, 0.0 ], [ 392441.461099855718203, 310280.225648053747136, 0.0 ], [ 392454.415338459715713, 310265.082998357072938, 0.0 ], [ 392467.369619645469356, 310249.940365784801543, 0.0 ], [ 392480.323943407798652, 310234.797750348167028, 0.0 ], [ 392493.278309741988778, 310219.655152047984302, 0.0 ], [ 392506.23271856456995, 310204.512570881284773, 0.0 ], [ 392506.892688053369056, 310173.686853220162448, 0.0 ], [ 392507.552653008664493, 310142.861136786174029, 0.0 ], [ 392508.212613430107012, 310112.035421591368504, 0.0 ], [ 392508.872569318278693, 310081.20970760891214, 0.0 ], [ 392509.53252067277208, 310050.383994853589684, 0.0 ], [ 392522.487177493050694, 310035.241429297311697, 0.0 ], [ 392535.44187688769307, 310020.098880875331815, 0.0 ], [ 392536.101905837887898, 309989.273168746673036, 0.0 ], [ 392549.056688866461627, 309974.130637154448777, 0.0 ], [ 392574.306230509537272, 309974.671338428452145, 0.0 ], [ 392587.261100200412329, 309959.528858545643743, 0.0 ], [ 392600.216012464719824, 309944.386395794339478, 0.0 ], [ 392625.465643687814008, 309944.927237200783566, 0.0 ], [ 392650.715276506496593, 309945.46814959513722, 0.0 ], [ 392663.670319509226829, 309930.325773128366563, 0.0 ], [ 392676.625405087484978, 309915.18341379519552, 0.0 ], [ 392701.875127579376567, 309915.724466322048102, 0.0 ], [ 392727.124851579719689, 309916.265589835355058, 0.0 ], [ 392740.080067808157764, 309901.123316778917797, 0.0 ], [ 392753.035326694720425, 309885.981060857477132, 0.0 ], [ 392778.285140369087458, 309886.522324503283016, 0.0 ], [ 392791.240485916438047, 309871.380120289162733, 0.0 ], [ 392804.195874030992854, 309856.237933218479156, 0.0 ], [ 392829.445777382235974, 309856.779336995386984, 0.0 ], [ 392841.740205951151438, 309872.462929681933019, 0.0 ], [ 392854.034590340452269, 309888.146541349531617, 0.0 ], [ 392866.990068137762137, 309873.004440853721462, 0.0 ], [ 392879.945588508970104, 309857.862357502162922, 0.0 ], [ 392905.195496377476957, 309858.403974234184716, 0.0 ], [ 392917.489797218469903, 309874.087676158873364, 0.0 ], [ 392929.784053967450745, 309889.771397068805527, 0.0 ], [ 392955.033878190326504, 309890.31315761199221, 0.0 ], [ 392967.328048184979707, 309905.99693390581524, 0.0 ], [ 392979.622174177551642, 309921.680729174986482, 0.0 ], [ 393004.871914754854515, 309922.222633532830514, 0.0 ], [ 393030.121656845207326, 309922.764608876488637, 0.0 ], [ 393055.371400439413264, 309923.306655205145944, 0.0 ], [ 393068.327189857023768, 309908.164831595961004, 0.0 ], [ 393081.283021758194081, 309893.023025116126519, 0.0 ], [ 393106.532855032244697, 309893.565211576584261, 0.0 ], [ 393118.826769655453973, 309909.249206355132628, 0.0 ], [ 393131.120640190085396, 309924.933220108388923, 0.0 ], [ 393156.370389820775017, 309925.47555038286373, 0.0 ], [ 393181.620140963234007, 309926.017951643734705, 0.0 ], [ 393206.869893522933125, 309926.560423887567595, 0.0 ], [ 393232.119647685089149, 309927.102967120648827, 0.0 ], [ 393257.369403357442934, 309927.645581340941135, 0.0 ], [ 393282.619160540227313, 309928.18826654762961, 0.0 ], [ 393307.868919141008519, 309928.7310227365233, 0.0 ], [ 393333.118679345003329, 309929.273849916120525, 0.0 ], [ 393358.368441057624295, 309929.816748081473634, 0.0 ], [ 393371.324759512324817, 309914.675339329580311, 0.0 ], [ 393384.281120535335504, 309899.533947706921026, 0.0 ], [ 393409.530971933156252, 309900.076986000523902, 0.0 ], [ 393422.487419525510632, 309884.935646078141872, 0.0 ], [ 393435.443909775814973, 309869.794323297799565, 0.0 ], [ 393460.693850861396641, 309870.337501718255226, 0.0 ], [ 393485.943793459096923, 309870.880751125165261, 0.0 ], [ 393511.193737566587515, 309871.424071518471465, 0.0 ], [ 393524.150402648025192, 309856.282869568152819, 0.0 ], [ 393537.107110211043619, 309841.141684742819052, 0.0 ], [ 393562.357144005363807, 309841.685145263036247, 0.0 ], [ 393575.313938315259293, 309826.544012138678227, 0.0 ], [ 393588.270775191835128, 309811.402896145009436, 0.0 ], [ 393613.520898673334159, 309811.946496789925732, 0.0 ], [ 393626.477822208311409, 309796.805432494380511, 0.0 ], [ 393639.43478830967797, 309781.664385325333569, 0.0 ], [ 393652.391796889365651, 309766.523355284880381, 0.0 ], [ 393665.348848127643578, 309751.382342375814915, 0.0 ], [ 393690.599149475223385, 309751.926152281637769, 0.0 ], [ 393715.849452332127839, 309752.470033173856791, 0.0 ], [ 393741.099756705458276, 309753.013985051074997, 0.0 ], [ 393766.350062500685453, 309753.558007911953609, 0.0 ], [ 393791.600369903084356, 309754.102101760741789, 0.0 ], [ 393816.85067881795112, 309754.64626659732312, 0.0 ], [ 393842.100989250000566, 309755.190502417564858, 0.0 ], [ 393867.351301197311841, 309755.734809224260971, 0.0 ], [ 393892.60161456966307, 309756.279187014559284, 0.0 ], [ 393905.559105159598403, 309741.138502359506674, 0.0 ], [ 393918.51663832180202, 309725.997834816109389, 0.0 ], [ 393943.767041475744918, 309726.542352731106803, 0.0 ], [ 393956.059824805473909, 309742.227540037711151, 0.0 ], [ 393968.352564047207125, 309757.912746308371425, 0.0 ], [ 393993.602883480722085, 309758.457408043730538, 0.0 ], [ 394018.853204523096792, 309759.002140766999219, 0.0 ], [ 394044.103527079802006, 309759.54694447532529, 0.0 ], [ 394069.353851155610755, 309760.091819170746021, 0.0 ], [ 394094.604176750581246, 309760.636764851922635, 0.0 ], [ 394119.854503767797723, 309761.181781517458148, 0.0 ], [ 394145.104832392535172, 309761.726869172242004, 0.0 ], [ 394170.355162537307478, 309762.272027812781744, 0.0 ], [ 394182.647517110453919, 309777.957544425677042, 0.0 ], [ 394194.939827584661543, 309793.643080018111505, 0.0 ], [ 394220.190074013546109, 309794.188382481865119, 0.0 ], [ 394245.440322048438247, 309794.733755935623776, 0.0 ], [ 394270.690571603947319, 309795.279200375080109, 0.0 ], [ 394295.940822677919641, 309795.8247158031445, 0.0 ], [ 394321.191075270529836, 309796.370302216208074, 0.0 ], [ 394333.483128703956027, 309812.056038888695184, 0.0 ], [ 394345.775138132157736, 309827.741794539440889, 0.0 ], [ 394371.025307100731879, 309828.287524781364482, 0.0 ], [ 394396.275477586139459, 309828.833326011197641, 0.0 ], [ 394421.525649593269918, 309829.379198226728477, 0.0 ], [ 394446.775823027361184, 309829.925141428771894, 0.0 ], [ 394459.734201502753422, 309814.785217862634454, 0.0 ], [ 394472.692622542032041, 309799.645311419386417, 0.0 ], [ 394497.942885768483393, 309800.191394741181284, 0.0 ], [ 394523.193150519859046, 309800.737549051526003, 0.0 ], [ 394536.151702307281084, 309785.597728864522651, 0.0 ], [ 394549.11029666045215, 309770.457925802620593, 0.0 ], [ 394574.360651022172533, 309771.00422022776911, 0.0 ], [ 394599.611006992752664, 309771.550585642224178, 0.0 ], [ 394612.569732095813379, 309756.410868845065124, 0.0 ], [ 394625.528499762061983, 309741.271169159503188, 0.0 ], [ 394650.778945436235517, 309741.817674690915737, 0.0 ], [ 394676.029392544121947, 309742.364251207269263, 0.0 ], [ 394701.279841261683032, 309742.910898711590562, 0.0 ], [ 394714.238783769193105, 309727.771319844701793, 0.0 ], [ 394727.197768841288052, 309712.631758101459127, 0.0 ], [ 394752.448307263664901, 309713.178545721923001, 0.0 ], [ 394777.698847210849635, 309713.72540432884125, 0.0 ], [ 394802.949388587963767, 309714.272333921515383, 0.0 ], [ 394828.199931580398697, 309714.819334502797574, 0.0 ], [ 394853.450476093450561, 309715.366406071232632, 0.0 ], [ 394878.701022131950594, 309715.913548626063857, 0.0 ], [ 394903.951569601253141, 309716.460762165952474, 0.0 ], [ 394929.202118686574977, 309717.008046695846133, 0.0 ], [ 394954.452669295715168, 309717.555402210797183, 0.0 ], [ 394979.703221428673714, 309718.102828714996576, 0.0 ], [ 394992.662689980410505, 309702.963629730104003, 0.0 ], [ 395005.622201100224629, 309687.824447868100833, 0.0 ], [ 395030.87284285237547, 309688.372014482156374, 0.0 ], [ 395056.123486216994934, 309688.919652086216956, 0.0 ], [ 395081.374131108692382, 309689.467360676033422, 0.0 ], [ 395106.624777523044031, 309690.015140254341532, 0.0 ], [ 395131.875425374601036, 309690.562990817066748, 0.0 ], [ 395157.12607484171167, 309691.110912369738799, 0.0 ], [ 395182.376725834445097, 309691.658904908865225, 0.0 ], [ 395207.627378350589424, 309692.206968434446026, 0.0 ], [ 395232.878032394917682, 309692.755102947878186, 0.0 ], [ 395245.837982820114121, 309677.616249266255181, 0.0 ], [ 395258.797975902445614, 309662.477412709733471, 0.0 ], [ 395271.758011547033675, 309647.338593271153513, 0.0 ], [ 395284.71808975120075, 309632.199790964077692, 0.0 ], [ 395297.67821051744977, 309617.06100576359313, 0.0 ], [ 395310.63837384537328, 309601.922237685357686, 0.0 ], [ 395335.889293978689238, 309602.470650557603221, 0.0 ], [ 395361.140215541818179, 309603.019134411995765, 0.0 ], [ 395386.391138729406521, 309603.567689256393351, 0.0 ], [ 395411.642063439940102, 309604.116315087943804, 0.0 ], [ 395424.602445702650584, 309588.977702375210356, 0.0 ], [ 395437.562870528781787, 309573.839106779021677, 0.0 ], [ 395462.813884954084642, 309574.387872720428277, 0.0 ], [ 395488.064900817291345, 309574.936709644738585, 0.0 ], [ 395501.025456391391344, 309559.798200288554654, 0.0 ], [ 395513.986054523556959, 309544.659708053863142, 0.0 ], [ 395539.237160192627925, 309545.208685087331105, 0.0 ], [ 395564.488267395121511, 309545.757733107951935, 0.0 ], [ 395577.448996274964884, 309530.619327109656297, 0.0 ], [ 395590.409767624689266, 309515.480938229418825, 0.0 ], [ 395603.370581624039914, 309500.342566479113884, 0.0 ], [ 395616.331438185705338, 309485.204211836215109, 0.0 ], [ 395641.582723287283443, 309485.75346908159554, 0.0 ], [ 395654.543666499550454, 309470.615166116273031, 0.0 ], [ 395667.504652273375541, 309455.476880268892273, 0.0 ], [ 395692.756027091760188, 309456.026277619879693, 0.0 ], [ 395705.717099427827634, 309440.888043445826042, 0.0 ], [ 395718.678214410610963, 309425.74982639256632, 0.0 ], [ 395743.929678946151398, 309426.299363847007044, 0.0 ], [ 395756.890880583319813, 309411.161198469926603, 0.0 ], [ 395769.852124778670259, 309396.02305021014763, 0.0 ], [ 395795.103679031832144, 309396.572727768041659, 0.0 ], [ 395808.065009876503609, 309381.434631180833094, 0.0 ], [ 395821.026383190939669, 309366.296551721519791, 0.0 ], [ 395846.278027162130456, 309366.846369382168632, 0.0 ], [ 395859.239487215701956, 309351.708341589081101, 0.0 ], [ 395872.200989829143509, 309336.570330911839847, 0.0 ], [ 395897.452723518596031, 309337.120288673904724, 0.0 ], [ 395910.41431278269738, 309321.982329668535385, 0.0 ], [ 395923.375944601371884, 309306.844387782621197, 0.0 ], [ 395936.337618888937868, 309291.706463009002618, 0.0 ], [ 395937.009141154121608, 309260.880534263560548, 0.0 ], [ 395949.970899103675038, 309245.742626282910351, 0.0 ], [ 395975.222897354629822, 309246.292791388230398, 0.0 ], [ 395988.184741957578808, 309231.15493509080261, 0.0 ], [ 396001.146629114518873, 309216.017095897172112, 0.0 ], [ 396026.398717083968222, 309216.567401101754513, 0.0 ], [ 396051.650806493940763, 309217.117777289880905, 0.0 ], [ 396064.612824392388575, 309201.980024325603154, 0.0 ], [ 396077.574884848552756, 309186.84228847437771, 0.0 ], [ 396102.827064068056643, 309187.392804760369472, 0.0 ], [ 396128.079244823660702, 309187.94339203205891, 0.0 ], [ 396141.041436021099798, 309172.805742410128005, 0.0 ], [ 396154.003669768804684, 309157.668109902006108, 0.0 ], [ 396179.255940154311247, 309158.21883726795204, 0.0 ], [ 396192.218260552093852, 309143.081256429548375, 0.0 ], [ 396205.180623504391406, 309127.943692705594003, 0.0 ], [ 396230.432983702979982, 309128.494560168706812, 0.0 ], [ 396255.685345431789756, 309129.04549861542182, 0.0 ], [ 396280.937708607525565, 309129.596508045739029, 0.0 ], [ 396293.900246391189285, 309114.459065100760199, 0.0 ], [ 396306.862826733151451, 309099.321639280882664, 0.0 ], [ 396332.115279720979743, 309099.87278880761005, 0.0 ], [ 396357.367734241997823, 309100.424009317241143, 0.0 ], [ 396382.620190301269758, 309100.975300811871421, 0.0 ], [ 396395.582945384609047, 309085.83799575822195, 0.0 ], [ 396408.545743111521006, 309070.700707818323281, 0.0 ], [ 396433.798288896214217, 309071.252139405871276, 0.0 ], [ 396459.050836212583818, 309071.803641977719963, 0.0 ], [ 396484.303385067905765, 309072.355215533170849, 0.0 ], [ 396497.266357626300305, 309057.218048367998563, 0.0 ], [ 396497.939749271783512, 309026.392088159627747, 0.0 ], [ 396510.902805308578536, 309011.25493777677184, 0.0 ], [ 396523.865903985511977, 308996.117804508423433, 0.0 ], [ 396536.829045216785744, 308980.980688350973651, 0.0 ], [ 396549.792228997161146, 308965.843589319265448, 0.0 ], [ 396550.465780057362281, 308935.01762900891481, 0.0 ], [ 396551.139326488832012, 308904.191669918654952, 0.0 ], [ 396538.849561481329147, 308888.502812077873386, 0.0 ], [ 396526.559752375236712, 308872.813973226584494, 0.0 ], [ 396527.233202902250923, 308841.988018459349405, 0.0 ], [ 396540.196549182408489, 308826.850900655554142, 0.0 ], [ 396553.159938010561746, 308811.713799961900804, 0.0 ], [ 396566.123369388980791, 308796.576716382696759, 0.0 ], [ 396579.086843319644686, 308781.439649912994355, 0.0 ], [ 396592.050359797896817, 308766.30260055558756, 0.0 ], [ 396617.303782820235938, 308766.854510259116068, 0.0 ], [ 396630.26738584949635, 308751.717512561590411, 0.0 ], [ 396643.231031518313102, 308736.580531977815554, 0.0 ], [ 396668.484544262173586, 308737.132581768499222, 0.0 ], [ 396681.448276571813039, 308721.995652846700978, 0.0 ], [ 396694.41205143276602, 308706.858741035743151, 0.0 ], [ 396719.665653896401636, 308707.410930910846218, 0.0 ], [ 396732.629515397420619, 308692.274070773215499, 0.0 ], [ 396745.593419354583602, 308677.137227733037435, 0.0 ], [ 396770.847111540555488, 308677.689557692501694, 0.0 ], [ 396796.100805268390104, 308678.24195863341447, 0.0 ], [ 396821.354500533721875, 308678.794430554436985, 0.0 ], [ 396846.608197343710344, 308679.346973458305001, 0.0 ], [ 396871.861895598820411, 308679.899587342282757, 0.0 ], [ 396884.826062653562985, 308664.762934167752974, 0.0 ], [ 396897.790272258222103, 308649.626298102608416, 0.0 ], [ 396910.754524405871052, 308634.4896791477222, 0.0 ], [ 396923.718819105648436, 308619.353077300882433, 0.0 ], [ 396936.683156350220088, 308604.216492566338275, 0.0 ], [ 396949.647536144126207, 308589.079924937104806, 0.0 ], [ 396974.901500491425395, 308589.632817103352863, 0.0 ], [ 396987.865966923942324, 308574.496301134640817, 0.0 ], [ 397000.830475898110308, 308559.359802285325713, 0.0 ], [ 397013.795027423591819, 308544.22332053486025, 0.0 ], [ 397026.759621493110899, 308529.08685589034576, 0.0 ], [ 397039.724258110974915, 308513.950408356031403, 0.0 ], [ 397040.399385901691858, 308483.1244305956061, 0.0 ], [ 397053.364106065477245, 308467.987999837263487, 0.0 ], [ 397066.328868769982364, 308452.851586185512133, 0.0 ], [ 397079.293674024345819, 308437.715189641923644, 0.0 ], [ 397092.258521731011569, 308422.578810214821715, 0.0 ], [ 397092.933808878879063, 308391.752832340367604, 0.0 ], [ 397093.609091385267675, 308360.926855682453606, 0.0 ], [ 397106.57406372402329, 308345.790492688654922, 0.0 ], [ 397119.53907860693289, 308330.654146802145988, 0.0 ], [ 397120.214438467519358, 308299.828170693770517, 0.0 ], [ 397133.179536893847398, 308284.691841592430137, 0.0 ], [ 397146.144677861593664, 308269.555529587203637, 0.0 ], [ 397146.820115073933266, 308238.729554028250277, 0.0 ], [ 397159.785339581372682, 308223.593258797540329, 0.0 ], [ 397172.750606633897405, 308208.456980672781356, 0.0 ], [ 397173.426121195720043, 308177.631005664065015, 0.0 ], [ 397161.136282070132438, 308161.941310662252363, 0.0 ], [ 397148.84639885451179, 308146.251634664891753, 0.0 ], [ 397136.5564715473447, 308130.561977645033039, 0.0 ], [ 397124.266500146244653, 308114.87233961536549, 0.0 ], [ 397124.941827511880547, 308084.046372023469303, 0.0 ], [ 397112.651766384136863, 308068.356754534819629, 0.0 ], [ 397100.361661165603437, 308052.667156035779044, 0.0 ], [ 397088.071511946443934, 308036.9775765290251, 0.0 ], [ 397075.781318544351961, 308021.288016010425054, 0.0 ], [ 397063.491081056417897, 308005.598474492668174, 0.0 ], [ 397051.200799474027008, 307989.908951953810174, 0.0 ], [ 397064.166175597172696, 307974.772515866206959, 0.0 ], [ 397077.131594256381504, 307959.636096887348685, 0.0 ], [ 397077.80672515090555, 307928.810139142500702, 0.0 ], [ 397078.48185140429996, 307897.9841826169868, 0.0 ], [ 397066.191431374638341, 307882.294647288159467, 0.0 ], [ 397053.900967251160182, 307866.605130959535018, 0.0 ], [ 397041.610459039453417, 307850.915633609751239, 0.0 ], [ 397029.319906741613522, 307835.226155249518342, 0.0 ], [ 397017.029310353216715, 307819.53669588023331, 0.0 ], [ 397004.738669881597161, 307803.847255496948492, 0.0 ], [ 396992.44798531755805, 307788.157834105368238, 0.0 ], [ 396967.191768473130651, 307787.604990869120229, 0.0 ], [ 396941.935553078423254, 307787.052218605938833, 0.0 ], [ 396929.644739342620596, 307771.362889059702866, 0.0 ], [ 396930.319322632974945, 307740.536949914880097, 0.0 ], [ 396930.993901285575703, 307709.711011995852459, 0.0 ], [ 396943.959425931621809, 307694.574400180194061, 0.0 ], [ 396956.92499311408028, 307679.437805471825413, 0.0 ], [ 396969.890602837083861, 307664.301227868767455, 0.0 ], [ 396982.856255095975939, 307649.164667373755947, 0.0 ], [ 396970.565299831796438, 307633.475290158588905, 0.0 ], [ 396958.27430047938833, 307617.785931932972744, 0.0 ], [ 396945.983257043641061, 307602.096592695510481, 0.0 ], [ 396920.726523444056511, 307601.543902701174375, 0.0 ], [ 396908.435393380001187, 307585.854618891375139, 0.0 ], [ 396896.144219233305193, 307570.16535406128969, 0.0 ], [ 396870.887402185471728, 307569.612807896512095, 0.0 ], [ 396845.630586584738921, 307569.060332701890729, 0.0 ], [ 396820.373772530234419, 307568.507928480976261, 0.0 ], [ 396795.116960015031509, 307567.955595233011991, 0.0 ], [ 396769.860149043379351, 307567.403332957415842, 0.0 ], [ 396757.568718200549483, 307551.714269250456709, 0.0 ], [ 396745.277243181073572, 307536.025224531651475, 0.0 ], [ 396732.985724077676423, 307520.336198800243437, 0.0 ], [ 396720.694160895305686, 307504.647192055534106, 0.0 ], [ 396695.437181301123928, 307504.095146459701937, 0.0 ], [ 396683.145531490677968, 307488.406195129966363, 0.0 ], [ 396670.853837599395774, 307472.71726278483402, 0.0 ], [ 396657.888510899269022, 307487.854256931168493, 0.0 ], [ 396644.923226826824248, 307502.991268184850924, 0.0 ], [ 396619.666251853806898, 307502.439435504493304, 0.0 ], [ 396606.701054309378378, 307517.576498410257045, 0.0 ], [ 396593.735899300547317, 307532.713578424067236, 0.0 ], [ 396568.479014030657709, 307532.161885808221996, 0.0 ], [ 396543.222130298032425, 307531.610264165326953, 0.0 ], [ 396517.965248197375331, 307531.058713496197015, 0.0 ], [ 396492.708367543353233, 307530.507233797863591, 0.0 ], [ 396479.743431393988431, 307545.644469104998279, 0.0 ], [ 396466.77853778784629, 307560.781721523671877, 0.0 ], [ 396441.521746830549091, 307560.230381890607532, 0.0 ], [ 396428.556939841248095, 307575.36768596211914, 0.0 ], [ 396415.592175481375307, 307590.505007133877371, 0.0 ], [ 396402.627453570312355, 307605.642345423577353, 0.0 ], [ 396389.662774196476676, 307620.779700823535677, 0.0 ], [ 396376.698137366794981, 307635.917073330841959, 0.0 ], [ 396363.733543072477914, 307651.054462947591674, 0.0 ], [ 396338.477018137346022, 307650.503401572757866, 0.0 ], [ 396325.51251046336256, 307665.640842848690227, 0.0 ], [ 396312.548045334347989, 307680.778301231272053, 0.0 ], [ 396287.291610187967308, 307680.227379928750452, 0.0 ], [ 396274.327231675153598, 307695.364889970514923, 0.0 ], [ 396261.362895707832649, 307710.502417122421321, 0.0 ], [ 396236.106550166849047, 307709.951635887962766, 0.0 ], [ 396210.850206167320721, 307709.400925627211109, 0.0 ], [ 396198.558067432837561, 307693.712655538576655, 0.0 ], [ 396186.265884703490883, 307678.024404440133367, 0.0 ], [ 396161.00945715297712, 307677.473837999743409, 0.0 ], [ 396135.753031136351638, 307676.923342532361858, 0.0 ], [ 396123.460719146940392, 307661.23518326447811, 0.0 ], [ 396111.168363080010749, 307645.5470429804991, 0.0 ], [ 396085.911853512108792, 307644.996691332082264, 0.0 ], [ 396060.655345572449733, 307644.446410659467801, 0.0 ], [ 396035.398839075583965, 307643.896200956311077, 0.0 ], [ 396023.106311293668114, 307628.208188928314485, 0.0 ], [ 396010.81373942818027, 307612.520195885561407, 0.0 ], [ 395998.521123483660631, 307596.832221826014575, 0.0 ], [ 395999.192478562938049, 307566.006358259066474, 0.0 ], [ 395986.899772916804068, 307550.318404731282499, 0.0 ], [ 395974.607023194781505, 307534.63047018594807, 0.0 ], [ 395962.314229478186462, 307518.942554628767539, 0.0 ], [ 395937.057382636005059, 307518.392636305943597, 0.0 ], [ 395924.764502211124636, 307502.704776153084822, 0.0 ], [ 395912.471577701973729, 307487.016934983432293, 0.0 ], [ 395900.17860911320895, 307471.329112797626294, 0.0 ], [ 395900.849599254317582, 307440.503261587989982, 0.0 ], [ 395901.520584781828802, 307409.677411609853152, 0.0 ], [ 395889.227480884641409, 307393.989611498080194, 0.0 ], [ 395876.934332908946089, 307378.301830372365657, 0.0 ], [ 395864.641140855033882, 307362.614068229100667, 0.0 ], [ 395852.347904810972977, 307346.926325070380699, 0.0 ], [ 395840.054624601150863, 307331.238600894808769, 0.0 ], [ 395827.76130031386856, 307315.550895701744594, 0.0 ], [ 395815.467931949067861, 307299.863209491828457, 0.0 ], [ 395803.17451950465329, 307284.175542275654152, 0.0 ], [ 395790.881062983418815, 307268.487894033431076, 0.0 ], [ 395778.587562390137464, 307252.800264772260562, 0.0 ], [ 395766.294017715728842, 307237.112654495693278, 0.0 ], [ 395754.000428967294283, 307221.42506320081884, 0.0 ], [ 395754.670862517668866, 307190.599232978362124, 0.0 ], [ 395755.341291457880288, 307159.773403986589983, 0.0 ], [ 395756.011715788277797, 307128.947576202859636, 0.0 ], [ 395743.717946217453573, 307113.260008530050982, 0.0 ], [ 395731.424132486106828, 307097.572459836141206, 0.0 ], [ 395732.094460985390469, 307066.746636363386642, 0.0 ], [ 395719.800557564361952, 307051.059108197747264, 0.0 ], [ 395694.54242683283519, 307050.50992765405681, 0.0 ], [ 395682.248436801426578, 307034.822454891342204, 0.0 ], [ 395669.954402696108446, 307019.135001110378653, 0.0 ], [ 395657.660324514610693, 307003.447566323913634, 0.0 ], [ 395645.366202262230217, 306987.760150506452192, 0.0 ], [ 395620.10790300287772, 306987.211186607833952, 0.0 ], [ 395594.849605181603692, 306986.662293673725799, 0.0 ], [ 395569.59130889759399, 306986.113471706223208, 0.0 ], [ 395544.333014143863693, 306985.564720704627689, 0.0 ], [ 395532.038677667558659, 306969.877469544531778, 0.0 ], [ 395519.744297204248141, 306954.190237369039096, 0.0 ], [ 395494.485918908321764, 306953.641630170110147, 0.0 ], [ 395482.19145174435107, 306937.954453390440904, 0.0 ], [ 395469.896940510720015, 306922.267295591824222, 0.0 ], [ 395444.638478670385666, 306921.718832195620053, 0.0 ], [ 395432.343880824628286, 306906.031729796377476, 0.0 ], [ 395433.013142377603799, 306875.20593608438503, 0.0 ], [ 395420.718454855494201, 306859.51885422191117, 0.0 ], [ 395408.423723355401307, 306843.831791329896078, 0.0 ], [ 395409.092889097635634, 306813.006001928879414, 0.0 ], [ 395409.762050237972289, 306782.180213745799847, 0.0 ], [ 395397.467183372122236, 306766.49317292222986, 0.0 ], [ 395385.172272431605961, 306750.806151079654228, 0.0 ], [ 395385.841337764053605, 306719.98036721535027, 0.0 ], [ 395373.546337151434273, 306704.293365897552576, 0.0 ], [ 395361.251292471890338, 306688.606383559992537, 0.0 ], [ 395374.215352280531079, 306673.467584787809756, 0.0 ], [ 395387.179454625642393, 306658.3288031265256, 0.0 ], [ 395400.143599504663143, 306643.190038578235544, 0.0 ], [ 395413.107786912587471, 306628.051291140145622, 0.0 ], [ 395426.072016766236629, 306612.912560810858849, 0.0 ], [ 395451.331343127530999, 306613.460934549046215, 0.0 ], [ 395464.295659669267479, 306598.322255881037563, 0.0 ], [ 395464.964961798978038, 306567.49647250957787, 0.0 ], [ 395477.929361877322663, 306552.357810627436265, 0.0 ], [ 395503.188864503346849, 306552.906322551541962, 0.0 ], [ 395528.448368659592234, 306553.454905438760761, 0.0 ], [ 395553.707874258514494, 306554.003559287579264, 0.0 ], [ 395578.967381482885685, 306554.552284101664554, 0.0 ], [ 395591.932000360800885, 306539.413777514186222, 0.0 ], [ 395592.601726285531186, 306508.587987218808848, 0.0 ], [ 395593.271447604172863, 306477.762198141368572, 0.0 ], [ 395593.941164316493087, 306446.936410296068061, 0.0 ], [ 395606.905948711792007, 306431.797919840842951, 0.0 ], [ 395619.870775642921217, 306416.65944649442099, 0.0 ], [ 395620.540569741046056, 306385.833659205702133, 0.0 ], [ 395633.505480198538862, 306370.695202643750235, 0.0 ], [ 395646.470433184003923, 306355.556763189902995, 0.0 ], [ 395647.140304665546864, 306324.730976468359586, 0.0 ], [ 395647.81017153931316, 306293.905190975405276, 0.0 ], [ 395648.48003380605951, 306263.079406691191252, 0.0 ], [ 395649.149891465320252, 306232.253623627068009, 0.0 ], [ 395662.115050867316313, 306217.115199976193253, 0.0 ], [ 395675.080252888496034, 306201.976793437672313, 0.0 ], [ 395688.045497440733016, 306186.83840400504414, 0.0 ], [ 395701.010784518730361, 306171.700031695363577, 0.0 ], [ 395701.680801542359404, 306140.87424854276469, 0.0 ], [ 395689.385444894200191, 306125.186839584785048, 0.0 ], [ 395677.090044178883545, 306109.499449610710144, 0.0 ], [ 395677.759965392935555, 306078.67367077054223, 0.0 ], [ 395678.429881998803467, 306047.847893149708398, 0.0 ], [ 395679.099793996429071, 306017.022116757463664, 0.0 ], [ 395692.065284500829875, 306001.8837253669044, 0.0 ], [ 395705.030817529652268, 305986.745351085148286, 0.0 ], [ 395692.73523288150318, 305971.057949858368374, 0.0 ], [ 395680.439604167593643, 305955.370567612641025, 0.0 ], [ 395668.143931392987724, 305939.683204348664731, 0.0 ], [ 395655.848214645753615, 305923.995860066439491, 0.0 ], [ 395656.518021622207016, 305893.170090425410308, 0.0 ], [ 395669.483631934504956, 305878.031663182249758, 0.0 ], [ 395694.745050372323021, 305878.580630656855647, 0.0 ], [ 395707.710747361998074, 305863.442255065077916, 0.0 ], [ 395720.676486877200659, 305848.303896581346635, 0.0 ], [ 395733.64226891763974, 305833.165555206418503, 0.0 ], [ 395734.312321831821464, 305802.339783593954053, 0.0 ], [ 395734.982370136654936, 305771.514013198728207, 0.0 ], [ 395722.686508825572673, 305755.826586390612647, 0.0 ], [ 395710.390603453444783, 305740.139178554993123, 0.0 ], [ 395711.060555954230949, 305709.31341247149976, 0.0 ], [ 395698.764560924260877, 305693.626025160658173, 0.0 ], [ 395686.468521831324324, 305677.938656830810942, 0.0 ], [ 395687.138378530507907, 305647.112895059748553, 0.0 ], [ 395700.104360906290822, 305631.974499746225774, 0.0 ], [ 395713.070385802886449, 305616.836121550004464, 0.0 ], [ 395713.740319868084043, 305586.010360341868363, 0.0 ], [ 395714.410249324282631, 305555.184600356675219, 0.0 ], [ 395715.080174171424005, 305524.358841588720679, 0.0 ], [ 395728.046364550711587, 305509.22047950635897, 0.0 ], [ 395741.012597451801412, 305494.082134541939013, 0.0 ], [ 395741.68259966140613, 305463.256376339064445, 0.0 ], [ 395742.352597261313349, 305432.430619353428483, 0.0 ], [ 395743.022590251755901, 305401.604863588581793, 0.0 ], [ 395743.692578632500954, 305370.7791090424289, 0.0 ], [ 395731.396124577673618, 305355.091702329169493, 0.0 ], [ 395719.099626465234905, 305339.404314608313143, 0.0 ], [ 395719.769519049325027, 305308.578564373136032, 0.0 ], [ 395720.439407024241518, 305277.752815359504893, 0.0 ], [ 395708.142773669271264, 305262.065449699235614, 0.0 ], [ 395695.846096255583689, 305246.378103019320406, 0.0 ], [ 395696.515888436813839, 305215.552358318818733, 0.0 ], [ 395709.482444606954232, 305200.413958432269283, 0.0 ], [ 395722.449043294298463, 305185.275575641775504, 0.0 ], [ 395710.152273162733763, 305169.588214621122461, 0.0 ], [ 395697.855458973441273, 305153.900872582220472, 0.0 ], [ 395698.525237328954972, 305123.075131537683774, 0.0 ], [ 395699.195011075935327, 305092.249391712539364, 0.0 ], [ 395699.864780214149505, 305061.423653116624337, 0.0 ], [ 395700.534544743946753, 305030.597915730904788, 0.0 ], [ 395701.204304665094241, 304999.772179561085068, 0.0 ], [ 395714.171147710294463, 304984.633777371724136, 0.0 ], [ 395727.13803327048663, 304969.495392285578419, 0.0 ], [ 395727.807870544493198, 304938.669656681478955, 0.0 ], [ 395740.774839601828717, 304923.531288385391235, 0.0 ], [ 395766.038945054751821, 304924.08033967326628, 0.0 ], [ 395779.006000684399623, 304908.942023008014075, 0.0 ], [ 395779.67600187798962, 304878.116286090342328, 0.0 ], [ 395792.643140998494346, 304862.977986201061867, 0.0 ], [ 395805.610322549240664, 304847.839703417033888, 0.0 ], [ 395818.577546703570988, 304832.7014377368032, 0.0 ], [ 395831.544813375803642, 304817.563189161068294, 0.0 ], [ 395844.512122558546253, 304802.424957689945586, 0.0 ], [ 395869.776580437086523, 304802.974285275209695, 0.0 ], [ 395895.041039848700166, 304803.523683810897637, 0.0 ], [ 395920.305500710615888, 304804.073153294040821, 0.0 ], [ 395933.272984568611719, 304788.93504254805157, 0.0 ], [ 395933.943486721487716, 304758.109299248841126, 0.0 ], [ 395934.613984260126017, 304727.283557170478161, 0.0 ], [ 395947.581592585542239, 304712.145462858432438, 0.0 ], [ 395960.549243424844462, 304697.007385648787022, 0.0 ], [ 395961.219818300451152, 304666.181644129101187, 0.0 ], [ 395961.890388561063446, 304635.355903840099927, 0.0 ], [ 395949.593180442578159, 304619.668242953077424, 0.0 ], [ 395937.295928273000754, 304603.980601048562676, 0.0 ], [ 395950.263700499315746, 304588.842505419394001, 0.0 ], [ 395963.231515238469001, 304573.704426891985349, 0.0 ], [ 395976.199372492614202, 304558.56636546831578, 0.0 ], [ 395989.167272259132005, 304543.428321148559917, 0.0 ], [ 396002.13521453330759, 304528.290293929050677, 0.0 ], [ 396015.103199323872104, 304513.152283824689221, 0.0 ], [ 396002.805893870361615, 304497.46455630537821, 0.0 ], [ 395977.540562658105046, 304496.914892747648992, 0.0 ], [ 395965.243170643341728, 304481.227220621425658, 0.0 ], [ 395952.945734581211582, 304465.539567476895172, 0.0 ], [ 395940.648254469735548, 304449.851933311321773, 0.0 ], [ 395941.318705866346136, 304419.02620341751026, 0.0 ], [ 395941.989152648719028, 304388.200474742334336, 0.0 ], [ 395929.691537313628942, 304372.512862664298154, 0.0 ], [ 395917.393878018250689, 304356.825269558059517, 0.0 ], [ 395918.064229013223667, 304325.999545197410043, 0.0 ], [ 395905.766479995683767, 304310.311972616647836, 0.0 ], [ 395893.468686930427793, 304294.624419017636683, 0.0 ], [ 395894.138942140620202, 304263.798698972270358, 0.0 ], [ 395907.107076973479707, 304248.660530647961423, 0.0 ], [ 395920.075254315743223, 304233.522379439556971, 0.0 ], [ 395920.745586855802685, 304202.696659954322968, 0.0 ], [ 395908.447655497002415, 304187.009093566739466, 0.0 ], [ 395896.149680091824848, 304171.321546158054844, 0.0 ], [ 395896.819916849141009, 304140.49583098659059, 0.0 ], [ 395884.521851813653484, 304124.808304106176365, 0.0 ], [ 395872.223742730217054, 304109.120796204719227, 0.0 ], [ 395872.893883707118221, 304078.295085359131917, 0.0 ], [ 395860.595684995059855, 304062.607597985886969, 0.0 ], [ 395848.297442242619582, 304046.920129592996091, 0.0 ], [ 395835.999155440891627, 304031.232680176151916, 0.0 ], [ 395810.732536731520668, 304030.683541401347611, 0.0 ], [ 395798.434163382975385, 304014.996147377532907, 0.0 ], [ 395786.135745985433459, 303999.30877233191859, 0.0 ], [ 395760.86904371046694, 303998.759777318744455, 0.0 ], [ 395748.570539764594287, 303983.072457659814972, 0.0 ], [ 395736.271991775021888, 303967.385156981879845, 0.0 ], [ 395723.973399739363231, 303951.697875292855315, 0.0 ], [ 395711.674763663089834, 303936.01061257062247, 0.0 ], [ 395686.407892992254347, 303935.46183414303232, 0.0 ], [ 395661.141023764153942, 303934.913126655155793, 0.0 ], [ 395635.874156077974476, 303934.364490109786857, 0.0 ], [ 395610.607289926847443, 303933.815924507682212, 0.0 ], [ 395598.308439784101211, 303918.128826399683021, 0.0 ], [ 395611.276496756181587, 303902.990240056475159, 0.0 ], [ 395636.543449457443785, 303903.538803783478215, 0.0 ], [ 395661.810403693700209, 303904.087438452988863, 0.0 ], [ 395674.778591264854185, 303888.948938279645517, 0.0 ], [ 395687.746821343258489, 303873.810455207247287, 0.0 ], [ 395700.715093926293775, 303858.671989238006063, 0.0 ], [ 395713.683408925891854, 303843.53354036755627, 0.0 ], [ 395726.651766522380058, 303828.395108602417167, 0.0 ], [ 395739.62016662734095, 303813.256693950970657, 0.0 ], [ 395752.588609236467164, 303798.118296389933676, 0.0 ], [ 395753.258271347556729, 303767.292607107199728, 0.0 ], [ 395766.226797431474552, 303752.154226319282316, 0.0 ], [ 395779.195366021071095, 303737.015862632310018, 0.0 ], [ 395792.163977118441835, 303721.877516046341043, 0.0 ], [ 395805.132630720851012, 303706.739186562073883, 0.0 ], [ 395818.101326823816635, 303691.600874180207029, 0.0 ], [ 395831.070065345731564, 303676.462578907841817, 0.0 ], [ 395844.038846460636705, 303661.324300726526417, 0.0 ], [ 395857.00767008215189, 303646.186039647669531, 0.0 ], [ 395869.976536203466821, 303631.047795669757761, 0.0 ], [ 395882.945444833603688, 303615.909568792150822, 0.0 ], [ 395883.615512006101198, 303585.083877434604801, 0.0 ], [ 395884.285574565525167, 303554.258187307161279, 0.0 ], [ 395897.254607630311511, 303539.119976870540995, 0.0 ], [ 395910.223683196003549, 303523.981783534924034, 0.0 ], [ 395923.192801264638547, 303508.843607298855204, 0.0 ], [ 395948.460897439566907, 303509.392997913528234, 0.0 ], [ 395961.430102052516304, 303494.254873308294918, 0.0 ], [ 395974.399349167884793, 303479.116765803366434, 0.0 ], [ 395999.667535056069028, 303479.666296420968138, 0.0 ], [ 396012.636868717498146, 303464.528240545419976, 0.0 ], [ 396025.60624487651512, 303449.390201768779662, 0.0 ], [ 396050.874520388082601, 303449.939872385759372, 0.0 ], [ 396076.142797348380554, 303450.489613941696007, 0.0 ], [ 396101.411075942451134, 303451.03942643670598, 0.0 ], [ 396113.709803750680294, 303466.727210529439617, 0.0 ], [ 396126.008487516432069, 303482.415013603167608, 0.0 ], [ 396151.276682651834562, 303482.964969859051052, 0.0 ], [ 396176.544879236374982, 303483.514997052552644, 0.0 ], [ 396201.813077455502935, 303484.065095187805127, 0.0 ], [ 396214.11158967774827, 303499.753026471589692, 0.0 ], [ 396226.410057863569818, 303515.440976737067103, 0.0 ], [ 396238.708482008136343, 303531.128945981443394, 0.0 ], [ 396251.006862108944915, 303546.816934206872247, 0.0 ], [ 396276.274891866836697, 303547.367248925671447, 0.0 ], [ 396288.57318533747457, 303563.055292541277595, 0.0 ], [ 396300.871434854343534, 303578.743355128041003, 0.0 ], [ 396326.139381153858267, 303579.293813610565849, 0.0 ], [ 396338.437544129788876, 303594.981931600952521, 0.0 ], [ 396350.7356630632421, 303610.670068571693264, 0.0 ], [ 396363.033737949270289, 303626.358224524941761, 0.0 ], [ 396375.331768797012046, 303642.046399457729422, 0.0 ], [ 396387.62975559924962, 303657.734593372268137, 0.0 ], [ 396399.927698270184919, 303673.42280626646243, 0.0 ], [ 396425.195391106535681, 303673.973554162133951, 0.0 ], [ 396450.463085488998331, 303674.52437300037127, 0.0 ], [ 396475.730781413149089, 303675.075262780417688, 0.0 ], [ 396500.998478883702774, 303675.626223502273206, 0.0 ], [ 396513.296207503299229, 303691.314601029036567, 0.0 ], [ 396525.593892169068567, 303707.00299752765568, 0.0 ], [ 396537.891532792476937, 303722.691413019318134, 0.0 ], [ 396550.189129371137824, 303738.379847494186834, 0.0 ], [ 396562.486681900219992, 303754.068300950049888, 0.0 ], [ 396561.81425487017259, 303784.894049194699619, 0.0 ], [ 396574.111717769876122, 303800.582523183780722, 0.0 ], [ 396586.409136621630751, 303816.271016155311372, 0.0 ], [ 396598.706511429685634, 303831.95952810999006, 0.0 ], [ 396611.003842187346891, 303847.648059035127517, 0.0 ], [ 396623.301128812716343, 303863.336608952609822, 0.0 ], [ 396635.598371479543857, 303879.025177855393849, 0.0 ], [ 396647.895570101973135, 303894.713765738473739, 0.0 ], [ 396673.162672541686334, 303895.265236251754686, 0.0 ], [ 396698.429776529199444, 303895.816777709056623, 0.0 ], [ 396723.696882062358782, 303896.368390110321343, 0.0 ], [ 396736.666960439470131, 303881.23133991099894, 0.0 ], [ 396737.340007209451869, 303850.405574816744775, 0.0 ], [ 396750.310169139003847, 303835.268541392637417, 0.0 ], [ 396775.577450865413994, 303835.820291908981744, 0.0 ], [ 396788.547699346556328, 303820.683310099411756, 0.0 ], [ 396801.51799033296993, 303805.546345385198947, 0.0 ], [ 396814.488323817611672, 303790.409397768438794, 0.0 ], [ 396802.191241893451661, 303774.720578619802836, 0.0 ], [ 396789.894115918199532, 303759.031778452859726, 0.0 ], [ 396777.596945898956619, 303743.342997268424369, 0.0 ], [ 396765.299731831357349, 303727.654235068592243, 0.0 ], [ 396765.97284198354464, 303696.828474185487721, 0.0 ], [ 396778.9432527514291, 303681.691473603073973, 0.0 ], [ 396791.913706018589437, 303666.554490118112881, 0.0 ], [ 396804.884201789624058, 303651.417523730604444, 0.0 ], [ 396817.854740057373419, 303636.280574437696487, 0.0 ], [ 396818.528009400703013, 303605.454813419375569, 0.0 ], [ 396831.498631129739806, 303590.317880888294894, 0.0 ], [ 396844.469295359100215, 303575.180965463863686, 0.0 ], [ 396845.142641977523454, 303544.35520499071572, 0.0 ], [ 396845.815983960404992, 303513.529445735621266, 0.0 ], [ 396846.489321307744831, 303482.703687697008718, 0.0 ], [ 396847.162654019426554, 303451.877930874936283, 0.0 ], [ 396860.133524473349098, 303436.741031191195361, 0.0 ], [ 396873.104437516478356, 303421.604148614802398, 0.0 ], [ 396873.777847498946358, 303390.77839233801933, 0.0 ], [ 396886.748843994108029, 303375.641526510706171, 0.0 ], [ 396912.017431642161682, 303376.193603425752372, 0.0 ], [ 396937.286020835977979, 303376.745751280570403, 0.0 ], [ 396962.554611582600046, 303377.297970075800549, 0.0 ], [ 396987.823203782900237, 303377.850259808590636, 0.0 ], [ 397000.120580901973881, 303393.539313683344517, 0.0 ], [ 397012.417913979792502, 303409.228386539849453, 0.0 ], [ 397037.686422825674526, 303409.780820045561995, 0.0 ], [ 397062.954933222848922, 303410.333324490289669, 0.0 ], [ 397075.252137261151802, 303426.022489162452985, 0.0 ], [ 397087.549297165125608, 303441.71167280577356, 0.0 ], [ 397112.817724115739111, 303442.264321022026706, 0.0 ], [ 397138.086152618168853, 303442.81704017939046, 0.0 ], [ 397163.354582672589459, 303443.369830277923029, 0.0 ], [ 397188.623014272307046, 303443.922691316867713, 0.0 ], [ 397213.891447331814561, 303444.475623294769321, 0.0 ], [ 397239.159882034233306, 303445.028626216691919, 0.0 ], [ 397252.131455766037107, 303429.892261522705667, 0.0 ], [ 397265.103071996127255, 303414.755913911969401, 0.0 ], [ 397278.074730726075359, 303399.619583393738139, 0.0 ], [ 397291.046431951224804, 303384.483269968710374, 0.0 ], [ 397304.018175675999373, 303369.346973635430913, 0.0 ], [ 397316.989961803075857, 303354.210694396111649, 0.0 ], [ 397342.258662336214911, 303354.76397540414473, 0.0 ], [ 397367.527364418492652, 303355.317327352589928, 0.0 ], [ 397380.499281230440829, 303340.181134253391065, 0.0 ], [ 397393.471240538987331, 303325.04495824809419, 0.0 ], [ 397406.443242341629229, 303309.908799335244112, 0.0 ], [ 397419.415286640287377, 303294.772657524095848, 0.0 ], [ 397444.684166372637264, 303295.326218505448196, 0.0 ], [ 397457.656297214038204, 303280.190128299640492, 0.0 ], [ 397470.628470551222563, 303265.054055186337791, 0.0 ], [ 397483.60068638419034, 303249.91799916193122, 0.0 ], [ 397496.57294471480418, 303234.781960232940037, 0.0 ], [ 397521.842002272955142, 303235.335730248538312, 0.0 ], [ 397534.814347145031206, 303220.199742932571098, 0.0 ], [ 397547.786734419642016, 303205.063772705616429, 0.0 ], [ 397573.055881623353343, 303205.617682704993058, 0.0 ], [ 397598.325030385167338, 303206.17166364484001, 0.0 ], [ 397623.594180696061812, 303206.725715524400584, 0.0 ], [ 397648.863332563079894, 303207.279838342918083, 0.0 ], [ 397674.132485891517717, 303207.834032099053729, 0.0 ], [ 397699.401640866766684, 303208.388296797696967, 0.0 ], [ 397724.670797394181136, 303208.942632435413543, 0.0 ], [ 397749.939955478475895, 303209.497039012785535, 0.0 ], [ 397762.912737713486422, 303194.361362054711208, 0.0 ], [ 397763.589139437593985, 303163.53554927802179, 0.0 ], [ 397764.265536504681222, 303132.709737704484724, 0.0 ], [ 397764.941928914631717, 303101.883927346789278, 0.0 ], [ 397765.618316667503677, 303071.05811820278177, 0.0 ], [ 397778.591305062698666, 303055.922456967644393, 0.0 ], [ 397791.564336045470554, 303040.786812824313529, 0.0 ], [ 397804.537409518379718, 303025.651185781985987, 0.0 ], [ 397829.807091494556516, 303026.205793794826604, 0.0 ], [ 397855.076775026565883, 303026.760472746740561, 0.0 ], [ 397880.34646011213772, 303027.315222636214457, 0.0 ], [ 397905.61614666582318, 303027.87004346185131, 0.0 ], [ 397930.885834863875061, 303028.424935230053961, 0.0 ], [ 397956.155524620669894, 303028.979897935118061, 0.0 ], [ 397981.425215931958519, 303029.534931580594275, 0.0 ], [ 398006.694908712117467, 303030.09003616089467, 0.0 ], [ 398031.964603139669634, 303030.645211683644447, 0.0 ], [ 398057.234299124567769, 303031.200458144769073, 0.0 ], [ 398082.503996664658189, 303031.755775544152129, 0.0 ], [ 398107.773695764713921, 303032.311163883307017, 0.0 ], [ 398120.069750249153003, 303048.001801442645956, 0.0 ], [ 398132.365760783082806, 303063.692458004341461, 0.0 ], [ 398157.6353764620726, 303064.247990121308248, 0.0 ], [ 398182.904993697186001, 303064.803593178046867, 0.0 ], [ 398208.174612493021414, 303065.359267175197601, 0.0 ], [ 398233.444232754874974, 303065.915012108511291, 0.0 ], [ 398258.713854670408182, 303066.470827983634081, 0.0 ], [ 398271.68772254238138, 303051.335839715262409, 0.0 ], [ 398259.391922902665101, 303035.644983633537777, 0.0 ], [ 398247.096079212613404, 303019.954146528674755, 0.0 ], [ 398247.774097173765767, 302989.128304937388748, 0.0 ], [ 398248.452110466198064, 302958.302464560547378, 0.0 ], [ 398261.426099586999044, 302943.167457828007173, 0.0 ], [ 398274.400131193222478, 302928.032468183024321, 0.0 ], [ 398287.374205294065177, 302912.897495624201838, 0.0 ], [ 398300.348321882076561, 302897.762540164228994, 0.0 ], [ 398313.322480962262489, 302882.62760177970631, 0.0 ], [ 398326.296682529500686, 302867.492680481343996, 0.0 ], [ 398339.270926585944835, 302852.357776269782335, 0.0 ], [ 398352.24521304119844, 302837.222889143624343, 0.0 ], [ 398352.923549121886026, 302806.397047224512789, 0.0 ], [ 398365.897919089358766, 302791.262176840333268, 0.0 ], [ 398378.872331542894244, 302776.127323542314116, 0.0 ], [ 398391.846786484355107, 302760.992487342387903, 0.0 ], [ 398404.821283916477114, 302745.857668215874583, 0.0 ], [ 398417.795823834079783, 302730.722866176860407, 0.0 ], [ 398430.770406239316799, 302715.588081221154425, 0.0 ], [ 398443.745031134341843, 302700.453313353005797, 0.0 ], [ 398456.719698514440097, 302685.318562568805646, 0.0 ], [ 398469.694408293638844, 302670.183828870067373, 0.0 ], [ 398482.669160645338707, 302655.049112256732769, 0.0 ], [ 398495.643955488456413, 302639.914412728743628, 0.0 ], [ 398508.618792815599591, 302624.779730296868365, 0.0 ], [ 398509.297615371993743, 302593.953885448223446, 0.0 ], [ 398522.272536115022376, 302578.819219743425492, 0.0 ], [ 398535.247499339398928, 302563.684571124031208, 0.0 ], [ 398548.222505054145586, 302548.549939590040594, 0.0 ], [ 398561.197553254431114, 302533.415325140056666, 0.0 ], [ 398561.876534841139801, 302502.589480117952917, 0.0 ], [ 398562.555511751736049, 302471.763636322342791, 0.0 ], [ 398575.530684285797179, 302456.629038263752591, 0.0 ], [ 398588.50589921430219, 302441.494457287073601, 0.0 ], [ 398576.209697445679922, 302425.803195322863758, 0.0 ], [ 398563.913451545522548, 302410.111952345294412, 0.0 ], [ 398551.617161602014676, 302394.420728356519248, 0.0 ], [ 398539.320827617775649, 302378.729523358051665, 0.0 ], [ 398539.999699300155044, 302347.903686319943517, 0.0 ], [ 398527.703275680250954, 302332.212501870235428, 0.0 ], [ 398515.406808015657589, 302316.521336410776712, 0.0 ], [ 398516.085583824431524, 302285.695503691502381, 0.0 ], [ 398516.76435495831538, 302254.869672185217496, 0.0 ], [ 398504.467752058757469, 302239.178528834541794, 0.0 ], [ 398492.171105118002743, 302223.487404471961781, 0.0 ], [ 398492.849780380725861, 302192.661577308550477, 0.0 ], [ 398493.5284509693156, 302161.835751348233316, 0.0 ], [ 398506.503900617244653, 302146.701046284928452, 0.0 ], [ 398519.479392744833604, 302131.566358304931782, 0.0 ], [ 398507.18260745430598, 302115.875221189926378, 0.0 ], [ 398494.885778123629279, 302100.184103064413648, 0.0 ], [ 398482.588904760021251, 302084.49300392990699, 0.0 ], [ 398470.291987444390543, 302068.801923794846516, 0.0 ], [ 398457.995026003918611, 302053.110862637229729, 0.0 ], [ 398432.722537750611082, 302052.554613026499283, 0.0 ], [ 398407.450051059073303, 302051.998434346285649, 0.0 ], [ 398395.152960625535343, 302036.307465012127068, 0.0 ], [ 398395.83126177219674, 302005.481652739690617, 0.0 ], [ 398383.534081707475707, 301989.790703954349738, 0.0 ], [ 398371.236857604584657, 301974.099774156406056, 0.0 ], [ 398358.939589558460284, 301958.408863350166939, 0.0 ], [ 398346.642277386272326, 301942.717971541918814, 0.0 ], [ 398334.344921179057565, 301927.027098710474093, 0.0 ], [ 398322.047520934371278, 301911.336244865669869, 0.0 ], [ 398322.725543847889639, 301880.510443158331327, 0.0 ], [ 398323.403562091174535, 301849.684642664680723, 0.0 ], [ 398324.081575664167758, 301818.858843384019565, 0.0 ], [ 398311.78399461042136, 301803.1680132051697, 0.0 ], [ 398299.486369520367589, 301787.477202023670543, 0.0 ], [ 398300.164287240128033, 301756.651407075230964, 0.0 ], [ 398287.866572530358098, 301740.960616430500522, 0.0 ], [ 398275.568813783000223, 301725.269844773167279, 0.0 ], [ 398276.246635651914403, 301694.44405415491201, 0.0 ], [ 398276.924452851642855, 301663.618264748889487, 0.0 ], [ 398277.602265382010955, 301632.792476569360588, 0.0 ], [ 398278.280073243426159, 301601.966689590772148, 0.0 ], [ 398278.957876435481012, 301571.140903827326838, 0.0 ], [ 398291.933707243646495, 301556.00588158069877, 0.0 ], [ 398304.909580524312332, 301540.870876415283419, 0.0 ], [ 398317.885496286442503, 301525.735888334515039, 0.0 ], [ 398330.861454522819258, 301510.600917348405346, 0.0 ], [ 398343.837455238448456, 301495.465963432798162, 0.0 ], [ 398356.813498428033199, 301480.331026601197664, 0.0 ], [ 398357.4915424627834, 301449.50523997459095, 0.0 ], [ 398370.467669046251103, 301434.370319879963063, 0.0 ], [ 398383.443838015082292, 301419.235416863753926, 0.0 ], [ 398396.42004955210723, 301404.100530931493267, 0.0 ], [ 398409.396303562214598, 301388.965662082482595, 0.0 ], [ 398422.372600047267042, 301373.830810326733626, 0.0 ], [ 398435.348939009942114, 301358.695975640788674, 0.0 ], [ 398448.325320445059333, 301343.561158038093708, 0.0 ], [ 398473.59979845827911, 301344.117363817233127, 0.0 ], [ 398486.576266401796602, 301328.982597805734258, 0.0 ], [ 398499.552776731783524, 301313.847848873294424, 0.0 ], [ 398512.529329621465877, 301298.713117024104577, 0.0 ], [ 398513.207864648720715, 301267.887326242227573, 0.0 ], [ 398513.88639500096906, 301237.061536684690509, 0.0 ], [ 398514.564920678734779, 301206.235748327453621, 0.0 ], [ 398515.24344168161042, 301175.409961185301654, 0.0 ], [ 398515.921958009712398, 301144.584175255440641, 0.0 ], [ 398516.600469662982505, 301113.758390539267566, 0.0 ], [ 398504.302137356658932, 301098.067341324058361, 0.0 ], [ 398492.003761108731851, 301082.376311087748036, 0.0 ], [ 398492.682176913018338, 301051.550530704553239, 0.0 ], [ 398505.659055464668199, 301036.415778649330605, 0.0 ], [ 398518.635976573510561, 301021.281043675960973, 0.0 ], [ 398531.612940158345737, 301006.146325785142835, 0.0 ], [ 398544.589946212247014, 300991.01162497268524, 0.0 ], [ 398557.566994739347138, 300975.876941243477631, 0.0 ], [ 398582.842517017095815, 300976.433407835662365, 0.0 ], [ 398595.819652045844123, 300961.298775703355204, 0.0 ], [ 398608.796829543192871, 300946.164160638698377, 0.0 ], [ 398634.072441357129719, 300946.720767168619204, 0.0 ], [ 398659.348054826317821, 300947.277444623468909, 0.0 ], [ 398672.325362858246081, 300932.142915655043907, 0.0 ], [ 398685.302713357959874, 300917.008403765619732, 0.0 ], [ 398698.280106330057606, 300901.873908956011292, 0.0 ], [ 398698.959186054766178, 300871.048120583873242, 0.0 ], [ 398711.936662404739764, 300855.913642504136078, 0.0 ], [ 398737.212539968662895, 300856.470526997756679, 0.0 ], [ 398750.190102816210128, 300841.336100504966453, 0.0 ], [ 398763.167708132532425, 300826.201691100373864, 0.0 ], [ 398788.443675416172482, 300826.758715531788766, 0.0 ], [ 398801.421367234317586, 300811.62435770209413, 0.0 ], [ 398814.399101516522933, 300796.490016951458529, 0.0 ], [ 398839.675158427853603, 300797.047181317815557, 0.0 ], [ 398852.652979123289697, 300781.912892147724051, 0.0 ], [ 398865.630842372425832, 300766.778620058787055, 0.0 ], [ 398890.906988911796361, 300767.33592435932951, 0.0 ], [ 398903.884938664035872, 300752.201703852391802, 0.0 ], [ 398916.862930884002708, 300737.067500425153412, 0.0 ], [ 398942.139167049375828, 300737.624944657844026, 0.0 ], [ 398955.117245764995459, 300722.490792813303415, 0.0 ], [ 398968.095366857538465, 300707.35665804281598, 0.0 ], [ 398993.371692654036451, 300707.914242207596544, 0.0 ], [ 399006.349900334200356, 300692.780159032554366, 0.0 ], [ 399019.328150481393095, 300677.646092924522236, 0.0 ], [ 399044.604565907036886, 300678.203817021392751, 0.0 ], [ 399069.880982898874208, 300678.761612038186286, 0.0 ], [ 399095.157401371456217, 300679.319477974844631, 0.0 ], [ 399120.433821501093917, 300679.877414835616946, 0.0 ], [ 399145.710243204492144, 300680.435422618465964, 0.0 ], [ 399170.986666472570505, 300680.993501323275268, 0.0 ], [ 399196.263091222150251, 300681.551650947250891, 0.0 ], [ 399209.241692051582504, 300666.417843446542975, 0.0 ], [ 399222.220335346763022, 300651.28405301773455, 0.0 ], [ 399247.496849818970077, 300651.84234257315984, 0.0 ], [ 399260.475579613470472, 300636.708603726990987, 0.0 ], [ 399273.454351868713275, 300621.574881956388708, 0.0 ], [ 399298.730955973500386, 300622.13331143965479, 0.0 ], [ 399311.709814639529213, 300606.999641245347448, 0.0 ], [ 399324.688715856289491, 300591.865988127887249, 0.0 ], [ 399349.965409596450627, 300592.424557539750822, 0.0 ], [ 399362.944397311483044, 300577.290955999342259, 0.0 ], [ 399375.923427490866743, 300562.157371547189541, 0.0 ], [ 399401.200210862094536, 300562.716080885438714, 0.0 ], [ 399426.476995712320786, 300563.274861142912414, 0.0 ], [ 399439.456156418542378, 300548.141362758644391, 0.0 ], [ 399452.435359591210727, 300533.007881448429544, 0.0 ], [ 399477.712234165868722, 300533.566801633802243, 0.0 ], [ 399490.691523833724204, 300518.433371899882331, 0.0 ], [ 399503.670855962787755, 300503.299959240772296, 0.0 ], [ 399516.650230557657778, 300488.166563656472135, 0.0 ], [ 399529.629647611174732, 300473.033185144769959, 0.0 ], [ 399542.609107042197138, 300457.899823706538882, 0.0 ], [ 399555.588609024067409, 300442.766479343699757, 0.0 ], [ 399580.865749359887559, 300443.325677458720747, 0.0 ], [ 399593.845337835024111, 300428.192384680733085, 0.0 ], [ 399606.824968775385059, 300413.059108965448104, 0.0 ], [ 399632.102198743727058, 300413.618447003362235, 0.0 ], [ 399645.081916177179664, 300398.485222862276714, 0.0 ], [ 399658.061675979814027, 300383.352015793847386, 0.0 ], [ 399671.041478332481347, 300368.218825798830949, 0.0 ], [ 399671.723760305787437, 300337.392986488412134, 0.0 ], [ 399672.406037576904055, 300306.567148399481084, 0.0 ], [ 399673.08831014612224, 300275.74131151009351, 0.0 ], [ 399673.770578013383783, 300244.915475831599906, 0.0 ], [ 399674.452841178397648, 300214.089641363243572, 0.0 ], [ 399675.135099641454872, 300183.263808104384225, 0.0 ], [ 399675.817353402264416, 300152.437976069108117, 0.0 ], [ 399663.519472975400276, 300136.74533806234831, 0.0 ], [ 399651.221548613160849, 300121.052719049330335, 0.0 ], [ 399638.923580135218799, 300105.360119027260225, 0.0 ], [ 399626.625567634240724, 300089.667537997534964, 0.0 ], [ 399627.30763432540698, 300058.841713420872111, 0.0 ], [ 399615.009532215248328, 300043.149152946367394, 0.0 ], [ 399602.711386078386568, 300027.456611464906018, 0.0 ], [ 399590.413195921457373, 300011.764088986441493, 0.0 ], [ 399578.114961740735453, 299996.071585487632547, 0.0 ], [ 399578.796841369243339, 299965.245768381573725, 0.0 ], [ 399579.478716298064683, 299934.419952486408874, 0.0 ], [ 399580.160586527083069, 299903.594137801381294, 0.0 ], [ 399580.842452055949252, 299872.768324337142985, 0.0 ], [ 399593.822775012813509, 299857.635007747390773, 0.0 ], [ 399619.101560100447387, 299858.194240321347024, 0.0 ], [ 399632.081969535560347, 299843.060975303640589, 0.0 ], [ 399632.763998618698679, 299812.235160409705713, 0.0 ], [ 399645.744491403165739, 299797.101912107027601, 0.0 ], [ 399658.725026643951423, 299781.968680876307189, 0.0 ], [ 399659.407132800668478, 299751.142866484471597, 0.0 ], [ 399660.089234255370684, 299720.317053316219244, 0.0 ], [ 399647.790673106967006, 299704.624473641859367, 0.0 ], [ 399635.492067939718254, 299688.931912957050372, 0.0 ], [ 399623.193418758339249, 299673.239371266681701, 0.0 ], [ 399610.894725553691387, 299657.546848566620611, 0.0 ], [ 399611.576639956794679, 299626.721042856981512, 0.0 ], [ 399599.277857149369083, 299611.028540712723043, 0.0 ], [ 399586.979030321759637, 299595.336057571519632, 0.0 ], [ 399574.680159478913993, 299579.6435934092151, 0.0 ], [ 399549.400599357439205, 299579.084519943047781, 0.0 ], [ 399537.101642050780356, 299563.392111187975388, 0.0 ], [ 399524.802640722482465, 299547.699721425888129, 0.0 ], [ 399499.522997186926659, 299547.14079170365585, 0.0 ], [ 399487.223909397842363, 299531.448457346705254, 0.0 ], [ 399474.924777587584686, 299515.756141981401015, 0.0 ], [ 399449.645050728460774, 299515.197356005199254, 0.0 ], [ 399424.365325535298325, 299514.638640944613144, 0.0 ], [ 399412.066064811777323, 299498.946417399216443, 0.0 ], [ 399399.766760074649937, 299483.2542128454661, 0.0 ], [ 399387.467411321937107, 299467.562027281266637, 0.0 ], [ 399375.168018553580623, 299451.869860717910342, 0.0 ], [ 399362.868581768125296, 299436.177713133511133, 0.0 ], [ 399363.549598578014411, 299405.351935090613551, 0.0 ], [ 399364.230610692990012, 299374.526158257911447, 0.0 ], [ 399377.211191643611528, 299359.392525525763631, 0.0 ], [ 399390.191815045080148, 299344.25890986691229, 0.0 ], [ 399390.872904237185139, 299313.433133548358455, 0.0 ], [ 399403.853610977297649, 299298.299534606689122, 0.0 ], [ 399416.834360169945285, 299283.165952737035695, 0.0 ], [ 399429.81515181728173, 299268.032387938641477, 0.0 ], [ 399442.795985914533958, 299252.898840209294576, 0.0 ], [ 399455.776862373575568, 299237.765309551963583, 0.0 ], [ 399468.75778137461748, 299222.631795965193305, 0.0 ], [ 399481.738742829649709, 299207.49829945032252, 0.0 ], [ 399494.71974673634395, 299192.364820006012451, 0.0 ], [ 399507.70079308928689, 299177.231357642856892, 0.0 ], [ 399520.681881898315623, 299162.09791234030854, 0.0 ], [ 399533.663013155804947, 299146.964484106923919, 0.0 ], [ 399558.943782340327743, 299147.523459785850719, 0.0 ], [ 399584.2245530114742, 299148.082506372593343, 0.0 ], [ 399597.205814758082852, 299132.949164200748783, 0.0 ], [ 399610.187118957517669, 299117.815839098009747, 0.0 ], [ 399635.467979332548566, 299118.375025587854907, 0.0 ], [ 399660.748841280699708, 299118.934282986912876, 0.0 ], [ 399686.029704716464039, 299119.493611294601578, 0.0 ], [ 399711.31056981603615, 299120.053010515111964, 0.0 ], [ 399724.292092543269973, 299104.919840459886473, 0.0 ], [ 399737.273657717974856, 299089.786687474464998, 0.0 ], [ 399762.554612432781141, 299090.34622659307206, 0.0 ], [ 399787.835568728798535, 299090.905836621648632, 0.0 ], [ 399800.817264299490489, 299075.772769691422582, 0.0 ], [ 399813.799002414511051, 299060.63971983169904, 0.0 ], [ 399826.780782975954935, 299045.506687051791232, 0.0 ], [ 399827.463295056892093, 299014.680890178715345, 0.0 ], [ 399840.445158947841264, 298999.547874098236207, 0.0 ], [ 399853.427065282361582, 298984.414875088317785, 0.0 ], [ 399841.127707200706936, 298968.722078078426421, 0.0 ], [ 399828.828305101953447, 298953.029300060239621, 0.0 ], [ 399816.528858993202448, 298937.336541033000685, 0.0 ], [ 399804.229368870030157, 298921.643800998805091, 0.0 ], [ 399791.929834829817992, 298905.951079966151156, 0.0 ], [ 399779.63025668321643, 298890.258377913851291, 0.0 ], [ 399780.312572318245657, 298859.432590936019551, 0.0 ], [ 399768.012904578761663, 298843.739909440279007, 0.0 ], [ 399755.713192830677144, 298828.047246936243027, 0.0 ], [ 399756.395412599144038, 298797.22146430198336, 0.0 ], [ 399744.095611259923317, 298781.528822353808209, 0.0 ], [ 399731.795765910123009, 298765.836199407931417, 0.0 ], [ 399719.49587654840434, 298750.143595442350488, 0.0 ], [ 399694.213973931968212, 298749.584219283831771, 0.0 ], [ 399681.913998213363811, 298733.891670725482982, 0.0 ], [ 399669.613978392735589, 298718.199141155229881, 0.0 ], [ 399644.331992472987622, 298717.639908732729964, 0.0 ], [ 399632.031886203680187, 298701.947434566856828, 0.0 ], [ 399619.731735927634872, 298686.254979392688256, 0.0 ], [ 399607.431541640777141, 298670.562543205160182, 0.0 ], [ 399595.131303347880021, 298654.870126009278465, 0.0 ], [ 399569.849149334128015, 298654.311110154027119, 0.0 ], [ 399544.566996808047406, 298653.752165202400647, 0.0 ], [ 399531.585211468394846, 298668.885599111323245, 0.0 ], [ 399518.603468572720885, 298684.019050092203543, 0.0 ], [ 399493.321405651397072, 298683.460245033027604, 0.0 ], [ 399480.339749217033386, 298698.593747573206201, 0.0 ], [ 399467.358135231770575, 298713.727267183247022, 0.0 ], [ 399442.076162005076185, 298713.168602019315585, 0.0 ], [ 399429.094634479377419, 298728.302173193602357, 0.0 ], [ 399416.113149403012358, 298743.435761435655877, 0.0 ], [ 399390.831265690037981, 298742.877236164873466, 0.0 ], [ 399365.549383546342142, 298742.318781801266596, 0.0 ], [ 399353.248856015736237, 298726.626706618117169, 0.0 ], [ 399340.948284563026391, 298710.934650426555891, 0.0 ], [ 399328.647669014753774, 298695.242613221751526, 0.0 ], [ 399316.34700945665827, 298679.550595007196534, 0.0 ], [ 399304.046305896365084, 298663.858595777885057, 0.0 ], [ 399291.74555832426995, 298648.166615540278144, 0.0 ], [ 399279.444766745204106, 298632.474654302059207, 0.0 ], [ 399280.125315674231388, 298601.648915418714751, 0.0 ], [ 399267.824434518697672, 298585.95697472221218, 0.0 ], [ 399255.523509356949944, 298570.265053013165016, 0.0 ], [ 399256.203962448751554, 298539.43931847193744, 0.0 ], [ 399256.884410848491825, 298508.613585140905343, 0.0 ], [ 399257.564854555705097, 298477.787853032059502, 0.0 ], [ 399258.245293570798822, 298446.962122123513836, 0.0 ], [ 399245.944142117921729, 298431.270225662330631, 0.0 ], [ 399233.642946748645045, 298415.578348189941607, 0.0 ], [ 399234.323289930587634, 298384.752621622814331, 0.0 ], [ 399222.022004899161402, 298369.060764700639993, 0.0 ], [ 399209.720675864140503, 298353.368926768016536, 0.0 ], [ 399197.41930282546673, 298337.677107833442278, 0.0 ], [ 399185.117885781510267, 298321.985307874158025, 0.0 ], [ 399185.798041994683444, 298291.159588776994497, 0.0 ], [ 399173.496535379264969, 298275.467809370777104, 0.0 ], [ 399161.194984766072594, 298259.776048952015117, 0.0 ], [ 399148.89339014608413, 298244.084307522105519, 0.0 ], [ 399136.59175152622629, 298228.392585077439435, 0.0 ], [ 399137.271720777498558, 298197.566873460018542, 0.0 ], [ 399124.969992676982656, 298181.875171570514794, 0.0 ], [ 399112.668220489402302, 298166.183488664915785, 0.0 ], [ 399100.366404296306428, 298150.491824746713974, 0.0 ], [ 399075.082898490596563, 298149.934257678687572, 0.0 ], [ 399049.799394259462133, 298149.376761511375662, 0.0 ], [ 399024.515891598130111, 298148.819336246291641, 0.0 ], [ 398999.232390601362567, 298148.261981884832494, 0.0 ], [ 398986.250919453683309, 298163.396180294337682, 0.0 ], [ 398973.26949075399898, 298178.530395775800571, 0.0 ], [ 398947.9860792492982, 298177.973181299690623, 0.0 ], [ 398935.004736998525914, 298193.107448342605494, 0.0 ], [ 398922.023437189403921, 298208.241732446127571, 0.0 ], [ 398896.740115366294049, 298207.684657860314474, 0.0 ], [ 398871.456795021309517, 298207.12765417463379, 0.0 ], [ 398846.173476249212399, 298206.570721390366089, 0.0 ], [ 398820.890159045346081, 298206.013859509024769, 0.0 ], [ 398808.587923183571547, 298190.322611958428752, 0.0 ], [ 398796.285643322160468, 298174.631383382540662, 0.0 ], [ 398783.983319549122825, 298158.94017379329307, 0.0 ], [ 398784.662069213925861, 298128.114491410495248, 0.0 ], [ 398785.340814197610598, 298097.28881023923168, 0.0 ], [ 398773.038355215801857, 298081.597622760222293, 0.0 ], [ 398760.735852230805904, 298065.906454267213121, 0.0 ], [ 398761.414501410676166, 298035.080777445866261, 0.0 ], [ 398749.111908866383601, 298019.38962950167479, 0.0 ], [ 398736.809272326761857, 298003.698500539874658, 0.0 ], [ 398724.506591786863282, 297988.007390565529931, 0.0 ], [ 398712.203867254196666, 297972.316299575031735, 0.0 ], [ 398712.882329513900913, 297941.49063020804897, 0.0 ], [ 398700.579515420133248, 297925.799559765669983, 0.0 ], [ 398688.276657331793103, 297910.108508319186512, 0.0 ], [ 398675.973755337414332, 297894.417475848749746, 0.0 ], [ 398663.670809256436769, 297878.726462360762525, 0.0 ], [ 398651.367819176986814, 297863.035467857378535, 0.0 ], [ 398639.064785101800226, 297847.344492339296266, 0.0 ], [ 398639.742969332961366, 297816.518833560752682, 0.0 ], [ 398640.421148886438459, 297785.693175995955244, 0.0 ], [ 398641.099323761998676, 297754.867519654042553, 0.0 ], [ 398641.777493960107677, 297724.041864514525514, 0.0 ], [ 398642.455659480416216, 297693.216210585203953, 0.0 ], [ 398655.437127738376148, 297678.081524010805879, 0.0 ], [ 398668.418638436181936, 297662.946854507667013, 0.0 ], [ 398669.096881034085527, 297632.121201101632323, 0.0 ], [ 398669.775118953781202, 297601.295548896538094, 0.0 ], [ 398670.453352195210755, 297570.469897903734818, 0.0 ], [ 398658.149906551698223, 297554.778919031261466, 0.0 ], [ 398645.846416915359441, 297539.087959141295869, 0.0 ], [ 398633.542883291025646, 297523.397018237272277, 0.0 ], [ 398621.239305669732857, 297507.706096316454932, 0.0 ], [ 398608.93568405834958, 297492.015193390077911, 0.0 ], [ 398596.632018452859484, 297476.324309436255135, 0.0 ], [ 398584.328308860305697, 297460.633444468432572, 0.0 ], [ 398572.024555361946113, 297444.942598483059555, 0.0 ], [ 398572.702419494860806, 297414.116961207124405, 0.0 ], [ 398560.398576364852488, 297398.426135768473614, 0.0 ], [ 398548.094689241494052, 297382.735329312912654, 0.0 ], [ 398535.790758130140603, 297367.044541840499733, 0.0 ], [ 398523.486783027998172, 297351.35377336118836, 0.0 ], [ 398536.468480931420345, 297336.218910477415193, 0.0 ], [ 398549.450221271836199, 297321.084064661292359, 0.0 ], [ 398550.127980273682624, 297290.258434148621745, 0.0 ], [ 398550.805734600056894, 297259.432804848940577, 0.0 ], [ 398551.483484250842594, 297228.607176760851871, 0.0 ], [ 398539.17932538461173, 297212.916397113178391, 0.0 ], [ 398526.875122529861983, 297197.225636440096423, 0.0 ], [ 398514.570875684148632, 297181.534894747368526, 0.0 ], [ 398502.26658485236112, 297165.844172037846874, 0.0 ], [ 398489.962250032345764, 297150.153468312113546, 0.0 ], [ 398477.657871222007088, 297134.462783568887971, 0.0 ], [ 398465.353448516572826, 297118.772117810207419, 0.0 ], [ 398440.067131253657863, 297118.216457260889001, 0.0 ], [ 398427.762622041220311, 297102.525846885342617, 0.0 ], [ 398415.458068843756337, 297086.835255493002478, 0.0 ], [ 398390.171668295864947, 297086.279738640820142, 0.0 ], [ 398364.885269311547745, 297085.724292680213694, 0.0 ], [ 398339.598871990514454, 297085.168917614035308, 0.0 ], [ 398314.312476144870743, 297084.613613438676111, 0.0 ], [ 398289.026081869262271, 297084.058380156347994, 0.0 ], [ 398263.7396891588578, 297083.503217765537556, 0.0 ], [ 398238.453298108652234, 297082.948126269096974, 0.0 ], [ 398226.14840393292252, 297067.257808681635652, 0.0 ], [ 398213.84346577397082, 297051.567510066670366, 0.0 ], [ 398188.556991346064024, 297051.012562261719722, 0.0 ], [ 398176.251966772018932, 297035.322319029190112, 0.0 ], [ 398163.94689821486827, 297019.632094774860889, 0.0 ], [ 398138.660340497619472, 297019.077290664950851, 0.0 ], [ 398113.37378443707712, 297018.522557448071893, 0.0 ], [ 398088.087229854776524, 297017.967895119916648, 0.0 ], [ 398062.800676836399361, 297017.413303684035782, 0.0 ], [ 398049.819406076450832, 297032.548825390636921, 0.0 ], [ 398036.838177756988443, 297047.684364167856984, 0.0 ], [ 398011.551714380912017, 297047.129912607371807, 0.0 ], [ 397998.570572488359176, 297062.265502948139329, 0.0 ], [ 397985.589473032159731, 297077.40111035091104, 0.0 ], [ 397960.303099117358215, 297076.846798664540984, 0.0 ], [ 397947.322086090513039, 297091.98245764215244, 0.0 ], [ 397934.341115497867577, 297107.118133692478295, 0.0 ], [ 397909.054831134388223, 297106.563961882260628, 0.0 ], [ 397883.768548428080976, 297106.009860965015832, 0.0 ], [ 397871.46310580696445, 297090.320051410701126, 0.0 ], [ 397872.138498693122528, 297059.494480974564794, 0.0 ], [ 397872.813886919815559, 297028.668911742162891, 0.0 ], [ 397860.508309231838211, 297012.979124287434388, 0.0 ], [ 397848.202687564713415, 296997.289355815155432, 0.0 ], [ 397848.877980052959174, 296966.463790916430298, 0.0 ], [ 397836.57226885878481, 296950.774042983073741, 0.0 ], [ 397824.266513681737706, 296935.084314028557856, 0.0 ], [ 397824.941710433457047, 296904.25875347625697, 0.0 ], [ 397812.635865737916902, 296888.569045062060468, 0.0 ], [ 397800.329977057757787, 296872.879355627519544, 0.0 ], [ 397788.024044490535744, 296857.189685174671467, 0.0 ], [ 397775.718067846552003, 296841.500033699325286, 0.0 ], [ 397763.412047223420814, 296825.810401201539207, 0.0 ], [ 397751.105982618872076, 296810.120787683990784, 0.0 ], [ 397738.799874033196829, 296794.431193145399448, 0.0 ], [ 397726.493721464008559, 296778.741617596358992, 0.0 ], [ 397714.187524914275855, 296763.052061014866922, 0.0 ], [ 397688.900304028473329, 296762.498548191040754, 0.0 ], [ 397663.61308479384752, 296761.945106258091982, 0.0 ], [ 397638.325867034378462, 296761.391735211014748, 0.0 ], [ 397613.038650835456792, 296760.838435054116417, 0.0 ], [ 397587.751436201506294, 296760.285205785941798, 0.0 ], [ 397562.464223218034022, 296759.732047407887876, 0.0 ], [ 397537.1770117089618, 296759.17895991646219, 0.0 ], [ 397511.889801757293753, 296758.625943313061725, 0.0 ], [ 397486.602593372110277, 296758.072997600480448, 0.0 ], [ 397473.622007356956601, 296773.209315388230607, 0.0 ], [ 397460.641463774896692, 296788.345650238741655, 0.0 ], [ 397447.660962722846307, 296803.48200217745034, 0.0 ], [ 397434.680504011339508, 296818.618371187418234, 0.0 ], [ 397421.700087737874128, 296833.754757272196002, 0.0 ], [ 397408.719713898026384, 296848.891160431725439, 0.0 ], [ 397395.739382496511098, 296864.027580664667767, 0.0 ], [ 397382.759093531174585, 296879.164017973060254, 0.0 ], [ 397369.778847000095993, 296894.300472357019316, 0.0 ], [ 397356.798642907873727, 296909.436943815730046, 0.0 ], [ 397331.511876058182679, 296908.88441392412642, 0.0 ], [ 397318.531758389435709, 296924.020936939283274, 0.0 ], [ 397305.551683162106201, 296939.157477041997481, 0.0 ], [ 397292.571650367463008, 296954.294034219521564, 0.0 ], [ 397279.591660010162741, 296969.430608472495805, 0.0 ], [ 397266.611712092766538, 296984.567199800978415, 0.0 ], [ 397265.938402588770259, 297015.392722121381667, 0.0 ], [ 397252.958537993719801, 297030.529330182645936, 0.0 ], [ 397227.672122965857852, 297029.977076242270414, 0.0 ], [ 397214.692344891023822, 297045.113735874881968, 0.0 ], [ 397201.712609164649621, 297060.250412573048379, 0.0 ], [ 397176.42628367227735, 297059.698298512375914, 0.0 ], [ 397151.13995974091813, 297059.146255342522636, 0.0 ], [ 397125.853637365973555, 297058.594283063546754, 0.0 ], [ 397100.567316642089281, 297058.042381676787045, 0.0 ], [ 397075.280997381429188, 297057.490551178809255, 0.0 ], [ 397062.301524039183278, 297072.627417439536657, 0.0 ], [ 397049.322093136142939, 297087.764300777809694, 0.0 ], [ 397036.342704672599211, 297102.901201191649307, 0.0 ], [ 397023.363358646281995, 297118.038118684489746, 0.0 ], [ 396998.077216903795488, 297117.486497059988324, 0.0 ], [ 396972.791076806606725, 297116.934946328517981, 0.0 ], [ 396959.81186119816266, 297132.071949889941607, 0.0 ], [ 396946.832688034395687, 297147.208970529027283, 0.0 ], [ 396921.546637381776236, 297146.657559677958488, 0.0 ], [ 396908.567550642648712, 297161.794631893339101, 0.0 ], [ 396907.89542317437008, 297192.620134902710561, 0.0 ], [ 396907.223291068919934, 297223.445639141427819, 0.0 ], [ 396894.244328558095731, 297238.582727751054335, 0.0 ], [ 396881.26540848845616, 297253.719833438342903, 0.0 ], [ 396880.593353532603942, 297284.545338210940827, 0.0 ], [ 396867.614516888512298, 297299.682460640906356, 0.0 ], [ 396854.635722593811806, 297314.81960014422657, 0.0 ], [ 396841.656970743671991, 297329.956756716652308, 0.0 ], [ 396816.371444852673449, 297329.405618048913311, 0.0 ], [ 396791.085920519428328, 297328.854550274845678, 0.0 ], [ 396778.107299089315347, 297343.99179293285124, 0.0 ], [ 396765.12872010411229, 297359.129052669217344, 0.0 ], [ 396739.843285396462306, 297358.578124784806278, 0.0 ], [ 396714.557852151221596, 297358.027267790457699, 0.0 ], [ 396689.272420462919399, 297357.476481687743217, 0.0 ], [ 396663.986990324570797, 297356.92576647864189, 0.0 ], [ 396638.70156183547806, 297356.375122162571643, 0.0 ], [ 396613.416134807979688, 297355.824548737378791, 0.0 ], [ 396588.130709336837754, 297355.27404620370362, 0.0 ], [ 396562.845285416929983, 297354.72361456300132, 0.0 ], [ 396537.559863053029403, 297354.173253813874908, 0.0 ], [ 396512.274442330468446, 297353.622963958478067, 0.0 ], [ 396486.989023072994314, 297353.072744993143715, 0.0 ], [ 396461.703605363960378, 297352.522596918744966, 0.0 ], [ 396436.418189212214202, 297351.972519737959374, 0.0 ], [ 396411.132774701109156, 297351.422513449506368, 0.0 ], [ 396385.847361654334236, 297350.87257805117406, 0.0 ], [ 396360.561950157396495, 297350.32271354511613, 0.0 ], [ 396347.584117438178509, 297365.460542346409056, 0.0 ], [ 396334.606327167886775, 297380.5983882289147, 0.0 ], [ 396321.628579337499104, 297395.736251195368823, 0.0 ], [ 396320.958402568066958, 297426.561720374564175, 0.0 ], [ 396307.980738085694611, 297441.699600083695259, 0.0 ], [ 396295.00311613897793, 297456.837496866239235, 0.0 ], [ 396282.025536546949297, 297471.97541073843604, 0.0 ], [ 396256.74047695734771, 297471.425822233839426, 0.0 ], [ 396231.45541891886387, 297470.876304622914176, 0.0 ], [ 396219.147810059715994, 297455.188840530347079, 0.0 ], [ 396206.840157217578962, 297439.501395418890752, 0.0 ], [ 396181.55501594702946, 297438.952021485310979, 0.0 ], [ 396169.247276689624414, 297423.264631727884989, 0.0 ], [ 396156.939493449928705, 297407.577260943013243, 0.0 ], [ 396131.654268764541484, 297407.028030681132805, 0.0 ], [ 396106.369045626895968, 297406.478871311468538, 0.0 ], [ 396081.083824041415937, 297405.929782831983175, 0.0 ], [ 396055.798604093608446, 297405.380765248264652, 0.0 ], [ 396030.513385607278906, 297404.831818552571349, 0.0 ], [ 396005.228168665664271, 297404.282942749909125, 0.0 ], [ 395992.251033581094816, 297419.42125388974091, 0.0 ], [ 395979.273940937709995, 297434.559582112822682, 0.0 ], [ 395953.988813611562364, 297434.010846207558643, 0.0 ], [ 395928.703687746077776, 297433.462181190319825, 0.0 ], [ 395903.418563426588662, 297432.91358706675237, 0.0 ], [ 395890.441645192564465, 297448.052035869157407, 0.0 ], [ 395877.464769404614344, 297463.19050176552264, 0.0 ], [ 395852.179734606761485, 297462.642047537956387, 0.0 ], [ 395826.894701449375134, 297462.093664202664513, 0.0 ], [ 395814.586413574987091, 297446.406782355217729, 0.0 ], [ 395802.278081721800845, 297430.719919488125015, 0.0 ], [ 395789.969705895229708, 297415.033075581479352, 0.0 ], [ 395777.66128608584404, 297399.346250645292457, 0.0 ], [ 395765.352822300919797, 297383.659444679564331, 0.0 ], [ 395753.044314536033198, 297367.972657683480065, 0.0 ], [ 395740.73576279822737, 297352.285889659251552, 0.0 ], [ 395728.427167169051245, 297336.599140606820583, 0.0 ], [ 395716.118527474696748, 297320.912410522694699, 0.0 ], [ 395703.809843803523108, 297305.225699408270884, 0.0 ], [ 395691.501116153143812, 297289.53900727420114, 0.0 ], [ 395679.192344528972171, 297273.852334102673922, 0.0 ], [ 395666.883528926409781, 297258.165679896716028, 0.0 ], [ 395654.574669352383353, 297242.479044663195964, 0.0 ], [ 395629.28904351341771, 297241.931241656129714, 0.0 ], [ 395616.980097614519764, 297226.244661780307069, 0.0 ], [ 395604.671107652189676, 297210.558100874186493, 0.0 ], [ 395579.385398484999314, 297210.010441530961543, 0.0 ], [ 395567.076322108041495, 297194.323935981083196, 0.0 ], [ 395554.767201756243594, 297178.637449398695026, 0.0 ], [ 395542.458037429780234, 297162.950981786823831, 0.0 ], [ 395530.148829126323108, 297147.264533155190293, 0.0 ], [ 395517.839576848899014, 297131.578103481268045, 0.0 ], [ 395505.530280692444649, 297115.891692777047865, 0.0 ], [ 395493.220940467319451, 297100.205301041074563, 0.0 ], [ 395493.888219192740507, 297069.379906337242573, 0.0 ], [ 395494.555493314517662, 297038.554512853501365, 0.0 ], [ 395482.24601809727028, 297022.868143189465627, 0.0 ], [ 395456.959798152791336, 297022.320849597163033, 0.0 ], [ 395431.673579751164652, 297021.773626891430467, 0.0 ], [ 395406.387362894718535, 297021.226475074363407, 0.0 ], [ 395394.077716488041915, 297005.540233548148535, 0.0 ], [ 395381.768026016768999, 296989.854010978888255, 0.0 ], [ 395356.481725836056285, 296989.307002820074558, 0.0 ], [ 395331.195427197555546, 296988.760065549286082, 0.0 ], [ 395305.909130105690565, 296988.213199165824335, 0.0 ], [ 395280.622834646026604, 296987.666403671784792, 0.0 ], [ 395268.312930460320786, 296971.980345609073993, 0.0 ], [ 395268.979413034569006, 296941.154972728632856, 0.0 ], [ 395256.669419375772122, 296925.468935184238944, 0.0 ], [ 395244.359381741611287, 296909.782916608848609, 0.0 ], [ 395232.04930013930425, 296894.096916998969391, 0.0 ], [ 395206.762749976594932, 296893.550339809851721, 0.0 ], [ 395194.452581969089806, 296877.864395551150665, 0.0 ], [ 395182.142369988840073, 296862.178470272861887, 0.0 ], [ 395169.832114131888375, 296846.492563950072508, 0.0 ], [ 395157.521814214880578, 296830.806676593434531, 0.0 ], [ 395145.211470328795258, 296815.120808203646448, 0.0 ], [ 395132.901082471013069, 296799.434958781464957, 0.0 ], [ 395120.590650646830909, 296783.749128326191567, 0.0 ], [ 395108.280174854036886, 296768.063316836312879, 0.0 ], [ 395095.969655090302695, 296752.377524313342292, 0.0 ], [ 395096.635500601259992, 296721.552173150819726, 0.0 ], [ 395109.611952286679298, 296706.412612617714331, 0.0 ], [ 395122.588446411653422, 296691.273069170769304, 0.0 ], [ 395123.254369143629447, 296660.44771855493309, 0.0 ], [ 395123.920287280576304, 296629.622369159129448, 0.0 ], [ 395111.60958397644572, 296613.936565420997795, 0.0 ], [ 395099.298836702830158, 296598.250780661124736, 0.0 ], [ 395099.964659242425114, 296567.425435583398212, 0.0 ], [ 395087.653822503867559, 296551.739671329793055, 0.0 ], [ 395075.34294179675635, 296536.053926040942315, 0.0 ], [ 395063.032017218705732, 296520.368199721095152, 0.0 ], [ 395050.721048579900526, 296504.682492363906931, 0.0 ], [ 395038.410035977838561, 296488.996803973568603, 0.0 ], [ 395026.098979408096056, 296473.311134549381677, 0.0 ], [ 395013.787878877832554, 296457.62548409064766, 0.0 ], [ 394988.500132869870868, 296457.079571195936296, 0.0 ], [ 394976.188945941044949, 296441.393976095598191, 0.0 ], [ 394976.854313486663159, 296410.568646519910544, 0.0 ], [ 394964.54303709580563, 296394.883071924443357, 0.0 ], [ 394952.231716831098311, 296379.197516294429079, 0.0 ], [ 394952.896988790831529, 296348.372191039670724, 0.0 ], [ 394953.562256159610115, 296317.546867002907675, 0.0 ], [ 394954.227518937317654, 296286.721544197585899, 0.0 ], [ 394954.892777124303393, 296255.896222600946203, 0.0 ], [ 394955.5580307203345, 296225.070902224455494, 0.0 ], [ 394956.223279725410976, 296194.245583067997359, 0.0 ], [ 394969.200162877794355, 296179.105809910513926, 0.0 ], [ 394982.177088557975367, 296163.966053850483149, 0.0 ], [ 394969.865448195836507, 296148.280491654120851, 0.0 ], [ 394957.553763962350786, 296132.59494842676213, 0.0 ], [ 394945.242035674862564, 296116.90942415985046, 0.0 ], [ 394932.930263430753257, 296101.223918860545382, 0.0 ], [ 394920.618447221117094, 296085.538432523841038, 0.0 ], [ 394908.306587052997202, 296069.852965152647812, 0.0 ], [ 394895.994682922086213, 296054.167516746150795, 0.0 ], [ 394883.682734830712434, 296038.482087304408196, 0.0 ], [ 394871.370742783765309, 296022.796676838072017, 0.0 ], [ 394859.058706772397272, 296007.111285327933729, 0.0 ], [ 394846.746626894047949, 295991.425912781851366, 0.0 ], [ 394834.434502965887077, 295975.740559198427945, 0.0 ], [ 394822.122335078427568, 295960.055224579700734, 0.0 ], [ 394809.810123229690362, 295944.369908924330957, 0.0 ], [ 394810.474812548083719, 295913.544612024677917, 0.0 ], [ 394798.162511249654926, 295897.859316884132568, 0.0 ], [ 394785.850165997282602, 295882.174040719633922, 0.0 ], [ 394786.514759747427888, 295851.348748138814699, 0.0 ], [ 394774.202325042628217, 295835.66349247423932, 0.0 ], [ 394761.889846382546239, 295819.978255776572041, 0.0 ], [ 394749.577323762874585, 295804.293038040166721, 0.0 ], [ 394737.264757280878257, 295788.607839269854594, 0.0 ], [ 394724.952146747149527, 295772.922659462201409, 0.0 ], [ 394712.639492258953396, 295757.23749861784745, 0.0 ], [ 394700.326793811633252, 295741.552356748201419, 0.0 ], [ 394688.014051410602406, 295725.867233829107136, 0.0 ], [ 394675.701265053474344, 295710.182129875465762, 0.0 ], [ 394650.411467091704253, 295709.637254393310286, 0.0 ], [ 394638.098594354232773, 295693.952205779612996, 0.0 ], [ 394625.785677751526237, 295678.267176131368615, 0.0 ], [ 394600.495796481263824, 295677.722444279759657, 0.0 ], [ 394575.205916751408949, 295677.177783304185141, 0.0 ], [ 394562.89287125429837, 295661.492845367523842, 0.0 ], [ 394563.556655396125279, 295630.667578233522363, 0.0 ], [ 394551.243520456715487, 295614.982660811627284, 0.0 ], [ 394538.930341567436699, 295599.297762360889465, 0.0 ], [ 394526.617118719732389, 295583.612882862915285, 0.0 ], [ 394514.303852010634728, 295567.928022329637315, 0.0 ], [ 394501.990541255276185, 295552.243180756806396, 0.0 ], [ 394489.677186551038176, 295536.558358145994134, 0.0 ], [ 394477.363787888840307, 295520.873554496327415, 0.0 ], [ 394465.050345273630228, 295505.188769809959922, 0.0 ], [ 394452.736858707852662, 295489.504004084155895, 0.0 ], [ 394440.423328189528547, 295473.819257321651094, 0.0 ], [ 394428.109753718599677, 295458.134529531002045, 0.0 ], [ 394415.132896951457951, 295473.275069232680835, 0.0 ], [ 394402.156082711997442, 295488.415626033209264, 0.0 ], [ 394376.865696972701699, 295487.871543318149634, 0.0 ], [ 394351.575312774628401, 295487.327531476970762, 0.0 ], [ 394326.284930117428303, 295486.783590509672649, 0.0 ], [ 394313.9711874834029, 295471.099025621660985, 0.0 ], [ 394301.657400895142928, 295455.414479705505073, 0.0 ], [ 394276.366935020079836, 295454.870682363805827, 0.0 ], [ 394251.076470592815895, 295454.326955894590355, 0.0 ], [ 394225.786007701070048, 295453.783300298498943, 0.0 ], [ 394213.472049891832285, 295438.098882456310093, 0.0 ], [ 394201.158048136217985, 295422.414483572531026, 0.0 ], [ 394188.844002425204962, 295406.7301036506542, 0.0 ], [ 394176.529912856291048, 295391.045742691436317, 0.0 ], [ 394164.215779244317673, 295375.361400690570008, 0.0 ], [ 394151.901601684512571, 295359.677077649510466, 0.0 ], [ 394126.610885792179033, 295359.133711169124581, 0.0 ], [ 394114.296621859888546, 295343.449443461606279, 0.0 ], [ 394101.982313977961894, 295327.765194716048427, 0.0 ], [ 394089.667962144128978, 295312.080964938737452, 0.0 ], [ 394077.35356636357028, 295296.396754113433417, 0.0 ], [ 394052.06268241093494, 295295.853603998431936, 0.0 ], [ 394026.771799902198836, 295295.310524753818754, 0.0 ], [ 394001.480918931949418, 295294.76751638163114, 0.0 ], [ 393976.190039493259974, 295294.224578881869093, 0.0 ], [ 393963.213769487920217, 295309.365741218149196, 0.0 ], [ 393950.237542005663272, 295324.506920634128619, 0.0 ], [ 393924.946752021962311, 295323.964123005629517, 0.0 ], [ 393899.655963575991336, 295323.421396250952967, 0.0 ], [ 393874.365176663035527, 295322.878740368003491, 0.0 ], [ 393861.389123396016657, 295338.020040380302817, 0.0 ], [ 393848.413112566806376, 295353.161357483710162, 0.0 ], [ 393823.122415195626672, 295352.618841476913076, 0.0 ], [ 393797.831719271023758, 295352.076396340504289, 0.0 ], [ 393772.541024878388271, 295351.534022076462861, 0.0 ], [ 393747.250332020048518, 295350.991718684905209, 0.0 ], [ 393721.95964078605175, 295350.449486167228315, 0.0 ], [ 393696.668950997758657, 295349.907324520521797, 0.0 ], [ 393671.378262740734499, 295349.365233745600563, 0.0 ], [ 393646.087576019519474, 295348.823213842406403, 0.0 ], [ 393620.796890829224139, 295348.281264812336303, 0.0 ], [ 393608.481778516783379, 295332.597724539111368, 0.0 ], [ 393596.166622171585914, 295316.914203223481309, 0.0 ], [ 393570.875853665871546, 295316.372397805622313, 0.0 ], [ 393545.585086692823097, 295315.830663258791901, 0.0 ], [ 393520.294321252265945, 295315.288999584387057, 0.0 ], [ 393495.003557436633855, 295314.747406783164479, 0.0 ], [ 393469.712795060360804, 295314.205884851515293, 0.0 ], [ 393444.422034218267072, 295313.664433792349882, 0.0 ], [ 393419.131274905463215, 295313.123053604154848, 0.0 ], [ 393393.840517126489431, 295312.581744287745096, 0.0 ], [ 393368.54976096667815, 295312.040505844459403, 0.0 ], [ 393356.234178853570484, 295296.357330822094809, 0.0 ], [ 393343.918552795075811, 295280.674174743995536, 0.0 ], [ 393330.943381709919777, 295295.816199616587255, 0.0 ], [ 393317.968253059487324, 295310.958241569576785, 0.0 ], [ 393304.993166848202236, 295326.100300622871146, 0.0 ], [ 393292.01812306715874, 295341.242376768670511, 0.0 ], [ 393279.043121723458171, 295356.384470004879404, 0.0 ], [ 393266.068162903073244, 295371.526580334233586, 0.0 ], [ 393240.777587070129812, 295370.985692515736446, 0.0 ], [ 393215.487012764788233, 295370.444875570363365, 0.0 ], [ 393190.196439991530497, 295369.904129496077076, 0.0 ], [ 393164.905868745525368, 295369.363454294216353, 0.0 ], [ 393139.615299121534918, 295368.822849964781199, 0.0 ], [ 393114.324730931664817, 295368.282316504977643, 0.0 ], [ 393089.034164275391959, 295367.741853916901164, 0.0 ], [ 393063.743599145673215, 295367.201462201250251, 0.0 ], [ 393038.453035637096036, 295366.661141358083114, 0.0 ], [ 393026.136992923682556, 295350.978436020202935, 0.0 ], [ 393026.795466540497728, 295320.153293949260842, 0.0 ], [ 393014.479334417381324, 295304.470609109965153, 0.0 ], [ 392989.1886011143215, 295303.930433732050005, 0.0 ], [ 392963.897869337117299, 295303.390329227375332, 0.0 ], [ 392950.923398488550447, 295318.532871332252398, 0.0 ], [ 392937.94897007587133, 295333.675430531031452, 0.0 ], [ 392912.658327826648019, 295333.135465907456819, 0.0 ], [ 392887.367687009798829, 295332.595572152757086, 0.0 ], [ 392862.077047722530551, 295332.055749268387444, 0.0 ], [ 392836.786409964552149, 295331.515997255744878, 0.0 ], [ 392811.495773821487091, 295330.976316116284579, 0.0 ], [ 392786.20513911684975, 295330.436705845000688, 0.0 ], [ 392760.914505938708317, 295329.89716644474538, 0.0 ], [ 392735.623874284443446, 295329.357697914820164, 0.0 ], [ 392710.333244153880514, 295328.818300255923532, 0.0 ], [ 392685.042615644051693, 295328.278973470150959, 0.0 ], [ 392672.725933497305959, 295312.596778798208106, 0.0 ], [ 392660.40920740540605, 295296.914603080425877, 0.0 ], [ 392635.118495477014221, 295296.375419892021455, 0.0 ], [ 392622.80168301804224, 295280.693299502832815, 0.0 ], [ 392623.458765483112074, 295249.868189655418973, 0.0 ], [ 392611.141863622935489, 295234.186089749156963, 0.0 ], [ 392598.824917823541909, 295218.504008797055576, 0.0 ], [ 392586.507928173232358, 295202.821946799813304, 0.0 ], [ 392561.216961685800925, 295202.282981798052788, 0.0 ], [ 392535.925996720907278, 295201.744087666564155, 0.0 ], [ 392510.635033282975201, 295201.205264404707123, 0.0 ], [ 392485.344071364728734, 295200.666512012481689, 0.0 ], [ 392460.053111065761186, 295200.127830491226632, 0.0 ], [ 392447.735865252907388, 295184.445969263848383, 0.0 ], [ 392435.418575497344136, 295168.764126986265182, 0.0 ], [ 392423.101241804019082, 295153.082303662900813, 0.0 ], [ 392410.783864170662127, 295137.400499303475954, 0.0 ], [ 392398.466442595585249, 295121.718713882670272, 0.0 ], [ 392386.148977083328646, 295106.03694741387153, 0.0 ], [ 392373.831467629526742, 295090.355199897720013, 0.0 ], [ 392374.487659131875262, 295059.530115977977403, 0.0 ], [ 392362.170060381933581, 295043.848388955404516, 0.0 ], [ 392349.852417598478496, 295028.166680884140078, 0.0 ], [ 392350.50851366709685, 294997.341601280379109, 0.0 ], [ 392338.190781496465206, 294981.65991370199481, 0.0 ], [ 392325.873005385743454, 294965.978245073463768, 0.0 ], [ 392313.555185342091136, 294950.296595396241173, 0.0 ], [ 392301.237321356427856, 294934.61496467172401, 0.0 ], [ 392288.919413433759473, 294918.933352897118311, 0.0 ], [ 392276.601461576414295, 294903.251760073064361, 0.0 ], [ 392264.283465782413259, 294887.570186200318858, 0.0 ], [ 392251.965426142036449, 294871.888631292327773, 0.0 ], [ 392239.647342472919263, 294856.207095322140958, 0.0 ], [ 392227.329214870114811, 294840.525578301865608, 0.0 ], [ 392215.011043331527617, 294824.844080233597197, 0.0 ], [ 392189.719063218566589, 294824.306200534163509, 0.0 ], [ 392177.400805318611674, 294808.624757776036859, 0.0 ], [ 392165.082503488054499, 294792.943333969276864, 0.0 ], [ 392152.764157717814669, 294777.261929112311918, 0.0 ], [ 392153.419526603654958, 294746.436874145991169, 0.0 ], [ 392141.10109154478414, 294730.755489781906363, 0.0 ], [ 392128.127334465505555, 294745.899176250968594, 0.0 ], [ 392115.153619824035559, 294761.042879816028289, 0.0 ], [ 392089.86147306219209, 294760.505287288571708, 0.0 ], [ 392064.569327822304331, 294759.967765627894551, 0.0 ], [ 392039.27718410367379, 294759.430314831843134, 0.0 ], [ 392026.958580866572447, 294743.749093317368533, 0.0 ], [ 392014.639933600672521, 294728.067890750593506, 0.0 ], [ 391989.347706556960475, 294727.530583539861254, 0.0 ], [ 391964.055481036426499, 294726.99334719311446, 0.0 ], [ 391951.736704990384169, 294711.312236305326223, 0.0 ], [ 391939.417885013739578, 294695.631144356157165, 0.0 ], [ 391927.099021101603284, 294679.950071356084663, 0.0 ], [ 391914.780113351647742, 294664.269017306680325, 0.0 ], [ 391889.487719657598063, 294663.731997261522338, 0.0 ], [ 391877.168725459720008, 294648.050998515216634, 0.0 ], [ 391864.849687327281572, 294632.370018721558154, 0.0 ], [ 391839.557210308033973, 294631.83314225601498, 0.0 ], [ 391814.26473481109133, 294631.296336655155756, 0.0 ], [ 391801.945567994029261, 294615.615448526397813, 0.0 ], [ 391789.626357152708806, 294599.934579346037935, 0.0 ], [ 391777.307102384627797, 294584.253729112795554, 0.0 ], [ 391764.987803680531215, 294568.57289783860324, 0.0 ], [ 391739.695160011004191, 294568.036308532289695, 0.0 ], [ 391714.402517862909008, 294567.499790089903399, 0.0 ], [ 391689.109877321869135, 294566.96334251225926, 0.0 ], [ 391663.817238211398944, 294566.426965796388686, 0.0 ], [ 391651.497725887398701, 294550.746298888523597, 0.0 ], [ 391639.178169633145444, 294535.065650929114781, 0.0 ], [ 391626.205045872949995, 294550.210029392619617, 0.0 ], [ 391613.231964541249909, 294565.354424954333808, 0.0 ], [ 391587.939329983608332, 294564.818260826752521, 0.0 ], [ 391562.646697036456317, 294564.282167565950658, 0.0 ], [ 391549.673746019601822, 294579.426649227389134, 0.0 ], [ 391536.700837438227609, 294594.57114799687406, 0.0 ], [ 391511.408293799613602, 294594.035194610827602, 0.0 ], [ 391498.43547159031732, 294609.179744984256104, 0.0 ], [ 391485.462691817316227, 294624.324312457989436, 0.0 ], [ 391472.489954478456639, 294639.468897028418723, 0.0 ], [ 391459.517259664193261, 294654.613498700549826, 0.0 ], [ 391434.224893300852273, 294654.077754206489772, 0.0 ], [ 391408.932528458652087, 294653.542080576298758, 0.0 ], [ 391395.959963870234787, 294668.686768357409164, 0.0 ], [ 391382.987441714212764, 294683.831473238766193, 0.0 ], [ 391370.014961997861974, 294698.976195219729561, 0.0 ], [ 391382.334713791147806, 294714.656469884037506, 0.0 ], [ 391394.654421658138745, 294730.336763508094009, 0.0 ], [ 391406.974085591966286, 294746.017076078511309, 0.0 ], [ 391419.293705596996006, 294761.697407595987897, 0.0 ], [ 391418.64083685586229, 294792.5224100924097, 0.0 ], [ 391417.98796360695269, 294823.347413813869935, 0.0 ], [ 391430.307448800420389, 294839.02776735444786, 0.0 ], [ 391442.626890066429041, 294854.708139839174692, 0.0 ], [ 391441.973921433382202, 294885.533147851121612, 0.0 ], [ 391441.320948291860987, 294916.358157102949917, 0.0 ], [ 391440.667970642098226, 294947.183167580515146, 0.0 ], [ 391452.987231658422388, 294962.863563626422547, 0.0 ], [ 391465.306448648567311, 294978.543978615838569, 0.0 ], [ 391477.625621795596089, 294994.224412544514053, 0.0 ], [ 391489.944751008530147, 295009.904865431541111, 0.0 ], [ 391502.263836289639585, 295025.585337266325951, 0.0 ], [ 391514.582877634034958, 295041.265828048170079, 0.0 ], [ 391513.929622833325993, 295072.090848977561109, 0.0 ], [ 391513.276363522571046, 295102.915871134086046, 0.0 ], [ 391512.623099702235777, 295133.740894504997414, 0.0 ], [ 391524.941960786760319, 295149.421408846566919, 0.0 ], [ 391537.260777935502119, 295165.101942137989681, 0.0 ], [ 391536.60741871985374, 295195.926969822729006, 0.0 ], [ 391548.926146492012776, 295211.607523598533589, 0.0 ], [ 391561.244830327690579, 295227.288096323492937, 0.0 ], [ 391573.563470131834038, 295242.968687994114589, 0.0 ], [ 391585.882066094200127, 295258.649298613134306, 0.0 ], [ 391598.200618117232807, 295274.329928171413485, 0.0 ], [ 391610.519126205181237, 295290.010576687403955, 0.0 ], [ 391609.865489814663306, 295320.835614825366065, 0.0 ], [ 391609.211848912062123, 295351.660654188424814, 0.0 ], [ 391608.558203497203067, 295382.485694779315963, 0.0 ], [ 391620.87653130677063, 295398.166366857127286, 0.0 ], [ 391633.194815182534512, 295413.84705787274288, 0.0 ], [ 391632.541074363165535, 295444.672102765471209, 0.0 ], [ 391631.88732903113123, 295475.497148883179761, 0.0 ], [ 391644.205478074378334, 295491.177861936099362, 0.0 ], [ 391656.523583175614476, 295506.858593934623059, 0.0 ], [ 391655.86974243610166, 295537.683644355565775, 0.0 ], [ 391642.897882977616973, 295552.827960916387383, 0.0 ], [ 391629.92606595880352, 295567.972294585953932, 0.0 ], [ 391616.954291382455267, 295583.116645357164089, 0.0 ], [ 391603.982559253578074, 295598.261013227282092, 0.0 ], [ 391591.0108695627423, 295613.40539819910191, 0.0 ], [ 391578.03922231728211, 295628.549800270528067, 0.0 ], [ 391565.067617512715515, 295643.694219441444147, 0.0 ], [ 391552.096055246598553, 295658.83865571412025, 0.0 ], [ 391539.124535328999627, 295673.983109087042976, 0.0 ], [ 391526.15305785543751, 295689.127579548978247, 0.0 ], [ 391513.18162282789126, 295704.272067123849411, 0.0 ], [ 391500.210230244440027, 295719.416571798326913, 0.0 ], [ 391499.556876228307374, 295750.241619715408888, 0.0 ], [ 391498.903517702594399, 295781.066668857529294, 0.0 ], [ 391498.250154667184688, 295811.891719228180591, 0.0 ], [ 391497.596787122485694, 295842.716770812578034, 0.0 ], [ 391496.943415067973547, 295873.541823636158369, 0.0 ], [ 391483.972269623249304, 295888.686343860870693, 0.0 ], [ 391471.001166622154415, 295903.830881186528131, 0.0 ], [ 391470.347871937963646, 295934.655934616283048, 0.0 ], [ 391469.694572745123878, 295965.480989261122886, 0.0 ], [ 391469.041269043053035, 295996.306045145203825, 0.0 ], [ 391468.387960832100362, 296027.131102255021688, 0.0 ], [ 391480.705546409881208, 296042.811624815687537, 0.0 ], [ 391493.023088040878065, 296058.492166327603627, 0.0 ], [ 391492.369684419769328, 296089.317227736406494, 0.0 ], [ 391504.687136655324139, 296104.997789719956927, 0.0 ], [ 391517.004544945433736, 296120.67837066471111, 0.0 ], [ 391516.351045911898836, 296151.503436375991441, 0.0 ], [ 391515.697542368085124, 296182.328503313765395, 0.0 ], [ 391515.044034314458258, 296213.153571478673257, 0.0 ], [ 391514.390521751076449, 296243.97864085866604, 0.0 ], [ 391501.419823648640886, 296259.123122847289778, 0.0 ], [ 391476.131944526103325, 296258.587069673580118, 0.0 ], [ 391463.161332826130092, 296273.731603279535193, 0.0 ], [ 391450.190763578168117, 296288.876153988647275, 0.0 ], [ 391437.220236779889092, 296304.020721800101455, 0.0 ], [ 391436.566969877865631, 296334.845789333397988, 0.0 ], [ 391435.913698467658833, 296365.670858091674745, 0.0 ], [ 391435.260422549559735, 296396.495928067946807, 0.0 ], [ 391434.607142123102676, 296427.320999279909302, 0.0 ], [ 391433.953857188578695, 296458.14607172110118, 0.0 ], [ 391433.300567745929584, 296488.971145386632998, 0.0 ], [ 391420.33032916020602, 296504.115728448843583, 0.0 ], [ 391395.043145762756467, 296503.579873136768583, 0.0 ], [ 391369.755963883770164, 296503.044088704220485, 0.0 ], [ 391356.785855574067682, 296518.188757899450138, 0.0 ], [ 391343.81578971457202, 296533.333444186428096, 0.0 ], [ 391318.528697263333015, 296532.797799666179344, 0.0 ], [ 391305.558717905776575, 296547.942537588241976, 0.0 ], [ 391292.588780908321496, 296563.087292611249723, 0.0 ], [ 391279.618886366020888, 296578.232064739509951, 0.0 ], [ 391278.966097305004951, 296609.057132245216053, 0.0 ], [ 391278.313303739647381, 296639.882200979453046, 0.0 ], [ 391277.660505670006387, 296670.707270927377976, 0.0 ], [ 391277.00770309579093, 296701.532342116639484, 0.0 ], [ 391276.354896017175633, 296732.357414529542439, 0.0 ], [ 391288.671733279596083, 296748.037717894476373, 0.0 ], [ 391300.988526593777351, 296763.71804020710988, 0.0 ], [ 391300.335624100873247, 296794.543116909102537, 0.0 ], [ 391312.652327916002832, 296810.223459705419373, 0.0 ], [ 391324.968987872474827, 296825.903821451647673, 0.0 ], [ 391324.31598996242974, 296856.728902463160921, 0.0 ], [ 391336.632560506346636, 296872.409284693712834, 0.0 ], [ 391348.949087102839258, 296888.089685874874704, 0.0 ], [ 391348.295993773557711, 296918.914771183975972, 0.0 ], [ 391347.642895938362926, 296949.739857711014338, 0.0 ], [ 391334.673403372406028, 296964.884539687715005, 0.0 ], [ 391321.703953267657198, 296980.029238770366646, 0.0 ], [ 391321.050932830141392, 297010.854325918422546, 0.0 ], [ 391320.397907887236215, 297041.679414294369053, 0.0 ], [ 391332.714205686468631, 297057.359805738204159, 0.0 ], [ 391345.030459536705166, 297073.040216121356934, 0.0 ], [ 391357.346669430262409, 297088.720645464258268, 0.0 ], [ 391382.63220959098544, 297089.256464947073255, 0.0 ], [ 391394.948333082953468, 297104.936949605122209, 0.0 ], [ 391407.264412620279472, 297120.617453210928943, 0.0 ], [ 391432.549869304406457, 297121.153416302404366, 0.0 ], [ 391444.865862434788141, 297136.833975222660229, 0.0 ], [ 391457.181811612215824, 297152.514553094166331, 0.0 ], [ 391469.497716832032893, 297168.195149913488422, 0.0 ], [ 391456.528291121358052, 297183.339657135074958, 0.0 ], [ 391443.558907866536174, 297198.484181459760293, 0.0 ], [ 391442.905423820135184, 297229.309286408417393, 0.0 ], [ 391455.221236613986548, 297244.989868886943441, 0.0 ], [ 391467.537005449121352, 297260.670470314682461, 0.0 ], [ 391466.883425970328972, 297291.495579572976567, 0.0 ], [ 391479.199105386505835, 297307.176201487833168, 0.0 ], [ 391491.514740845595952, 297322.856842351902742, 0.0 ], [ 391490.861065932433121, 297353.68195589852985, 0.0 ], [ 391503.176611973205581, 297369.362617249134928, 0.0 ], [ 391515.492114056309219, 297385.043297551688738, 0.0 ], [ 391527.807572086341679, 297400.723996802698821, 0.0 ], [ 391540.12298625317635, 297416.404715006414335, 0.0 ], [ 391552.438356459140778, 297432.085452162194997, 0.0 ], [ 391564.753682708833367, 297447.766208266373724, 0.0 ], [ 391564.099730499787256, 297478.591332266922109, 0.0 ], [ 391576.414967320743017, 297494.27210884768283, 0.0 ], [ 391588.730160186765715, 297509.952904390345793, 0.0 ], [ 391588.07611253473442, 297540.778032690577675, 0.0 ], [ 391575.106958437419962, 297555.922363600577228, 0.0 ], [ 391549.822702418488916, 297555.385949366667774, 0.0 ], [ 391524.538447910919785, 297554.849606018571649, 0.0 ], [ 391499.25419500930002, 297554.313333559955936, 0.0 ], [ 391473.969943528296426, 297553.777131986513268, 0.0 ], [ 391448.685693562671077, 297553.241001298301853, 0.0 ], [ 391435.716801762697287, 297568.385521919524763, 0.0 ], [ 391422.747952426900156, 297583.530059645301662, 0.0 ], [ 391397.463791998219676, 297582.99406888987869, 0.0 ], [ 391384.495029088982847, 297598.138658243638929, 0.0 ], [ 391383.841659279947635, 297628.963775456184521, 0.0 ], [ 391383.188284963718615, 297659.788893903663848, 0.0 ], [ 391382.534906140645035, 297690.614013581129257, 0.0 ], [ 391381.881522810552269, 297721.439134485088289, 0.0 ], [ 391381.22813497367315, 297752.264256616181228, 0.0 ], [ 391393.543259790341835, 297767.944792458205484, 0.0 ], [ 391405.858340552775189, 297783.625347260094713, 0.0 ], [ 391418.173377444094513, 297799.305921014631167, 0.0 ], [ 391430.488370373728685, 297814.986513719777577, 0.0 ], [ 391442.803319343714975, 297830.667125375533942, 0.0 ], [ 391455.118224349222146, 297846.347755981842056, 0.0 ], [ 391467.433085392345674, 297862.028405540855601, 0.0 ], [ 391479.747902472969145, 297877.709074048325419, 0.0 ], [ 391492.062675593071617, 297893.389761508558877, 0.0 ], [ 391504.377404750499409, 297909.070467909390572, 0.0 ], [ 391516.692089849384502, 297924.751193269330543, 0.0 ], [ 391541.975307260639966, 297925.287558755255304, 0.0 ], [ 391554.28990603343118, 297940.968339437386021, 0.0 ], [ 391566.604460837843362, 297956.649139069486409, 0.0 ], [ 391578.9189716828987, 297972.32995765353553, 0.0 ], [ 391591.23343856370775, 297988.010795190290082, 0.0 ], [ 391603.547861477942206, 298003.69165167765459, 0.0 ], [ 391602.893655209918506, 298034.516801450052299, 0.0 ], [ 391589.925112458120566, 298049.661092878377531, 0.0 ], [ 391576.956612169567961, 298064.805401424004231, 0.0 ], [ 391563.988154346938245, 298079.94972707843408, 0.0 ], [ 391551.019738995062653, 298095.094069838058203, 0.0 ], [ 391538.05136610486079, 298110.238429705786984, 0.0 ], [ 391512.768667274038307, 298109.702053152024746, 0.0 ], [ 391499.80038091755705, 298124.846464654139709, 0.0 ], [ 391486.832136932876892, 298139.990893257898279, 0.0 ], [ 391461.549527559080161, 298139.454656644084025, 0.0 ], [ 391448.581370015977882, 298154.599136881472077, 0.0 ], [ 391435.613254940137267, 298169.743634227663279, 0.0 ], [ 391410.330735022900626, 298169.207537551643327, 0.0 ], [ 391385.048216709983535, 298168.671511769993231, 0.0 ], [ 391359.765699813666288, 298168.135556877823547, 0.0 ], [ 391334.483184433251154, 298167.599672877171542, 0.0 ], [ 391309.200670561636798, 298167.063859767338727, 0.0 ], [ 391283.918158203247003, 298166.528117549838498, 0.0 ], [ 391258.635647443530615, 298165.99244622461265, 0.0 ], [ 391246.320901407336351, 298150.312072247790638, 0.0 ], [ 391234.00611140683759, 298134.631717220938299, 0.0 ], [ 391221.691277439706028, 298118.951381146733183, 0.0 ], [ 391209.376399510889314, 298103.27106402098434, 0.0 ], [ 391197.061477618291974, 298087.590765845845453, 0.0 ], [ 391184.746511759818532, 298071.910486621316522, 0.0 ], [ 391171.778755975072272, 298087.055347241344862, 0.0 ], [ 391158.811042750254273, 298102.200224970874842, 0.0 ], [ 391145.84337189811049, 298117.345119809906464, 0.0 ], [ 391132.875743513810448, 298132.490031756286044, 0.0 ], [ 391119.908157599798869, 298147.634960813564248, 0.0 ], [ 391119.255570993642323, 298178.460081699828152, 0.0 ], [ 391118.602979886520188, 298209.285203823819757, 0.0 ], [ 391105.635518370545469, 298224.430149377381895, 0.0 ], [ 391092.668099328118842, 298239.575112040387467, 0.0 ], [ 391092.015585653658491, 298270.400234779750463, 0.0 ], [ 391079.048250042949803, 298285.54521424707491, 0.0 ], [ 391066.080956901714671, 298300.690210825297982, 0.0 ], [ 391065.428520662593655, 298331.515334170078859, 0.0 ], [ 391052.461310961458366, 298346.66034754976863, 0.0 ], [ 391039.494143820891622, 298361.80537804600317, 0.0 ], [ 391026.52701906056609, 298376.950425647490192, 0.0 ], [ 391013.559936768317129, 298392.095490360574331, 0.0 ], [ 391012.907659904565662, 298422.92061372025637, 0.0 ], [ 391012.255378542467952, 298453.745738309924491, 0.0 ], [ 391011.603092682547867, 298484.570864114037249, 0.0 ], [ 391023.917720737634227, 298500.250927669228986, 0.0 ], [ 391036.232304823584855, 298515.931010172236711, 0.0 ], [ 391048.546844852156937, 298531.611111623002216, 0.0 ], [ 391060.861341003677808, 298547.291232026473153, 0.0 ], [ 391060.208868769113906, 298578.116365205612965, 0.0 ], [ 391072.523275485844351, 298593.796506079961546, 0.0 ], [ 391084.837638234253973, 298609.47666591766756, 0.0 ], [ 391097.151957009802572, 298625.156844705285039, 0.0 ], [ 391109.466231821337715, 298640.837042442697566, 0.0 ], [ 391108.813573205494322, 298671.662182981963269, 0.0 ], [ 391121.127758574788459, 298687.342401205911301, 0.0 ], [ 391133.441899977216963, 298703.022638376220129, 0.0 ], [ 391132.789145917631686, 298733.847783200326376, 0.0 ], [ 391145.103197878459468, 298749.528040856355801, 0.0 ], [ 391157.41720577434171, 298765.208317462995183, 0.0 ], [ 391156.764356268104166, 298796.033466593828052, 0.0 ], [ 391156.111502260318957, 298826.858616952551529, 0.0 ], [ 391143.144772274245042, 298842.003487332549412, 0.0 ], [ 391117.864170627784915, 298841.468129981483798, 0.0 ], [ 391104.897527000808623, 298856.613051998661831, 0.0 ], [ 391091.930925846449099, 298871.757991117541678, 0.0 ], [ 391066.650413667026442, 298871.222773719811812, 0.0 ], [ 391041.369902993261348, 298870.687627218547277, 0.0 ], [ 391016.089393920032308, 298870.152551617415156, 0.0 ], [ 390990.808886264101602, 298869.617546909896191, 0.0 ], [ 390965.528380113246385, 298869.082613098260481, 0.0 ], [ 390940.247875467350241, 298868.547750183090102, 0.0 ], [ 390914.96737242344534, 298868.012958166596945, 0.0 ], [ 390889.686870796023868, 298867.478237044473644, 0.0 ], [ 390864.406370673095807, 298866.943586818873882, 0.0 ], [ 390851.440207784995437, 298882.088853823544923, 0.0 ], [ 390838.474087372946087, 298897.234137941268273, 0.0 ], [ 390825.508009434619453, 298912.379439171985723, 0.0 ], [ 390812.541973974788561, 298927.524757515755482, 0.0 ], [ 390787.261651355074719, 298926.990316308860201, 0.0 ], [ 390761.981330148526467, 298926.455945994879585, 0.0 ], [ 390749.015425115241669, 298941.601350512064528, 0.0 ], [ 390761.329795815283433, 298957.281073394406121, 0.0 ], [ 390773.644122542697005, 298972.960815225844271, 0.0 ], [ 390785.958405301906168, 298988.640576008649077, 0.0 ], [ 390798.272644086042419, 299004.320355727162678, 0.0 ], [ 390797.620968849514611, 299035.145488952985033, 0.0 ], [ 390796.969289119821042, 299065.970623405301012, 0.0 ], [ 390796.317604897078127, 299096.795759087603074, 0.0 ], [ 390795.665916181111243, 299127.620895998494234, 0.0 ], [ 390807.979929023305885, 299143.300700794206932, 0.0 ], [ 390820.293897980824113, 299158.980524552520365, 0.0 ], [ 390819.642113827285357, 299189.805665755295195, 0.0 ], [ 390818.990325180115178, 299220.630808187357616, 0.0 ], [ 390818.338532039313577, 299251.455951845855452, 0.0 ], [ 390805.372947338502854, 299266.601266848738305, 0.0 ], [ 390792.407405205653049, 299281.746598955418449, 0.0 ], [ 390779.441905466723256, 299296.891948184347712, 0.0 ], [ 390766.476448203087784, 299312.037314527668059, 0.0 ], [ 390778.79023077286547, 299327.717092162230983, 0.0 ], [ 390791.103969363961369, 299343.396888745191973, 0.0 ], [ 390790.452244703657925, 299374.222035483282525, 0.0 ], [ 390789.800515550305136, 299405.047183451417368, 0.0 ], [ 390776.835179735440761, 299420.192531455249991, 0.0 ], [ 390751.556241750018671, 299419.658131774398498, 0.0 ], [ 390738.590992391866166, 299434.803531438810751, 0.0 ], [ 390725.625785517506301, 299449.948948216275312, 0.0 ], [ 390712.660621124668978, 299465.094382110342849, 0.0 ], [ 390699.695499211316928, 299480.239833117404487, 0.0 ], [ 390686.73041978222318, 299495.385301240312401, 0.0 ], [ 390673.765382925572339, 299510.530786482617259, 0.0 ], [ 390648.486710328550544, 299509.99666490132222, 0.0 ], [ 390635.521759844792541, 299525.142201789363753, 0.0 ], [ 390634.870526977232657, 299555.967344879929442, 0.0 ], [ 390634.21928962005768, 299586.792489212588407, 0.0 ], [ 390621.254463588353246, 299601.938042610301636, 0.0 ], [ 390608.28968003753107, 299617.083613124617841, 0.0 ], [ 390607.638520161737688, 299647.9087580825435, 0.0 ], [ 390594.673820082680322, 299663.054345409618691, 0.0 ], [ 390581.709162485203706, 299678.199949853937142, 0.0 ], [ 390568.744547376816627, 299693.345571403508075, 0.0 ], [ 390543.466399640135933, 299692.811722431099042, 0.0 ], [ 390530.501870993233752, 299707.957395644800272, 0.0 ], [ 390517.537384835595731, 299723.103085973649286, 0.0 ], [ 390492.259326472994871, 299722.569376972271129, 0.0 ], [ 390466.981269617332146, 299722.035738872364163, 0.0 ], [ 390454.01691390608903, 299737.181515388074331, 0.0 ], [ 390441.052600767929107, 299752.327309023879934, 0.0 ], [ 390428.088330029509962, 299767.473119775531814, 0.0 ], [ 390415.124101771973073, 299782.618947641691193, 0.0 ], [ 390402.15991600236157, 299797.7647926278878, 0.0 ], [ 390389.195772716309875, 299812.910654730687384, 0.0 ], [ 390376.231671916553751, 299828.056533940078225, 0.0 ], [ 390375.581258795573376, 299858.881671012437437, 0.0 ], [ 390362.617241476778872, 299874.027567050245125, 0.0 ], [ 390349.653266640030779, 299889.173480206693057, 0.0 ], [ 390336.689334292546846, 299904.319410479743965, 0.0 ], [ 390323.725444522453472, 299919.465357872948516, 0.0 ], [ 390310.761597149190493, 299934.611322383396327, 0.0 ], [ 390297.79779226105893, 299949.757304013182875, 0.0 ], [ 390284.834029863122851, 299964.903302748280112, 0.0 ], [ 390259.556676725158468, 299964.370217229123227, 0.0 ], [ 390234.279325087321922, 299963.837202614289708, 0.0 ], [ 390221.31569314544322, 299978.98328755388502, 0.0 ], [ 390220.665776407753583, 300009.808419794077054, 0.0 ], [ 390207.702228033100255, 300024.95452155568637, 0.0 ], [ 390194.738722059177235, 300040.100640435295645, 0.0 ], [ 390181.775258571724407, 300055.246776432148181, 0.0 ], [ 390168.81183757330291, 300070.392929550551344, 0.0 ], [ 390155.848459068452939, 300085.539099786954466, 0.0 ], [ 390142.885123048443347, 300100.685287142754532, 0.0 ], [ 390129.921829520491883, 300115.831491607998032, 0.0 ], [ 390116.958578479709104, 300130.977713203290477, 0.0 ], [ 390103.995369933312759, 300146.123951919435058, 0.0 ], [ 390091.032203962793574, 300161.270207756373566, 0.0 ], [ 390078.069080394401681, 300176.416480711952318, 0.0 ], [ 390065.105999316554517, 300191.562770787684713, 0.0 ], [ 390052.142960726923775, 300206.709077984211035, 0.0 ], [ 390026.866312826517969, 300206.176615983364172, 0.0 ], [ 390013.903360716532916, 300221.322974839771632, 0.0 ], [ 390000.940451093250886, 300236.469350804982241, 0.0 ], [ 389975.663892749580555, 300235.937028790765908, 0.0 ], [ 389962.701069606118836, 300251.083456427091733, 0.0 ], [ 389962.051977268070914, 300281.908581461466383, 0.0 ], [ 389949.089237610518467, 300297.055025920504704, 0.0 ], [ 389936.126540445024148, 300312.201487501792144, 0.0 ], [ 389923.163885773916263, 300327.347966203931719, 0.0 ], [ 389897.887591248960234, 300326.815851428895257, 0.0 ], [ 389872.611298216157593, 300326.283807558938861, 0.0 ], [ 389859.648774099303409, 300341.430372466275003, 0.0 ], [ 389846.686292382597458, 300356.576954493066296, 0.0 ], [ 389821.410088815493509, 300356.045050611835904, 0.0 ], [ 389808.447693578724284, 300371.191684291348793, 0.0 ], [ 389795.485340830171481, 300386.338335102365818, 0.0 ], [ 389770.209226730745286, 300385.806571209861431, 0.0 ], [ 389757.895378906512633, 300370.128158330509905, 0.0 ], [ 389745.581487192655914, 300354.449764410965145, 0.0 ], [ 389720.305289611569606, 300353.918144156166818, 0.0 ], [ 389695.029093528108206, 300353.386594807088841, 0.0 ], [ 389669.752898937673308, 300352.855116365884896, 0.0 ], [ 389644.476705842302181, 300352.323708831099793, 0.0 ], [ 389631.514618582441472, 300367.47058430017205, 0.0 ], [ 389618.552573723485693, 300382.617476902145427, 0.0 ], [ 389593.276470092649106, 300382.086209356843028, 0.0 ], [ 389568.000367953791283, 300381.555012717959471, 0.0 ], [ 389542.724267311394215, 300381.023886986193247, 0.0 ], [ 389529.762396897305734, 300396.17090033745626, 0.0 ], [ 389516.800569072249345, 300411.317930814402644, 0.0 ], [ 389503.838783646700904, 300426.46497841225937, 0.0 ], [ 389490.877040718216449, 300441.612043135100976, 0.0 ], [ 389465.601117504062131, 300441.081126478675287, 0.0 ], [ 389452.639461051556282, 300456.228242869197857, 0.0 ], [ 389439.677847094251774, 300471.375376381271053, 0.0 ], [ 389426.716275634476915, 300486.522527018387336, 0.0 ], [ 389413.754746667924337, 300501.66969476849772, 0.0 ], [ 389400.793260291626211, 300516.816879656456877, 0.0 ], [ 389387.831816316349432, 300531.964081665908452, 0.0 ], [ 389374.870414839242585, 300547.111300801159814, 0.0 ], [ 389361.909055858268403, 300562.258537061454263, 0.0 ], [ 389348.9477393735433, 300577.405790444696322, 0.0 ], [ 389335.986465383088216, 300592.553060955135152, 0.0 ], [ 389323.025233889347874, 300607.700348588521592, 0.0 ], [ 389310.0640448970953, 300622.84765334695112, 0.0 ], [ 389284.788651072594803, 300622.31722212349996, 0.0 ], [ 389259.513258651713841, 300621.786861805769149, 0.0 ], [ 389246.552200120931957, 300636.934252769511659, 0.0 ], [ 389233.591184089775197, 300652.081660868192557, 0.0 ], [ 389220.630210553761572, 300667.229086093313526, 0.0 ], [ 389207.669279517838731, 300682.376528442837298, 0.0 ], [ 389194.708390979911201, 300697.52398791955784, 0.0 ], [ 389194.061825926881284, 300728.349076753656846, 0.0 ], [ 389181.101020896574482, 300743.496553062228486, 0.0 ], [ 389168.140258457395248, 300758.64404650015058, 0.0 ], [ 389155.179538426920772, 300773.791557050426491, 0.0 ], [ 389142.218860895256512, 300788.939084737037774, 0.0 ], [ 389129.258225860365201, 300804.086629551602527, 0.0 ], [ 389116.297633327136282, 300819.234191492607351, 0.0 ], [ 389115.651309895911254, 300850.059279801265802, 0.0 ], [ 389102.690800876123831, 300865.206858575576916, 0.0 ], [ 389077.416110722813755, 300864.676980076648761, 0.0 ], [ 389064.455688186339103, 300879.824610524286982, 0.0 ], [ 389051.495308245066553, 300894.97225810267264, 0.0 ], [ 389026.22070755274035, 300894.442519606614951, 0.0 ], [ 389000.94610834971536, 300893.912852019828279, 0.0 ], [ 388987.985858787898906, 300909.060585804865696, 0.0 ], [ 388975.025651724252384, 300924.208336728450377, 0.0 ], [ 388949.751141983666457, 300923.67880914604757, 0.0 ], [ 388936.791021499317139, 300938.826611746451817, 0.0 ], [ 388923.830943423497956, 300953.974431474052835, 0.0 ], [ 388898.556523142731749, 300953.445043895277195, 0.0 ], [ 388873.282104347716086, 300952.915727227868047, 0.0 ], [ 388860.322156744543463, 300968.063633177021984, 0.0 ], [ 388847.362251647748053, 300983.211556255468167, 0.0 ], [ 388834.402389048249461, 300998.359496462566312, 0.0 ], [ 388821.442569043370895, 301013.507453800411895, 0.0 ], [ 388808.482791448186617, 301028.655428263999056, 0.0 ], [ 388795.523056360310875, 301043.803419846924953, 0.0 ], [ 388782.563363770197611, 301058.951428569154814, 0.0 ], [ 388769.603713682852685, 301074.099454418581445, 0.0 ], [ 388744.329648264101706, 301073.570485045667738, 0.0 ], [ 388731.370084668044001, 301088.718562575464603, 0.0 ], [ 388730.725018446566537, 301119.543634747562464, 0.0 ], [ 388717.765538372274023, 301134.691729114972986, 0.0 ], [ 388704.806100896676071, 301149.839840614469722, 0.0 ], [ 388691.8467058299575, 301164.98796924186172, 0.0 ], [ 388678.887353270081803, 301180.136114986496978, 0.0 ], [ 388678.242446689866483, 301210.961187231587246, 0.0 ], [ 388665.283177653793246, 301226.109349827980623, 0.0 ], [ 388652.323951122467406, 301241.257529554422945, 0.0 ], [ 388651.67912214435637, 301272.08260245306883, 0.0 ], [ 388651.034288723603822, 301302.907676582457498, 0.0 ], [ 388663.348554322379641, 301318.584573076455854, 0.0 ], [ 388675.662775936652906, 301334.261488523858134, 0.0 ], [ 388675.017847140145022, 301365.086566933081485, 0.0 ], [ 388687.33197930076858, 301380.763502846471965, 0.0 ], [ 388699.646067478868645, 301396.440457701217383, 0.0 ], [ 388699.001043304277118, 301427.265540387481451, 0.0 ], [ 388711.31504193431465, 301442.942515706061386, 0.0 ], [ 388736.588068004057277, 301443.471435922256205, 0.0 ], [ 388748.901980238151737, 301459.148466538288631, 0.0 ], [ 388761.21584848605562, 301474.825516109878663, 0.0 ], [ 388786.488791038049385, 301475.354579965933226, 0.0 ], [ 388811.761735071893781, 301475.883714736904949, 0.0 ], [ 388837.034680504584685, 301476.412920419941656, 0.0 ], [ 388849.348377254325897, 301492.09009802446235, 0.0 ], [ 388861.662030021892861, 301507.767294571734965, 0.0 ], [ 388873.975638800067827, 301523.444510063971393, 0.0 ], [ 388886.289203593390994, 301539.12174449901795, 0.0 ], [ 388911.56198058789596, 301539.651166554540396, 0.0 ], [ 388923.875458890281152, 301555.32845629833173, 0.0 ], [ 388936.188893112353981, 301571.00576498353621, 0.0 ], [ 388961.461586587189231, 301571.535330684506334, 0.0 ], [ 388986.734281552257016, 301572.064967298996635, 0.0 ], [ 388999.047586869099177, 301587.742367660335731, 0.0 ], [ 389011.360848200158216, 301603.419786955986638, 0.0 ], [ 389036.633459645847324, 301603.949567216681316, 0.0 ], [ 389061.906072487472557, 301604.479418390896171, 0.0 ], [ 389074.219204819644801, 301620.156929371936712, 0.0 ], [ 389086.532293165102601, 301635.834459297882859, 0.0 ], [ 389098.845337518898305, 301651.512008169433102, 0.0 ], [ 389111.158337883185595, 301667.189575985888951, 0.0 ], [ 389136.430782290408388, 301667.719643541087862, 0.0 ], [ 389148.743696160847321, 301683.397266667045187, 0.0 ], [ 389161.056565950857475, 301699.074908737966325, 0.0 ], [ 389173.369391843210906, 301714.752569755190052, 0.0 ], [ 389185.682173742679879, 301730.430249718716368, 0.0 ], [ 389197.994911651476286, 301746.107948627904989, 0.0 ], [ 389210.307605571928434, 301761.785666470008437, 0.0 ], [ 389222.62025549862301, 301777.463403269066475, 0.0 ], [ 389234.932861436216626, 301793.141159015824087, 0.0 ], [ 389247.245423377782572, 301808.818933706847019, 0.0 ], [ 389259.557941332110204, 301824.496727342775557, 0.0 ], [ 389271.870415201759897, 301840.174539922911208, 0.0 ], [ 389284.182845171890222, 301855.852371452900115, 0.0 ], [ 389296.495231144945137, 301871.530221927154344, 0.0 ], [ 389308.80757313023787, 301887.208091337059159, 0.0 ], [ 389321.119871122471523, 301902.885979703278281, 0.0 ], [ 389333.432125119259581, 301918.563887016498484, 0.0 ], [ 389345.744335122755729, 301934.241813278233167, 0.0 ], [ 389358.056501132785343, 301949.919758483418263, 0.0 ], [ 389370.368623151385691, 301965.597722636361141, 0.0 ], [ 389369.72118341026362, 301996.422876513679512, 0.0 ], [ 389382.033215858391486, 302012.100861135462765, 0.0 ], [ 389394.345204407116398, 302027.77886469574878, 0.0 ], [ 389393.697669242043048, 302058.604022852901835, 0.0 ], [ 389406.009568310983013, 302074.282046896871179, 0.0 ], [ 389418.321423387154937, 302089.960089885047637, 0.0 ], [ 389430.633234467706643, 302105.638151822378859, 0.0 ], [ 389442.945001548156142, 302121.31623270601267, 0.0 ], [ 389455.256724637409206, 302136.994332536007278, 0.0 ], [ 389467.568403728306293, 302152.672451314458158, 0.0 ], [ 389479.880038825562224, 302168.350589027977549, 0.0 ], [ 389505.151121454953682, 302168.881749435386155, 0.0 ], [ 389530.422205665847287, 302169.412980764871463, 0.0 ], [ 389542.733711750188377, 302185.091210177866742, 0.0 ], [ 389555.045173835242167, 302200.769458538619801, 0.0 ], [ 389567.356591925490648, 302216.447725845035166, 0.0 ], [ 389579.667966013774276, 302232.126012101303786, 0.0 ], [ 389591.979296109173447, 302247.804317303874996, 0.0 ], [ 389604.290582114073914, 302263.482641454262193, 0.0 ], [ 389616.601824213808868, 302279.160984553105664, 0.0 ], [ 389628.913022312859539, 302294.83934660104569, 0.0 ], [ 389641.224176413787063, 302310.517727586207911, 0.0 ], [ 389653.535286518163048, 302326.196127530361991, 0.0 ], [ 389665.846352621447295, 302341.87454642233206, 0.0 ], [ 389665.197821234120056, 302372.699736904993188, 0.0 ], [ 389677.508797849179246, 302388.378176272090059, 0.0 ], [ 389689.819730464660097, 302404.05663458770141, 0.0 ], [ 389702.130619082832709, 302419.735111851710826, 0.0 ], [ 389714.441463608294725, 302435.413608062081039, 0.0 ], [ 389726.752264224051032, 302451.092123212467413, 0.0 ], [ 389739.063020841451362, 302466.770657323300838, 0.0 ], [ 389751.373733456013724, 302482.449210383289028, 0.0 ], [ 389763.684402071987279, 302498.127782390336506, 0.0 ], [ 389775.995026682270691, 302513.80637334799394, 0.0 ], [ 389788.305607295886148, 302529.484983254806139, 0.0 ], [ 389800.616143908002414, 302545.163612111471593, 0.0 ], [ 389812.926636516058352, 302560.842259915894829, 0.0 ], [ 389825.237085029715672, 302576.520926669531036, 0.0 ], [ 389837.547489636344835, 302592.199612361670006, 0.0 ], [ 389849.857850240368862, 302607.878317015769426, 0.0 ], [ 389862.168166839459445, 302623.55704061902361, 0.0 ], [ 389874.478439435828477, 302639.23578317213105, 0.0 ], [ 389899.748248353716917, 302639.768105650844518, 0.0 ], [ 389925.018058763118461, 302640.300499053730164, 0.0 ], [ 389937.328202245000284, 302655.979333303519525, 0.0 ], [ 389924.368576513719745, 302671.125720354262739, 0.0 ], [ 389911.408993210876361, 302686.272124530747533, 0.0 ], [ 389898.449452417728025, 302701.41854583658278, 0.0 ], [ 389885.489954139222391, 302716.564984268159606, 0.0 ], [ 389872.530498377862386, 302731.711439819133375, 0.0 ], [ 389847.260950509691611, 302731.179182799998671, 0.0 ], [ 389834.30158126691822, 302746.325690041237976, 0.0 ], [ 389821.342254539369605, 302761.472214411129244, 0.0 ], [ 389808.382970421924256, 302776.618755910370965, 0.0 ], [ 389795.423728727560956, 302791.765314536751248, 0.0 ], [ 389782.464529546559788, 302806.911890291026793, 0.0 ], [ 389769.505372881540097, 302822.058483174594585, 0.0 ], [ 389744.236090543679893, 302821.526504395296797, 0.0 ], [ 389731.277020403416827, 302836.673148962086998, 0.0 ], [ 389730.628157990635373, 302867.49836458923528, 0.0 ], [ 389729.979291109601036, 302898.323581459815614, 0.0 ], [ 389742.289366821001749, 302914.002155880094506, 0.0 ], [ 389754.599398529506288, 302929.680749248887878, 0.0 ], [ 389753.950436189596076, 302960.50597040145658, 0.0 ], [ 389766.260378392296843, 302976.184584245376755, 0.0 ], [ 389778.570276593789458, 302991.863217039906885, 0.0 ], [ 389777.921218792849686, 303022.688442462356761, 0.0 ], [ 389764.962349314126186, 303037.835033283219673, 0.0 ], [ 389752.003522358136252, 303052.98164123337483, 0.0 ], [ 389751.354542143759318, 303083.806867306644563, 0.0 ], [ 389738.395798729907256, 303098.953492092958186, 0.0 ], [ 389725.437097837100737, 303114.100134005770087, 0.0 ], [ 389724.788195212022401, 303144.925360713445116, 0.0 ], [ 389737.09790695324773, 303160.603947338124271, 0.0 ], [ 389749.407574689190369, 303176.282552910561208, 0.0 ], [ 389748.75857660046313, 303207.107783910178114, 0.0 ], [ 389735.799997303402051, 303222.254407516797073, 0.0 ], [ 389722.841460528492462, 303237.401048253406771, 0.0 ], [ 389722.192540031392127, 303268.226279893831816, 0.0 ], [ 389721.543615066679195, 303299.051512757199816, 0.0 ], [ 389720.89468563394621, 303329.87674685975071, 0.0 ], [ 389733.204124385258183, 303345.555342636827845, 0.0 ], [ 389745.513519129599445, 303361.23395736166276, 0.0 ], [ 389744.864494229957927, 303392.059195747599006, 0.0 ], [ 389744.215464861830696, 303422.884435363579541, 0.0 ], [ 389743.566431025625207, 303453.709676200291142, 0.0 ], [ 389742.917392720701173, 303484.534918279096019, 0.0 ], [ 389742.268349947407842, 303515.360161586431786, 0.0 ], [ 389741.619302705687005, 303546.185406127304304, 0.0 ], [ 389728.661174754961394, 303561.332026485120878, 0.0 ], [ 389715.703089329530485, 303576.478663984220475, 0.0 ], [ 389715.054119686363265, 303607.303909168054815, 0.0 ], [ 389702.096117815701291, 303622.450563505466562, 0.0 ], [ 389689.138158471207134, 303637.597234973567538, 0.0 ], [ 389688.489266428921837, 303668.422480799723417, 0.0 ], [ 389687.840369919780642, 303699.247727845213376, 0.0 ], [ 389674.882535259355791, 303714.394415859133005, 0.0 ], [ 389661.92474303097697, 303729.541121004556771, 0.0 ], [ 389661.275924125569873, 303760.366368705057539, 0.0 ], [ 389648.318215460400097, 303775.513090686581563, 0.0 ], [ 389635.360549320583232, 303790.659829800250009, 0.0 ], [ 389634.711808021413162, 303821.485078145866282, 0.0 ], [ 389634.063062256667763, 303852.310327710816637, 0.0 ], [ 389646.37185505515663, 303867.988840286445338, 0.0 ], [ 389671.638190886471421, 303868.520668134500738, 0.0 ], [ 389683.946897055255249, 303884.199236031679902, 0.0 ], [ 389696.255559299839661, 303899.877822880807798, 0.0 ], [ 389721.521811571205035, 303900.409794415405486, 0.0 ], [ 389733.83038727787789, 303916.088436595280655, 0.0 ], [ 389746.138918964890763, 303931.767097722913604, 0.0 ], [ 389771.405087678693235, 303932.299212945450563, 0.0 ], [ 389783.713532827212475, 303947.977929401677102, 0.0 ], [ 389796.021933867537882, 303963.656664807815105, 0.0 ], [ 389821.288019021274522, 303964.188923718291335, 0.0 ], [ 389833.596333612862509, 303979.867714443826117, 0.0 ], [ 389845.904604187991936, 303995.546524130506441, 0.0 ], [ 389871.170605779625475, 303996.078926732530817, 0.0 ], [ 389883.47878981474787, 304011.757791747804731, 0.0 ], [ 389882.829151818645187, 304042.583066900551785, 0.0 ], [ 389895.13724632456433, 304058.261952393862884, 0.0 ], [ 389907.445296727470122, 304073.940856836328749, 0.0 ], [ 389906.795563242980279, 304104.766136271005962, 0.0 ], [ 389919.103524207719602, 304120.44506118085701, 0.0 ], [ 389931.411441156698857, 304136.124005057616159, 0.0 ], [ 389930.761612181318924, 304166.949288772128057, 0.0 ], [ 389943.069439597660676, 304182.628253123315517, 0.0 ], [ 389955.377222999872174, 304198.307236427208409, 0.0 ], [ 389967.684962380793877, 304213.986238683748525, 0.0 ], [ 389979.992657744907774, 304229.665259890258312, 0.0 ], [ 389979.342642255011015, 304260.490550928807352, 0.0 ], [ 389991.65024808619637, 304276.169592615391593, 0.0 ], [ 390003.957809897488914, 304291.848653253982775, 0.0 ], [ 390016.265327600645833, 304307.527732843183912, 0.0 ], [ 390028.572801369184162, 304323.206831387185957, 0.0 ], [ 390040.880231121787801, 304338.885948883194942, 0.0 ], [ 390066.14529263752047, 304339.41893900569994, 0.0 ], [ 390078.45263583608903, 304355.098111834551673, 0.0 ], [ 390090.759935018082615, 304370.777303616865538, 0.0 ], [ 390103.067190178844612, 304386.456514351128135, 0.0 ], [ 390115.374401315930299, 304402.135744028200861, 0.0 ], [ 390140.639294116524979, 304402.668950608174782, 0.0 ], [ 390165.904188502987381, 304403.202228128619026, 0.0 ], [ 390191.169084383058362, 304403.735576588020194, 0.0 ], [ 390216.433981756796129, 304404.268995985738002, 0.0 ], [ 390241.698880531941541, 304404.802486321073957, 0.0 ], [ 390266.963780893711373, 304405.336047597520519, 0.0 ], [ 390292.228682747576386, 304405.869679812225513, 0.0 ], [ 390304.535552162444219, 304421.549183121416718, 0.0 ], [ 390316.842377552238759, 304437.228705382614862, 0.0 ], [ 390342.107195843243971, 304437.762481298763305, 0.0 ], [ 390355.065275208791718, 304422.616733130300418, 0.0 ], [ 390368.023397191485856, 304407.471002091944683, 0.0 ], [ 390393.28830502461642, 304408.004918064107187, 0.0 ], [ 390418.553214357816614, 304408.538904975983314, 0.0 ], [ 390431.511466914089397, 304393.393260194570757, 0.0 ], [ 390444.469762003747746, 304378.247632531798445, 0.0 ], [ 390456.776421764167026, 304393.927352602186147, 0.0 ], [ 390469.083037413540296, 304409.607091614685487, 0.0 ], [ 390481.389609124860726, 304425.286849595431704, 0.0 ], [ 390493.696136817277875, 304440.966626530338544, 0.0 ], [ 390518.960965578909963, 304441.500899025937542, 0.0 ], [ 390531.267406716709957, 304457.180731297936291, 0.0 ], [ 390543.573803830309771, 304472.86058252613293, 0.0 ], [ 390555.880156921804883, 304488.540452709246892, 0.0 ], [ 390555.228114909783471, 304519.365795533696655, 0.0 ], [ 390554.576068410475273, 304550.191139575443231, 0.0 ], [ 390553.924017423414625, 304581.016484857827891, 0.0 ], [ 390553.271961948776152, 304611.841831370838918, 0.0 ], [ 390565.578088927897625, 304627.521726619102992, 0.0 ], [ 390590.842402758193202, 304628.056222887651529, 0.0 ], [ 390603.148443183512427, 304643.736173475102987, 0.0 ], [ 390615.454439580091275, 304659.416143020265736, 0.0 ], [ 390640.718669939553365, 304659.950782999396324, 0.0 ], [ 390653.024579779244959, 304675.630807882349472, 0.0 ], [ 390665.33044559461996, 304691.31085171160521, 0.0 ], [ 390677.636267377936747, 304706.99091450846754, 0.0 ], [ 390689.942045048228465, 304722.670996258733794, 0.0 ], [ 390702.247778778895736, 304738.351096967409831, 0.0 ], [ 390714.553468484024052, 304754.031216631585266, 0.0 ], [ 390726.859114158840384, 304769.711355252773501, 0.0 ], [ 390726.206425842770841, 304800.536721925833263, 0.0 ], [ 390738.511981963529252, 304816.216881032800302, 0.0 ], [ 390763.775787015329115, 304816.751884855853859, 0.0 ], [ 390776.081256576115265, 304832.432099292054772, 0.0 ], [ 390788.386682107695378, 304848.11233269731747, 0.0 ], [ 390813.650403501756955, 304848.647480233805254, 0.0 ], [ 390825.955742474645376, 304864.327768979710527, 0.0 ], [ 390838.261037417862099, 304880.008076684665866, 0.0 ], [ 390863.524675339343958, 304880.543367937440053, 0.0 ], [ 390875.829883716418408, 304896.223730983736459, 0.0 ], [ 390888.135048067837488, 304911.904112989839632, 0.0 ], [ 390900.440168386558071, 304927.584513950743712, 0.0 ], [ 390912.745244584511966, 304943.2649338679621, 0.0 ], [ 390938.008713876712136, 304943.8004416100448, 0.0 ], [ 390950.313703604158945, 304959.480916872795206, 0.0 ], [ 390962.618649295996875, 304975.1614110826049, 0.0 ], [ 390987.882035022834316, 304975.697062541672494, 0.0 ], [ 391000.186894155340269, 304991.377612109179609, 0.0 ], [ 391012.491709256137256, 305007.058180631429423, 0.0 ], [ 391024.796480230113957, 305022.738768112089019, 0.0 ], [ 391037.101207264524419, 305038.419374553312082, 0.0 ], [ 391062.364424360741396, 305038.955242505180649, 0.0 ], [ 391074.669064829940908, 305054.635904291237239, 0.0 ], [ 391086.973661268828437, 305070.316585035703611, 0.0 ], [ 391112.236794796946924, 305070.852596709562931, 0.0 ], [ 391124.541304670041427, 305086.533332800958306, 0.0 ], [ 391136.84577041718876, 305102.214087848667987, 0.0 ], [ 391162.108820379478857, 305102.750243243761361, 0.0 ], [ 391187.371871844632551, 305103.286469584272709, 0.0 ], [ 391199.676208585035056, 305118.967316359106917, 0.0 ], [ 391211.980501286685467, 305134.64818210224621, 0.0 ], [ 391237.243469188630115, 305135.184552166785579, 0.0 ], [ 391262.506438496755436, 305135.720993175287731, 0.0 ], [ 391287.769409398548305, 305136.257505131303333, 0.0 ], [ 391313.032381799421273, 305136.794088034133893, 0.0 ], [ 391325.336460336868186, 305152.475118293019477, 0.0 ], [ 391337.640494841733016, 305168.156167513108812, 0.0 ], [ 391362.903383588069119, 305168.692894138570409, 0.0 ], [ 391375.207331524754409, 305184.37399870849913, 0.0 ], [ 391387.511235423793551, 305200.055122236080933, 0.0 ], [ 391399.815095289493911, 305215.736264724924695, 0.0 ], [ 391412.118911114812363, 305231.417426174215507, 0.0 ], [ 391424.422682908712886, 305247.098606584069785, 0.0 ], [ 391423.767503281298559, 305277.924042914470192, 0.0 ], [ 391436.071185499895364, 305293.605243813595735, 0.0 ], [ 391448.374823679332621, 305309.286463674681727, 0.0 ], [ 391447.719548464636318, 305340.111904305464122, 0.0 ], [ 391447.064268741291016, 305370.937346164137125, 0.0 ], [ 391446.408984509587754, 305401.762789250700735, 0.0 ], [ 391445.753695769410115, 305432.588233553105965, 0.0 ], [ 391445.098402520583477, 305463.413679095392581, 0.0 ], [ 391457.401768960175104, 305479.09492556808982, 0.0 ], [ 391469.705091270734556, 305494.77619099925505, 0.0 ], [ 391469.04970243020216, 305525.60164083057316, 0.0 ], [ 391468.39430908090435, 305556.427091876335908, 0.0 ], [ 391455.435725537827238, 305571.571274141606409, 0.0 ], [ 391442.477184440824203, 305586.715473529126029, 0.0 ], [ 391429.518685880349949, 305601.859690045937896, 0.0 ], [ 391416.560229854309, 305617.003923690645024, 0.0 ], [ 391415.904996131779626, 305647.829374766850378, 0.0 ], [ 391428.208131858380511, 305663.510594030260108, 0.0 ], [ 391440.511223542504013, 305679.191832244279794, 0.0 ], [ 391439.855894226231612, 305710.017287608818151, 0.0 ], [ 391439.200560401543044, 305740.842744199151639, 0.0 ], [ 391451.503516957571264, 305756.524004446109757, 0.0 ], [ 391463.806429381831549, 305772.205283650779165, 0.0 ], [ 391463.150999960373156, 305803.030744530900847, 0.0 ], [ 391475.453822891111486, 305818.712044218496885, 0.0 ], [ 391487.756601777102333, 305834.393362878647167, 0.0 ], [ 391487.101076756487601, 305865.218828047043644, 0.0 ], [ 391499.403766054427251, 305880.900167198677082, 0.0 ], [ 391511.706411309540272, 305896.581525312154554, 0.0 ], [ 391524.009012523805723, 305912.262902386195492, 0.0 ], [ 391536.311569694778882, 305927.944298420683481, 0.0 ], [ 391523.353346355201211, 305943.088373373204377, 0.0 ], [ 391498.092611392843537, 305942.551104278885759, 0.0 ], [ 391472.831877934746444, 305942.013906137784943, 0.0 ], [ 391459.873785220086575, 305957.158067327400204, 0.0 ], [ 391446.915735137939919, 305972.302245659055188, 0.0 ], [ 391421.655091266438831, 305971.76518759096507, 0.0 ], [ 391396.394448891631328, 305971.228200476733036, 0.0 ], [ 391383.436529346508905, 305986.372465054795612, 0.0 ], [ 391370.478652337158564, 306001.516746763547417, 0.0 ], [ 391357.52081787068164, 306016.661045601591468, 0.0 ], [ 391344.563025942770764, 306031.805361568287481, 0.0 ], [ 391319.30256133369403, 306031.268583651166409, 0.0 ], [ 391294.042098132544197, 306030.731876687961631, 0.0 ], [ 391281.739296232233755, 306015.050821024691686, 0.0 ], [ 391269.436450288747437, 305999.369784323382191, 0.0 ], [ 391244.175903503550217, 305998.833221094857436, 0.0 ], [ 391218.915358310856391, 305998.296728822344448, 0.0 ], [ 391193.654814522946253, 305997.760307500138879, 0.0 ], [ 391168.394272239180282, 305997.22395713039441, 0.0 ], [ 391143.133731452282518, 305996.687677713169251, 0.0 ], [ 391117.873192166967783, 305996.15146925044246, 0.0 ], [ 391092.612654468393885, 305995.61533174093347, 0.0 ], [ 391079.655304462416098, 306010.760010754165705, 0.0 ], [ 391066.697996998089366, 306025.904706898785662, 0.0 ], [ 391041.43754879035987, 306025.368709464441054, 0.0 ], [ 391028.480327909113839, 306040.513457303633913, 0.0 ], [ 391015.523149567656219, 306055.658222272177227, 0.0 ], [ 390990.262791035347618, 306055.122364917944651, 0.0 ], [ 390977.305699277319945, 306070.267181582399644, 0.0 ], [ 390964.348650062223896, 306085.412015365611296, 0.0 ], [ 390952.045386189245619, 306069.731429742998444, 0.0 ], [ 390939.742078271927312, 306054.05086306395242, 0.0 ], [ 390926.785074600833468, 306069.195748855359852, 0.0 ], [ 390913.82811346813105, 306084.340651764068753, 0.0 ], [ 390888.567847415804863, 306083.805076392018236, 0.0 ], [ 390875.610972959198989, 306098.950031010841485, 0.0 ], [ 390874.95748542167712, 306129.775463319907431, 0.0 ], [ 390874.303993388952222, 306160.600896859599743, 0.0 ], [ 390873.650496861257125, 306191.426331628637854, 0.0 ], [ 390872.996995838708244, 306222.251767614216078, 0.0 ], [ 390872.343490320839919, 306253.077204840432387, 0.0 ], [ 390871.689980308001395, 306283.902643295878079, 0.0 ], [ 390858.73339458135888, 306299.047613251779694, 0.0 ], [ 390845.77685139735695, 306314.19260034058243, 0.0 ], [ 390845.123418984236196, 306345.018039427697659, 0.0 ], [ 390832.166959398135077, 306360.163043339853175, 0.0 ], [ 390819.210542352753691, 306375.308064397599082, 0.0 ], [ 390806.254167855600826, 306390.453102587547619, 0.0 ], [ 390793.297835902078077, 306405.598157910979353, 0.0 ], [ 390780.341546494862996, 306420.7432303680107, 0.0 ], [ 390767.385299638728611, 306435.888319957244676, 0.0 ], [ 390754.429095414641779, 306451.033426683512516, 0.0 ], [ 390741.472933649434708, 306466.178550541924778, 0.0 ], [ 390740.819825135229621, 306497.003988462092821, 0.0 ], [ 390740.166712128906511, 306527.829427622142248, 0.0 ], [ 390739.513594630581792, 306558.654868010780774, 0.0 ], [ 390738.860472640371881, 306589.480309630802367, 0.0 ], [ 390725.904517625691369, 306604.625449431710877, 0.0 ], [ 390700.645734074292704, 306604.090339710761327, 0.0 ], [ 390675.386952019995078, 306603.555300945707131, 0.0 ], [ 390650.128171458025463, 306603.020333138876595, 0.0 ], [ 390637.172391213825904, 306618.165593775454909, 0.0 ], [ 390624.216653433046304, 306633.31087153358385, 0.0 ], [ 390598.957962454645894, 306632.776043816003948, 0.0 ], [ 390586.002311262476724, 306647.921373288496397, 0.0 ], [ 390573.04670262185391, 306663.066719895286951, 0.0 ], [ 390560.091136530449148, 306678.212083636317402, 0.0 ], [ 390547.135612986283377, 306693.357464513741434, 0.0 ], [ 390521.877099773148075, 306692.822846023016609, 0.0 ], [ 390496.618587960721925, 306692.288298489758745, 0.0 ], [ 390471.360077643650584, 306691.753821913211141, 0.0 ], [ 390446.101568817161024, 306691.219416293315589, 0.0 ], [ 390433.146264001494274, 306706.364952579431701, 0.0 ], [ 390420.191001740575302, 306721.510505997692235, 0.0 ], [ 390394.932582585839555, 306720.976240474265069, 0.0 ], [ 390381.977406915160827, 306736.121845596295316, 0.0 ], [ 390369.022273799753748, 306751.267467857513111, 0.0 ], [ 390356.067183230887167, 306766.413107243133709, 0.0 ], [ 390368.370378281222656, 306782.092891028325539, 0.0 ], [ 390380.673529280291405, 306797.772693771868944, 0.0 ], [ 390380.02158373745624, 306828.598119710746687, 0.0 ], [ 390392.324645153188612, 306844.27794293651823, 0.0 ], [ 390404.627662519225851, 306859.957785118604079, 0.0 ], [ 390403.97562141000526, 306890.783215338713489, 0.0 ], [ 390403.323575816932134, 306921.608646776759997, 0.0 ], [ 390390.368644999631215, 306936.754232694685925, 0.0 ], [ 390377.413756732421461, 306951.899835751100909, 0.0 ], [ 390376.761788772593718, 306982.725267838512082, 0.0 ], [ 390363.806984121678397, 306997.870887737488374, 0.0 ], [ 390350.852222019457258, 307013.016524770762771, 0.0 ], [ 390350.200331695494242, 307043.841957498982083, 0.0 ], [ 390337.24565320671536, 307058.987611365504563, 0.0 ], [ 390311.988191037904471, 307058.45353868737584, 0.0 ], [ 390299.033599152171519, 307073.599244272569194, 0.0 ], [ 390286.079049908323213, 307088.744966997008305, 0.0 ], [ 390273.124543133133557, 307103.890706856385805, 0.0 ], [ 390272.472899173619226, 307134.716137815034017, 0.0 ], [ 390259.518476009950973, 307149.861894519825, 0.0 ], [ 390246.564095403533429, 307165.007668360252865, 0.0 ], [ 390245.912529087741859, 307195.833099950570613, 0.0 ], [ 390245.260958291473798, 307226.658532780769747, 0.0 ], [ 390257.563640433363616, 307242.338193882838823, 0.0 ], [ 390269.866278526838869, 307258.017873943259474, 0.0 ], [ 390269.214612162904814, 307288.843311054049991, 0.0 ], [ 390281.51716065662913, 307304.523011595301796, 0.0 ], [ 390293.819665013521444, 307320.202731082215905, 0.0 ], [ 390293.167903079534881, 307351.028172473539598, 0.0 ], [ 390292.516136664198712, 307381.85361509345239, 0.0 ], [ 390291.864365767512936, 307412.679058942652773, 0.0 ], [ 390291.212590389419347, 307443.504504023934714, 0.0 ], [ 390290.560810530208983, 307474.329950325365644, 0.0 ], [ 390289.909026189357974, 307505.155397865979467, 0.0 ], [ 390289.257237367273774, 307535.980846637976356, 0.0 ], [ 390301.559378938749433, 307551.6605957680149, 0.0 ], [ 390313.861476456164382, 307567.340363857103512, 0.0 ], [ 390313.209592058497947, 307598.165816897642799, 0.0 ], [ 390300.255696756416, 307613.311500040523242, 0.0 ], [ 390287.301844013330992, 307628.457200323347934, 0.0 ], [ 390286.650037266081199, 307659.282654015347362, 0.0 ], [ 390273.696268236846663, 307674.428371147077996, 0.0 ], [ 390260.742541681684088, 307689.574105413048528, 0.0 ], [ 390273.044498075265437, 307705.253825774474535, 0.0 ], [ 390285.346410327765625, 307720.933565092855133, 0.0 ], [ 390297.648278612701688, 307736.613323359750211, 0.0 ], [ 390309.950102841481566, 307752.29310059628915, 0.0 ], [ 390322.251883014221676, 307767.972896791179664, 0.0 ], [ 390334.553619132901076, 307783.652711943781469, 0.0 ], [ 390333.901616744813509, 307814.478175426891539, 0.0 ], [ 390346.203263256931677, 307830.158011062478181, 0.0 ], [ 390358.504865707363933, 307845.837865658511873, 0.0 ], [ 390357.852767736185342, 307876.663333408010658, 0.0 ], [ 390370.154280583024956, 307892.343208486272488, 0.0 ], [ 390382.455749369808473, 307908.0231025229441, 0.0 ], [ 390394.757174010621384, 307923.703015518665779, 0.0 ], [ 390407.058554678806104, 307939.382947473495733, 0.0 ], [ 390406.406270017847419, 307970.208422564028297, 0.0 ], [ 390418.707561079761945, 307985.88837500178488, 0.0 ], [ 390431.008808080514427, 308001.568346400104929, 0.0 ], [ 390430.35642782994546, 308032.393825759121682, 0.0 ], [ 390429.704043094418012, 308063.219306360231712, 0.0 ], [ 390442.00515493133571, 308078.899299765995238, 0.0 ], [ 390454.306222705869004, 308094.579312133020721, 0.0 ], [ 390453.653742377704475, 308125.404797013266943, 0.0 ], [ 390440.70028089848347, 308140.550267706625164, 0.0 ], [ 390427.746861980645917, 308155.695755529333837, 0.0 ], [ 390414.793485628673807, 308170.841260502580553, 0.0 ], [ 390401.840151838143356, 308185.986782617866993, 0.0 ], [ 390414.141124024929013, 308201.66674572834745, 0.0 ], [ 390439.395388926262967, 308202.201240555907134, 0.0 ], [ 390451.696274482179433, 308217.88125902187312, 0.0 ], [ 390463.997115976759233, 308233.561296446947381, 0.0 ], [ 390476.297913411923219, 308249.241352831129916, 0.0 ], [ 390488.59866678295657, 308264.921428176516201, 0.0 ], [ 390500.89937600173289, 308280.601522478158586, 0.0 ], [ 390500.246695508481935, 308311.427018368151039, 0.0 ], [ 390487.293392423540354, 308326.572418145195115, 0.0 ], [ 390474.340131813369226, 308341.717835059331264, 0.0 ], [ 390473.687528975715395, 308372.543331600085367, 0.0 ], [ 390460.734352000057697, 308387.688765360275283, 0.0 ], [ 390447.781217592419125, 308402.834216263261624, 0.0 ], [ 390434.82812575076241, 308417.979684303340036, 0.0 ], [ 390421.875076473108493, 308433.125169474806171, 0.0 ], [ 390408.922069763881154, 308448.270671798323747, 0.0 ], [ 390383.668499376159161, 308447.73623338987818, 0.0 ], [ 390370.715579381329007, 308462.881787433405407, 0.0 ], [ 390357.762701865285635, 308478.027358613326214, 0.0 ], [ 390344.809866913827136, 308493.172946935985237, 0.0 ], [ 390344.157674803980626, 308523.998440532421228, 0.0 ], [ 390343.505478211620357, 308554.823935358144809, 0.0 ], [ 390355.805988864973187, 308570.503843963553663, 0.0 ], [ 390368.106455451401416, 308586.183771538722795, 0.0 ], [ 390355.153742232359946, 308601.329341543838382, 0.0 ], [ 390342.20107157912571, 308616.474928691750392, 0.0 ], [ 390341.548861538874917, 308647.300427209585905, 0.0 ], [ 390328.59627453412395, 308662.446031203609891, 0.0 ], [ 390315.643730093550403, 308677.591652338916901, 0.0 ], [ 390314.991597722750157, 308708.417151500470936, 0.0 ], [ 390302.039136927691288, 308723.562789474788588, 0.0 ], [ 390289.086718704202212, 308738.708444601041265, 0.0 ], [ 390288.434664005413651, 308769.53394440485863, 0.0 ], [ 390287.782604825333692, 308800.359445439302363, 0.0 ], [ 390287.130541163845919, 308831.184947704488877, 0.0 ], [ 390299.430726934922859, 308846.864797232556157, 0.0 ], [ 390311.73086864099605, 308862.544665733817965, 0.0 ], [ 390311.078709378896747, 308893.370172276743688, 0.0 ], [ 390310.426545634982176, 308924.195680048258509, 0.0 ], [ 390322.726552153122611, 308939.875570557080209, 0.0 ], [ 390335.026514598750509, 308955.555480024951976, 0.0 ], [ 390334.374255251488648, 308986.380992063554004, 0.0 ], [ 390333.72199142142199, 309017.206505346985068, 0.0 ], [ 390346.021818680397701, 309032.886436820321251, 0.0 ], [ 390358.321601867908612, 309048.566387256258167, 0.0 ], [ 390357.669242431409657, 309079.391904815973248, 0.0 ], [ 390369.968935899203643, 309095.07187573419651, 0.0 ], [ 390382.268585382786114, 309110.751865614263806, 0.0 ], [ 390381.616130337584764, 309141.577387438970618, 0.0 ], [ 390380.963670808589086, 309172.402910506469198, 0.0 ], [ 390368.01169400283834, 309187.548440353013575, 0.0 ], [ 390342.760204482707195, 309187.01402928843163, 0.0 ], [ 390317.508716363285203, 309186.479689199710265, 0.0 ], [ 390304.556870259228162, 309201.625305346387904, 0.0 ], [ 390291.605066728952806, 309216.770938639354426, 0.0 ], [ 390266.353668230294716, 309216.236738686682656, 0.0 ], [ 390241.102271307492629, 309215.702609713363927, 0.0 ], [ 390228.150598488515243, 309230.848329309315886, 0.0 ], [ 390215.198968239303213, 309245.994066048064269, 0.0 ], [ 390189.947660846344661, 309245.460077209339943, 0.0 ], [ 390176.996117238188162, 309260.605865663208533, 0.0 ], [ 390164.044616209168453, 309275.751671273203101, 0.0 ], [ 390138.793398435867857, 309275.217822574137244, 0.0 ], [ 390125.841984136030078, 309290.363679910602514, 0.0 ], [ 390112.890612321265507, 309305.509554387710523, 0.0 ], [ 390099.939283079584129, 309320.655446011107415, 0.0 ], [ 390099.287749766604975, 309351.480956486135256, 0.0 ], [ 390098.636211976641789, 309382.306468189810403, 0.0 ], [ 390085.685007483523805, 309397.452376363973599, 0.0 ], [ 390072.733845566632226, 309412.598301692982204, 0.0 ], [ 390072.08238547143992, 309443.423814044566825, 0.0 ], [ 390071.43092090007849, 309474.249327628233004, 0.0 ], [ 390070.779451852547936, 309505.074842441244982, 0.0 ], [ 390083.07897590007633, 309520.754434324335307, 0.0 ], [ 390095.378455874975771, 309536.434045155183412, 0.0 ], [ 390107.677891779108904, 309552.113674954976887, 0.0 ], [ 390119.977283607819118, 309567.793323715333827, 0.0 ], [ 390132.276631272863597, 309583.472991434740834, 0.0 ], [ 390144.57593495445326, 309599.152678114653099, 0.0 ], [ 390156.875194564694539, 309614.832383755070623, 0.0 ], [ 390182.125460684415884, 309615.366323398135137, 0.0 ], [ 390194.424633637769148, 309631.046084394794889, 0.0 ], [ 390206.723762514418922, 309646.725864353298675, 0.0 ], [ 390219.02284731878899, 309662.405663271667436, 0.0 ], [ 390231.321888044010848, 309678.085481139889453, 0.0 ], [ 390243.620884608419146, 309693.765317975659855, 0.0 ], [ 390255.919837185530923, 309709.44517377478769, 0.0 ], [ 390268.218745687161572, 309725.125048535875976, 0.0 ], [ 390280.517610113194678, 309740.80494225671282, 0.0 ], [ 390292.816430465667509, 309756.484854938054923, 0.0 ], [ 390305.115206742135342, 309772.164786580600776, 0.0 ], [ 390330.365048515261151, 309772.699161184253171, 0.0 ], [ 390342.663738129078411, 309788.37914818659192, 0.0 ], [ 390342.011271106195636, 309819.204695262713358, 0.0 ], [ 390341.358799600449856, 309850.030243579472881, 0.0 ], [ 390328.407770706689917, 309865.175801557255909, 0.0 ], [ 390315.456784390611574, 309880.32137667783536, 0.0 ], [ 390327.755335805937648, 309896.001350810867734, 0.0 ], [ 390340.053843141184188, 309911.681343907199334, 0.0 ], [ 390352.352306310844142, 309927.361355959787033, 0.0 ], [ 390364.650725487968884, 309943.04138697788585, 0.0 ], [ 390363.998149393184576, 309973.866942022403236, 0.0 ], [ 390363.345568815071601, 310004.692498309013899, 0.0 ], [ 390375.643852775683627, 310020.372551333159208, 0.0 ], [ 390387.94209265493555, 310036.052623319963459, 0.0 ], [ 390400.240288457251154, 310051.732714270066936, 0.0 ], [ 390412.538440177682787, 310067.412824180675671, 0.0 ], [ 390424.836547818384133, 310083.092953051789664, 0.0 ], [ 390437.134611381799914, 310098.773100874910597, 0.0 ], [ 390449.432630862400401, 310114.453267669829074, 0.0 ], [ 390461.730606172466651, 310130.133453426708002, 0.0 ], [ 390461.077656527922954, 310160.959023130650166, 0.0 ], [ 390460.424702398013324, 310191.78459406393813, 0.0 ], [ 390459.77174378267955, 310222.610166226455476, 0.0 ], [ 390472.069538378855214, 310238.290375506214332, 0.0 ], [ 390484.367288895358797, 310253.970603759225924, 0.0 ], [ 390483.714234644081444, 310284.796180199482478, 0.0 ], [ 390496.011895500589162, 310300.476428940368351, 0.0 ], [ 390508.309512274805456, 310316.156696640362497, 0.0 ], [ 390507.656362385081593, 310346.98227735835826, 0.0 ], [ 390519.953889502212405, 310362.662565546226688, 0.0 ], [ 390532.251372533850372, 310378.342872695997357, 0.0 ], [ 390544.548811484710313, 310394.023198797833174, 0.0 ], [ 390556.846206346934196, 310409.703543873562012, 0.0 ], [ 390569.143557039904408, 310425.383907909097616, 0.0 ], [ 390581.440863736672327, 310441.064290910842828, 0.0 ], [ 390593.738126351556275, 310456.744692875887267, 0.0 ], [ 390618.986079413734842, 310457.279959262465127, 0.0 ], [ 390631.28325535391923, 310472.960416590794921, 0.0 ], [ 390643.580387207097374, 310488.640892883879133, 0.0 ], [ 390668.828256577951834, 310489.176303061831277, 0.0 ], [ 390681.125301667838357, 310504.85683472029632, 0.0 ], [ 390693.422302758204751, 310520.537385331525002, 0.0 ], [ 390705.719259767443873, 310536.217954919557087, 0.0 ], [ 390705.06538510567043, 310567.04355878935894, 0.0 ], [ 390717.362252447928768, 310582.724148863868322, 0.0 ], [ 390729.659075701492839, 310598.404757903132122, 0.0 ], [ 390729.005105385265779, 310629.230366049974691, 0.0 ], [ 390741.30183897248935, 310644.910995577811264, 0.0 ], [ 390753.598528468399309, 310660.5916440555593, 0.0 ], [ 390752.94446249527391, 310691.417256483691745, 0.0 ], [ 390765.241062325134408, 310707.097925462061539, 0.0 ], [ 390777.537618065020069, 310722.77861340448726, 0.0 ], [ 390789.834129626746289, 310738.459320310212206, 0.0 ], [ 390802.130597190465778, 310754.14004618144827, 0.0 ], [ 390814.427020668052137, 310769.820791019534227, 0.0 ], [ 390826.723400057060644, 310785.501554819522426, 0.0 ], [ 390839.019735352892894, 310801.182337573671248, 0.0 ], [ 390851.316026564105414, 310816.86313930246979, 0.0 ], [ 390850.661591423326172, 310847.688765155035071, 0.0 ], [ 390862.957792957196943, 310863.369587374560069, 0.0 ], [ 390875.253950403537601, 310879.050428557384294, 0.0 ], [ 390887.550063759845216, 310894.731288707815111, 0.0 ], [ 390899.846132931299508, 310910.412167819449678, 0.0 ], [ 390912.14215810468886, 310926.093065897992346, 0.0 ], [ 390924.438139190082438, 310941.773982931335922, 0.0 ], [ 390936.734076182066929, 310957.454918941482902, 0.0 ], [ 390949.029969082970638, 310973.135873916384298, 0.0 ], [ 390961.325817895005457, 310988.816847855981905, 0.0 ], [ 390973.621622613165528, 311004.497840761090629, 0.0 ], [ 390972.966727103397716, 311035.323483090091031, 0.0 ], [ 390985.262442140723579, 311051.004496486624703, 0.0 ], [ 390997.558113088191021, 311066.685528847912792, 0.0 ], [ 390996.90312190214172, 311097.511175444698893, 0.0 ], [ 390983.952546450018417, 311112.655787870287895, 0.0 ], [ 390971.002013589662965, 311127.800417439371813, 0.0 ], [ 390970.347100090177264, 311158.626064685522579, 0.0 ], [ 390969.692182093276642, 311189.451713160262443, 0.0 ], [ 390956.741774008609354, 311204.596359284303617, 0.0 ], [ 390943.791408512275666, 311219.741022544098087, 0.0 ], [ 390943.136568205256481, 311250.566671656852122, 0.0 ], [ 390955.432006710208952, 311266.247659319778904, 0.0 ], [ 390967.727401118609123, 311281.92866594955558, 0.0 ], [ 390980.022751432552468, 311297.60969154338818, 0.0 ], [ 390992.318057654192671, 311313.290736104070675, 0.0 ], [ 390991.663030484109186, 311344.116392546507996, 0.0 ], [ 390991.007998816319741, 311374.942050204786938, 0.0 ], [ 390990.352962650475092, 311405.767709104402456, 0.0 ], [ 390989.697921986691654, 311436.59336923470255, 0.0 ], [ 391001.993001649854705, 311452.274438857042696, 0.0 ], [ 391014.288037309190258, 311467.955527449026704, 0.0 ], [ 391026.583028867375106, 311483.63663500722032, 0.0 ], [ 391038.87797633378068, 311499.317761520273052, 0.0 ], [ 391051.172879700607155, 311514.998907010769472, 0.0 ], [ 391063.467738972627558, 311530.6800714674755, 0.0 ], [ 391075.762554142740555, 311546.361254892428406, 0.0 ], [ 391088.057325219735503, 311562.04245728359092, 0.0 ], [ 391087.401915301685221, 311592.868130839720834, 0.0 ], [ 391099.696596684982069, 311608.549353721609805, 0.0 ], [ 391111.991233877488412, 311624.230595569650177, 0.0 ], [ 391124.285827061976306, 311639.911856373946648, 0.0 ], [ 391136.580376147292554, 311655.593136156443506, 0.0 ], [ 391148.874881136172917, 311671.274434907187242, 0.0 ], [ 391161.169342023436911, 311686.955752625595778, 0.0 ], [ 391160.513654023234267, 311717.781436560617294, 0.0 ], [ 391172.80802521307487, 311733.462774772546254, 0.0 ], [ 391185.102352302987128, 311749.144131948472932, 0.0 ], [ 391197.396635295124725, 311764.825508093461394, 0.0 ], [ 391209.690874187275767, 311780.506903194647748, 0.0 ], [ 391221.985068883688655, 311796.188317273394205, 0.0 ], [ 391234.279219574236777, 311811.869750320387539, 0.0 ], [ 391246.573326161480509, 311827.551202334929258, 0.0 ], [ 391258.867388649901841, 311843.232673319231253, 0.0 ], [ 391258.211331352475099, 311874.058370686485432, 0.0 ], [ 391270.505304133985192, 311889.739862162212376, 0.0 ], [ 391282.799232818302698, 311905.421372606244404, 0.0 ], [ 391282.143079814384691, 311936.247074242739473, 0.0 ] ] ] ] } },
{ "type": "Feature", "properties": { "Name": "230203#01", "desc": "부산시(동천교)", "area": 6.4, "perim": 13.41 }, "geometry": { "type": "MultiPolygon", "coordinates": [ [ [ [ 394313.9711874834029, 295471.099025621660985, 0.0 ], [ 394326.284930117428303, 295486.783590509672649, 0.0 ], [ 394351.575312774628401, 295487.327531476970762, 0.0 ], [ 394376.865696972701699, 295487.871543318149634, 0.0 ], [ 394402.156082711997442, 295488.415626033209264, 0.0 ], [ 394415.132896951457951, 295473.275069232680835, 0.0 ], [ 394428.109753718599677, 295458.134529531002045, 0.0 ], [ 394440.423328189528547, 295473.819257321651094, 0.0 ], [ 394452.736858707852662, 295489.504004084155895, 0.0 ], [ 394465.38205369154457, 295489.776142893941142, 0.0 ], [ 394465.713760964630637, 295474.363516284502111, 0.0 ], [ 394466.377172075910494, 295443.538263992581051, 0.0 ], [ 394479.354157670168206, 295428.397792949108407, 0.0 ], [ 394504.644722331664525, 295428.942155408672988, 0.0 ], [ 394517.621794319886249, 295413.801735950692091, 0.0 ], [ 394530.598908647429198, 295398.661333574564196, 0.0 ], [ 394555.889562772936188, 295399.205835903238039, 0.0 ], [ 394568.866763586702291, 295384.065485114057083, 0.0 ], [ 394581.844006829662248, 295368.925151408126112, 0.0 ], [ 394594.82129250606522, 295353.784834787598811, 0.0 ], [ 394607.798620611196384, 295338.644535251078196, 0.0 ], [ 394620.775991147267632, 295323.504252799262758, 0.0 ], [ 394621.439897653181106, 295292.678995345893782, 0.0 ], [ 394634.417351521609817, 295277.538729648804292, 0.0 ], [ 394647.394847727613524, 295262.398481034964789, 0.0 ], [ 394648.058831448550336, 295231.573224132531323, 0.0 ], [ 394648.722810585750267, 295200.747968449431937, 0.0 ], [ 394661.700431108532939, 295185.607736273785122, 0.0 ], [ 394686.991697613615543, 295186.152579822111875, 0.0 ], [ 394712.282965658116154, 295186.697494242107496, 0.0 ], [ 394737.574235246749595, 295187.242479535285383, 0.0 ], [ 394762.865506284753792, 295187.787535698735155, 0.0 ], [ 394788.156778957694769, 295188.332662736123893, 0.0 ], [ 394801.134661716874689, 295173.192620115180034, 0.0 ], [ 394814.112586900184397, 295158.052594577602576, 0.0 ], [ 394839.403949040512089, 295158.59786147979321, 0.0 ], [ 394864.695312719035428, 295159.14319925440941, 0.0 ], [ 394877.673368165269494, 295144.003259788209107, 0.0 ], [ 394878.338110960554332, 295113.177990849188063, 0.0 ], [ 394866.024711930775084, 295097.492663255019579, 0.0 ], [ 394853.711268859915435, 295081.807354622753337, 0.0 ], [ 394854.375916099001188, 295050.982090013858397, 0.0 ], [ 394855.040558749693446, 295020.156826615158934, 0.0 ], [ 394855.705196811875794, 294989.331564435793553, 0.0 ], [ 394868.68345528782811, 294974.191605907864869, 0.0 ], [ 394881.661756099958438, 294959.051664459635504, 0.0 ], [ 394869.348129654943477, 294943.366344617912546, 0.0 ], [ 394857.034459170419723, 294927.681043735938147, 0.0 ], [ 394857.699083466432057, 294896.8557852281956, 0.0 ], [ 394845.385323551483452, 294881.170504861045629, 0.0 ], [ 394820.093184019555338, 294880.625254884944297, 0.0 ], [ 394807.779337743180804, 294864.940029855584726, 0.0 ], [ 394795.465447514085099, 294849.25482379028108, 0.0 ], [ 394783.151513339602388, 294833.569636687636375, 0.0 ], [ 394783.815864751057234, 294802.744387468905188, 0.0 ], [ 394771.501841146906372, 294787.059220878931228, 0.0 ], [ 394759.187773690442555, 294771.374073265062179, 0.0 ], [ 394759.852029556408525, 294740.548828367958777, 0.0 ], [ 394760.516280836076476, 294709.723584690247662, 0.0 ], [ 394761.180527529446408, 294678.898342233384028, 0.0 ], [ 394774.159019007463939, 294663.758242420793977, 0.0 ], [ 394787.137553004547954, 294648.618159692967311, 0.0 ], [ 394787.801876894198358, 294617.792917806771584, 0.0 ], [ 394788.466196197085083, 294586.967677129374351, 0.0 ], [ 394789.130510912975296, 294556.142437672067899, 0.0 ], [ 394789.794821041869, 294525.31719943479402, 0.0 ], [ 394777.480388133088127, 294509.632046796788927, 0.0 ], [ 394765.165911374730058, 294493.946913135587238, 0.0 ], [ 394765.830125963198952, 294463.121679219999351, 0.0 ], [ 394753.515559689840302, 294447.436566056625452, 0.0 ], [ 394741.200949475227389, 294431.751471855852287, 0.0 ], [ 394728.886295314820018, 294416.066396618436556, 0.0 ], [ 394716.571597213624045, 294400.381340342224576, 0.0 ], [ 394717.23562531376956, 294369.556113846949302, 0.0 ], [ 394704.920837794721592, 294353.871078094758559, 0.0 ], [ 394692.606006331159733, 294338.186061291722581, 0.0 ], [ 394680.291130927740596, 294322.501063449191861, 0.0 ], [ 394654.99744765588548, 294321.956343396916054, 0.0 ], [ 394629.703765833866782, 294321.411694208625704, 0.0 ], [ 394604.410085554234684, 294320.867115885019302, 0.0 ], [ 394592.095038978150114, 294305.182246124255471, 0.0 ], [ 394579.779948458308354, 294289.497395323356614, 0.0 ], [ 394567.464814001868945, 294273.812563483603299, 0.0 ], [ 394555.149635599867906, 294258.12775060365675, 0.0 ], [ 394529.855787312029861, 294257.583388635481242, 0.0 ], [ 394504.561940477811731, 294257.039097531291191, 0.0 ], [ 394479.268095182836987, 294256.494877289573196, 0.0 ], [ 394453.97425143152941, 294255.950727914692834, 0.0 ], [ 394441.658859448682051, 294240.266079482506029, 0.0 ], [ 394429.343423620797694, 294224.581450013676658, 0.0 ], [ 394404.049496585619636, 294224.037444244604558, 0.0 ], [ 394378.755571093410254, 294223.493509340158198, 0.0 ], [ 394353.461647144169547, 294222.949645300395787, 0.0 ], [ 394341.14604005345609, 294207.265143911237828, 0.0 ], [ 394328.830389021313749, 294191.580661472631618, 0.0 ], [ 394303.536381882440764, 294191.036941038677469, 0.0 ], [ 394278.242376193287782, 294190.493291467952076, 0.0 ], [ 394265.264150301751215, 294205.634086088335607, 0.0 ], [ 394252.285966834169813, 294220.774897782073822, 0.0 ], [ 394226.992050584522076, 294220.231388062762562, 0.0 ], [ 394201.698135962360539, 294219.687949208775535, 0.0 ], [ 394176.404222788987681, 294219.144581217318773, 0.0 ], [ 394151.110311154450756, 294218.601284089090768, 0.0 ], [ 394125.81640106101986, 294218.058057825546712, 0.0 ], [ 394112.838479761383496, 294233.199059082486201, 0.0 ], [ 394099.860600886109751, 294248.34007742558606, 0.0 ], [ 394074.566780320485123, 294247.796991016250104, 0.0 ], [ 394061.588987814844586, 294262.938060937798582, 0.0 ], [ 394048.611237734032329, 294278.079147943295538, 0.0 ], [ 394023.317506515129935, 294277.536201386072207, 0.0 ], [ 394011.001439013285562, 294261.852169696940109, 0.0 ], [ 393998.685327573330142, 294246.168156967672985, 0.0 ], [ 393973.391513158916496, 294245.625354014104232, 0.0 ], [ 393948.097700188984163, 294245.082621922367252, 0.0 ], [ 393922.803888758586254, 294244.539960695256013, 0.0 ], [ 393897.510078862716909, 294243.997370331431739, 0.0 ], [ 393872.21627050585812, 294243.454850831534714, 0.0 ], [ 393846.922463773516938, 294242.912402196961921, 0.0 ], [ 393834.60605392488651, 294227.228626634692773, 0.0 ], [ 393822.289600143674761, 294211.544870031415485, 0.0 ], [ 393796.995710033341311, 294211.002564994210843, 0.0 ], [ 393771.701821458991617, 294210.46033082093345, 0.0 ], [ 393746.407934510731138, 294209.918167512281798, 0.0 ], [ 393733.430672441492788, 294225.059686198481359, 0.0 ], [ 393732.770030766143464, 294255.884834652359132, 0.0 ], [ 393719.792852019367274, 294271.026370101026259, 0.0 ], [ 393706.815715696371626, 294286.167922635795549, 0.0 ], [ 393693.838621794886421, 294301.309492255270015, 0.0 ], [ 393681.522048394544981, 294285.625931806396693, 0.0 ], [ 393669.205431061796844, 294269.942390313721262, 0.0 ], [ 393643.911722884222399, 294269.40050671499921, 0.0 ], [ 393618.618016333959531, 294268.858693982299883, 0.0 ], [ 393606.301270233932883, 294253.175244178564753, 0.0 ], [ 393606.961480108904652, 294222.350105076795444, 0.0 ], [ 393594.644644615473226, 294206.666675777931232, 0.0 ], [ 393569.350768321426585, 294206.125008509145118, 0.0 ], [ 393544.056893561501056, 294205.583412103587762, 0.0 ], [ 393518.763020428246818, 294205.041886563412845, 0.0 ], [ 393493.469148735981435, 294204.500431882916018, 0.0 ], [ 393480.492326139123179, 294219.642295535304584, 0.0 ], [ 393467.515545961621683, 294234.78417627455201, 0.0 ], [ 393442.221763695590198, 294234.242861453210935, 0.0 ], [ 393416.9279829650186, 294233.701617493701633, 0.0 ], [ 393404.610852191806771, 294218.018460167862941, 0.0 ], [ 393392.293677395326085, 294202.335321794787887, 0.0 ], [ 393379.976458663935773, 294186.652202387806028, 0.0 ], [ 393367.659195998159703, 294170.969101926486474, 0.0 ], [ 393355.341889395611361, 294155.286020419269335, 0.0 ], [ 393368.318574071745388, 294140.143983636167832, 0.0 ], [ 393381.295301169215236, 294125.00196393992519, 0.0 ], [ 393394.272070690174587, 294109.859961329842918, 0.0 ], [ 393407.248882634332404, 294094.717975807900075, 0.0 ], [ 393407.908378858934157, 294063.892857772589196, 0.0 ], [ 393408.567870528670028, 294033.067740970058367, 0.0 ], [ 393409.227357644180302, 294002.242625381215475, 0.0 ], [ 393409.886840205173939, 293971.417511012463365, 0.0 ], [ 393410.546318211592734, 293940.592397868807893, 0.0 ], [ 393411.205791663145646, 293909.767285955778789, 0.0 ], [ 393398.888162314309739, 293894.084163038001861, 0.0 ], [ 393386.570489033591002, 293878.401059076481033, 0.0 ], [ 393387.229867023823317, 293847.575951468083076, 0.0 ], [ 393374.912104358605575, 293831.892868006485514, 0.0 ], [ 393362.594297759933397, 293816.209803499048576, 0.0 ], [ 393363.25358029094059, 293785.384700203081593, 0.0 ], [ 393363.912858268246055, 293754.559598143503536, 0.0 ], [ 393364.572131692431867, 293723.73449729551794, 0.0 ], [ 393377.54938896978274, 293708.592455993988551, 0.0 ], [ 393390.526688664336689, 293693.4504317806568, 0.0 ], [ 393378.208698738191742, 293677.767356044612825, 0.0 ], [ 393365.890664880163968, 293662.084299265523441, 0.0 ], [ 393353.572587092872709, 293646.401261441234965, 0.0 ], [ 393341.254465380916372, 293630.718242581700906, 0.0 ], [ 393341.913634243537672, 293599.893148491973989, 0.0 ], [ 393329.595423148130067, 293584.210150121769402, 0.0 ], [ 393304.299836752063129, 293583.66929969744524, 0.0 ], [ 393291.981539326137863, 293567.986356643086765, 0.0 ], [ 393292.640526390168816, 293537.161268735944759, 0.0 ], [ 393280.322139582713135, 293521.47834618226625, 0.0 ], [ 393268.003708850068506, 293505.795442581991665, 0.0 ], [ 393255.685234187636524, 293490.112557945016306, 0.0 ], [ 393243.36671560065588, 293474.429692254401743, 0.0 ], [ 393231.048153086798266, 293458.746845514397137, 0.0 ], [ 393205.752227348624729, 293458.206285986700095, 0.0 ], [ 393180.456303235492669, 293457.665797318040859, 0.0 ], [ 393155.160380559391342, 293457.125379504810553, 0.0 ], [ 393129.864459419739433, 293456.585032547765877, 0.0 ], [ 393104.568539809493814, 293456.044756446848623, 0.0 ], [ 393092.24972134095151, 293440.362110470305197, 0.0 ], [ 393079.930859032319859, 293424.679483447165694, 0.0 ], [ 393067.611952710081823, 293408.996875376731623, 0.0 ], [ 393055.293002460268326, 293393.314286257606, 0.0 ], [ 393042.974008287361357, 293377.631716091185808, 0.0 ], [ 393030.654970189614687, 293361.949164877471048, 0.0 ], [ 393005.358797674882226, 293361.409177798137534, 0.0 ], [ 392992.381749602500349, 293376.551740067312494, 0.0 ], [ 392979.404743947670795, 293391.694319423346315, 0.0 ], [ 392954.108660929370672, 293391.154472191818058, 0.0 ], [ 392941.789497130666859, 293375.472047467366792, 0.0 ], [ 392954.76645733253099, 293360.329416208667681, 0.0 ], [ 392967.743459947349038, 293345.186802047363017, 0.0 ], [ 392955.424249191652052, 293329.504361460392829, 0.0 ], [ 392943.104994507331867, 293313.821939824032597, 0.0 ], [ 392930.785695899045095, 293298.139537141076289, 0.0 ], [ 392918.466353369527496, 293282.457153410126921, 0.0 ], [ 392906.146966914180666, 293266.774788629787508, 0.0 ], [ 392880.850543030712288, 293266.235161421820521, 0.0 ], [ 392868.531070247176103, 293250.552851952321362, 0.0 ], [ 392856.211553633445874, 293234.870561438438017, 0.0 ], [ 392843.891993009019643, 293219.188289873651229, 0.0 ], [ 392831.572388457250781, 293203.506037271523383, 0.0 ], [ 392819.252739983494394, 293187.823803608654998, 0.0 ], [ 392819.910031990555581, 293156.9987658339669, 0.0 ], [ 392807.590294160181656, 293141.316552667471115, 0.0 ], [ 392795.270512403687462, 293125.634358450886793, 0.0 ], [ 392782.950686728116125, 293109.952183187007904, 0.0 ], [ 392770.630817129160278, 293094.270026874437463, 0.0 ], [ 392758.310903609381057, 293078.587889511021785, 0.0 ], [ 392745.990946263656951, 293062.905771114514209, 0.0 ], [ 392746.647961100854445, 293032.080743824830279, 0.0 ], [ 392759.625019619066734, 293016.937833082105499, 0.0 ], [ 392772.602120647439733, 293001.794939429091755, 0.0 ], [ 392773.259212741220836, 292970.969912724336609, 0.0 ], [ 392760.939117472036742, 292955.287781537801493, 0.0 ], [ 392748.618978378595784, 292939.605669302574825, 0.0 ], [ 392749.275975059717894, 292908.780646921601146, 0.0 ], [ 392736.955746515886858, 292893.098555178497918, 0.0 ], [ 392724.635474055772647, 292877.416482388158329, 0.0 ], [ 392712.315157674893271, 292861.734428545518313, 0.0 ], [ 392699.994797380408272, 292846.052393655641936, 0.0 ], [ 392700.651607781765051, 292815.227378660987597, 0.0 ], [ 392688.331158130022231, 292799.545364263933152, 0.0 ], [ 392676.010664562869351, 292783.863368829537649, 0.0 ], [ 392663.690127076290082, 292768.181392332946416, 0.0 ], [ 392638.392337215133011, 292767.642503469134681, 0.0 ], [ 392613.094548792170826, 292767.103685453708749, 0.0 ], [ 392587.796761895413511, 292766.564938287367113, 0.0 ], [ 392562.498976529343054, 292766.026261972961947, 0.0 ], [ 392537.201192686625291, 292765.487656506884377, 0.0 ], [ 392511.903410466969945, 292764.949121894082054, 0.0 ], [ 392486.605629682075232, 292764.410658129025251, 0.0 ], [ 392474.28475147485733, 292748.728955075494014, 0.0 ], [ 392461.963829351589084, 292733.047270970360842, 0.0 ], [ 392436.665965292137116, 292732.508950767223723, 0.0 ], [ 392424.344956849818118, 292716.827321967342868, 0.0 ], [ 392412.023904587025754, 292701.145712117373478, 0.0 ], [ 392386.725957252900116, 292700.607535474002361, 0.0 ], [ 392361.428011447773315, 292700.069429678958841, 0.0 ], [ 392349.10683037317358, 292684.387911486031953, 0.0 ], [ 392336.785605383687653, 292668.70641224301653, 0.0 ], [ 392324.464336481876671, 292653.024931947002187, 0.0 ], [ 392312.143023665528744, 292637.343470611493103, 0.0 ], [ 392286.844909872335847, 292636.805581085558515, 0.0 ], [ 392274.523510741593782, 292621.124175040400587, 0.0 ], [ 392275.178821820998564, 292590.299200259614736, 0.0 ], [ 392275.834128372604027, 292559.474226703925524, 0.0 ], [ 392263.512594474421348, 292543.792842691764235, 0.0 ], [ 392251.191016663156915, 292528.111477626021951, 0.0 ], [ 392238.869394936831668, 292512.430131509376224, 0.0 ], [ 392226.547729297541082, 292496.748804351838771, 0.0 ], [ 392214.2260197509313, 292481.067496131407097, 0.0 ], [ 392201.904266287572682, 292465.386206855240744, 0.0 ], [ 392189.582469004788436, 292449.704936532478314, 0.0 ], [ 392177.260627717594616, 292434.023685153922997, 0.0 ], [ 392164.938742523663677, 292418.34245272167027, 0.0 ], [ 392139.640033520176075, 292417.805001295462716, 0.0 ], [ 392114.341326042078435, 292417.267620715429075, 0.0 ], [ 392089.042620088846888, 292416.730310981685761, 0.0 ], [ 392076.720563877897803, 292401.049206556170247, 0.0 ], [ 392064.398463661200367, 292385.368121076317038, 0.0 ], [ 392039.099674435216002, 292384.830954894598108, 0.0 ], [ 392013.800886736018583, 292384.293859558354598, 0.0 ], [ 392001.47865781141445, 292368.612865729897749, 0.0 ], [ 391989.156384979025461, 292352.931890858395491, 0.0 ], [ 391963.85751409700606, 292352.394939074874856, 0.0 ], [ 391938.558644646254834, 292351.858058134035673, 0.0 ], [ 391925.582176750176586, 292367.002113856957294, 0.0 ], [ 391912.605751263152342, 292382.146186680882238, 0.0 ], [ 391899.629368190304376, 292397.290276595100295, 0.0 ], [ 391886.653027527208906, 292412.434383599786088, 0.0 ], [ 391861.354335292475298, 292411.897711486439221, 0.0 ], [ 391836.055644668522291, 292411.361110221478157, 0.0 ], [ 391810.756955479562748, 292410.824579800653737, 0.0 ], [ 391785.458267810754478, 292410.288120226061437, 0.0 ], [ 391760.159581666695885, 292409.751731497701257, 0.0 ], [ 391747.183503028005362, 292424.896028069837485, 0.0 ], [ 391734.207466894527897, 292440.040341733722016, 0.0 ], [ 391708.908870116923936, 292439.504092844028492, 0.0 ], [ 391695.932920226012357, 292454.64845809340477, 0.0 ], [ 391682.957012748287525, 292469.792840436683036, 0.0 ], [ 391669.981147688638885, 292484.937239868217148, 0.0 ], [ 391669.327921971911564, 292515.762166403641459, 0.0 ], [ 391656.352140226343181, 292530.906582614697982, 0.0 ], [ 391631.053806980606169, 292530.370540702890139, 0.0 ], [ 391618.078111666836776, 292545.515008502290584, 0.0 ], [ 391605.102458672306966, 292560.65949339128565, 0.0 ], [ 391579.804214792791754, 292560.123591322393622, 0.0 ], [ 391554.505972436047159, 292559.587760098977014, 0.0 ], [ 391529.207731597416569, 292559.051999723247718, 0.0 ], [ 391503.909492371603847, 292558.516310197359417, 0.0 ], [ 391490.934057481586933, 292573.660950170014985, 0.0 ], [ 391477.958665006444789, 292588.805607234477066, 0.0 ], [ 391464.983314951125067, 292603.95028139144415, 0.0 ], [ 391464.330761786317453, 292634.775198011135217, 0.0 ], [ 391451.355495050200261, 292649.919888948323205, 0.0 ], [ 391426.057519266672898, 292649.384406405966729, 0.0 ], [ 391413.082338873879053, 292664.529148933594115, 0.0 ], [ 391400.107200892525725, 292679.673908555123489, 0.0 ], [ 391374.809314563928638, 292679.138565859873779, 0.0 ], [ 391361.834262923919596, 292694.283377074054442, 0.0 ], [ 391348.859253700473346, 292709.428205380623695, 0.0 ], [ 391323.561456645606086, 292708.893002529686783, 0.0 ], [ 391298.263661109202076, 292708.357870527135674, 0.0 ], [ 391272.965867185848765, 292707.822809373668861, 0.0 ], [ 391259.99103214481147, 292722.967758271610364, 0.0 ], [ 391247.016239520860836, 292738.112724263512064, 0.0 ], [ 391221.718534865416586, 292737.577802954998333, 0.0 ], [ 391196.420831729774363, 292737.042952495627105, 0.0 ], [ 391171.123130109161139, 292736.508172883186489, 0.0 ], [ 391145.825430098222569, 292735.973464121925645, 0.0 ], [ 391132.850855581171345, 292751.118585206684656, 0.0 ], [ 391119.876323486911133, 292766.263723374693654, 0.0 ], [ 391106.901833805604838, 292781.408878649352118, 0.0 ], [ 391093.927386544761248, 292796.554051017970778, 0.0 ], [ 391080.952981699956581, 292811.699240483285394, 0.0 ], [ 391067.978619273635559, 292826.844447041803505, 0.0 ], [ 391055.004299270687625, 292841.989670698472764, 0.0 ], [ 391042.030021772312466, 292857.134911449800711, 0.0 ], [ 391016.732674566854257, 292856.600549536931794, 0.0 ], [ 390991.435328874737024, 292856.066258474602364, 0.0 ], [ 390966.13798470038455, 292855.532038259203546, 0.0 ], [ 390953.163881298445631, 292870.677399608190171, 0.0 ], [ 390940.189820318366401, 292885.822778052533977, 0.0 ], [ 390927.215801846119575, 292900.968173585133627, 0.0 ], [ 390914.241825707722455, 292916.11358622222906, 0.0 ], [ 390888.944658736232668, 292915.579574862669688, 0.0 ], [ 390875.970768935861997, 292930.725039098062553, 0.0 ], [ 390862.996921558049507, 292945.870520430151373, 0.0 ], [ 390850.023116600816138, 292961.016018858295865, 0.0 ], [ 390837.049354061775375, 292976.161534383136313, 0.0 ], [ 390811.752364388143178, 292975.627731882908847, 0.0 ], [ 390786.455376135534607, 292975.0940002296702, 0.0 ], [ 390773.481743865180761, 292990.239601857145317, 0.0 ], [ 390760.508154015988111, 293005.385220580617897, 0.0 ], [ 390747.859704378934111, 293005.118415824719705, 0.0 ], [ 390747.534606585861184, 293020.530856403696816, 0.0 ], [ 390759.857914141030051, 293036.210102952318266, 0.0 ], [ 390772.181177782651503, 293051.889368454401847, 0.0 ], [ 390771.530888002598658, 293082.714253599755466, 0.0 ], [ 390770.880593730020337, 293113.539139975851867, 0.0 ], [ 390770.230294965091161, 293144.3640275769867, 0.0 ], [ 390782.553378455573693, 293160.043316630239133, 0.0 ], [ 390794.876418036292307, 293175.722624612855725, 0.0 ], [ 390807.199413701950107, 293191.401951546780765, 0.0 ], [ 390832.495799040189013, 293191.935766960203182, 0.0 ], [ 390844.818708384293132, 293207.615149186574854, 0.0 ], [ 390857.141573812928982, 293223.294550355058163, 0.0 ], [ 390869.464395328250248, 293238.973970466293395, 0.0 ], [ 390856.490957146452274, 293254.119448710291181, 0.0 ], [ 390843.517561388027389, 293269.264944052498322, 0.0 ], [ 390830.5442080507637, 293284.410456493496895, 0.0 ], [ 390817.57089713960886, 293299.555986030609347, 0.0 ], [ 390816.920398744521663, 293330.380884676880669, 0.0 ], [ 390816.269895855570212, 293361.205784563149791, 0.0 ], [ 390815.61938847322017, 293392.030685675796121, 0.0 ], [ 390814.968876597413328, 293422.85558801778825, 0.0 ], [ 390827.291466525464784, 293438.534963590034749, 0.0 ], [ 390839.614012540725525, 293454.214358093682677, 0.0 ], [ 390851.936514637898654, 293469.893771550792735, 0.0 ], [ 390864.258972819312476, 293485.573203951411415, 0.0 ], [ 390863.608274779689964, 293516.398113664181437, 0.0 ], [ 390875.930643629049882, 293532.077566543477587, 0.0 ], [ 390888.252968559623696, 293547.757038364186883, 0.0 ], [ 390900.575249575776979, 293563.436529129103292, 0.0 ], [ 390912.897486670408398, 293579.116038835374638, 0.0 ], [ 390912.24660245992709, 293609.940955910424236, 0.0 ], [ 390924.568750131875277, 293625.620486094674561, 0.0 ], [ 390949.86393437202787, 293626.154681601095945, 0.0 ], [ 390975.159120124008041, 293626.688947962946258, 0.0 ], [ 390987.481139138224535, 293642.368569792946801, 0.0 ], [ 390986.829986901255324, 293673.193494869687129, 0.0 ], [ 390999.151916573755443, 293688.873137178365141, 0.0 ], [ 391011.473802327469457, 293704.552798430609982, 0.0 ], [ 391023.795644162455574, 293720.232478626305237, 0.0 ], [ 391049.090575331589207, 293720.76696308911778, 0.0 ], [ 391061.41233083413681, 293736.446698568121064, 0.0 ], [ 391073.734042417025194, 293752.126453004777431, 0.0 ], [ 391099.028890361892991, 293752.661081025958993, 0.0 ], [ 391124.32373981969431, 293753.195779903384391, 0.0 ], [ 391136.645322648750152, 293768.875625985034276, 0.0 ], [ 391148.966861467342824, 293784.555491008039098, 0.0 ], [ 391161.288356456032488, 293800.235374978161417, 0.0 ], [ 391173.609807526576333, 293815.915277891734149, 0.0 ], [ 391185.931214676296804, 293831.595199750270694, 0.0 ], [ 391198.25257790053729, 293847.275140552956145, 0.0 ], [ 391210.573897208203562, 293862.955100300605409, 0.0 ], [ 391222.895172592485324, 293878.635078981867991, 0.0 ], [ 391248.189684239914641, 293879.170139532070607, 0.0 ], [ 391273.4841973062139, 293879.705270936246961, 0.0 ], [ 391298.77871198381763, 293880.240473200858105, 0.0 ], [ 391311.099816196016036, 293895.920579895202536, 0.0 ], [ 391323.420876488322392, 293911.600705535209272, 0.0 ], [ 391335.741892856021877, 293927.280850120820105, 0.0 ], [ 391348.062865301093552, 293942.961013652733527, 0.0 ], [ 391360.3837938256911, 293958.64119612891227, 0.0 ], [ 391359.731301345047541, 293989.46616118226666, 0.0 ], [ 391359.078804358374327, 294020.291127452219371, 0.0 ], [ 391358.426302865089383, 294051.116094959201291, 0.0 ], [ 391357.773796865600161, 294081.941063693375327, 0.0 ], [ 391370.094499656290282, 294097.621271264448296, 0.0 ], [ 391382.41515861521475, 294113.301497783279046, 0.0 ], [ 391381.762557248643134, 294144.126470818533562, 0.0 ], [ 391394.083126847515814, 294159.806717810395639, 0.0 ], [ 391406.403652525797952, 294175.486983757757116, 0.0 ], [ 391405.750955789641012, 294206.311961096944287, 0.0 ], [ 391418.071392108337022, 294221.992247529444285, 0.0 ], [ 391430.3917845034739, 294237.672552906093188, 0.0 ], [ 391442.712132967833895, 294253.352877229801379, 0.0 ], [ 391455.032437510439195, 294269.033220502024051, 0.0 ], [ 391454.379554537008516, 294299.858205205586273, 0.0 ], [ 391466.699769719794858, 294315.538568961434066, 0.0 ], [ 391479.019940882804804, 294331.218951660790481, 0.0 ], [ 391491.340068208985031, 294346.899353307147976, 0.0 ], [ 391503.660151607589796, 294362.57977390132146, 0.0 ], [ 391515.980191080830991, 294378.260213442496024, 0.0 ], [ 391528.300186623702757, 294393.940671931428369, 0.0 ], [ 391527.647026535356417, 294424.765667103114538, 0.0 ], [ 391526.993861936964095, 294455.590663489885628, 0.0 ], [ 391526.340692828060128, 294486.415661113045644, 0.0 ], [ 391525.687519208935555, 294517.240659964794759, 0.0 ], [ 391525.034341079590376, 294548.065660041582305, 0.0 ], [ 391524.38115844031563, 294578.890661334153265, 0.0 ], [ 391524.054565429221839, 294594.303162445721682, 0.0 ], [ 391536.700837438227609, 294594.57114799687406, 0.0 ], [ 391549.673746019601822, 294579.426649227389134, 0.0 ], [ 391562.646697036456317, 294564.282167565950658, 0.0 ], [ 391587.939329983608332, 294564.818260826752521, 0.0 ], [ 391613.231964541249909, 294565.354424954333808, 0.0 ], [ 391626.205045872949995, 294550.210029392619617, 0.0 ], [ 391639.178169633145444, 294535.065650929114781, 0.0 ], [ 391651.497725887398701, 294550.746298888523597, 0.0 ], [ 391663.817238211398944, 294566.426965796388686, 0.0 ], [ 391689.109877321869135, 294566.96334251225926, 0.0 ], [ 391714.402517862909008, 294567.499790089903399, 0.0 ], [ 391739.695160011004191, 294568.036308532289695, 0.0 ], [ 391764.987803680531215, 294568.57289783860324, 0.0 ], [ 391777.307102384627797, 294584.253729112795554, 0.0 ], [ 391789.626357152708806, 294599.934579346037935, 0.0 ], [ 391801.945567994029261, 294615.615448526397813, 0.0 ], [ 391814.26473481109133, 294631.296336655155756, 0.0 ], [ 391839.557210308033973, 294631.83314225601498, 0.0 ], [ 391864.849687327281572, 294632.370018721558154, 0.0 ], [ 391877.168725459720008, 294648.050998515216634, 0.0 ], [ 391889.487719657598063, 294663.731997261522338, 0.0 ], [ 391914.780113351647742, 294664.269017306680325, 0.0 ], [ 391927.099021101603284, 294679.950071356084663, 0.0 ], [ 391939.417885013739578, 294695.631144356157165, 0.0 ], [ 391951.736704990384169, 294711.312236305326223, 0.0 ], [ 391964.055481036426499, 294726.99334719311446, 0.0 ], [ 391989.347706556960475, 294727.530583539861254, 0.0 ], [ 392014.639933600672521, 294728.067890750593506, 0.0 ], [ 392026.958580866572447, 294743.749093317368533, 0.0 ], [ 392039.27718410367379, 294759.430314831843134, 0.0 ], [ 392064.569327822304331, 294759.967765627894551, 0.0 ], [ 392089.86147306219209, 294760.505287288571708, 0.0 ], [ 392115.153619824035559, 294761.042879816028289, 0.0 ], [ 392128.127334465505555, 294745.899176250968594, 0.0 ], [ 392141.10109154478414, 294730.755489781906363, 0.0 ], [ 392153.419526603654958, 294746.436874145991169, 0.0 ], [ 392152.764157717814669, 294777.261929112311918, 0.0 ], [ 392165.082503488054499, 294792.943333969276864, 0.0 ], [ 392177.400805318611674, 294808.624757776036859, 0.0 ], [ 392189.719063218566589, 294824.306200534163509, 0.0 ], [ 392215.011043331527617, 294824.844080233597197, 0.0 ], [ 392227.329214870114811, 294840.525578301865608, 0.0 ], [ 392239.647342472919263, 294856.207095322140958, 0.0 ], [ 392251.965426142327487, 294871.888631280977279, 0.0 ], [ 392264.283465782413259, 294887.570186200318858, 0.0 ], [ 392276.601461576414295, 294903.251760073064361, 0.0 ], [ 392288.919413433759473, 294918.933352897118311, 0.0 ], [ 392301.237321356427856, 294934.61496467172401, 0.0 ], [ 392313.555185342091136, 294950.296595396241173, 0.0 ], [ 392325.873005385743454, 294965.978245073463768, 0.0 ], [ 392338.190781496465206, 294981.65991370199481, 0.0 ], [ 392350.50851366709685, 294997.341601280379109, 0.0 ], [ 392349.852417598478496, 295028.166680884140078, 0.0 ], [ 392362.170060381933581, 295043.848388955404516, 0.0 ], [ 392374.487659131875262, 295059.530115977977403, 0.0 ], [ 392373.831467629526742, 295090.355199897720013, 0.0 ], [ 392386.148977083328646, 295106.03694741387153, 0.0 ], [ 392398.466442595585249, 295121.718713882670272, 0.0 ], [ 392410.783864170662127, 295137.400499303475954, 0.0 ], [ 392423.101241804019082, 295153.082303662900813, 0.0 ], [ 392435.418575497344136, 295168.764126986265182, 0.0 ], [ 392447.735865252907388, 295184.445969263848383, 0.0 ], [ 392460.053111065761186, 295200.127830491226632, 0.0 ], [ 392485.344071364728734, 295200.666512012481689, 0.0 ], [ 392510.635033282975201, 295201.205264404707123, 0.0 ], [ 392535.925996720907278, 295201.744087666564155, 0.0 ], [ 392561.216961685800925, 295202.282981798052788, 0.0 ], [ 392586.507928173232358, 295202.821946799813304, 0.0 ], [ 392598.824917823541909, 295218.504008797055576, 0.0 ], [ 392611.141863622935489, 295234.186089749156963, 0.0 ], [ 392623.458765483112074, 295249.868189655418973, 0.0 ], [ 392622.801683018333279, 295280.693299491482321, 0.0 ], [ 392635.118495477014221, 295296.375419892021455, 0.0 ], [ 392660.40920740540605, 295296.914603080425877, 0.0 ], [ 392672.725933497305959, 295312.596778798208106, 0.0 ], [ 392685.042615644051693, 295328.278973470150959, 0.0 ], [ 392710.333244153880514, 295328.818300255923532, 0.0 ], [ 392735.623874284443446, 295329.357697914820164, 0.0 ], [ 392760.914505938708317, 295329.89716644474538, 0.0 ], [ 392786.20513911684975, 295330.436705845000688, 0.0 ], [ 392811.495773821487091, 295330.976316116284579, 0.0 ], [ 392836.786409964552149, 295331.515997255744878, 0.0 ], [ 392862.077047722530551, 295332.055749268387444, 0.0 ], [ 392887.367687009798829, 295332.595572152757086, 0.0 ], [ 392912.658327826648019, 295333.135465907456819, 0.0 ], [ 392937.94897007587133, 295333.675430531031452, 0.0 ], [ 392950.923398488550447, 295318.532871332252398, 0.0 ], [ 392963.897869337117299, 295303.390329227375332, 0.0 ], [ 392989.1886011143215, 295303.930433732050005, 0.0 ], [ 393014.479334417381324, 295304.470609109965153, 0.0 ], [ 393026.795466540497728, 295320.153293949260842, 0.0 ], [ 393026.136992923682556, 295350.978436020202935, 0.0 ], [ 393038.453035637096036, 295366.661141358083114, 0.0 ], [ 393063.743599145673215, 295367.201462201250251, 0.0 ], [ 393089.034164275391959, 295367.741853916901164, 0.0 ], [ 393114.324730931664817, 295368.282316504977643, 0.0 ], [ 393139.615299121534918, 295368.822849964781199, 0.0 ], [ 393164.905868745525368, 295369.363454294216353, 0.0 ], [ 393190.196439991530497, 295369.904129496077076, 0.0 ], [ 393215.487012764788233, 295370.444875570363365, 0.0 ], [ 393240.777587070129812, 295370.985692515736446, 0.0 ], [ 393266.068162903073244, 295371.526580334233586, 0.0 ], [ 393279.043121723458171, 295356.384470004879404, 0.0 ], [ 393292.01812306715874, 295341.242376768670511, 0.0 ], [ 393304.993166848202236, 295326.100300622871146, 0.0 ], [ 393317.968253059487324, 295310.958241569576785, 0.0 ], [ 393330.9433817100944, 295295.816199605236761, 0.0 ], [ 393343.918552795075811, 295280.674174743995536, 0.0 ], [ 393356.234178853803314, 295296.357330810802523, 0.0 ], [ 393368.54976096667815, 295312.040505844459403, 0.0 ], [ 393393.840517126489431, 295312.581744287745096, 0.0 ], [ 393419.131274905463215, 295313.123053604154848, 0.0 ], [ 393444.422034218267072, 295313.664433792349882, 0.0 ], [ 393469.712795060360804, 295314.205884851515293, 0.0 ], [ 393495.003557436633855, 295314.747406783164479, 0.0 ], [ 393520.294321252265945, 295315.288999584387057, 0.0 ], [ 393545.585086692823097, 295315.830663258791901, 0.0 ], [ 393570.875853665871546, 295316.372397805622313, 0.0 ], [ 393596.166622171585914, 295316.914203223481309, 0.0 ], [ 393608.481778516783379, 295332.597724539111368, 0.0 ], [ 393620.796890829224139, 295348.281264812336303, 0.0 ], [ 393646.087576019519474, 295348.823213842406403, 0.0 ], [ 393671.378262740734499, 295349.365233745600563, 0.0 ], [ 393696.668950997758657, 295349.907324520521797, 0.0 ], [ 393721.95964078605175, 295350.449486167228315, 0.0 ], [ 393747.250332020048518, 295350.991718684905209, 0.0 ], [ 393772.541024878388271, 295351.534022076462861, 0.0 ], [ 393797.831719271023758, 295352.076396340504289, 0.0 ], [ 393823.122415195626672, 295352.618841476913076, 0.0 ], [ 393848.413112566806376, 295353.161357483710162, 0.0 ], [ 393861.389123396016657, 295338.020040380302817, 0.0 ], [ 393874.365176663035527, 295322.878740368003491, 0.0 ], [ 393899.655963575991336, 295323.421396250952967, 0.0 ], [ 393924.946752021962311, 295323.964123005629517, 0.0 ], [ 393950.237542005663272, 295324.506920634128619, 0.0 ], [ 393963.213769488153048, 295309.365741206798702, 0.0 ], [ 393976.190039493259974, 295294.224578881869093, 0.0 ], [ 394001.480918931949418, 295294.76751638163114, 0.0 ], [ 394026.771799902198836, 295295.310524753818754, 0.0 ], [ 394052.06268241093494, 295295.853603998431936, 0.0 ], [ 394077.35356636357028, 295296.396754113433417, 0.0 ], [ 394089.667962144361809, 295312.080964927386958, 0.0 ], [ 394101.982313977961894, 295327.765194716048427, 0.0 ], [ 394114.296621859888546, 295343.449443461606279, 0.0 ], [ 394126.610885792179033, 295359.133711169124581, 0.0 ], [ 394151.901601684512571, 295359.677077649510466, 0.0 ], [ 394164.215779244317673, 295375.361400690570008, 0.0 ], [ 394176.529912856291048, 295391.045742691436317, 0.0 ], [ 394188.844002425204962, 295406.7301036506542, 0.0 ], [ 394201.158048136217985, 295422.414483572531026, 0.0 ], [ 394213.472049891832285, 295438.098882456310093, 0.0 ], [ 394225.786007701070048, 295453.783300298498943, 0.0 ], [ 394251.076470592815895, 295454.326955894590355, 0.0 ], [ 394276.366935020079836, 295454.870682363805827, 0.0 ], [ 394301.657400895142928, 295455.414479705505073, 0.0 ], [ 394313.9711874834029, 295471.099025621660985, 0.0 ] ] ] ] } },
{ "type": "Feature", "properties": { "Name": "230203#02", "desc": "부산시(원동교)", "area": 27.58, "perim": 31.29 }, "geometry": { "type": "MultiPolygon", "coordinates": [ [ [ [ 398808.587923183571547, 298190.322611958428752, 0.0 ], [ 398820.890159045346081, 298206.013859509024769, 0.0 ], [ 398846.173476249212399, 298206.570721390366089, 0.0 ], [ 398871.456795021309517, 298207.12765417463379, 0.0 ], [ 398896.740115366294049, 298207.684657860314474, 0.0 ], [ 398922.023437189403921, 298208.241732446127571, 0.0 ], [ 398935.004736998525914, 298193.107448342605494, 0.0 ], [ 398947.9860792492982, 298177.973181299690623, 0.0 ], [ 398973.26949075399898, 298178.530395775800571, 0.0 ], [ 398986.250919453683309, 298163.396180294337682, 0.0 ], [ 398999.232390601362567, 298148.261981884832494, 0.0 ], [ 399024.515891598130111, 298148.819336246291641, 0.0 ], [ 399049.799394259462133, 298149.376761511375662, 0.0 ], [ 399075.082898490596563, 298149.934257678687572, 0.0 ], [ 399088.06454410450533, 298134.800179815210868, 0.0 ], [ 399075.762639909924474, 298119.108553871104959, 0.0 ], [ 399063.46069171722047, 298103.416946914396249, 0.0 ], [ 399064.140382883429993, 298072.591245882620569, 0.0 ], [ 399064.820069361710921, 298041.76554607518483, 0.0 ], [ 399077.801836039987393, 298026.631449733453337, 0.0 ], [ 399090.783645162591711, 298011.497370457975194, 0.0 ], [ 399091.463408706360497, 297980.671671145537402, 0.0 ], [ 399104.445301144151017, 297965.53760858863825, 0.0 ], [ 399117.427236025338061, 297950.403563099505845, 0.0 ], [ 399118.10707663174253, 297919.577864301856607, 0.0 ], [ 399118.786912549403496, 297888.752166706544813, 0.0 ], [ 399119.466743778320961, 297857.926470321428496, 0.0 ], [ 399120.14657031808747, 297827.10077514720615, 0.0 ], [ 399120.826392168877646, 297796.275081185973249, 0.0 ], [ 399121.506209330516867, 297765.449388446228113, 0.0 ], [ 399109.203800800372846, 297749.757744867238216, 0.0 ], [ 399096.901348275772762, 297734.066120275645517, 0.0 ], [ 399084.598851752176415, 297718.374514669296332, 0.0 ], [ 399072.296311234415043, 297702.68292804894736, 0.0 ], [ 399072.975941459764726, 297671.85724276851397, 0.0 ], [ 399060.673311384627596, 297656.165676699834876, 0.0 ], [ 399048.370637311250903, 297640.474129627051298, 0.0 ], [ 399036.067919245106168, 297624.782601530314423, 0.0 ], [ 399023.765157273854129, 297609.091092421731446, 0.0 ], [ 399024.444600569666363, 297578.265414610505104, 0.0 ], [ 399025.124039178830571, 297547.439738011511508, 0.0 ], [ 399025.803473101172131, 297516.614062624168582, 0.0 ], [ 399038.785846545593813, 297501.479891309281811, 0.0 ], [ 399051.76826251775492, 297486.345737053605262, 0.0 ], [ 399052.447773496969603, 297455.520062171097379, 0.0 ], [ 399053.127279788837768, 297424.69438850163715, 0.0 ], [ 399053.806781393243, 297393.868716041615698, 0.0 ], [ 399054.486278310010675, 297363.043044804537203, 0.0 ], [ 399042.183150212164037, 297347.351530790794641, 0.0 ], [ 399029.879978212236892, 297331.660035761655308, 0.0 ], [ 399017.576762129552662, 297315.968559719214682, 0.0 ], [ 399005.273502052412368, 297300.277102658525109, 0.0 ], [ 398992.970197988150176, 297284.585664586687926, 0.0 ], [ 398980.666849927394651, 297268.894245499395765, 0.0 ], [ 398981.346068815910257, 297238.068584851454943, 0.0 ], [ 398982.02528301847633, 297207.24292542639887, 0.0 ], [ 398982.704492535558529, 297176.417267199489288, 0.0 ], [ 398983.38369736680761, 297145.591610187024344, 0.0 ], [ 398984.062897512223572, 297114.76595438469667, 0.0 ], [ 398997.045714364852756, 297099.631709495210089, 0.0 ], [ 399022.33215261407895, 297100.18892777885776, 0.0 ], [ 399035.315055895596743, 297085.054734453617129, 0.0 ], [ 399048.298001520277467, 297069.920558185491245, 0.0 ], [ 399073.584529341722373, 297070.477916336094495, 0.0 ], [ 399086.567561487783678, 297055.343791622959543, 0.0 ], [ 399099.550636066589504, 297040.209683975437656, 0.0 ], [ 399124.837253458448686, 297040.767181994451676, 0.0 ], [ 399137.820414470159449, 297025.633125901280437, 0.0 ], [ 399150.803617909550667, 297010.499086874362547, 0.0 ], [ 399176.090324781835079, 297011.056724758935161, 0.0 ], [ 399189.073614655993879, 296995.922737284970935, 0.0 ], [ 399202.056946957367472, 296980.788766878016759, 0.0 ], [ 399227.343743493547663, 296981.346544628846459, 0.0 ], [ 399252.630541600170545, 296981.904393273289315, 0.0 ], [ 399265.61400433187373, 296966.770508904475719, 0.0 ], [ 399278.597509406507015, 296951.636641610471997, 0.0 ], [ 399291.581057000556029, 296936.502791372826323, 0.0 ], [ 399304.564647025545128, 296921.368958199396729, 0.0 ], [ 399329.851622702961322, 296921.92701567983022, 0.0 ], [ 399342.835299159050919, 296906.793234057200607, 0.0 ], [ 399355.819018041016534, 296891.659469502221327, 0.0 ], [ 399368.802779357822146, 296876.525722011458129, 0.0 ], [ 399381.786583102599252, 296861.391991583397612, 0.0 ], [ 399394.770429189200513, 296846.258278219494969, 0.0 ], [ 399407.75431779131759, 296831.124581922660582, 0.0 ], [ 399433.041559034958482, 296831.682917206024285, 0.0 ], [ 399446.025534066429827, 296816.549272469826974, 0.0 ], [ 399459.009551527560689, 296801.415644786553457, 0.0 ], [ 399471.993611417827196, 296786.282034166681115, 0.0 ], [ 399472.674397257855162, 296755.456356414186303, 0.0 ], [ 399485.658540439209901, 296740.322762502997648, 0.0 ], [ 399498.642726046964526, 296725.189185655326582, 0.0 ], [ 399499.323588908766396, 296694.363508401322179, 0.0 ], [ 399500.004447072511539, 296663.537832367466763, 0.0 ], [ 399500.685300538607407, 296632.712157534551807, 0.0 ], [ 399501.366149306588341, 296601.886483911075629, 0.0 ], [ 399502.046993376861792, 296571.060811499948613, 0.0 ], [ 399502.727832748787478, 296540.235140307457186, 0.0 ], [ 399515.712305844528601, 296525.101578383997548, 0.0 ], [ 399528.696821456891485, 296509.968033524695784, 0.0 ], [ 399541.681379497982562, 296494.834505728795193, 0.0 ], [ 399554.665979965066072, 296479.700994995015208, 0.0 ], [ 399567.650622853194363, 296464.567501326091588, 0.0 ], [ 399580.63530817173887, 296449.434024717775173, 0.0 ], [ 399593.620035913423635, 296434.300565173616633, 0.0 ], [ 399606.604806082788855, 296419.167122690821998, 0.0 ], [ 399607.285967606876511, 296388.341449854779057, 0.0 ], [ 399607.967124430986587, 296357.515778219036292, 0.0 ], [ 399620.952018730225973, 296342.382352084503509, 0.0 ], [ 399633.936955368320923, 296327.248943010577932, 0.0 ], [ 399634.61818920035148, 296296.423271869774908, 0.0 ], [ 399635.299418331007473, 296265.597601950459648, 0.0 ], [ 399635.980642760812771, 296234.771933231444564, 0.0 ], [ 399648.965744471468497, 296219.63854014815297, 0.0 ], [ 399661.950888605206273, 296204.505164128378965, 0.0 ], [ 399662.632190039381385, 296173.679495902149938, 0.0 ], [ 399663.313486771890894, 296142.853828887571581, 0.0 ], [ 399663.994778802269138, 296112.02816309442278, 0.0 ], [ 399651.690758589073084, 296096.335875950346235, 0.0 ], [ 399626.401430930709466, 296095.777019728382584, 0.0 ], [ 399614.097324324306101, 296080.0847879787907, 0.0 ], [ 399601.793173730955459, 296064.392575215140823, 0.0 ], [ 399589.488979157467838, 296048.700381438189652, 0.0 ], [ 399577.184740599768702, 296033.008206647995394, 0.0 ], [ 399564.880458064842969, 296017.316050844441634, 0.0 ], [ 399552.576131543610245, 296001.623914026888087, 0.0 ], [ 399540.271761040668935, 295985.931796209537424, 0.0 ], [ 399527.967346559162252, 295970.239697363984305, 0.0 ], [ 399515.662888186983764, 295954.547617507225368, 0.0 ], [ 399503.358385743806139, 295938.855556634371169, 0.0 ], [ 399491.053839317639358, 295923.163514749612659, 0.0 ], [ 399478.749248913372867, 295907.471491848002188, 0.0 ], [ 399453.459413804113865, 295906.913143371755723, 0.0 ], [ 399428.169580268673599, 295906.354865779227111, 0.0 ], [ 399415.864861064474098, 295890.662934673484415, 0.0 ], [ 399403.560097966343164, 295874.9710225565359, 0.0 ], [ 399378.270181189058349, 295874.412888656253926, 0.0 ], [ 399365.965331614774186, 295858.721031924593262, 0.0 ], [ 399366.645544531755149, 295827.895400117442477, 0.0 ], [ 399367.325752754171845, 295797.069769512745552, 0.0 ], [ 399368.005956281907856, 295766.244140115333721, 0.0 ], [ 399368.686155114788562, 295735.418511930271052, 0.0 ], [ 399369.366349252581131, 295704.592884965939447, 0.0 ], [ 399370.046538695809431, 295673.76725920260651, 0.0 ], [ 399383.031891843187623, 295658.633480412419885, 0.0 ], [ 399396.017287414113525, 295643.499718682083767, 0.0 ], [ 399383.712117441988084, 295627.80785550235305, 0.0 ], [ 399371.406903497758321, 295612.116011307807639, 0.0 ], [ 399359.101645572111011, 295596.424186098622158, 0.0 ], [ 399346.796343670226634, 295580.732379873283207, 0.0 ], [ 399334.490997793967836, 295565.040592644538265, 0.0 ], [ 399322.185607942054048, 295549.348824391199742, 0.0 ], [ 399309.880174114310648, 295533.657075120252557, 0.0 ], [ 399297.57469639898045, 295517.96534483745927, 0.0 ], [ 399298.254598494444508, 295487.139732108393218, 0.0 ], [ 399311.240064697980415, 295472.005847738939337, 0.0 ], [ 399324.225573406787589, 295456.871980432828423, 0.0 ], [ 399324.905552507494576, 295426.046368202310987, 0.0 ], [ 399337.891144481836818, 295410.912517613440286, 0.0 ], [ 399350.87677887303289, 295395.778684072487522, 0.0 ], [ 399351.5568349766545, 295364.953072339703795, 0.0 ], [ 399352.236886385944672, 295334.127461817115545, 0.0 ], [ 399339.931176165933721, 295318.435687113553286, 0.0 ], [ 399327.625421972305048, 295302.743931397388224, 0.0 ], [ 399328.305377603857778, 295271.918325231818017, 0.0 ], [ 399315.9995338958106, 295256.226590065169148, 0.0 ], [ 399303.693646302912384, 295240.534873884520493, 0.0 ], [ 399291.387714649434201, 295224.843176688416861, 0.0 ], [ 399279.081739023444243, 295209.151498474064283, 0.0 ], [ 399266.775719425466377, 295193.459839244256727, 0.0 ], [ 399254.469655852997676, 295177.768199000449385, 0.0 ], [ 399242.163548308773898, 295162.076577738451306, 0.0 ], [ 399216.871655537805054, 295161.51898424141109, 0.0 ], [ 399204.565461620106362, 295145.827418375236448, 0.0 ], [ 399192.259223819302861, 295130.135871484410018, 0.0 ], [ 399179.952941961935721, 295114.444343573937658, 0.0 ], [ 399167.646616129146423, 295098.752834647311829, 0.0 ], [ 399142.354555317317136, 295098.195457628986333, 0.0 ], [ 399130.048143112566322, 295082.504004087648354, 0.0 ], [ 399143.03383255423978, 295067.369873745716177, 0.0 ], [ 399156.019564412243199, 295052.235760465846397, 0.0 ], [ 399169.005338681745343, 295037.101664246583823, 0.0 ], [ 399181.99115536705358, 295021.967585087986663, 0.0 ], [ 399194.977014460950159, 295006.833523002744187, 0.0 ], [ 399207.962915882701054, 294991.699477963265963, 0.0 ], [ 399208.642392662353814, 294960.873893511365168, 0.0 ], [ 399209.321864750934765, 294930.048310270358343, 0.0 ], [ 399210.001332148560323, 294899.222728240885772, 0.0 ], [ 399197.694730051676743, 294883.531193885195535, 0.0 ], [ 399185.388083900325, 294867.839678521791939, 0.0 ], [ 399186.067455535521731, 294837.014100837346632, 0.0 ], [ 399186.74682248046156, 294806.188524363096803, 0.0 ], [ 399187.426184734737035, 294775.362949101137929, 0.0 ], [ 399175.119358006224502, 294759.671457410790026, 0.0 ], [ 399162.812487312825397, 294743.979984703531954, 0.0 ], [ 399150.505572649766691, 294728.288530989433639, 0.0 ], [ 399125.212476843968034, 294727.731247917457949, 0.0 ], [ 399112.905475814477541, 294712.039849574386608, 0.0 ], [ 399100.59843082097359, 294696.348470214521512, 0.0 ], [ 399088.291341951466165, 294680.657109839201439, 0.0 ], [ 399075.984209025744349, 294664.965768443478737, 0.0 ], [ 399050.69094519817736, 294664.408701839565765, 0.0 ], [ 399038.383725904743187, 294648.717415824881755, 0.0 ], [ 399026.076462645840365, 294633.026148793345783, 0.0 ], [ 399000.783115594065748, 294632.46922585827997, 0.0 ], [ 398988.475765975192189, 294616.77801420702599, 0.0 ], [ 398976.168372477171943, 294601.086821536824573, 0.0 ], [ 398950.874942203285173, 294600.53004227130441, 0.0 ], [ 398938.567462255479768, 294584.838904992036987, 0.0 ], [ 398939.245927931508049, 294554.013357428717427, 0.0 ], [ 398926.938358485582285, 294538.322240684065036, 0.0 ], [ 398914.630745075875893, 294522.631142921862192, 0.0 ], [ 398915.30911500955699, 294491.805599704210181, 0.0 ], [ 398903.001412110228557, 294476.114522489428055, 0.0 ], [ 398890.693665247759782, 294460.423464256338775, 0.0 ], [ 398878.385874422150664, 294444.732425017049536, 0.0 ], [ 398866.078039722167887, 294429.04140474885935, 0.0 ], [ 398853.770160974003375, 294413.35040345886955, 0.0 ], [ 398828.476220340409782, 294412.793990080885123, 0.0 ], [ 398815.490244833170436, 294427.928576073842123, 0.0 ], [ 398802.50431173259858, 294443.063179125310853, 0.0 ], [ 398777.21046062593814, 294442.506905571790412, 0.0 ], [ 398751.916611184598878, 294441.950702892791014, 0.0 ], [ 398726.622763225692324, 294441.394571082026232, 0.0 ], [ 398714.314674047054723, 294425.703769187442958, 0.0 ], [ 398702.006540911388583, 294410.012986271816771, 0.0 ], [ 398689.698363809613511, 294394.322222338581923, 0.0 ], [ 398677.390142748772632, 294378.631477385002654, 0.0 ], [ 398652.096126774442382, 294378.075562028796412, 0.0 ], [ 398639.787819442804903, 294362.384872452705167, 0.0 ], [ 398627.479468062403612, 294346.69420185405761, 0.0 ], [ 398615.171072719153017, 294331.003550235764123, 0.0 ], [ 398602.862633417942561, 294315.312917597068008, 0.0 ], [ 398590.554150156327523, 294299.622303948621266, 0.0 ], [ 398578.245622932794504, 294283.931709269876592, 0.0 ], [ 398565.9370517518837, 294268.241133570729289, 0.0 ], [ 398566.614175062277354, 294237.415626916626934, 0.0 ], [ 398554.305514400359243, 294221.725071762106381, 0.0 ], [ 398541.996809777221642, 294206.0345355864265, 0.0 ], [ 398529.68806128797587, 294190.344018393196166, 0.0 ], [ 398517.379268750024494, 294174.653520176769234, 0.0 ], [ 398518.056205300963484, 294143.828021006076597, 0.0 ], [ 398505.747323284624144, 294128.137543333461508, 0.0 ], [ 398480.452627384453081, 294127.582139411591925, 0.0 ], [ 398455.157933059730567, 294127.026806359994225, 0.0 ], [ 398442.848922291654162, 294111.336420452804305, 0.0 ], [ 398430.539867566199973, 294095.646053525211755, 0.0 ], [ 398405.245090113254264, 294095.090864128316753, 0.0 ], [ 398392.935949037433602, 294079.400552571867593, 0.0 ], [ 398380.626764002547134, 294063.710259993560612, 0.0 ], [ 398368.317535013426095, 294048.019986393454019, 0.0 ], [ 398356.008262067916803, 294032.329731771606021, 0.0 ], [ 398343.698945166077465, 294016.639496138552204, 0.0 ], [ 398331.389584306278266, 294000.949279473046772, 0.0 ], [ 398319.080179490789305, 293985.259081787196919, 0.0 ], [ 398306.770730814838316, 293969.56890307815047, 0.0 ], [ 398294.461238088668324, 293953.878743348002899, 0.0 ], [ 398295.137364664929919, 293923.053269904514309, 0.0 ], [ 398282.827782470965758, 293907.363130716781598, 0.0 ], [ 398270.518156320031267, 293891.673010503756814, 0.0 ], [ 398258.208486219169572, 293875.982909281621687, 0.0 ], [ 398232.913115145289339, 293875.428229370969348, 0.0 ], [ 398220.603358692023903, 293859.738183505774941, 0.0 ], [ 398221.279212182271294, 293828.912719447631389, 0.0 ], [ 398208.969366264296696, 293813.222694122057874, 0.0 ], [ 398183.673825705656782, 293812.668159775843378, 0.0 ], [ 398171.363893443252891, 293796.978189822053537, 0.0 ], [ 398159.053917223413009, 293781.288238842214923, 0.0 ], [ 398133.758293358725496, 293780.733848142146599, 0.0 ], [ 398121.448230792884715, 293765.043952530599199, 0.0 ], [ 398109.138124279212207, 293749.354075896495488, 0.0 ], [ 398096.827973808685783, 293733.664218249788973, 0.0 ], [ 398097.503376844746526, 293702.838768615270965, 0.0 ], [ 398085.193137004622258, 293687.148931501142215, 0.0 ], [ 398072.882853122835513, 293671.45911335881101, 0.0 ], [ 398073.55816047382541, 293640.63366806646809, 0.0 ], [ 398061.247787131345831, 293624.943870465853252, 0.0 ], [ 398035.951737768715248, 293624.389772796013858, 0.0 ], [ 398023.641278083436191, 293608.700030560081359, 0.0 ], [ 398011.330774445261341, 293593.010307313001249, 0.0 ], [ 397986.034641869133338, 293592.456353285117075, 0.0 ], [ 397960.738510955765378, 293591.902470124012325, 0.0 ], [ 397948.427878586284351, 293576.212838618957903, 0.0 ], [ 397936.117202264838852, 293560.523226087854709, 0.0 ], [ 397910.820988047111314, 293559.969486565853003, 0.0 ], [ 397885.524775396566838, 293559.415817907021847, 0.0 ], [ 397860.228564407909289, 293558.862220115028322, 0.0 ], [ 397834.932354895747267, 293558.308693184168078, 0.0 ], [ 397809.636146954726428, 293557.755237116536591, 0.0 ], [ 397784.339940577745438, 293557.201851912832353, 0.0 ], [ 397759.043735774001107, 293556.648537573753856, 0.0 ], [ 397746.732718852115795, 293540.959198735654354, 0.0 ], [ 397734.421657889208291, 293525.26987887150608, 0.0 ], [ 397709.125369869230781, 293524.716708168678451, 0.0 ], [ 397683.829083414981142, 293524.163608329894487, 0.0 ], [ 397658.532798530650325, 293523.610579354979564, 0.0 ], [ 397633.236515302094631, 293523.057621244050097, 0.0 ], [ 397607.9402335525956, 293522.504733994894195, 0.0 ], [ 397582.643953365739435, 293521.951917609025259, 0.0 ], [ 397569.659032459836453, 293537.088237243529875, 0.0 ], [ 397556.674153953965288, 293552.224573943589348, 0.0 ], [ 397531.377963255275972, 293551.671897373686079, 0.0 ], [ 397506.081774215679616, 293551.119291669863742, 0.0 ], [ 397493.097026035946328, 293566.255714388971683, 0.0 ], [ 397480.112320259213448, 293581.392154173692688, 0.0 ], [ 397454.81622061424423, 293580.839688285079319, 0.0 ], [ 397429.520122532732785, 293580.287293260509614, 0.0 ], [ 397404.224026109557599, 293579.734969101205934, 0.0 ], [ 397378.927931161480956, 293579.182715803093743, 0.0 ], [ 397353.631837773951702, 293578.6305333689088, 0.0 ], [ 397328.335745953838341, 293578.078421797195915, 0.0 ], [ 397303.039655700908042, 293577.526381088769995, 0.0 ], [ 397277.743567102996167, 293576.974411245028023, 0.0 ], [ 397252.44747997680679, 293576.422512263059616, 0.0 ], [ 397240.135660601023119, 293560.733899580372963, 0.0 ], [ 397240.808104321477003, 293529.908520959957968, 0.0 ], [ 397253.792453769419808, 293514.771753116685431, 0.0 ], [ 397266.776845620479435, 293499.635002340422943, 0.0 ], [ 397267.449366402230226, 293468.80962424329482, 0.0 ], [ 397268.121882538369391, 293437.984247372602113, 0.0 ], [ 397268.794394029362593, 293407.158871705003548, 0.0 ], [ 397269.466900874977, 293376.333497253945097, 0.0 ], [ 397257.154806962935254, 293360.64487652212847, 0.0 ], [ 397244.842669104342349, 293344.956274762109388, 0.0 ], [ 397232.530487306241412, 293329.267691974586342, 0.0 ], [ 397220.218261559610255, 293313.579128161771223, 0.0 ], [ 397207.905991871492006, 293297.890583330008667, 0.0 ], [ 397195.593678237928543, 293282.202057458693162, 0.0 ], [ 397196.265907462569885, 293251.37669358617859, 0.0 ], [ 397196.938132043578662, 293220.551330925954971, 0.0 ], [ 397197.610351980838459, 293189.725969483028166, 0.0 ], [ 397198.282567274174653, 293158.900609265780076, 0.0 ], [ 397198.954777924227528, 293128.075250251684338, 0.0 ], [ 397186.642192970844917, 293112.386751157057006, 0.0 ], [ 397161.344816880300641, 293111.835164212563541, 0.0 ], [ 397149.032145503326319, 293096.14672047062777, 0.0 ], [ 397136.719430185272358, 293080.458295700489543, 0.0 ], [ 397124.406670926196966, 293064.769889901508577, 0.0 ], [ 397112.093867724062875, 293049.081503073626664, 0.0 ], [ 397099.781020583875943, 293033.39313521690201, 0.0 ], [ 397087.468129503133241, 293017.704786343325395, 0.0 ], [ 397075.155194572871551, 293002.01645643095253, 0.0 ], [ 397062.842215610202402, 292986.328145488281734, 0.0 ], [ 397050.529192707850598, 292970.639853516011499, 0.0 ], [ 397038.216125870647375, 292954.951580513443332, 0.0 ], [ 397025.90301508968696, 292939.26332648342941, 0.0 ], [ 397013.589860371954273, 292923.575091422419064, 0.0 ], [ 396988.291977181041148, 292923.024011918401811, 0.0 ], [ 396962.994095645844936, 292922.473003274062648, 0.0 ], [ 396937.696215580683202, 292921.92206548381364, 0.0 ], [ 396925.382889759610407, 292906.233958537166473, 0.0 ], [ 396913.069519998156466, 292890.545870560919866, 0.0 ], [ 396887.77155672153458, 292889.995076389925089, 0.0 ], [ 396875.458100633637514, 292874.307043774810154, 0.0 ], [ 396863.144600610772613, 292858.619030119560193, 0.0 ], [ 396850.831056738388725, 292842.931035435409285, 0.0 ], [ 396838.517468843201641, 292827.243059718166478, 0.0 ], [ 396813.219337574555539, 292826.692481924546883, 0.0 ], [ 396800.905663350014947, 292811.004561557841953, 0.0 ], [ 396788.591945193416905, 292795.316660160082392, 0.0 ], [ 396776.278183095739223, 292779.628777730686124, 0.0 ], [ 396763.964377061813138, 292763.940914273029193, 0.0 ], [ 396751.650527094257995, 292748.253069783037063, 0.0 ], [ 396739.336633280850947, 292732.565244276134763, 0.0 ], [ 396727.022695441904943, 292716.877437724848278, 0.0 ], [ 396714.708713665255345, 292701.189650141110178, 0.0 ], [ 396702.394687958003487, 292685.501881527772639, 0.0 ], [ 396690.08061831118539, 292669.814131881983485, 0.0 ], [ 396677.766504731902387, 292654.1264012066531, 0.0 ], [ 396665.452347215847112, 292638.438689501024783, 0.0 ], [ 396653.138145765464287, 292622.750996760849375, 0.0 ], [ 396640.823900385643356, 292607.063322991074529, 0.0 ], [ 396628.509611157409381, 292591.375668203050736, 0.0 ], [ 396616.195277907710988, 292575.688032370584551, 0.0 ], [ 396590.896470013831276, 292575.138107493461575, 0.0 ], [ 396578.58205044263741, 292559.450527003733441, 0.0 ], [ 396579.252014556434005, 292528.625238680047914, 0.0 ], [ 396566.937505571870133, 292512.93767871928867, 0.0 ], [ 396554.622952657111455, 292497.250137725437526, 0.0 ], [ 396542.308355809887871, 292481.562615701288451, 0.0 ], [ 396529.993715030548628, 292465.875112644687761, 0.0 ], [ 396530.66349259740673, 292435.049831781012472, 0.0 ], [ 396518.34876249555964, 292419.362349252682179, 0.0 ], [ 396506.033988376380876, 292403.674885690561496, 0.0 ], [ 396493.719170321419369, 292387.987441095290706, 0.0 ], [ 396481.404308337834664, 292372.300015466171317, 0.0 ], [ 396482.073899365379475, 292341.474742043355945, 0.0 ], [ 396469.75894797150977, 292325.78733694110997, 0.0 ], [ 396457.443952647154219, 292310.099950817762874, 0.0 ], [ 396445.12891339766793, 292294.412583648518194, 0.0 ], [ 396419.829339457384776, 292293.863171848468482, 0.0 ], [ 396406.844891188258771, 292309.0011253177654, 0.0 ], [ 396393.860485225974116, 292324.139095841266681, 0.0 ], [ 396380.876121658133343, 292339.277083442430012, 0.0 ], [ 396367.891800489975139, 292354.415088110603392, 0.0 ], [ 396354.907521719287615, 292369.553109846485313, 0.0 ], [ 396341.923285343917087, 292384.691148650774267, 0.0 ], [ 396328.939091368636582, 292399.829204521374777, 0.0 ], [ 396315.954939789138734, 292414.967277460324112, 0.0 ], [ 396302.970830612350255, 292430.105367467040196, 0.0 ], [ 396289.986763919703662, 292445.24347454571398, 0.0 ], [ 396264.687630971195176, 292444.694478361983784, 0.0 ], [ 396252.37247847893741, 292429.007377001573332, 0.0 ], [ 396253.04130180150969, 292398.182118237484246, 0.0 ], [ 396240.726059899432585, 292382.495037402550224, 0.0 ], [ 396228.410774067626335, 292366.807975530915428, 0.0 ], [ 396216.095444308710285, 292351.120932628284208, 0.0 ], [ 396203.780070620239712, 292335.433908690407407, 0.0 ], [ 396204.448707424802706, 292304.608657384873368, 0.0 ], [ 396192.133244334021583, 292288.921653970319312, 0.0 ], [ 396179.817737402627245, 292273.234669524768833, 0.0 ], [ 396167.502186454774346, 292257.54770404251758, 0.0 ], [ 396155.186591578705702, 292241.860757525719237, 0.0 ], [ 396155.855041873001028, 292211.035513654001988, 0.0 ], [ 396156.523487548111007, 292180.210271000978537, 0.0 ], [ 396157.191928603802808, 292149.385029575030785, 0.0 ], [ 396157.860365040542092, 292118.559789355786052, 0.0 ], [ 396158.528796858037822, 292087.734550353081431, 0.0 ], [ 396159.197224056406412, 292056.909312567615416, 0.0 ], [ 396159.865646635298617, 292026.084076008584816, 0.0 ], [ 396160.534064595180098, 291995.258840656199027, 0.0 ], [ 396161.202477935876232, 291964.433606522507034, 0.0 ], [ 396148.886429896112531, 291948.746692987624556, 0.0 ], [ 396136.570337929122616, 291933.059798418194987, 0.0 ], [ 396137.238655712455511, 291902.234568615269382, 0.0 ], [ 396137.906968876719475, 291871.409340039535891, 0.0 ], [ 396125.59074204810895, 291855.722467550600413, 0.0 ], [ 396113.274471300072037, 291840.035614025662653, 0.0 ], [ 396100.958156623644754, 291824.348779466177803, 0.0 ], [ 396088.641798026044853, 291808.661963873542845, 0.0 ], [ 396076.32539559318684, 291792.975167245720513, 0.0 ], [ 396051.024463889189065, 291792.426848565577529, 0.0 ], [ 396038.707975063472986, 291776.740107272693422, 0.0 ], [ 396026.391442317282781, 291761.053384944563732, 0.0 ], [ 396014.074865648173727, 291745.366681593935937, 0.0 ], [ 396014.742724143725354, 291714.541468579031061, 0.0 ], [ 396002.426058087381534, 291698.854785737581551, 0.0 ], [ 395990.109348106780089, 291683.168121859373059, 0.0 ], [ 395977.792594207101502, 291667.481476945977192, 0.0 ], [ 395965.475796476239339, 291651.794850998732727, 0.0 ], [ 395953.158954733866267, 291636.108244013390504, 0.0 ], [ 395940.842069068225101, 291620.421655992802698, 0.0 ], [ 395941.509650162770413, 291589.596453549398575, 0.0 ], [ 395929.192675113212317, 291573.909886048582848, 0.0 ], [ 395916.875656148069538, 291558.223337511764839, 0.0 ], [ 395904.558593258319888, 291542.536807941156439, 0.0 ], [ 395892.24148645112291, 291526.85029733175179, 0.0 ], [ 395892.908881082315929, 291496.025102320010774, 0.0 ], [ 395880.591684891609475, 291480.338612232531887, 0.0 ], [ 395868.274444786191452, 291464.652141117549036, 0.0 ], [ 395855.957160847901832, 291448.9656889574253, 0.0 ], [ 395843.639832902990747, 291433.279255758447107, 0.0 ], [ 395831.322461039526388, 291417.592841522884555, 0.0 ], [ 395819.005045255529694, 291401.906446251319721, 0.0 ], [ 395806.687585555948317, 291386.22006994165713, 0.0 ], [ 395794.370081936242059, 291370.533712595351972, 0.0 ], [ 395782.052534403570462, 291354.847374213801231, 0.0 ], [ 395769.734942948911339, 291339.161054791999049, 0.0 ], [ 395770.401878367760219, 291308.335876576777082, 0.0 ], [ 395771.068809176795185, 291277.510699567443226, 0.0 ], [ 395771.735735375666991, 291246.685523776744958, 0.0 ], [ 395772.402656964492053, 291215.860349202645011, 0.0 ], [ 395773.069573942921124, 291185.035175857774448, 0.0 ], [ 395773.736486311478075, 291154.210003719548695, 0.0 ], [ 395761.418578194570728, 291138.523712599766441, 0.0 ], [ 395749.100626255385578, 291122.837440446135588, 0.0 ], [ 395749.76744310115464, 291092.012272638035938, 0.0 ], [ 395737.449401703022886, 291076.326021000626497, 0.0 ], [ 395725.131316386046819, 291060.63978832581779, 0.0 ], [ 395712.8131871544756, 291044.953574623563327, 0.0 ], [ 395687.510207385756075, 291044.40636410942534, 0.0 ], [ 395662.207229169900529, 291043.859224435174838, 0.0 ], [ 395649.888971278967801, 291028.173102419008501, 0.0 ], [ 395637.570669569540769, 291012.486999368295074, 0.0 ], [ 395612.267608162946999, 291011.940003270108718, 0.0 ], [ 395599.949220072478056, 290996.253955543041229, 0.0 ], [ 395587.630788073758595, 290980.567926780728158, 0.0 ], [ 395575.31231215770822, 290964.881916979560629, 0.0 ], [ 395562.993792331428267, 290949.195926138956565, 0.0 ], [ 395550.675228590553161, 290933.509954258101061, 0.0 ], [ 395538.356620940030552, 290917.82400134135969, 0.0 ], [ 395526.037969467695802, 290902.138067397056147, 0.0 ], [ 395513.719273991300724, 290886.452152401267085, 0.0 ], [ 395501.400534605782013, 290870.766256365983281, 0.0 ], [ 395489.081751309102401, 290855.080379291903228, 0.0 ], [ 395476.762924101436511, 290839.394521179026924, 0.0 ], [ 395464.444052980630659, 290823.708682026655879, 0.0 ], [ 395452.125137951574288, 290808.0228618333349, 0.0 ], [ 395439.806179012171924, 290792.337060604128055, 0.0 ], [ 395427.48717616032809, 290776.651278333214577, 0.0 ], [ 395415.168129491037689, 290760.965515035612043, 0.0 ], [ 395402.849038819549605, 290745.279770687106065, 0.0 ], [ 395390.529904243245255, 290729.594045296311378, 0.0 ], [ 395365.226081698900089, 290729.047774627048057, 0.0 ], [ 395339.922260707593523, 290728.50157479691552, 0.0 ], [ 395326.93770296277944, 290743.641062099486589, 0.0 ], [ 395313.953187601466198, 290758.780566469067708, 0.0 ], [ 395300.968714718939736, 290773.920087898615748, 0.0 ], [ 395287.984284131845925, 290789.059626405069139, 0.0 ], [ 395262.680640388978645, 290788.513635305396747, 0.0 ], [ 395237.376998200721573, 290787.967715043458156, 0.0 ], [ 395212.073357562185265, 290787.421865620010067, 0.0 ], [ 395186.769718568131793, 290786.87608703575097, 0.0 ], [ 395161.46608103311155, 290786.330379288468976, 0.0 ], [ 395136.162445051828399, 290785.78474237897899, 0.0 ], [ 395110.858810617122799, 290785.239176307222806, 0.0 ], [ 395085.555177738133352, 290784.693681073200423, 0.0 ], [ 395060.251546498038806, 290784.148256679065526, 0.0 ], [ 395034.947916720528156, 290783.602903121267445, 0.0 ], [ 395021.96396775462199, 290798.742803436471149, 0.0 ], [ 395008.980061173555441, 290813.882720823574346, 0.0 ], [ 394983.676520792127121, 290813.337507051997818, 0.0 ], [ 394958.372982048837002, 290812.792364121705759, 0.0 ], [ 394933.069444767199457, 290812.247292026353534, 0.0 ], [ 394920.085712342057377, 290827.387329907156527, 0.0 ], [ 394907.102022304665297, 290842.527384858462028, 0.0 ], [ 394881.798574417945929, 290841.982452552125324, 0.0 ], [ 394868.814970693551004, 290857.122559050039854, 0.0 ], [ 394855.831409355159849, 290872.262682617700193, 0.0 ], [ 394830.528050953231286, 290871.717890101892408, 0.0 ], [ 394805.224694007309154, 290871.173168423119932, 0.0 ], [ 394779.921338612097315, 290870.628517581382766, 0.0 ], [ 394754.617984762997366, 290870.083937578136101, 0.0 ], [ 394729.314632554654963, 290869.539428416115697, 0.0 ], [ 394704.011281801504083, 290868.994990089035127, 0.0 ], [ 394678.707932595978491, 290868.450622599688359, 0.0 ], [ 394653.404584938078187, 290867.906325950229075, 0.0 ], [ 394628.101238829665817, 290867.362100136349909, 0.0 ], [ 394615.781016473658383, 290851.677476833108813, 0.0 ], [ 394603.46075011807261, 290835.992872485367116, 0.0 ], [ 394578.157320807862561, 290835.448790232709143, 0.0 ], [ 394552.853893042018171, 290834.904778817086481, 0.0 ], [ 394539.870860301889479, 290850.045333504618611, 0.0 ], [ 394526.887869950965978, 290865.185905264806934, 0.0 ], [ 394501.584531666419934, 290864.642033642507158, 0.0 ], [ 394488.601627623778768, 290879.782656952098478, 0.0 ], [ 394475.618765970924869, 290894.923297324392479, 0.0 ], [ 394450.315516981878318, 290894.379565493320115, 0.0 ], [ 394425.012269540806301, 290893.83590449928306, 0.0 ], [ 394399.70902364293579, 290893.2923143429216, 0.0 ], [ 394374.405779382912442, 290892.748795026505832, 0.0 ], [ 394349.102536577614956, 290892.205346547125373, 0.0 ], [ 394323.799295314820483, 290891.661968904023524, 0.0 ], [ 394298.496055599011015, 290891.118662099412177, 0.0 ], [ 394273.192817515693605, 290890.575426133989822, 0.0 ], [ 394247.889580886170734, 290890.032261004147585, 0.0 ], [ 394235.568768248194829, 290874.348181561857928, 0.0 ], [ 394223.247911702725105, 290858.664121063775383, 0.0 ], [ 394210.927011254359968, 290842.980079520551953, 0.0 ], [ 394198.60606690106215, 290827.296056932886131, 0.0 ], [ 394185.623649041226599, 290842.437094305176288, 0.0 ], [ 394172.641273573855869, 290857.578148752974812, 0.0 ], [ 394159.65894058754202, 290872.719220276223496, 0.0 ], [ 394146.676649901550263, 290887.860308861534577, 0.0 ], [ 394133.694401603948791, 290903.001414532307535, 0.0 ], [ 394120.712195699568838, 290918.142537277832162, 0.0 ], [ 394095.409054629737511, 290917.59979529370321, 0.0 ], [ 394070.105915098101832, 290917.057124145911075, 0.0 ], [ 394057.784851259435527, 290901.37329765240429, 0.0 ], [ 394045.463743606407661, 290885.689490118646063, 0.0 ], [ 394020.160520866047591, 290885.146962524973787, 0.0 ], [ 393994.857299670227803, 290884.604505769792013, 0.0 ], [ 393969.554080014117062, 290884.062119850947056, 0.0 ], [ 393944.25086190213915, 290883.519804769079201, 0.0 ], [ 393918.947645419859327, 290882.977560527098831, 0.0 ], [ 393893.64443039096659, 290882.435387120058294, 0.0 ], [ 393881.323024479381274, 290866.751816691015847, 0.0 ], [ 393869.001574666704983, 290851.068265206879005, 0.0 ], [ 393856.680080948222894, 290835.384732676146086, 0.0 ], [ 393844.358543328824453, 290819.701219097420108, 0.0 ], [ 393819.055160421528853, 290819.15926195733482, 0.0 ], [ 393806.733536522486247, 290803.47580368805211, 0.0 ], [ 393794.411868720781058, 290787.792364373686723, 0.0 ], [ 393769.108402510522865, 290787.250550779921468, 0.0 ], [ 393743.804937843116932, 290786.708808023191523, 0.0 ], [ 393730.823269645159598, 290801.850466348289046, 0.0 ], [ 393717.841643840831239, 290816.992141750291921, 0.0 ], [ 393692.538268637494184, 290816.450538792531006, 0.0 ], [ 393667.234894881141372, 290815.909006666915957, 0.0 ], [ 393654.2533992996905, 290831.05076810636092, 0.0 ], [ 393641.27194611239247, 290846.192546622012742, 0.0 ], [ 393615.968661729013547, 290845.651154295366723, 0.0 ], [ 393590.665378977311775, 290845.109832805697806, 0.0 ], [ 393578.343419111624826, 290829.426700193085708, 0.0 ], [ 393566.021415341645479, 290813.743586531782057, 0.0 ], [ 393540.718049283255823, 290813.202408587036189, 0.0 ], [ 393515.414684760966338, 290812.661301479383837, 0.0 ], [ 393502.433452677563764, 290827.803269802534487, 0.0 ], [ 393489.452262991224416, 290842.945255204045679, 0.0 ], [ 393476.471115783031564, 290858.087257684615906, 0.0 ], [ 393463.490010879642796, 290873.229277231439482, 0.0 ], [ 393438.186823562136851, 290872.68837888399139, 0.0 ], [ 393425.205804965342395, 290887.830449999310076, 0.0 ], [ 393412.224828761536628, 290902.972538194444496, 0.0 ], [ 393399.243894955725409, 290918.114643468579743, 0.0 ], [ 393386.263003538711928, 290933.25676581816515, 0.0 ], [ 393360.9599935116712, 290932.716076236625668, 0.0 ], [ 393335.656984933535568, 290932.175457490666304, 0.0 ], [ 393310.353977889753878, 290931.634909580345266, 0.0 ], [ 393285.050972384866327, 290931.094432507758029, 0.0 ], [ 393259.747968413867056, 290930.554026270110626, 0.0 ], [ 393234.444966071867384, 290930.013690872990992, 0.0 ], [ 393209.141965170623735, 290929.473426307959016, 0.0 ], [ 393183.838965809787624, 290928.933232581417542, 0.0 ], [ 393158.535967982141301, 290928.393109689815901, 0.0 ], [ 393146.213423951528966, 290912.710590459522791, 0.0 ], [ 393133.890836105914786, 290897.028090179897845, 0.0 ], [ 393108.587755053769797, 290896.488110832462553, 0.0 ], [ 393083.284675538889132, 290895.948202319908887, 0.0 ], [ 393057.981597556499764, 290895.408364643750247, 0.0 ], [ 393045.001278564508539, 290910.550952674180735, 0.0 ], [ 393032.021001966961194, 290925.693557782913558, 0.0 ], [ 393006.718013440840878, 290925.153859912068583, 0.0 ], [ 392981.415026353904977, 290924.614232874766458, 0.0 ], [ 392956.112040803185664, 290924.074676674441434, 0.0 ], [ 392930.809056788450107, 290923.535191309754737, 0.0 ], [ 392905.506074395379983, 290922.995776782860048, 0.0 ], [ 392880.203093447373249, 290922.456433090090286, 0.0 ], [ 392854.900114032672718, 290921.917160233017057, 0.0 ], [ 392842.577061432763003, 290906.235077232355252, 0.0 ], [ 392843.233931096852757, 290875.41013187658973, 0.0 ], [ 392830.910789182526059, 290859.728069369506557, 0.0 ], [ 392805.607640240574256, 290859.188941918953788, 0.0 ], [ 392780.304492926341482, 290858.649885304737836, 0.0 ], [ 392755.001347051700577, 290858.110899524705019, 0.0 ], [ 392742.678034099575598, 290842.42896502930671, 0.0 ], [ 392730.354677244729828, 290826.747049471712671, 0.0 ], [ 392718.03127649432281, 290811.065152862574905, 0.0 ], [ 392705.707831843814347, 290795.383275199797936, 0.0 ], [ 392693.384343298152089, 290779.701416484778747, 0.0 ], [ 392681.060810945462435, 290764.019576720369514, 0.0 ], [ 392668.737234603031538, 290748.337755900807679, 0.0 ], [ 392656.413614368299022, 290732.655954029760323, 0.0 ], [ 392644.089950232184492, 290716.974171105073765, 0.0 ], [ 392644.746102326083928, 290686.149248035799246, 0.0 ], [ 392632.422348882711958, 290670.467485602537636, 0.0 ], [ 392607.118694452685304, 290669.928936025884468, 0.0 ], [ 392594.79485473211389, 290654.24722889077384, 0.0 ], [ 392582.470971115748398, 290638.565540702024009, 0.0 ], [ 392557.167233549524099, 290638.027134658943396, 0.0 ], [ 392544.843263661314268, 290622.34550176828634, 0.0 ], [ 392545.499056992819533, 290591.520589820749592, 0.0 ], [ 392533.174997796129901, 290575.838977419422008, 0.0 ], [ 392507.871090624830686, 290575.300716770871077, 0.0 ], [ 392495.546945155016147, 290559.619159676192794, 0.0 ], [ 392483.222755793714896, 290543.937621516583022, 0.0 ], [ 392470.89852253603749, 290528.256102302519139, 0.0 ], [ 392483.878322073142044, 290513.112717290990986, 0.0 ], [ 392496.858164000557736, 290497.969349362072535, 0.0 ], [ 392509.838048322824761, 290482.825998512154911, 0.0 ], [ 392522.817975034820847, 290467.682664746185765, 0.0 ], [ 392523.473659410141408, 290436.857760785496794, 0.0 ], [ 392524.129339251667261, 290406.032858058286365, 0.0 ], [ 392524.785014559747651, 290375.207956545520574, 0.0 ], [ 392525.44068533409154, 290344.383056255639531, 0.0 ], [ 392526.096351574815344, 290313.558157192252111, 0.0 ], [ 392526.424182995106094, 290298.145708117284812, 0.0 ], [ 392513.771841318928637, 290297.876595038804226, 0.0 ], [ 392500.791711744153872, 290313.01994781056419, 0.0 ], [ 392487.811624562309589, 290328.163317661324982, 0.0 ], [ 392474.831579769030213, 290343.306704594695475, 0.0 ], [ 392461.851577461813577, 290358.450108609918971, 0.0 ], [ 392436.547070882224943, 290357.912073508196045, 0.0 ], [ 392411.24256583530223, 290357.374109237105586, 0.0 ], [ 392398.917932995944284, 290341.692708332906477, 0.0 ], [ 392386.593256265099626, 290326.011326374311466, 0.0 ], [ 392361.288667995366268, 290325.473505629051942, 0.0 ], [ 392335.98408134363126, 290324.935755715880077, 0.0 ], [ 392310.679496133234352, 290324.398076631186996, 0.0 ], [ 392285.374912449973635, 290323.860468377184588, 0.0 ], [ 392260.070330298214685, 290323.322930953174364, 0.0 ], [ 392247.090680661029182, 290338.466628237278201, 0.0 ], [ 392259.415567760413978, 290354.147811058908701, 0.0 ], [ 392271.740410964004695, 290369.82901282759849, 0.0 ], [ 392284.06521028111456, 290385.510233541252092, 0.0 ], [ 392296.389965706621297, 290401.191473198356107, 0.0 ], [ 392295.735062424326316, 290432.016359151690267, 0.0 ], [ 392295.080154613591731, 290462.841246337862685, 0.0 ], [ 392294.425242274417542, 290493.666134750528727, 0.0 ], [ 392293.770325407152995, 290524.491024386079516, 0.0 ], [ 392293.115404011565261, 290555.315915247367229, 0.0 ], [ 392292.460478088119999, 290586.14080732309958, 0.0 ], [ 392291.805547636118717, 290616.965700633067172, 0.0 ], [ 392278.826220487011597, 290632.109343160700519, 0.0 ], [ 392265.846935732348356, 290647.253002771583851, 0.0 ], [ 392278.171326387149747, 290662.934237376321107, 0.0 ], [ 392290.495673147612251, 290678.615490928059444, 0.0 ], [ 392289.840729111456312, 290709.440387901151553, 0.0 ], [ 392276.861524603911676, 290724.584029472782277, 0.0 ], [ 392263.882362491567619, 290739.72768812708091, 0.0 ], [ 392250.903242779313587, 290754.871363866725005, 0.0 ], [ 392237.924165458069183, 290770.015056689677294, 0.0 ], [ 392224.945130625274032, 290785.158766597334761, 0.0 ], [ 392211.966138095711358, 290800.302493588242214, 0.0 ], [ 392211.311434822157025, 290831.127389885077719, 0.0 ], [ 392210.656727022607811, 290861.952287397696637, 0.0 ], [ 392197.677858659881167, 290877.096030835993588, 0.0 ], [ 392184.699032689328305, 290892.239791358355433, 0.0 ], [ 392197.02318721730262, 290907.920929264917504, 0.0 ], [ 392209.34729784418596, 290923.60208611714188, 0.0 ], [ 392208.692576465604361, 290954.426987314829603, 0.0 ], [ 392208.037850561086088, 290985.251889725506771, 0.0 ], [ 392207.383120129990857, 291016.07679337321315, 0.0 ], [ 392206.728385172667913, 291046.901698244560976, 0.0 ], [ 392219.05227026459761, 291062.582880214380566, 0.0 ], [ 392231.37611136585474, 291078.26408112840727, 0.0 ], [ 392218.397485369700007, 291093.407787853037007, 0.0 ], [ 392205.418901679571718, 291108.55151166243013, 0.0 ], [ 392204.764153144089505, 291139.376420198299456, 0.0 ], [ 392191.785652743536048, 291154.520160773710813, 0.0 ], [ 392178.80719473795034, 291169.663918433827348, 0.0 ], [ 392178.152523448690772, 291200.488827569468413, 0.0 ], [ 392165.174148731864989, 291215.632601997058373, 0.0 ], [ 392152.195816412975546, 291230.776393510052003, 0.0 ], [ 392151.541222372907214, 291261.601303224917501, 0.0 ], [ 392150.886623807891738, 291292.426214174774941, 0.0 ], [ 392137.908415667247027, 291307.570022138010245, 0.0 ], [ 392124.930249927681871, 291322.713847188744694, 0.0 ], [ 392124.275728614651598, 291353.538758727023378, 0.0 ], [ 392123.621202777314465, 291384.363671493134461, 0.0 ], [ 392122.966672415961511, 291415.188585472293198, 0.0 ], [ 392109.988671742903534, 291430.332426656037569, 0.0 ], [ 392084.687205391412135, 291429.79524724528892, 0.0 ], [ 392059.385740473284386, 291429.258138672274072, 0.0 ], [ 392034.084277083398774, 291428.721100936993025, 0.0 ], [ 392008.782815216807649, 291428.184134042297956, 0.0 ], [ 391996.459135973709635, 291412.503224351385143, 0.0 ], [ 391984.135412925155833, 291396.82233360823011, 0.0 ], [ 391958.83386780647561, 291396.285510247806087, 0.0 ], [ 391933.532324212952517, 291395.748757726571057, 0.0 ], [ 391920.554632454412058, 291410.892857743543573, 0.0 ], [ 391919.900787995196879, 291441.717758090759162, 0.0 ], [ 391932.224548991362099, 291457.398560276953503, 0.0 ], [ 391944.548266089346725, 291473.079381408111658, 0.0 ], [ 391956.871939284144901, 291488.760221484932117, 0.0 ], [ 391969.1955685778521, 291504.441080507298466, 0.0 ], [ 391968.5415379506303, 291535.265988233790267, 0.0 ], [ 391980.865077932598069, 291550.946867741993628, 0.0 ], [ 391993.188573917606845, 291566.627766194404103, 0.0 ], [ 392005.512026095762849, 291582.308683593117166, 0.0 ], [ 392030.813056438229978, 291582.845659781829454, 0.0 ], [ 392056.114088303875178, 291583.382706811127719, 0.0 ], [ 392068.437411798746325, 291599.063715853495523, 0.0 ], [ 392067.783022381947376, 291629.888634700910188, 0.0 ], [ 392080.106256556813605, 291645.569664233305957, 0.0 ], [ 392105.407118769478984, 291646.106856658530887, 0.0 ], [ 392117.730266652535647, 291661.787941485468764, 0.0 ], [ 392130.053370630019344, 291677.469045247475151, 0.0 ], [ 392142.37643070355989, 291693.150167967134621, 0.0 ], [ 392154.699446875427384, 291708.83130963309668, 0.0 ], [ 392167.022419140907004, 291724.512470245419536, 0.0 ], [ 392179.345347504364327, 291740.193649802647997, 0.0 ], [ 392191.668231958465185, 291755.874848308390938, 0.0 ], [ 392203.991072512464598, 291771.556065759679768, 0.0 ], [ 392216.313869068864733, 291787.237302155932412, 0.0 ], [ 392228.636621812707745, 291802.918557501398027, 0.0 ], [ 392240.959330646554008, 291818.599831781117246, 0.0 ], [ 392240.304305390338413, 291849.424772220372688, 0.0 ], [ 392239.649275607138406, 291880.24971388472477, 0.0 ], [ 392251.971849700785242, 291895.931010207394138, 0.0 ], [ 392264.294379887985997, 291911.612325478461571, 0.0 ], [ 392251.316769970697351, 291926.755954638996627, 0.0 ], [ 392238.339202459726948, 291941.899600887787528, 0.0 ], [ 392237.684159095806535, 291972.724546215904411, 0.0 ], [ 392237.029111204727087, 292003.549492778314743, 0.0 ], [ 392236.374058786779642, 292034.374440567102283, 0.0 ], [ 392235.719001841847785, 292065.199389580287971, 0.0 ], [ 392235.063940370338969, 292096.024339807860088, 0.0 ], [ 392222.086619741923641, 292111.168001555837691, 0.0 ], [ 392209.109341517207213, 292126.311680389975663, 0.0 ], [ 392208.45435730915051, 292157.136631220171694, 0.0 ], [ 392207.799368574749678, 292187.96158327255398, 0.0 ], [ 392207.14437531423755, 292218.786536552128382, 0.0 ], [ 392206.489377527614124, 292249.611491044634022, 0.0 ], [ 392205.83437521464657, 292280.436446772131603, 0.0 ], [ 392205.179368375509512, 292311.261403725424316, 0.0 ], [ 392192.202378030866385, 292326.405097747221589, 0.0 ], [ 392179.225430004007649, 292341.548808855819516, 0.0 ], [ 392178.570500434259884, 292372.373766389733646, 0.0 ], [ 392165.593635720724706, 292387.517494268657174, 0.0 ], [ 392152.616813413682394, 292402.661239237233531, 0.0 ], [ 392152.289387830125634, 292418.073718152882066, 0.0 ], [ 392164.938742523663677, 292418.34245272167027, 0.0 ], [ 392177.260627717594616, 292434.023685153922997, 0.0 ], [ 392189.582469004788436, 292449.704936532478314, 0.0 ], [ 392201.904266287572682, 292465.386206855240744, 0.0 ], [ 392214.2260197509313, 292481.067496131407097, 0.0 ], [ 392226.547729297541082, 292496.748804351838771, 0.0 ], [ 392238.869394936831668, 292512.430131509376224, 0.0 ], [ 392251.191016663156915, 292528.111477626021951, 0.0 ], [ 392263.512594474421348, 292543.792842691764235, 0.0 ], [ 392275.834128372604027, 292559.474226703925524, 0.0 ], [ 392275.178821820998564, 292590.299200259614736, 0.0 ], [ 392274.523510741593782, 292621.124175040400587, 0.0 ], [ 392286.844909872335847, 292636.805581085558515, 0.0 ], [ 392312.143023665528744, 292637.343470611493103, 0.0 ], [ 392324.464336481876671, 292653.024931947002187, 0.0 ], [ 392336.785605383687653, 292668.70641224301653, 0.0 ], [ 392349.10683037317358, 292684.387911486031953, 0.0 ], [ 392361.428011447773315, 292700.069429678958841, 0.0 ], [ 392386.725957252900116, 292700.607535474002361, 0.0 ], [ 392412.023904587025754, 292701.145712117373478, 0.0 ], [ 392424.344956849818118, 292716.827321967342868, 0.0 ], [ 392436.665965292137116, 292732.508950767223723, 0.0 ], [ 392461.963829351589084, 292733.047270970360842, 0.0 ], [ 392474.28475147485733, 292748.728955075494014, 0.0 ], [ 392486.605629682075232, 292764.410658129025251, 0.0 ], [ 392511.903410466969945, 292764.949121894082054, 0.0 ], [ 392537.201192686625291, 292765.487656506884377, 0.0 ], [ 392562.498976529343054, 292766.026261972961947, 0.0 ], [ 392587.796761895413511, 292766.564938287367113, 0.0 ], [ 392613.094548792170826, 292767.103685453708749, 0.0 ], [ 392638.392337215133011, 292767.642503469134681, 0.0 ], [ 392663.690127076290082, 292768.181392332946416, 0.0 ], [ 392676.010664562869351, 292783.863368829537649, 0.0 ], [ 392688.331158130022231, 292799.545364263933152, 0.0 ], [ 392700.651607781765051, 292815.227378660987597, 0.0 ], [ 392699.994797380408272, 292846.052393655641936, 0.0 ], [ 392712.315157674893271, 292861.734428545518313, 0.0 ], [ 392724.635474055772647, 292877.416482388158329, 0.0 ], [ 392736.955746515886858, 292893.098555178497918, 0.0 ], [ 392749.275975059717894, 292908.780646921601146, 0.0 ], [ 392748.618978378595784, 292939.605669302574825, 0.0 ], [ 392760.939117472036742, 292955.287781537801493, 0.0 ], [ 392773.259212741220836, 292970.969912724336609, 0.0 ], [ 392772.602120647439733, 293001.794939429091755, 0.0 ], [ 392759.625019619066734, 293016.937833082105499, 0.0 ], [ 392746.647961100854445, 293032.080743824830279, 0.0 ], [ 392745.990946263656951, 293062.905771114514209, 0.0 ], [ 392758.310903609381057, 293078.587889511021785, 0.0 ], [ 392770.630817129160278, 293094.270026874437463, 0.0 ], [ 392782.950686728116125, 293109.952183187007904, 0.0 ], [ 392795.270512403687462, 293125.634358450886793, 0.0 ], [ 392807.590294160181656, 293141.316552667471115, 0.0 ], [ 392819.910031990555581, 293156.9987658339669, 0.0 ], [ 392819.252739983494394, 293187.823803608654998, 0.0 ], [ 392831.572388457250781, 293203.506037271523383, 0.0 ], [ 392843.891993009019643, 293219.188289873651229, 0.0 ], [ 392856.211553633445874, 293234.870561438438017, 0.0 ], [ 392868.531070247176103, 293250.552851952321362, 0.0 ], [ 392880.850543030712288, 293266.235161421820521, 0.0 ], [ 392906.146966914180666, 293266.774788629787508, 0.0 ], [ 392918.466353369527496, 293282.457153410126921, 0.0 ], [ 392930.785695899045095, 293298.139537141076289, 0.0 ], [ 392943.104994507331867, 293313.821939824032597, 0.0 ], [ 392955.424249191652052, 293329.504361460392829, 0.0 ], [ 392967.743459947349038, 293345.186802047363017, 0.0 ], [ 392954.76645733253099, 293360.329416208667681, 0.0 ], [ 392941.789497130666859, 293375.472047467366792, 0.0 ], [ 392954.108660929370672, 293391.154472191818058, 0.0 ], [ 392979.404743947670795, 293391.694319423346315, 0.0 ], [ 392992.381749602500349, 293376.551740067312494, 0.0 ], [ 393005.358797674882226, 293361.409177798137534, 0.0 ], [ 393030.654970189614687, 293361.949164877471048, 0.0 ], [ 393042.974008287361357, 293377.631716091185808, 0.0 ], [ 393055.293002460268326, 293393.314286257606, 0.0 ], [ 393067.611952710081823, 293408.996875376731623, 0.0 ], [ 393079.930859032319859, 293424.679483447165694, 0.0 ], [ 393092.24972134095151, 293440.362110470305197, 0.0 ], [ 393104.568539809493814, 293456.044756446848623, 0.0 ], [ 393129.864459419739433, 293456.585032547765877, 0.0 ], [ 393155.160380559391342, 293457.125379504810553, 0.0 ], [ 393180.456303235492669, 293457.665797318040859, 0.0 ], [ 393205.752227348624729, 293458.206285986700095, 0.0 ], [ 393231.048153086798266, 293458.746845514397137, 0.0 ], [ 393243.36671560065588, 293474.429692254401743, 0.0 ], [ 393255.685234187636524, 293490.112557945016306, 0.0 ], [ 393268.003708850068506, 293505.795442581991665, 0.0 ], [ 393280.322139582713135, 293521.47834618226625, 0.0 ], [ 393292.640526390168816, 293537.161268735944759, 0.0 ], [ 393291.981539326137863, 293567.986356643086765, 0.0 ], [ 393304.299836752063129, 293583.66929969744524, 0.0 ], [ 393329.595423148130067, 293584.210150121769402, 0.0 ], [ 393341.913634243537672, 293599.893148491973989, 0.0 ], [ 393341.254465380916372, 293630.718242581700906, 0.0 ], [ 393353.572587092872709, 293646.401261441234965, 0.0 ], [ 393365.890664880163968, 293662.084299265523441, 0.0 ], [ 393378.208698738191742, 293677.767356044612825, 0.0 ], [ 393390.526688664336689, 293693.4504317806568, 0.0 ], [ 393377.54938896978274, 293708.592455993988551, 0.0 ], [ 393364.572131692431867, 293723.73449729551794, 0.0 ], [ 393363.912858268246055, 293754.559598143503536, 0.0 ], [ 393363.25358029094059, 293785.384700203081593, 0.0 ], [ 393362.594297759933397, 293816.209803499048576, 0.0 ], [ 393374.912104358605575, 293831.892868006485514, 0.0 ], [ 393387.229867023823317, 293847.575951468083076, 0.0 ], [ 393386.570489033591002, 293878.401059076481033, 0.0 ], [ 393398.888162314309739, 293894.084163038001861, 0.0 ], [ 393411.205791663145646, 293909.767285955778789, 0.0 ], [ 393410.546318211592734, 293940.592397868807893, 0.0 ], [ 393409.886840205173939, 293971.417511012463365, 0.0 ], [ 393409.227357644180302, 294002.242625381215475, 0.0 ], [ 393408.567870528670028, 294033.067740970058367, 0.0 ], [ 393407.908378858934157, 294063.892857772589196, 0.0 ], [ 393407.248882634332404, 294094.717975807900075, 0.0 ], [ 393394.272070690174587, 294109.859961329842918, 0.0 ], [ 393381.295301169215236, 294125.00196393992519, 0.0 ], [ 393368.318574071745388, 294140.143983636167832, 0.0 ], [ 393355.341889395611361, 294155.286020419269335, 0.0 ], [ 393367.659195998159703, 294170.969101926486474, 0.0 ], [ 393379.976458663935773, 294186.652202387806028, 0.0 ], [ 393392.293677395326085, 294202.335321794787887, 0.0 ], [ 393404.610852191806771, 294218.018460167862941, 0.0 ], [ 393416.9279829650186, 294233.701617493701633, 0.0 ], [ 393442.221763695590198, 294234.242861453210935, 0.0 ], [ 393467.515545961621683, 294234.78417627455201, 0.0 ], [ 393480.492326139123179, 294219.642295535304584, 0.0 ], [ 393493.469148735981435, 294204.500431882916018, 0.0 ], [ 393518.763020428246818, 294205.041886563412845, 0.0 ], [ 393544.056893561501056, 294205.583412103587762, 0.0 ], [ 393569.350768321426585, 294206.125008509145118, 0.0 ], [ 393594.644644615473226, 294206.666675777931232, 0.0 ], [ 393606.961480108904652, 294222.350105076795444, 0.0 ], [ 393606.301270233932883, 294253.175244178564753, 0.0 ], [ 393618.618016333959531, 294268.858693982299883, 0.0 ], [ 393643.911722884222399, 294269.40050671499921, 0.0 ], [ 393669.205431061796844, 294269.942390313721262, 0.0 ], [ 393681.522048394544981, 294285.625931806396693, 0.0 ], [ 393693.838621794886421, 294301.309492255270015, 0.0 ], [ 393706.815715696371626, 294286.167922635795549, 0.0 ], [ 393719.792852019367274, 294271.026370101026259, 0.0 ], [ 393732.770030766143464, 294255.884834652359132, 0.0 ], [ 393733.430672441492788, 294225.059686198481359, 0.0 ], [ 393746.407934510731138, 294209.918167512281798, 0.0 ], [ 393771.701821458991617, 294210.46033082093345, 0.0 ], [ 393796.995710033341311, 294211.002564994210843, 0.0 ], [ 393822.289600143674761, 294211.544870031415485, 0.0 ], [ 393834.60605392488651, 294227.228626634692773, 0.0 ], [ 393846.922463773516938, 294242.912402196961921, 0.0 ], [ 393872.21627050585812, 294243.454850831534714, 0.0 ], [ 393897.510078862716909, 294243.997370331431739, 0.0 ], [ 393922.803888758586254, 294244.539960695256013, 0.0 ], [ 393948.097700188984163, 294245.082621922367252, 0.0 ], [ 393973.391513158916496, 294245.625354014104232, 0.0 ], [ 393998.685327573330142, 294246.168156967672985, 0.0 ], [ 394011.001439013285562, 294261.852169696940109, 0.0 ], [ 394023.317506515129935, 294277.536201386072207, 0.0 ], [ 394048.611237734032329, 294278.079147943295538, 0.0 ], [ 394061.588987814844586, 294262.938060937798582, 0.0 ], [ 394074.566780320485123, 294247.796991016250104, 0.0 ], [ 394099.860600886109751, 294248.34007742558606, 0.0 ], [ 394112.838479761383496, 294233.199059082486201, 0.0 ], [ 394125.81640106101986, 294218.058057825546712, 0.0 ], [ 394151.110311154450756, 294218.601284089090768, 0.0 ], [ 394176.404222788987681, 294219.144581217318773, 0.0 ], [ 394201.698135962360539, 294219.687949208775535, 0.0 ], [ 394226.992050584522076, 294220.231388062762562, 0.0 ], [ 394252.285966834169813, 294220.774897782073822, 0.0 ], [ 394265.264150301751215, 294205.634086088335607, 0.0 ], [ 394278.242376193287782, 294190.493291467952076, 0.0 ], [ 394303.536381882440764, 294191.036941038677469, 0.0 ], [ 394328.830389021313749, 294191.580661472631618, 0.0 ], [ 394341.14604005345609, 294207.265143911237828, 0.0 ], [ 394353.461647144169547, 294222.949645300395787, 0.0 ], [ 394378.755571093410254, 294223.493509340158198, 0.0 ], [ 394404.049496585619636, 294224.037444244604558, 0.0 ], [ 394429.343423620797694, 294224.581450013676658, 0.0 ], [ 394441.658859448682051, 294240.266079482506029, 0.0 ], [ 394453.97425143152941, 294255.950727914692834, 0.0 ], [ 394479.268095182836987, 294256.494877289573196, 0.0 ], [ 394504.561940477811731, 294257.039097531291191, 0.0 ], [ 394529.855787312029861, 294257.583388635481242, 0.0 ], [ 394555.149635599867906, 294258.12775060365675, 0.0 ], [ 394567.464814001868945, 294273.812563483603299, 0.0 ], [ 394579.779948458308354, 294289.497395323356614, 0.0 ], [ 394592.095038978150114, 294305.182246124255471, 0.0 ], [ 394604.410085554234684, 294320.867115885019302, 0.0 ], [ 394629.703765833866782, 294321.411694208625704, 0.0 ], [ 394654.99744765588548, 294321.956343396916054, 0.0 ], [ 394680.291130927740596, 294322.501063449191861, 0.0 ], [ 394692.606006331159733, 294338.186061291722581, 0.0 ], [ 394704.920837794721592, 294353.871078094758559, 0.0 ], [ 394717.23562531376956, 294369.556113846949302, 0.0 ], [ 394716.571597213624045, 294400.381340342224576, 0.0 ], [ 394728.886295314820018, 294416.066396618436556, 0.0 ], [ 394741.200949475227389, 294431.751471855852287, 0.0 ], [ 394753.515559689840302, 294447.436566056625452, 0.0 ], [ 394765.830125963198952, 294463.121679219999351, 0.0 ], [ 394765.165911374730058, 294493.946913135587238, 0.0 ], [ 394777.480388133088127, 294509.632046796788927, 0.0 ], [ 394789.794821041869, 294525.31719943479402, 0.0 ], [ 394789.130510912975296, 294556.142437672067899, 0.0 ], [ 394788.466196197085083, 294586.967677129374351, 0.0 ], [ 394787.801876894198358, 294617.792917806771584, 0.0 ], [ 394787.137553004547954, 294648.618159692967311, 0.0 ], [ 394774.159019007463939, 294663.758242420793977, 0.0 ], [ 394761.180527529446408, 294678.898342233384028, 0.0 ], [ 394760.516280836076476, 294709.723584690247662, 0.0 ], [ 394759.852029556408525, 294740.548828367958777, 0.0 ], [ 394759.187773690442555, 294771.374073265062179, 0.0 ], [ 394771.501841146906372, 294787.059220878931228, 0.0 ], [ 394783.815864751057234, 294802.744387468905188, 0.0 ], [ 394783.151513339602388, 294833.569636687636375, 0.0 ], [ 394795.465447514085099, 294849.25482379028108, 0.0 ], [ 394807.779337743180804, 294864.940029855584726, 0.0 ], [ 394820.093184019555338, 294880.625254884944297, 0.0 ], [ 394845.385323551483452, 294881.170504861045629, 0.0 ], [ 394857.699083466432057, 294896.8557852281956, 0.0 ], [ 394857.034459170419723, 294927.681043735938147, 0.0 ], [ 394869.348129654943477, 294943.366344617912546, 0.0 ], [ 394881.661756099958438, 294959.051664459635504, 0.0 ], [ 394868.68345528782811, 294974.191605907864869, 0.0 ], [ 394855.705196811875794, 294989.331564435793553, 0.0 ], [ 394855.040558749693446, 295020.156826615158934, 0.0 ], [ 394854.375916099001188, 295050.982090013858397, 0.0 ], [ 394853.711268859915435, 295081.807354622753337, 0.0 ], [ 394866.024711930775084, 295097.492663255019579, 0.0 ], [ 394878.338110960554332, 295113.177990849188063, 0.0 ], [ 394877.673368165269494, 295144.003259788209107, 0.0 ], [ 394864.695312719035428, 295159.14319925440941, 0.0 ], [ 394839.403949040512089, 295158.59786147979321, 0.0 ], [ 394814.112586900184397, 295158.052594577602576, 0.0 ], [ 394801.134661716874689, 295173.192620115180034, 0.0 ], [ 394788.156778957694769, 295188.332662736123893, 0.0 ], [ 394762.865506284753792, 295187.787535698735155, 0.0 ], [ 394737.574235246749595, 295187.242479535285383, 0.0 ], [ 394712.282965658116154, 295186.697494242107496, 0.0 ], [ 394686.991697613615543, 295186.152579822111875, 0.0 ], [ 394661.700431108532939, 295185.607736273785122, 0.0 ], [ 394648.722810585750267, 295200.747968449431937, 0.0 ], [ 394648.058831448550336, 295231.573224132531323, 0.0 ], [ 394647.394847727613524, 295262.398481034964789, 0.0 ], [ 394634.417351521609817, 295277.538729648804292, 0.0 ], [ 394621.439897653181106, 295292.678995345893782, 0.0 ], [ 394620.775991147267632, 295323.504252799262758, 0.0 ], [ 394607.798620611196384, 295338.644535251078196, 0.0 ], [ 394594.82129250606522, 295353.784834787598811, 0.0 ], [ 394581.844006829662248, 295368.925151408126112, 0.0 ], [ 394568.866763586702291, 295384.065485114057083, 0.0 ], [ 394555.889562772936188, 295399.205835903238039, 0.0 ], [ 394530.598908647429198, 295398.661333574564196, 0.0 ], [ 394517.621794319886249, 295413.801735950692091, 0.0 ], [ 394504.644722331664525, 295428.942155408672988, 0.0 ], [ 394479.354157670168206, 295428.397792949108407, 0.0 ], [ 394466.377172075910494, 295443.538263992581051, 0.0 ], [ 394465.713760964630637, 295474.363516284502111, 0.0 ], [ 394465.050345273630228, 295505.188769809959922, 0.0 ], [ 394477.363787888840307, 295520.873554496327415, 0.0 ], [ 394489.677186551038176, 295536.558358145994134, 0.0 ], [ 394501.990541255276185, 295552.243180756806396, 0.0 ], [ 394514.303852010634728, 295567.928022329637315, 0.0 ], [ 394526.617118719732389, 295583.612882862915285, 0.0 ], [ 394538.930341567436699, 295599.297762360889465, 0.0 ], [ 394551.243520456715487, 295614.982660811627284, 0.0 ], [ 394563.556655396125279, 295630.667578233522363, 0.0 ], [ 394562.89287125429837, 295661.492845367523842, 0.0 ], [ 394575.205916751408949, 295677.177783304185141, 0.0 ], [ 394600.495796481263824, 295677.722444279759657, 0.0 ], [ 394625.785677751526237, 295678.267176131368615, 0.0 ], [ 394638.098594354232773, 295693.952205779612996, 0.0 ], [ 394650.411467091704253, 295709.637254393310286, 0.0 ], [ 394675.701265053474344, 295710.182129875465762, 0.0 ], [ 394688.014051410602406, 295725.867233829107136, 0.0 ], [ 394700.326793811633252, 295741.552356748201419, 0.0 ], [ 394712.639492258953396, 295757.23749861784745, 0.0 ], [ 394724.952146747149527, 295772.922659462201409, 0.0 ], [ 394737.264757280878257, 295788.607839269854594, 0.0 ], [ 394749.577323762874585, 295804.293038040166721, 0.0 ], [ 394761.889846382546239, 295819.978255776572041, 0.0 ], [ 394774.202325042628217, 295835.66349247423932, 0.0 ], [ 394786.514759747427888, 295851.348748138814699, 0.0 ], [ 394785.850165997282602, 295882.174040719633922, 0.0 ], [ 394798.162511249654926, 295897.859316884132568, 0.0 ], [ 394810.474812548083719, 295913.544612024677917, 0.0 ], [ 394809.810123229690362, 295944.369908924330957, 0.0 ], [ 394822.122335078427568, 295960.055224579700734, 0.0 ], [ 394834.434502965887077, 295975.740559198427945, 0.0 ], [ 394846.746626894047949, 295991.425912781851366, 0.0 ], [ 394859.058706772397272, 296007.111285327933729, 0.0 ], [ 394871.370742783765309, 296022.796676838072017, 0.0 ], [ 394883.682734830712434, 296038.482087304408196, 0.0 ], [ 394895.994682922086213, 296054.167516746150795, 0.0 ], [ 394908.306587052997202, 296069.852965152647812, 0.0 ], [ 394920.618447221117094, 296085.538432523841038, 0.0 ], [ 394932.930263430753257, 296101.223918860545382, 0.0 ], [ 394945.242035674862564, 296116.90942415985046, 0.0 ], [ 394957.553763962350786, 296132.59494842676213, 0.0 ], [ 394969.865448195836507, 296148.280491654120851, 0.0 ], [ 394982.177088557975367, 296163.966053850483149, 0.0 ], [ 394969.200162877794355, 296179.105809910513926, 0.0 ], [ 394956.223279725410976, 296194.245583067997359, 0.0 ], [ 394955.5580307203345, 296225.070902224455494, 0.0 ], [ 394954.892777124303393, 296255.896222600946203, 0.0 ], [ 394954.227518937317654, 296286.721544197585899, 0.0 ], [ 394953.562256159610115, 296317.546867002907675, 0.0 ], [ 394952.896988790831529, 296348.372191039670724, 0.0 ], [ 394952.231716831098311, 296379.197516294429079, 0.0 ], [ 394964.54303709580563, 296394.883071924443357, 0.0 ], [ 394976.854313486663159, 296410.568646519910544, 0.0 ], [ 394976.188945941044949, 296441.393976095598191, 0.0 ], [ 394988.500132869870868, 296457.079571195936296, 0.0 ], [ 395013.787878877832554, 296457.62548409064766, 0.0 ], [ 395026.098979408096056, 296473.311134549381677, 0.0 ], [ 395038.410035977838561, 296488.996803973568603, 0.0 ], [ 395050.721048579900526, 296504.682492363906931, 0.0 ], [ 395063.032017218705732, 296520.368199721095152, 0.0 ], [ 395075.34294179675635, 296536.053926040942315, 0.0 ], [ 395087.653822503867559, 296551.739671329793055, 0.0 ], [ 395099.964659242425114, 296567.425435583398212, 0.0 ], [ 395099.298836703062989, 296598.250780649774242, 0.0 ], [ 395111.60958397644572, 296613.936565420997795, 0.0 ], [ 395123.920287280576304, 296629.622369159129448, 0.0 ], [ 395123.254369143629447, 296660.44771855493309, 0.0 ], [ 395122.588446411653422, 296691.273069170769304, 0.0 ], [ 395109.611952286679298, 296706.412612617714331, 0.0 ], [ 395096.635500601259992, 296721.552173150819726, 0.0 ], [ 395095.969655090302695, 296752.377524313342292, 0.0 ], [ 395108.280174854036886, 296768.063316836312879, 0.0 ], [ 395120.590650646830909, 296783.749128326191567, 0.0 ], [ 395132.901082471013069, 296799.434958781464957, 0.0 ], [ 395145.211470328795258, 296815.120808203646448, 0.0 ], [ 395157.521814214880578, 296830.806676593434531, 0.0 ], [ 395169.832114131888375, 296846.492563950072508, 0.0 ], [ 395182.142369988840073, 296862.178470272861887, 0.0 ], [ 395194.452581969089806, 296877.864395551150665, 0.0 ], [ 395206.762749976594932, 296893.550339809851721, 0.0 ], [ 395232.04930013930425, 296894.096916998969391, 0.0 ], [ 395244.359381741611287, 296909.782916608848609, 0.0 ], [ 395256.669419375772122, 296925.468935184238944, 0.0 ], [ 395268.979413034569006, 296941.154972728632856, 0.0 ], [ 395268.312930460320786, 296971.980345609073993, 0.0 ], [ 395280.622834646026604, 296987.666403671784792, 0.0 ], [ 395305.909130105690565, 296988.213199165824335, 0.0 ], [ 395331.195427197555546, 296988.760065549286082, 0.0 ], [ 395356.481725836056285, 296989.307002820074558, 0.0 ], [ 395381.768026016768999, 296989.854010978888255, 0.0 ], [ 395394.077716488041915, 297005.540233548148535, 0.0 ], [ 395406.387362894718535, 297021.226475074363407, 0.0 ], [ 395431.673579751164652, 297021.773626891430467, 0.0 ], [ 395456.959798152791336, 297022.320849597163033, 0.0 ], [ 395482.24601809727028, 297022.868143189465627, 0.0 ], [ 395494.555493314517662, 297038.554512853501365, 0.0 ], [ 395493.888219192740507, 297069.379906337242573, 0.0 ], [ 395493.220940467319451, 297100.205301041074563, 0.0 ], [ 395505.530280692444649, 297115.891692777047865, 0.0 ], [ 395517.839576848899014, 297131.578103481268045, 0.0 ], [ 395530.148829126323108, 297147.264533155190293, 0.0 ], [ 395542.458037429780234, 297162.950981786823831, 0.0 ], [ 395554.767201756243594, 297178.637449398695026, 0.0 ], [ 395567.076322108041495, 297194.323935981083196, 0.0 ], [ 395579.385398484999314, 297210.010441530961543, 0.0 ], [ 395604.671107652189676, 297210.558100874186493, 0.0 ], [ 395616.980097614519764, 297226.244661780307069, 0.0 ], [ 395629.28904351341771, 297241.931241656129714, 0.0 ], [ 395654.574669352383353, 297242.479044663195964, 0.0 ], [ 395666.883528926409781, 297258.165679896716028, 0.0 ], [ 395679.192344528972171, 297273.852334102673922, 0.0 ], [ 395691.501116153143812, 297289.53900727420114, 0.0 ], [ 395703.809843803523108, 297305.225699408270884, 0.0 ], [ 395716.118527474696748, 297320.912410522694699, 0.0 ], [ 395728.427167169051245, 297336.599140606820583, 0.0 ], [ 395740.73576279822737, 297352.285889659251552, 0.0 ], [ 395753.044314536033198, 297367.972657683480065, 0.0 ], [ 395765.352822300919797, 297383.659444679564331, 0.0 ], [ 395777.66128608584404, 297399.346250645292457, 0.0 ], [ 395789.969705895229708, 297415.033075581479352, 0.0 ], [ 395802.278081721800845, 297430.719919488125015, 0.0 ], [ 395814.586413574987091, 297446.406782355217729, 0.0 ], [ 395826.894701449375134, 297462.093664202664513, 0.0 ], [ 395852.179734606761485, 297462.642047537956387, 0.0 ], [ 395877.464769404614344, 297463.19050176552264, 0.0 ], [ 395890.441645192564465, 297448.052035869157407, 0.0 ], [ 395903.418563426588662, 297432.91358706675237, 0.0 ], [ 395928.703687746077776, 297433.462181190319825, 0.0 ], [ 395953.988813611562364, 297434.010846207558643, 0.0 ], [ 395979.273940937709995, 297434.559582112822682, 0.0 ], [ 395992.251033581094816, 297419.42125388974091, 0.0 ], [ 396005.228168665664271, 297404.282942749909125, 0.0 ], [ 396030.513385607278906, 297404.831818552571349, 0.0 ], [ 396055.798604093608446, 297405.380765248264652, 0.0 ], [ 396081.083824041415937, 297405.929782831983175, 0.0 ], [ 396106.369045626895968, 297406.478871311468538, 0.0 ], [ 396131.654268764541484, 297407.028030681132805, 0.0 ], [ 396156.939493449928705, 297407.577260943013243, 0.0 ], [ 396169.247276689624414, 297423.264631727884989, 0.0 ], [ 396181.55501594702946, 297438.952021485310979, 0.0 ], [ 396206.840157217578962, 297439.501395418890752, 0.0 ], [ 396219.147810059715994, 297455.188840530347079, 0.0 ], [ 396231.45541891886387, 297470.876304622914176, 0.0 ], [ 396256.74047695734771, 297471.425822233839426, 0.0 ], [ 396282.025536546949297, 297471.97541073843604, 0.0 ], [ 396295.00311613897793, 297456.837496866239235, 0.0 ], [ 396307.980738085694611, 297441.699600083695259, 0.0 ], [ 396320.958402568066958, 297426.561720374564175, 0.0 ], [ 396321.628579337499104, 297395.736251195368823, 0.0 ], [ 396334.606327167886775, 297380.5983882289147, 0.0 ], [ 396347.584117438178509, 297365.460542346409056, 0.0 ], [ 396360.561950157396495, 297350.32271354511613, 0.0 ], [ 396385.847361654334236, 297350.87257805117406, 0.0 ], [ 396411.132774701109156, 297351.422513449506368, 0.0 ], [ 396436.418189212214202, 297351.972519737959374, 0.0 ], [ 396461.703605363960378, 297352.522596918744966, 0.0 ], [ 396486.989023072994314, 297353.072744993143715, 0.0 ], [ 396512.274442330468446, 297353.622963958478067, 0.0 ], [ 396537.559863053029403, 297354.173253813874908, 0.0 ], [ 396562.845285416929983, 297354.72361456300132, 0.0 ], [ 396588.130709336837754, 297355.27404620370362, 0.0 ], [ 396613.416134807979688, 297355.824548737378791, 0.0 ], [ 396638.70156183547806, 297356.375122162571643, 0.0 ], [ 396663.986990324570797, 297356.92576647864189, 0.0 ], [ 396689.272420462919399, 297357.476481687743217, 0.0 ], [ 396714.557852151221596, 297358.027267790457699, 0.0 ], [ 396739.843285396462306, 297358.578124784806278, 0.0 ], [ 396765.12872010411229, 297359.129052669217344, 0.0 ], [ 396778.107299089315347, 297343.99179293285124, 0.0 ], [ 396791.085920519428328, 297328.854550274845678, 0.0 ], [ 396816.371444852673449, 297329.405618048913311, 0.0 ], [ 396841.656970743671991, 297329.956756716652308, 0.0 ], [ 396854.635722593811806, 297314.81960014422657, 0.0 ], [ 396867.614516888512298, 297299.682460640906356, 0.0 ], [ 396880.593353532603942, 297284.545338210940827, 0.0 ], [ 396881.26540848845616, 297253.719833438342903, 0.0 ], [ 396894.244328558095731, 297238.582727751054335, 0.0 ], [ 396907.223291068919934, 297223.445639141427819, 0.0 ], [ 396907.89542317437008, 297192.620134902710561, 0.0 ], [ 396908.567550642648712, 297161.794631893339101, 0.0 ], [ 396921.546637381776236, 297146.657559677958488, 0.0 ], [ 396946.832688034395687, 297147.208970529027283, 0.0 ], [ 396959.81186119816266, 297132.071949889941607, 0.0 ], [ 396972.791076806606725, 297116.934946328517981, 0.0 ], [ 396998.077216903795488, 297117.486497059988324, 0.0 ], [ 397023.363358646281995, 297118.038118684489746, 0.0 ], [ 397036.342704672599211, 297102.901201191649307, 0.0 ], [ 397049.322093136142939, 297087.764300777809694, 0.0 ], [ 397062.301524039183278, 297072.627417439536657, 0.0 ], [ 397075.280997381429188, 297057.490551178809255, 0.0 ], [ 397100.567316642089281, 297058.042381676787045, 0.0 ], [ 397125.853637365973555, 297058.594283063546754, 0.0 ], [ 397151.13995974091813, 297059.146255342522636, 0.0 ], [ 397176.42628367227735, 297059.698298512375914, 0.0 ], [ 397201.712609164649621, 297060.250412573048379, 0.0 ], [ 397214.692344891023822, 297045.113735874881968, 0.0 ], [ 397227.672122965857852, 297029.977076242270414, 0.0 ], [ 397252.958537993719801, 297030.529330182645936, 0.0 ], [ 397265.938402588770259, 297015.392722121381667, 0.0 ], [ 397266.611712092766538, 296984.567199800978415, 0.0 ], [ 397279.591660010162741, 296969.430608472495805, 0.0 ], [ 397292.571650367463008, 296954.294034219521564, 0.0 ], [ 397305.551683162106201, 296939.157477041997481, 0.0 ], [ 397318.531758389435709, 296924.020936939283274, 0.0 ], [ 397331.511876058182679, 296908.88441392412642, 0.0 ], [ 397356.798642907873727, 296909.436943815730046, 0.0 ], [ 397369.778847000095993, 296894.300472357019316, 0.0 ], [ 397382.759093531174585, 296879.164017973060254, 0.0 ], [ 397395.739382496511098, 296864.027580664667767, 0.0 ], [ 397408.719713898026384, 296848.891160431725439, 0.0 ], [ 397421.700087737874128, 296833.754757272196002, 0.0 ], [ 397434.680504011339508, 296818.618371187418234, 0.0 ], [ 397447.660962722846307, 296803.48200217745034, 0.0 ], [ 397460.641463774896692, 296788.345650238741655, 0.0 ], [ 397473.622007356956601, 296773.209315388230607, 0.0 ], [ 397486.602593372110277, 296758.072997600480448, 0.0 ], [ 397511.889801757293753, 296758.625943313061725, 0.0 ], [ 397537.1770117089618, 296759.17895991646219, 0.0 ], [ 397562.464223218034022, 296759.732047407887876, 0.0 ], [ 397587.751436201506294, 296760.285205785941798, 0.0 ], [ 397613.038650835456792, 296760.838435054116417, 0.0 ], [ 397638.325867034378462, 296761.391735211014748, 0.0 ], [ 397663.61308479384752, 296761.945106258091982, 0.0 ], [ 397688.900304028473329, 296762.498548191040754, 0.0 ], [ 397714.187524914275855, 296763.052061014866922, 0.0 ], [ 397726.493721464008559, 296778.741617596358992, 0.0 ], [ 397738.799874033196829, 296794.431193145399448, 0.0 ], [ 397751.105982618872076, 296810.120787683990784, 0.0 ], [ 397763.412047223420814, 296825.810401201539207, 0.0 ], [ 397775.718067846552003, 296841.500033699325286, 0.0 ], [ 397788.024044490535744, 296857.189685174671467, 0.0 ], [ 397800.329977057757787, 296872.879355627519544, 0.0 ], [ 397812.635865737916902, 296888.569045062060468, 0.0 ], [ 397824.941710433457047, 296904.25875347625697, 0.0 ], [ 397824.266513681737706, 296935.084314028557856, 0.0 ], [ 397836.57226885878481, 296950.774042983073741, 0.0 ], [ 397848.877980052959174, 296966.463790916430298, 0.0 ], [ 397848.202687564713415, 296997.289355815155432, 0.0 ], [ 397860.508309231838211, 297012.979124287434388, 0.0 ], [ 397872.813886919815559, 297028.668911742162891, 0.0 ], [ 397872.138498693122528, 297059.494480974564794, 0.0 ], [ 397871.46310580696445, 297090.320051410701126, 0.0 ], [ 397883.768548428080976, 297106.009860965015832, 0.0 ], [ 397909.054831134388223, 297106.563961882260628, 0.0 ], [ 397934.341115497867577, 297107.118133692478295, 0.0 ], [ 397947.322086090513039, 297091.98245764215244, 0.0 ], [ 397960.303099117358215, 297076.846798664540984, 0.0 ], [ 397985.589473032159731, 297077.40111035091104, 0.0 ], [ 397998.570572488359176, 297062.265502948139329, 0.0 ], [ 398011.551714380912017, 297047.129912607371807, 0.0 ], [ 398036.838177756988443, 297047.684364167856984, 0.0 ], [ 398049.819406076450832, 297032.548825390636921, 0.0 ], [ 398062.800676836399361, 297017.413303684035782, 0.0 ], [ 398088.087229854776524, 297017.967895119916648, 0.0 ], [ 398113.37378443707712, 297018.522557448071893, 0.0 ], [ 398138.660340497619472, 297019.077290664950851, 0.0 ], [ 398163.94689821486827, 297019.632094774860889, 0.0 ], [ 398176.251966772018932, 297035.322319029190112, 0.0 ], [ 398188.556991346064024, 297051.012562261719722, 0.0 ], [ 398213.84346577397082, 297051.567510066670366, 0.0 ], [ 398226.14840393292252, 297067.257808681635652, 0.0 ], [ 398238.453298108652234, 297082.948126269096974, 0.0 ], [ 398263.7396891588578, 297083.503217765537556, 0.0 ], [ 398289.026081869262271, 297084.058380156347994, 0.0 ], [ 398314.312476144870743, 297084.613613438676111, 0.0 ], [ 398339.598871990514454, 297085.168917614035308, 0.0 ], [ 398364.885269311547745, 297085.724292680213694, 0.0 ], [ 398390.171668295864947, 297086.279738640820142, 0.0 ], [ 398415.458068843756337, 297086.835255493002478, 0.0 ], [ 398427.762622041220311, 297102.525846885342617, 0.0 ], [ 398440.067131253657863, 297118.216457260889001, 0.0 ], [ 398465.353448516572826, 297118.772117810207419, 0.0 ], [ 398477.657871222007088, 297134.462783568887971, 0.0 ], [ 398489.962250032345764, 297150.153468312113546, 0.0 ], [ 398502.26658485236112, 297165.844172037846874, 0.0 ], [ 398514.570875684148632, 297181.534894747368526, 0.0 ], [ 398526.875122529861983, 297197.225636440096423, 0.0 ], [ 398539.17932538461173, 297212.916397113178391, 0.0 ], [ 398551.483484250842594, 297228.607176760851871, 0.0 ], [ 398550.805734600056894, 297259.432804848940577, 0.0 ], [ 398550.127980273682624, 297290.258434148621745, 0.0 ], [ 398549.450221271836199, 297321.084064661292359, 0.0 ], [ 398536.468480931420345, 297336.218910477415193, 0.0 ], [ 398523.486783027998172, 297351.35377336118836, 0.0 ], [ 398535.790758130140603, 297367.044541840499733, 0.0 ], [ 398548.094689241494052, 297382.735329312912654, 0.0 ], [ 398560.398576364852488, 297398.426135768473614, 0.0 ], [ 398572.702419494860806, 297414.116961207124405, 0.0 ], [ 398572.024555361946113, 297444.942598483059555, 0.0 ], [ 398584.328308860305697, 297460.633444468432572, 0.0 ], [ 398596.632018452859484, 297476.324309436255135, 0.0 ], [ 398608.93568405834958, 297492.015193390077911, 0.0 ], [ 398621.239305669732857, 297507.706096316454932, 0.0 ], [ 398633.542883291025646, 297523.397018237272277, 0.0 ], [ 398645.846416915359441, 297539.087959141295869, 0.0 ], [ 398658.149906551698223, 297554.778919031261466, 0.0 ], [ 398670.453352195210755, 297570.469897903734818, 0.0 ], [ 398669.775118953781202, 297601.295548896538094, 0.0 ], [ 398669.096881034085527, 297632.121201101632323, 0.0 ], [ 398668.418638436181936, 297662.946854507667013, 0.0 ], [ 398655.437127738376148, 297678.081524010805879, 0.0 ], [ 398642.455659480416216, 297693.216210585203953, 0.0 ], [ 398641.777493960107677, 297724.041864514525514, 0.0 ], [ 398641.099323761998676, 297754.867519654042553, 0.0 ], [ 398640.421148886438459, 297785.693175995955244, 0.0 ], [ 398639.742969332961366, 297816.518833560752682, 0.0 ], [ 398639.064785101800226, 297847.344492339296266, 0.0 ], [ 398651.367819176986814, 297863.035467857378535, 0.0 ], [ 398663.670809256436769, 297878.726462360762525, 0.0 ], [ 398675.973755337414332, 297894.417475848749746, 0.0 ], [ 398688.276657331793103, 297910.108508319186512, 0.0 ], [ 398700.579515420133248, 297925.799559765669983, 0.0 ], [ 398712.882329513900913, 297941.49063020804897, 0.0 ], [ 398712.203867254196666, 297972.316299575031735, 0.0 ], [ 398724.506591786863282, 297988.007390565529931, 0.0 ], [ 398736.809272326761857, 298003.698500539874658, 0.0 ], [ 398749.111908866383601, 298019.38962950167479, 0.0 ], [ 398761.414501410676166, 298035.080777445866261, 0.0 ], [ 398760.735852230805904, 298065.906454267213121, 0.0 ], [ 398773.038355215801857, 298081.597622760222293, 0.0 ], [ 398785.340814197610598, 298097.28881023923168, 0.0 ], [ 398784.662069213925861, 298128.114491410495248, 0.0 ], [ 398783.983319549122825, 298158.94017379329307, 0.0 ], [ 398796.285643322160468, 298174.631383382540662, 0.0 ], [ 398808.587923183571547, 298190.322611958428752, 0.0 ] ] ] ] } },
{ "type": "Feature", "properties": { "Name": "230203#03", "desc": "온천천합류전 n to 230203#06", "area": 1.39, "perim": 7.5 }, "geometry": { "type": "MultiPolygon", "coordinates": [ [ [ [ 392842.577061432763003, 290906.235077232355252, 0.0 ], [ 392854.900114032672718, 290921.917160233017057, 0.0 ], [ 392880.203093447373249, 290922.456433090090286, 0.0 ], [ 392905.506074395379983, 290922.995776782860048, 0.0 ], [ 392930.809056788450107, 290923.535191309754737, 0.0 ], [ 392956.112040803185664, 290924.074676674441434, 0.0 ], [ 392981.415026353904977, 290924.614232874766458, 0.0 ], [ 393006.718013440840878, 290925.153859912068583, 0.0 ], [ 393032.021001966961194, 290925.693557782913558, 0.0 ], [ 393045.001278564508539, 290910.550952674180735, 0.0 ], [ 393057.981597556499764, 290895.408364643750247, 0.0 ], [ 393083.284675538889132, 290895.948202319908887, 0.0 ], [ 393108.587755053769797, 290896.488110832462553, 0.0 ], [ 393133.890836105914786, 290897.028090179897845, 0.0 ], [ 393146.213423951528966, 290912.710590459522791, 0.0 ], [ 393158.535967982141301, 290928.393109689815901, 0.0 ], [ 393183.838965809787624, 290928.933232581417542, 0.0 ], [ 393209.141965170623735, 290929.473426307959016, 0.0 ], [ 393234.444966071867384, 290930.013690872990992, 0.0 ], [ 393259.747968413867056, 290930.554026270110626, 0.0 ], [ 393285.050972384866327, 290931.094432507758029, 0.0 ], [ 393310.353977889753878, 290931.634909580345266, 0.0 ], [ 393335.656984933535568, 290932.175457490666304, 0.0 ], [ 393360.9599935116712, 290932.716076236625668, 0.0 ], [ 393386.263003538711928, 290933.25676581816515, 0.0 ], [ 393399.243894955725409, 290918.114643468579743, 0.0 ], [ 393412.224828761536628, 290902.972538194444496, 0.0 ], [ 393425.205804965342395, 290887.830449999310076, 0.0 ], [ 393438.186823562136851, 290872.68837888399139, 0.0 ], [ 393463.490010879642796, 290873.229277231439482, 0.0 ], [ 393476.471115783031564, 290858.087257684615906, 0.0 ], [ 393489.452262991224416, 290842.945255204045679, 0.0 ], [ 393502.433452677563764, 290827.803269802534487, 0.0 ], [ 393515.414684760966338, 290812.661301479383837, 0.0 ], [ 393540.718049283255823, 290813.202408587036189, 0.0 ], [ 393566.021415341645479, 290813.743586531782057, 0.0 ], [ 393578.343419111624826, 290829.426700193085708, 0.0 ], [ 393590.665378977311775, 290845.109832805697806, 0.0 ], [ 393615.968661729013547, 290845.651154295366723, 0.0 ], [ 393641.27194611239247, 290846.192546622012742, 0.0 ], [ 393654.2533992996905, 290831.05076810636092, 0.0 ], [ 393667.234894881141372, 290815.909006666915957, 0.0 ], [ 393692.538268637494184, 290816.450538792531006, 0.0 ], [ 393717.841643840831239, 290816.992141750291921, 0.0 ], [ 393730.823269645159598, 290801.850466348289046, 0.0 ], [ 393743.804937843116932, 290786.708808023191523, 0.0 ], [ 393769.108402510522865, 290787.250550779921468, 0.0 ], [ 393794.411868720781058, 290787.792364373686723, 0.0 ], [ 393806.733536522486247, 290803.47580368805211, 0.0 ], [ 393819.055160421528853, 290819.15926195733482, 0.0 ], [ 393844.358543328824453, 290819.701219097420108, 0.0 ], [ 393856.680080948222894, 290835.384732676146086, 0.0 ], [ 393869.001574666704983, 290851.068265206879005, 0.0 ], [ 393881.323024479381274, 290866.751816691015847, 0.0 ], [ 393893.64443039096659, 290882.435387120058294, 0.0 ], [ 393918.947645419859327, 290882.977560527098831, 0.0 ], [ 393944.25086190213915, 290883.519804769079201, 0.0 ], [ 393969.554080014117062, 290884.062119850947056, 0.0 ], [ 393994.857299670227803, 290884.604505769792013, 0.0 ], [ 394020.160520866047591, 290885.146962524973787, 0.0 ], [ 394045.463743606407661, 290885.689490118646063, 0.0 ], [ 394057.784851259435527, 290901.37329765240429, 0.0 ], [ 394070.105915098101832, 290917.057124145911075, 0.0 ], [ 394095.409054629737511, 290917.59979529370321, 0.0 ], [ 394120.712195699568838, 290918.142537277832162, 0.0 ], [ 394133.694401603948791, 290903.001414532307535, 0.0 ], [ 394146.676649901550263, 290887.860308861534577, 0.0 ], [ 394159.65894058754202, 290872.719220276223496, 0.0 ], [ 394172.641273573855869, 290857.578148752974812, 0.0 ], [ 394185.623649041226599, 290842.437094305176288, 0.0 ], [ 394198.60606690106215, 290827.296056932886131, 0.0 ], [ 394210.927011254359968, 290842.980079520551953, 0.0 ], [ 394223.247911702725105, 290858.664121063775383, 0.0 ], [ 394235.568768248194829, 290874.348181561857928, 0.0 ], [ 394247.889580886170734, 290890.032261004147585, 0.0 ], [ 394273.192817515693605, 290890.575426133989822, 0.0 ], [ 394298.496055599011015, 290891.118662099412177, 0.0 ], [ 394323.799295314820483, 290891.661968904023524, 0.0 ], [ 394349.102536577614956, 290892.205346547125373, 0.0 ], [ 394374.405779382912442, 290892.748795026505832, 0.0 ], [ 394399.70902364293579, 290893.2923143429216, 0.0 ], [ 394425.012269540806301, 290893.83590449928306, 0.0 ], [ 394450.315516981878318, 290894.379565493320115, 0.0 ], [ 394475.618765970924869, 290894.923297324392479, 0.0 ], [ 394488.601627623778768, 290879.782656952098478, 0.0 ], [ 394501.584531666419934, 290864.642033642507158, 0.0 ], [ 394526.887869950965978, 290865.185905264806934, 0.0 ], [ 394539.870860301889479, 290850.045333504618611, 0.0 ], [ 394552.853893042018171, 290834.904778817086481, 0.0 ], [ 394578.157320807862561, 290835.448790232709143, 0.0 ], [ 394603.46075011807261, 290835.992872485367116, 0.0 ], [ 394615.781016473658383, 290851.677476833108813, 0.0 ], [ 394628.101238829665817, 290867.362100136349909, 0.0 ], [ 394653.404584938078187, 290867.906325950229075, 0.0 ], [ 394678.707932595978491, 290868.450622599688359, 0.0 ], [ 394704.011281801504083, 290868.994990089035127, 0.0 ], [ 394729.314632554654963, 290869.539428416115697, 0.0 ], [ 394754.617984762997366, 290870.083937578136101, 0.0 ], [ 394779.921338612097315, 290870.628517581382766, 0.0 ], [ 394805.224694007309154, 290871.173168423119932, 0.0 ], [ 394830.528050953231286, 290871.717890101892408, 0.0 ], [ 394855.831409355159849, 290872.262682617700193, 0.0 ], [ 394868.814970693551004, 290857.122559050039854, 0.0 ], [ 394881.798574417945929, 290841.982452552125324, 0.0 ], [ 394907.102022304665297, 290842.527384858462028, 0.0 ], [ 394920.085712342057377, 290827.387329907156527, 0.0 ], [ 394933.069444767199457, 290812.247292026353534, 0.0 ], [ 394958.372982048837002, 290812.792364121705759, 0.0 ], [ 394983.676520792127121, 290813.337507051997818, 0.0 ], [ 395008.980061173555441, 290813.882720823574346, 0.0 ], [ 395021.96396775462199, 290798.742803436471149, 0.0 ], [ 395034.947916720528156, 290783.602903121267445, 0.0 ], [ 395060.251546498038806, 290784.148256679065526, 0.0 ], [ 395085.555177738133352, 290784.693681073200423, 0.0 ], [ 395110.858810617122799, 290785.239176307222806, 0.0 ], [ 395136.162445051828399, 290785.78474237897899, 0.0 ], [ 395161.46608103311155, 290786.330379288468976, 0.0 ], [ 395186.769718568131793, 290786.87608703575097, 0.0 ], [ 395212.073357562185265, 290787.421865620010067, 0.0 ], [ 395237.376998200721573, 290787.967715043458156, 0.0 ], [ 395262.680640388978645, 290788.513635305396747, 0.0 ], [ 395287.984284131845925, 290789.059626405069139, 0.0 ], [ 395300.968714718939736, 290773.920087898615748, 0.0 ], [ 395313.953187601466198, 290758.780566469067708, 0.0 ], [ 395326.93770296277944, 290743.641062099486589, 0.0 ], [ 395339.922260707593523, 290728.50157479691552, 0.0 ], [ 395365.226081698900089, 290729.047774627048057, 0.0 ], [ 395377.877992775756866, 290729.320901107043028, 0.0 ], [ 395378.210725752986036, 290713.908338867418934, 0.0 ], [ 395378.876188256894238, 290683.083215300284792, 0.0 ], [ 395379.541646159952506, 290652.258092952484731, 0.0 ], [ 395367.222332868666854, 290636.572408593434375, 0.0 ], [ 395354.902975666511338, 290620.886743206938263, 0.0 ], [ 395355.235657446202822, 290605.474184044811409, 0.0 ], [ 395342.58357455895748, 290605.201096768199932, 0.0 ], [ 395317.27940994722303, 290604.654975341283716, 0.0 ], [ 395304.959922652808018, 290588.969384229043499, 0.0 ], [ 395292.640391360386275, 290573.283812074398156, 0.0 ], [ 395267.336143562453799, 290572.737834213010501, 0.0 ], [ 395242.031897319597192, 290572.191927188599948, 0.0 ], [ 395216.72765262669418, 290571.646091000526212, 0.0 ], [ 395191.42340957862325, 290571.100325650186278, 0.0 ], [ 395178.438911130360793, 290586.240021470119245, 0.0 ], [ 395165.454455069149844, 290601.379734359914437, 0.0 ], [ 395152.470041390450206, 290616.519464318815153, 0.0 ], [ 395139.485670101712458, 290631.659211334073916, 0.0 ], [ 395114.181604197714478, 290631.113654710701667, 0.0 ], [ 395088.877539849549066, 290630.568168925063219, 0.0 ], [ 395075.893298877635971, 290645.708001969323959, 0.0 ], [ 395062.909100198710803, 290660.847852081235033, 0.0 ], [ 395037.605125245056115, 290660.30250607902417, 0.0 ], [ 395012.301151839725208, 290659.757230914547108, 0.0 ], [ 394986.997179987141863, 290659.212026585708372, 0.0 ], [ 394961.693209772813134, 290658.666893096000422, 0.0 ], [ 394948.709229168540332, 290673.80689817329403, 0.0 ], [ 394935.725290950620547, 290688.94692032050807, 0.0 ], [ 394910.421410036389716, 290688.401926614169497, 0.0 ], [ 394885.117530676419847, 290687.857003744924441, 0.0 ], [ 394859.813652863493189, 290687.312151712016203, 0.0 ], [ 394834.509776692488231, 290686.767370517540257, 0.0 ], [ 394809.205901977722533, 290686.22266015940113, 0.0 ], [ 394796.885703505366109, 290670.537791640730575, 0.0 ], [ 394784.565461127203889, 290654.852942079713102, 0.0 ], [ 394759.26150321715977, 290654.308375279942993, 0.0 ], [ 394746.941174561390653, 290638.6235810375656, 0.0 ], [ 394734.620802090619691, 290622.938805754354689, 0.0 ], [ 394709.316760985297151, 290622.394382512953598, 0.0 ], [ 394684.012721428065561, 290621.850030108587816, 0.0 ], [ 394658.70868341869209, 290621.30574853986036, 0.0 ], [ 394633.404646959388629, 290620.761537806713022, 0.0 ], [ 394608.100612135545816, 290620.217397912812885, 0.0 ], [ 394582.796578770910855, 290619.67332885164069, 0.0 ], [ 394569.813216116395779, 290634.813851387181785, 0.0 ], [ 394556.829895851260517, 290649.954390994622372, 0.0 ], [ 394531.525951872230507, 290649.410461721126921, 0.0 ], [ 394506.222009530174546, 290648.866603286063764, 0.0 ], [ 394480.918068639468402, 290648.322815684543457, 0.0 ], [ 394467.934922519314568, 290663.463475792028476, 0.0 ], [ 394454.951818784582429, 290678.604152972169686, 0.0 ], [ 394442.631027098512277, 290662.919793502835091, 0.0 ], [ 394430.310191503609531, 290647.235452989698388, 0.0 ], [ 394405.006255253218114, 290646.691877895733342, 0.0 ], [ 394392.685333476401865, 290631.007592699141242, 0.0 ], [ 394380.364367700880393, 290615.323326456011273, 0.0 ], [ 394368.043358021532185, 290599.639079179789405, 0.0 ], [ 394355.722304443945177, 290583.954850846319459, 0.0 ], [ 394343.401206958573312, 290568.270641468348913, 0.0 ], [ 394331.08006557286717, 290552.586451046692673, 0.0 ], [ 394318.758880282053724, 290536.90227958059404, 0.0 ], [ 394306.437651093583554, 290521.21812706644414, 0.0 ], [ 394281.133377498830669, 290520.674913680646569, 0.0 ], [ 394255.829105358454399, 290520.131771128391847, 0.0 ], [ 394230.524834762676619, 290519.588699409621768, 0.0 ], [ 394205.22056571370922, 290519.045698526431806, 0.0 ], [ 394179.916298206546344, 290518.502768477483187, 0.0 ], [ 394154.612032336066477, 290517.959909264172893, 0.0 ], [ 394142.290505007549655, 290502.275993855379056, 0.0 ], [ 394129.96893378009554, 290486.592097398650367, 0.0 ], [ 394104.664584618294612, 290486.049381733057089, 0.0 ], [ 394079.360236995213199, 290485.506736902403645, 0.0 ], [ 394054.055891010444611, 290484.964162907330319, 0.0 ], [ 394028.75154647603631, 290484.421659744402859, 0.0 ], [ 394003.447203486808576, 290483.879227414901834, 0.0 ], [ 393991.125376496464014, 290468.195531698991545, 0.0 ], [ 393978.803505603340454, 290452.511854943528306, 0.0 ], [ 393966.481590810464695, 290436.82819713302888, 0.0 ], [ 393954.159632122376934, 290421.144558275933377, 0.0 ], [ 393941.837629620684311, 290405.46093837369699, 0.0 ], [ 393929.515583131462336, 290389.777337419916876, 0.0 ], [ 393917.193492740741931, 290374.09375542239286, 0.0 ], [ 393904.871358455857262, 290358.410192376817577, 0.0 ], [ 393879.566678029426839, 290357.868121730047278, 0.0 ], [ 393867.244457469554618, 290342.184613993274979, 0.0 ], [ 393854.92219301359728, 290326.501125206414144, 0.0 ], [ 393842.599884659342933, 290310.817655384948011, 0.0 ], [ 393830.277532495325431, 290295.134204507747199, 0.0 ], [ 393804.972684126987588, 290294.592350115184672, 0.0 ], [ 393792.650245605967939, 290278.908954542537685, 0.0 ], [ 393780.327763185370713, 290263.225577920384239, 0.0 ], [ 393768.005236867582425, 290247.542220251692925, 0.0 ], [ 393755.682666657434311, 290231.858881534310058, 0.0 ], [ 393730.377650343580171, 290231.317243392462842, 0.0 ], [ 393705.072635663324036, 290230.775676083343569, 0.0 ], [ 393692.749936810228974, 290215.092429027252365, 0.0 ], [ 393680.42719406291144, 290199.4092009231681, 0.0 ], [ 393668.104407417413313, 290183.7259917682386, 0.0 ], [ 393655.78157687804196, 290168.042801578063518, 0.0 ], [ 393630.476394162571523, 290167.501450513955206, 0.0 ], [ 393605.17121307994239, 290166.960170283389743, 0.0 ], [ 393592.848253904143348, 290151.277071739605162, 0.0 ], [ 393580.525250830920413, 290135.593992147187237, 0.0 ], [ 393568.202203867316712, 290119.910931505321059, 0.0 ], [ 393555.879113004310057, 290104.227889814705122, 0.0 ], [ 393543.555978246789891, 290088.544867074699141, 0.0 ], [ 393531.232799597200938, 290072.861863285303116, 0.0 ], [ 393518.909577051294036, 290057.178878446458839, 0.0 ], [ 393506.586310616112314, 290041.495912558981217, 0.0 ], [ 393494.263000372622628, 290025.812965634744614, 0.0 ], [ 393481.939646148006432, 290010.130037647671998, 0.0 ], [ 393456.634042814082932, 290009.589191772276536, 0.0 ], [ 393444.310602324432693, 289993.906319086905569, 0.0 ], [ 393431.987117941782344, 289978.223465353541542, 0.0 ], [ 393419.004958159988746, 289993.365580393990967, 0.0 ], [ 393406.022840758261736, 290008.507712510647252, 0.0 ], [ 393380.717242128564976, 290007.967079124413431, 0.0 ], [ 393355.411644949112087, 290007.426516568171792, 0.0 ], [ 393330.106049305642955, 290006.886024839011952, 0.0 ], [ 393304.800455202232115, 290006.34560394048458, 0.0 ], [ 393292.476760494639166, 289990.662949364632368, 0.0 ], [ 393280.153021896956488, 289974.980313739273697, 0.0 ], [ 393254.847344682086259, 289974.440036373678595, 0.0 ], [ 393241.865492249082308, 289989.582392759039067, 0.0 ], [ 393228.883682201325428, 290004.724766221246682, 0.0 ], [ 393215.901914543705061, 290019.867156760417856, 0.0 ], [ 393202.920189267431851, 290035.009564364387188, 0.0 ], [ 393177.614689126145095, 290034.469495738507248, 0.0 ], [ 393152.30919061426539, 290033.92949794465676, 0.0 ], [ 393127.003693546168506, 290033.389570977946278, 0.0 ], [ 393101.698198016616516, 290032.849714841169771, 0.0 ], [ 393088.716690754925366, 290047.992277448822279, 0.0 ], [ 393075.735225881857332, 290063.134857135533821, 0.0 ], [ 393050.42981970240362, 290062.595140786434058, 0.0 ], [ 393025.124415148980916, 290062.055495267966762, 0.0 ], [ 392999.819012035906781, 290061.515920576697681, 0.0 ], [ 392986.837721270334441, 290076.658620778238401, 0.0 ], [ 392986.180538287851959, 290107.483543668291532, 0.0 ], [ 392973.199330774135888, 290122.626260626013391, 0.0 ], [ 392947.894103293598164, 290122.086823854362592, 0.0 ], [ 392922.588877435831819, 290121.54745791334426, 0.0 ], [ 392897.283653024525847, 290121.00816280086292, 0.0 ], [ 392871.978430147573818, 290120.468938517675269, 0.0 ], [ 392846.6732088024728, 290119.929785064421594, 0.0 ], [ 392821.367988988873549, 290119.390702440403402, 0.0 ], [ 392796.062770804041065, 290118.851690647774376, 0.0 ], [ 392783.738410320540424, 290103.16975688241655, 0.0 ], [ 392771.414005943748634, 290087.487842066213489, 0.0 ], [ 392758.433151206118055, 290102.630852266622242, 0.0 ], [ 392757.776740192202851, 290133.455759561853483, 0.0 ], [ 392757.120324639370665, 290164.280668068677187, 0.0 ], [ 392744.139594025444239, 290179.423694705823436, 0.0 ], [ 392718.834552907035686, 290178.884891665598843, 0.0 ], [ 392706.510156122560147, 290163.203063854132779, 0.0 ], [ 392694.185715536936186, 290147.521255004627164, 0.0 ], [ 392668.880591206601821, 290146.982595490233507, 0.0 ], [ 392643.57546840631403, 290146.444006805075333, 0.0 ], [ 392630.594914935121778, 290161.587188756675459, 0.0 ], [ 392617.614403857151046, 290176.730387800838798, 0.0 ], [ 392604.961886936391238, 290176.461154502059799, 0.0 ], [ 392604.633935163612477, 290191.873603924701456, 0.0 ], [ 392591.653508859220892, 290207.01683712832164, 0.0 ], [ 392578.673125036992133, 290222.160087414493319, 0.0 ], [ 392565.692783513921313, 290237.303354781179223, 0.0 ], [ 392552.712484380579554, 290252.446639226865955, 0.0 ], [ 392539.732227634871379, 290267.589940754405688, 0.0 ], [ 392526.752013281628024, 290282.733259361702949, 0.0 ], [ 392526.096351574815344, 290313.558157192252111, 0.0 ], [ 392525.44068533409154, 290344.383056255639531, 0.0 ], [ 392524.785014559747651, 290375.207956545520574, 0.0 ], [ 392524.129339251667261, 290406.032858058286365, 0.0 ], [ 392523.473659410141408, 290436.857760785496794, 0.0 ], [ 392522.817975034820847, 290467.682664746185765, 0.0 ], [ 392509.838048322824761, 290482.825998512154911, 0.0 ], [ 392496.858164000557736, 290497.969349362072535, 0.0 ], [ 392483.878322073142044, 290513.112717290990986, 0.0 ], [ 392470.89852253603749, 290528.256102302519139, 0.0 ], [ 392483.222755793714896, 290543.937621516583022, 0.0 ], [ 392495.546945155016147, 290559.619159676192794, 0.0 ], [ 392507.871090624830686, 290575.300716770871077, 0.0 ], [ 392533.174997796129901, 290575.838977419422008, 0.0 ], [ 392545.499056992819533, 290591.520589820749592, 0.0 ], [ 392544.843263661314268, 290622.34550176828634, 0.0 ], [ 392557.167233549524099, 290638.027134658943396, 0.0 ], [ 392582.470971115748398, 290638.565540702024009, 0.0 ], [ 392594.79485473211389, 290654.24722889077384, 0.0 ], [ 392607.118694452685304, 290669.928936025884468, 0.0 ], [ 392632.422348882711958, 290670.467485602537636, 0.0 ], [ 392644.746102326083928, 290686.149248035799246, 0.0 ], [ 392644.089950232184492, 290716.974171105073765, 0.0 ], [ 392656.413614368299022, 290732.655954029760323, 0.0 ], [ 392668.737234603031538, 290748.337755900807679, 0.0 ], [ 392681.060810945462435, 290764.019576720369514, 0.0 ], [ 392693.384343298152089, 290779.701416484778747, 0.0 ], [ 392705.707831843814347, 290795.383275199797936, 0.0 ], [ 392718.03127649432281, 290811.065152862574905, 0.0 ], [ 392730.354677244729828, 290826.747049471712671, 0.0 ], [ 392742.678034099575598, 290842.42896502930671, 0.0 ], [ 392755.001347051700577, 290858.110899524705019, 0.0 ], [ 392780.304492926341482, 290858.649885304737836, 0.0 ], [ 392805.607640240574256, 290859.188941918953788, 0.0 ], [ 392830.910789182526059, 290859.728069369506557, 0.0 ], [ 392843.233931096852757, 290875.41013187658973, 0.0 ], [ 392842.577061432763003, 290906.235077232355252, 0.0 ] ] ] ] } },
{ "type": "Feature", "properties": { "Name": "230203#04", "desc": "부산시(세병교)", "area": 39.02, "perim": 36.6 }, "geometry": { "type": "MultiPolygon", "coordinates": [ [ [ [ 387351.204407584213186, 301800.06111558486009, 0.0 ], [ 387363.520068190642633, 301815.736183588800486, 0.0 ], [ 387388.791891356231645, 301816.261368823179509, 0.0 ], [ 387414.063715994590893, 301816.786624971718993, 0.0 ], [ 387427.020009039901197, 301801.636774959566537, 0.0 ], [ 387439.976344596827403, 301786.486942088056821, 0.0 ], [ 387452.932722577475943, 301771.337126352882478, 0.0 ], [ 387465.88914316217415, 301756.187327755556908, 0.0 ], [ 387478.845606262679212, 301741.037546295381617, 0.0 ], [ 387479.486527457484044, 301710.212536738312338, 0.0 ], [ 387492.44307410903275, 301695.062772144039627, 0.0 ], [ 387505.399663273827173, 301679.913024674751796, 0.0 ], [ 387518.356294953613542, 301664.76329434470972, 0.0 ], [ 387531.312969143560622, 301649.613581151759718, 0.0 ], [ 387544.269685848150402, 301634.463885094563011, 0.0 ], [ 387557.226445060339756, 301619.314206173701677, 0.0 ], [ 387570.183246698812582, 301604.164544388535433, 0.0 ], [ 387595.455687141919043, 301604.690284334297758, 0.0 ], [ 387608.412575363181531, 301589.540674243005924, 0.0 ], [ 387621.369506100541912, 301574.391081288049463, 0.0 ], [ 387634.326479349052534, 301559.241505479440093, 0.0 ], [ 387647.28349510661792, 301544.091946797329001, 0.0 ], [ 387660.240553375158925, 301528.942405251553282, 0.0 ], [ 387673.197654154500924, 301513.792880840075668, 0.0 ], [ 387698.470359893515706, 301514.318899030680768, 0.0 ], [ 387711.427547170838807, 301499.169426310167182, 0.0 ], [ 387724.384776956110727, 301484.019970726105385, 0.0 ], [ 387737.342049253871664, 301468.870532277040184, 0.0 ], [ 387750.299364061676897, 301453.721110962913372, 0.0 ], [ 387763.256721374578774, 301438.571706783783156, 0.0 ], [ 387776.214121201541275, 301423.422319750941824, 0.0 ], [ 387789.171563535870519, 301408.272949843201786, 0.0 ], [ 387802.129048291477375, 301393.123597067547962, 0.0 ], [ 387827.402107477537356, 301393.649962609983049, 0.0 ], [ 387852.675168144982308, 301394.176399064541329, 0.0 ], [ 387865.632783466717228, 301379.02713253244292, 0.0 ], [ 387878.590441297274083, 301363.877883137378376, 0.0 ], [ 387903.863591413362883, 301364.404459611163475, 0.0 ], [ 387929.136742916773073, 301364.931106995558366, 0.0 ], [ 387954.409895994933322, 301365.457825292833149, 0.0 ], [ 387979.683050548715983, 301365.984614503569901, 0.0 ], [ 388004.956206585105974, 301366.511474626371637, 0.0 ], [ 388030.22936400945764, 301367.038405658502597, 0.0 ], [ 388055.502523004892282, 301367.565407604852226, 0.0 ], [ 388068.460531240911223, 301352.416417216532864, 0.0 ], [ 388081.418581982492469, 301337.267443959601223, 0.0 ], [ 388106.691830429655965, 301337.794585924420971, 0.0 ], [ 388119.649967666540761, 301322.645664354320616, 0.0 ], [ 388132.608147408463992, 301307.496759917063173, 0.0 ], [ 388157.881485217483714, 301308.024041896860581, 0.0 ], [ 388170.839751453895587, 301292.875189156970009, 0.0 ], [ 388183.798060197615996, 301277.726353537174873, 0.0 ], [ 388196.756411445676349, 301262.577535050921142, 0.0 ], [ 388209.714805200463161, 301247.428733696171548, 0.0 ], [ 388234.988320524920709, 301247.956224797992036, 0.0 ], [ 388247.946800773497671, 301232.807475128560327, 0.0 ], [ 388260.905323433224112, 301217.658742589177564, 0.0 ], [ 388286.178928210632876, 301218.186373705277219, 0.0 ], [ 388311.452534468611702, 301218.714075732801575, 0.0 ], [ 388336.726142212108243, 301219.241848672390915, 0.0 ], [ 388349.041052745538764, 301234.918286854226608, 0.0 ], [ 388361.355919294524938, 301250.594743978930637, 0.0 ], [ 388386.629443426965736, 301251.122660548426211, 0.0 ], [ 388411.902969131013379, 301251.650648030685261, 0.0 ], [ 388424.217706693336368, 301267.327196818077937, 0.0 ], [ 388436.532400275638793, 301283.003764544671867, 0.0 ], [ 388448.84704987279838, 301298.680351214832626, 0.0 ], [ 388461.161655487143435, 301314.356956814299338, 0.0 ], [ 388486.435012577858288, 301314.885160651348997, 0.0 ], [ 388499.393850633816328, 301299.736757081816904, 0.0 ], [ 388512.352731191378552, 301284.588370630284771, 0.0 ], [ 388525.311654259334318, 301269.440001313050743, 0.0 ], [ 388538.270619830640499, 301254.291649122955278, 0.0 ], [ 388551.22962790960446, 301239.143314064363949, 0.0 ], [ 388564.18867848906666, 301223.994996138557326, 0.0 ], [ 388589.462301077554002, 301224.523478194198105, 0.0 ], [ 388614.735925056389533, 301225.052031159109902, 0.0 ], [ 388627.050368069089018, 301240.728869313606992, 0.0 ], [ 388639.364767100778408, 301256.405726412311196, 0.0 ], [ 388652.323951122467406, 301241.257529554422945, 0.0 ], [ 388665.283177653793246, 301226.109349827980623, 0.0 ], [ 388678.242446689866483, 301210.961187231587246, 0.0 ], [ 388678.887353270081803, 301180.136114986496978, 0.0 ], [ 388691.8467058299575, 301164.98796924186172, 0.0 ], [ 388704.806100896676071, 301149.839840614469722, 0.0 ], [ 388717.765538372274023, 301134.691729114972986, 0.0 ], [ 388730.725018446566537, 301119.543634747562464, 0.0 ], [ 388731.370084668044001, 301088.718562575464603, 0.0 ], [ 388744.329648264101706, 301073.570485045667738, 0.0 ], [ 388769.603713682852685, 301074.099454418581445, 0.0 ], [ 388782.563363770197611, 301058.951428569154814, 0.0 ], [ 388795.523056360310875, 301043.803419846924953, 0.0 ], [ 388808.482791448186617, 301028.655428263999056, 0.0 ], [ 388821.442569043370895, 301013.507453800411895, 0.0 ], [ 388834.402389048249461, 300998.359496462566312, 0.0 ], [ 388847.362251647748053, 300983.211556255468167, 0.0 ], [ 388860.322156744543463, 300968.063633177021984, 0.0 ], [ 388873.282104347716086, 300952.915727227868047, 0.0 ], [ 388898.556523142731749, 300953.445043895277195, 0.0 ], [ 388923.830943423497956, 300953.974431474052835, 0.0 ], [ 388936.791021499317139, 300938.826611746451817, 0.0 ], [ 388949.751141983666457, 300923.67880914604757, 0.0 ], [ 388975.025651724252384, 300924.208336728450377, 0.0 ], [ 388987.985858787898906, 300909.060585804865696, 0.0 ], [ 389000.94610834971536, 300893.912852019828279, 0.0 ], [ 389026.22070755274035, 300894.442519606614951, 0.0 ], [ 389051.495308245066553, 300894.97225810267264, 0.0 ], [ 389064.455688186339103, 300879.824610524286982, 0.0 ], [ 389077.416110722813755, 300864.676980076648761, 0.0 ], [ 389102.690800876123831, 300865.206858575576916, 0.0 ], [ 389115.651309895911254, 300850.059279801265802, 0.0 ], [ 389116.297633327136282, 300819.234191492607351, 0.0 ], [ 389129.258225860365201, 300804.086629551602527, 0.0 ], [ 389142.218860895256512, 300788.939084737037774, 0.0 ], [ 389155.179538426920772, 300773.791557050426491, 0.0 ], [ 389168.140258457395248, 300758.64404650015058, 0.0 ], [ 389181.101020896574482, 300743.496553062228486, 0.0 ], [ 389194.061825926881284, 300728.349076753656846, 0.0 ], [ 389194.708390979911201, 300697.52398791955784, 0.0 ], [ 389207.669279517838731, 300682.376528442837298, 0.0 ], [ 389220.630210553761572, 300667.229086093313526, 0.0 ], [ 389233.591184089775197, 300652.081660868192557, 0.0 ], [ 389246.552200120931957, 300636.934252769511659, 0.0 ], [ 389259.513258651713841, 300621.786861805769149, 0.0 ], [ 389284.788651072594803, 300622.31722212349996, 0.0 ], [ 389310.0640448970953, 300622.84765334695112, 0.0 ], [ 389323.025233889347874, 300607.700348588521592, 0.0 ], [ 389335.986465383088216, 300592.553060955135152, 0.0 ], [ 389348.9477393735433, 300577.405790444696322, 0.0 ], [ 389361.909055858268403, 300562.258537061454263, 0.0 ], [ 389374.870414839242585, 300547.111300801159814, 0.0 ], [ 389387.831816316349432, 300531.964081665908452, 0.0 ], [ 389400.793260291626211, 300516.816879656456877, 0.0 ], [ 389413.754746667924337, 300501.66969476849772, 0.0 ], [ 389426.716275634476915, 300486.522527018387336, 0.0 ], [ 389439.677847094251774, 300471.375376381271053, 0.0 ], [ 389452.639461051556282, 300456.228242869197857, 0.0 ], [ 389465.601117504062131, 300441.081126478675287, 0.0 ], [ 389490.877040718216449, 300441.612043135100976, 0.0 ], [ 389503.838783646700904, 300426.46497841225937, 0.0 ], [ 389516.800569072249345, 300411.317930814402644, 0.0 ], [ 389529.762396897305734, 300396.17090033745626, 0.0 ], [ 389542.724267311394215, 300381.023886986193247, 0.0 ], [ 389568.000367953791283, 300381.555012717959471, 0.0 ], [ 389593.276470092649106, 300382.086209356843028, 0.0 ], [ 389618.552573723485693, 300382.617476902145427, 0.0 ], [ 389631.514618582441472, 300367.47058430017205, 0.0 ], [ 389644.476705842302181, 300352.323708831099793, 0.0 ], [ 389669.752898937673308, 300352.855116365884896, 0.0 ], [ 389695.029093528108206, 300353.386594807088841, 0.0 ], [ 389720.305289611569606, 300353.918144156166818, 0.0 ], [ 389745.581487192655914, 300354.449764410965145, 0.0 ], [ 389757.895378906512633, 300370.128158330509905, 0.0 ], [ 389770.209226730745286, 300385.806571209861431, 0.0 ], [ 389795.485340830171481, 300386.338335102365818, 0.0 ], [ 389808.447693578724284, 300371.191684291348793, 0.0 ], [ 389821.410088815493509, 300356.045050611835904, 0.0 ], [ 389846.686292382597458, 300356.576954493066296, 0.0 ], [ 389859.648774099303409, 300341.430372466275003, 0.0 ], [ 389872.611298216157593, 300326.283807558938861, 0.0 ], [ 389897.887591248960234, 300326.815851428895257, 0.0 ], [ 389923.163885773916263, 300327.347966203931719, 0.0 ], [ 389936.126540445024148, 300312.201487501792144, 0.0 ], [ 389949.089237610518467, 300297.055025920504704, 0.0 ], [ 389962.051977268070914, 300281.908581461466383, 0.0 ], [ 389962.701069606118836, 300251.083456427091733, 0.0 ], [ 389975.663892749580555, 300235.937028790765908, 0.0 ], [ 390000.940451093250886, 300236.469350804982241, 0.0 ], [ 390013.903360716532916, 300221.322974839771632, 0.0 ], [ 390026.866312826517969, 300206.176615983364172, 0.0 ], [ 390052.142960726923775, 300206.709077984211035, 0.0 ], [ 390065.105999316554517, 300191.562770787684713, 0.0 ], [ 390078.069080394401681, 300176.416480711952318, 0.0 ], [ 390091.032203962793574, 300161.270207756373566, 0.0 ], [ 390103.995369933312759, 300146.123951919435058, 0.0 ], [ 390116.958578479709104, 300130.977713203290477, 0.0 ], [ 390129.921829520491883, 300115.831491607998032, 0.0 ], [ 390142.885123048676178, 300100.68528713285923, 0.0 ], [ 390155.848459068452939, 300085.539099786954466, 0.0 ], [ 390168.81183757330291, 300070.392929550551344, 0.0 ], [ 390181.775258571724407, 300055.246776432148181, 0.0 ], [ 390194.738722059177235, 300040.100640435295645, 0.0 ], [ 390207.702228033100255, 300024.95452155568637, 0.0 ], [ 390220.665776407753583, 300009.808419794077054, 0.0 ], [ 390221.31569314544322, 299978.98328755388502, 0.0 ], [ 390234.279325087321922, 299963.837202614289708, 0.0 ], [ 390259.556676725158468, 299964.370217229123227, 0.0 ], [ 390284.834029863122851, 299964.903302748280112, 0.0 ], [ 390297.79779226105893, 299949.757304013182875, 0.0 ], [ 390310.761597149190493, 299934.611322383396327, 0.0 ], [ 390323.725444522453472, 299919.465357872948516, 0.0 ], [ 390336.689334292546846, 299904.319410479743965, 0.0 ], [ 390349.653266640030779, 299889.173480206693057, 0.0 ], [ 390362.617241476778872, 299874.027567050245125, 0.0 ], [ 390375.581258795573376, 299858.881671012437437, 0.0 ], [ 390376.231671916553751, 299828.056533940078225, 0.0 ], [ 390389.195772716309875, 299812.910654730687384, 0.0 ], [ 390402.15991600236157, 299797.7647926278878, 0.0 ], [ 390415.124101771973073, 299782.618947641691193, 0.0 ], [ 390428.088330029509962, 299767.473119775531814, 0.0 ], [ 390441.052600767929107, 299752.327309023879934, 0.0 ], [ 390454.01691390608903, 299737.181515388074331, 0.0 ], [ 390466.981269617332146, 299722.035738872364163, 0.0 ], [ 390492.259326472994871, 299722.569376972271129, 0.0 ], [ 390517.537384835595731, 299723.103085973649286, 0.0 ], [ 390530.501870993233752, 299707.957395644800272, 0.0 ], [ 390543.466399640135933, 299692.811722431099042, 0.0 ], [ 390568.744547376816627, 299693.345571403508075, 0.0 ], [ 390581.709162485203706, 299678.199949853937142, 0.0 ], [ 390594.673820082680322, 299663.054345409618691, 0.0 ], [ 390607.638520161737688, 299647.9087580825435, 0.0 ], [ 390608.28968003753107, 299617.083613124617841, 0.0 ], [ 390621.254463588353246, 299601.938042610301636, 0.0 ], [ 390634.21928962005768, 299586.792489212588407, 0.0 ], [ 390634.870526977232657, 299555.967344879929442, 0.0 ], [ 390635.521759844792541, 299525.142201789363753, 0.0 ], [ 390648.486710328550544, 299509.99666490132222, 0.0 ], [ 390673.765382925572339, 299510.530786482617259, 0.0 ], [ 390686.73041978222318, 299495.385301240312401, 0.0 ], [ 390699.695499211316928, 299480.239833117404487, 0.0 ], [ 390712.660621124668978, 299465.094382110342849, 0.0 ], [ 390725.625785517506301, 299449.948948216275312, 0.0 ], [ 390738.590992391866166, 299434.803531438810751, 0.0 ], [ 390751.556241750018671, 299419.658131774398498, 0.0 ], [ 390776.835179735440761, 299420.192531455249991, 0.0 ], [ 390789.800515550305136, 299405.047183451417368, 0.0 ], [ 390790.452244703657925, 299374.222035483282525, 0.0 ], [ 390791.103969363961369, 299343.396888745191973, 0.0 ], [ 390778.79023077286547, 299327.717092162230983, 0.0 ], [ 390766.476448203087784, 299312.037314527668059, 0.0 ], [ 390779.441905466723256, 299296.891948184347712, 0.0 ], [ 390792.407405205653049, 299281.746598955418449, 0.0 ], [ 390805.372947338502854, 299266.601266848738305, 0.0 ], [ 390818.338532039313577, 299251.455951845855452, 0.0 ], [ 390818.990325180115178, 299220.630808187357616, 0.0 ], [ 390819.642113827285357, 299189.805665755295195, 0.0 ], [ 390820.293897980824113, 299158.980524552520365, 0.0 ], [ 390807.979929023305885, 299143.300700794206932, 0.0 ], [ 390795.665916181111243, 299127.620895998494234, 0.0 ], [ 390796.317604897078127, 299096.795759087603074, 0.0 ], [ 390796.969289119821042, 299065.970623405301012, 0.0 ], [ 390797.620968849514611, 299035.145488952985033, 0.0 ], [ 390798.272644086042419, 299004.320355727162678, 0.0 ], [ 390785.958405301906168, 298988.640576008649077, 0.0 ], [ 390773.644122542697005, 298972.960815225844271, 0.0 ], [ 390761.329795815283433, 298957.281073394406121, 0.0 ], [ 390749.015425115241669, 298941.601350512064528, 0.0 ], [ 390761.981330148526467, 298926.455945994879585, 0.0 ], [ 390787.261651355074719, 298926.990316308860201, 0.0 ], [ 390812.541973974788561, 298927.524757515755482, 0.0 ], [ 390825.508009434619453, 298912.379439171985723, 0.0 ], [ 390838.474087372946087, 298897.234137941268273, 0.0 ], [ 390851.440207784995437, 298882.088853823544923, 0.0 ], [ 390864.406370673095807, 298866.943586818873882, 0.0 ], [ 390889.686870796023868, 298867.478237044473644, 0.0 ], [ 390914.96737242344534, 298868.012958166596945, 0.0 ], [ 390940.247875467350241, 298868.547750183090102, 0.0 ], [ 390965.528380113246385, 298869.082613098260481, 0.0 ], [ 390990.808886264101602, 298869.617546909896191, 0.0 ], [ 391016.089393920032308, 298870.152551617415156, 0.0 ], [ 391041.369902993261348, 298870.687627218547277, 0.0 ], [ 391066.650413667026442, 298871.222773719811812, 0.0 ], [ 391091.930925846449099, 298871.757991117541678, 0.0 ], [ 391104.897527000808623, 298856.613051998661831, 0.0 ], [ 391117.864170627784915, 298841.468129981483798, 0.0 ], [ 391143.144772274245042, 298842.003487332549412, 0.0 ], [ 391156.111502260318957, 298826.858616952551529, 0.0 ], [ 391156.764356268104166, 298796.033466593828052, 0.0 ], [ 391157.41720577434171, 298765.208317462995183, 0.0 ], [ 391145.103197878459468, 298749.528040856355801, 0.0 ], [ 391132.789145917631686, 298733.847783200326376, 0.0 ], [ 391133.441899977216963, 298703.022638376220129, 0.0 ], [ 391121.127758574788459, 298687.342401205911301, 0.0 ], [ 391108.813573205494322, 298671.662182981963269, 0.0 ], [ 391109.466231821337715, 298640.837042442697566, 0.0 ], [ 391097.151957009802572, 298625.156844705285039, 0.0 ], [ 391084.837638234253973, 298609.47666591766756, 0.0 ], [ 391072.523275485844351, 298593.796506079961546, 0.0 ], [ 391060.208868769113906, 298578.116365205612965, 0.0 ], [ 391060.861341003677808, 298547.291232026473153, 0.0 ], [ 391048.546844852156937, 298531.611111623002216, 0.0 ], [ 391036.232304823584855, 298515.931010172236711, 0.0 ], [ 391023.917720737634227, 298500.250927669228986, 0.0 ], [ 391011.603092682547867, 298484.570864114037249, 0.0 ], [ 391012.255378542700782, 298453.745738298573997, 0.0 ], [ 391012.907659904565662, 298422.92061372025637, 0.0 ], [ 391013.559936768317129, 298392.095490360574331, 0.0 ], [ 391026.52701906056609, 298376.950425647490192, 0.0 ], [ 391039.494143820891622, 298361.80537804600317, 0.0 ], [ 391052.461310961458366, 298346.66034754976863, 0.0 ], [ 391065.428520662593655, 298331.515334170078859, 0.0 ], [ 391066.080956901714671, 298300.690210825297982, 0.0 ], [ 391079.048250042949803, 298285.54521424707491, 0.0 ], [ 391092.015585653658491, 298270.400234779750463, 0.0 ], [ 391092.668099328118842, 298239.575112040387467, 0.0 ], [ 391105.635518370545469, 298224.430149377381895, 0.0 ], [ 391118.602979886520188, 298209.285203823819757, 0.0 ], [ 391119.255570993642323, 298178.460081699828152, 0.0 ], [ 391119.908157599798869, 298147.634960813564248, 0.0 ], [ 391132.875743513810448, 298132.490031756286044, 0.0 ], [ 391145.84337189811049, 298117.345119809906464, 0.0 ], [ 391158.811042750254273, 298102.200224970874842, 0.0 ], [ 391171.778755975072272, 298087.055347241344862, 0.0 ], [ 391184.746511759818532, 298071.910486621316522, 0.0 ], [ 391197.061477618291974, 298087.590765845845453, 0.0 ], [ 391209.376399510889314, 298103.27106402098434, 0.0 ], [ 391221.691277439706028, 298118.951381146733183, 0.0 ], [ 391234.00611140683759, 298134.631717220938299, 0.0 ], [ 391246.320901407336351, 298150.312072247790638, 0.0 ], [ 391258.635647443530615, 298165.99244622461265, 0.0 ], [ 391283.918158203247003, 298166.528117549838498, 0.0 ], [ 391309.200670561636798, 298167.063859767338727, 0.0 ], [ 391334.483184433251154, 298167.599672877171542, 0.0 ], [ 391359.765699813666288, 298168.135556877823547, 0.0 ], [ 391385.048216709983535, 298168.671511769993231, 0.0 ], [ 391410.330735022900626, 298169.207537551643327, 0.0 ], [ 391435.613254940137267, 298169.743634227663279, 0.0 ], [ 391448.581370015977882, 298154.599136881472077, 0.0 ], [ 391461.549527559080161, 298139.454656644084025, 0.0 ], [ 391486.832136932876892, 298139.990893257898279, 0.0 ], [ 391499.80038091755705, 298124.846464654139709, 0.0 ], [ 391512.768667274038307, 298109.702053152024746, 0.0 ], [ 391538.05136610486079, 298110.238429705786984, 0.0 ], [ 391551.019738995062653, 298095.094069838058203, 0.0 ], [ 391563.988154346938245, 298079.94972707843408, 0.0 ], [ 391576.956612169567961, 298064.805401424004231, 0.0 ], [ 391589.925112458120566, 298049.661092878377531, 0.0 ], [ 391602.893655209918506, 298034.516801450052299, 0.0 ], [ 391603.547861477942206, 298003.69165167765459, 0.0 ], [ 391591.23343856370775, 297988.010795190290082, 0.0 ], [ 391578.9189716828987, 297972.32995765353553, 0.0 ], [ 391566.604460837843362, 297956.649139069486409, 0.0 ], [ 391554.28990603343118, 297940.968339437386021, 0.0 ], [ 391541.975307260639966, 297925.287558755255304, 0.0 ], [ 391516.692089849384502, 297924.751193269330543, 0.0 ], [ 391504.377404750499409, 297909.070467909390572, 0.0 ], [ 391492.062675593071617, 297893.389761508558877, 0.0 ], [ 391479.747902472969145, 297877.709074048325419, 0.0 ], [ 391467.433085392345674, 297862.028405540855601, 0.0 ], [ 391455.118224349222146, 297846.347755981842056, 0.0 ], [ 391442.803319343714975, 297830.667125375533942, 0.0 ], [ 391430.488370373728685, 297814.986513719777577, 0.0 ], [ 391418.173377444094513, 297799.305921014631167, 0.0 ], [ 391405.858340552775189, 297783.625347260094713, 0.0 ], [ 391393.543259790341835, 297767.944792458205484, 0.0 ], [ 391381.22813497367315, 297752.264256616181228, 0.0 ], [ 391381.881522810552269, 297721.439134485088289, 0.0 ], [ 391382.534906140645035, 297690.614013581129257, 0.0 ], [ 391383.188284963718615, 297659.788893903663848, 0.0 ], [ 391383.841659279947635, 297628.963775456184521, 0.0 ], [ 391384.495029088982847, 297598.138658243638929, 0.0 ], [ 391397.463791998219676, 297582.99406888987869, 0.0 ], [ 391422.747952426900156, 297583.530059645301662, 0.0 ], [ 391435.716801762697287, 297568.385521919524763, 0.0 ], [ 391448.685693562671077, 297553.241001298301853, 0.0 ], [ 391473.969943528296426, 297553.777131986513268, 0.0 ], [ 391499.25419500930002, 297554.313333559955936, 0.0 ], [ 391524.538447910919785, 297554.849606018571649, 0.0 ], [ 391549.822702418488916, 297555.385949366667774, 0.0 ], [ 391575.106958437419962, 297555.922363600577228, 0.0 ], [ 391588.07611253473442, 297540.778032690577675, 0.0 ], [ 391588.730160186765715, 297509.952904390345793, 0.0 ], [ 391576.414967320743017, 297494.27210884768283, 0.0 ], [ 391564.099730499787256, 297478.591332266922109, 0.0 ], [ 391564.753682708833367, 297447.766208266373724, 0.0 ], [ 391552.438356459140778, 297432.085452162194997, 0.0 ], [ 391540.12298625317635, 297416.404715006414335, 0.0 ], [ 391527.807572086341679, 297400.723996802698821, 0.0 ], [ 391515.492114056309219, 297385.043297551688738, 0.0 ], [ 391503.176611973205581, 297369.362617249134928, 0.0 ], [ 391490.861065932433121, 297353.68195589852985, 0.0 ], [ 391491.514740845595952, 297322.856842351902742, 0.0 ], [ 391479.199105386505835, 297307.176201487833168, 0.0 ], [ 391466.883425970328972, 297291.495579572976567, 0.0 ], [ 391467.537005449121352, 297260.670470314682461, 0.0 ], [ 391455.221236613986548, 297244.989868886943441, 0.0 ], [ 391442.905423820135184, 297229.309286408417393, 0.0 ], [ 391443.558907866536174, 297198.484181459760293, 0.0 ], [ 391456.528291121358052, 297183.339657135074958, 0.0 ], [ 391469.497716832032893, 297168.195149913488422, 0.0 ], [ 391457.181811612215824, 297152.514553094166331, 0.0 ], [ 391444.865862434788141, 297136.833975222660229, 0.0 ], [ 391432.549869304406457, 297121.153416302404366, 0.0 ], [ 391407.264412620279472, 297120.617453210928943, 0.0 ], [ 391394.948333082953468, 297104.936949605122209, 0.0 ], [ 391382.63220959098544, 297089.256464947073255, 0.0 ], [ 391357.346669430262409, 297088.720645464258268, 0.0 ], [ 391345.030459536705166, 297073.040216121356934, 0.0 ], [ 391332.714205686468631, 297057.359805738204159, 0.0 ], [ 391320.397907887236215, 297041.679414294369053, 0.0 ], [ 391321.050932830141392, 297010.854325918422546, 0.0 ], [ 391321.703953267657198, 296980.029238770366646, 0.0 ], [ 391334.673403372406028, 296964.884539687715005, 0.0 ], [ 391347.642895938362926, 296949.739857711014338, 0.0 ], [ 391348.295993773557711, 296918.914771183975972, 0.0 ], [ 391348.949087102839258, 296888.089685874874704, 0.0 ], [ 391336.632560506346636, 296872.409284693712834, 0.0 ], [ 391324.31598996242974, 296856.728902463160921, 0.0 ], [ 391324.968987872474827, 296825.903821451647673, 0.0 ], [ 391312.652327916002832, 296810.223459705419373, 0.0 ], [ 391300.335624100873247, 296794.543116909102537, 0.0 ], [ 391300.988526593777351, 296763.71804020710988, 0.0 ], [ 391288.671733279596083, 296748.037717894476373, 0.0 ], [ 391276.354896017175633, 296732.357414529542439, 0.0 ], [ 391277.00770309579093, 296701.532342116639484, 0.0 ], [ 391277.660505670006387, 296670.707270927377976, 0.0 ], [ 391278.313303739647381, 296639.882200979453046, 0.0 ], [ 391278.966097305004951, 296609.057132245216053, 0.0 ], [ 391279.618886366020888, 296578.232064739509951, 0.0 ], [ 391292.588780908321496, 296563.087292611249723, 0.0 ], [ 391305.558717905776575, 296547.942537588241976, 0.0 ], [ 391318.528697263333015, 296532.797799666179344, 0.0 ], [ 391343.81578971457202, 296533.333444186428096, 0.0 ], [ 391356.785855574300513, 296518.188757888099644, 0.0 ], [ 391369.755963883770164, 296503.044088704220485, 0.0 ], [ 391395.043145762756467, 296503.579873136768583, 0.0 ], [ 391420.33032916020602, 296504.115728448843583, 0.0 ], [ 391433.300567745929584, 296488.971145386632998, 0.0 ], [ 391433.953857188578695, 296458.14607172110118, 0.0 ], [ 391434.607142123102676, 296427.320999279909302, 0.0 ], [ 391435.260422549559735, 296396.495928067946807, 0.0 ], [ 391435.913698467658833, 296365.670858091674745, 0.0 ], [ 391436.566969877865631, 296334.845789333397988, 0.0 ], [ 391437.220236779889092, 296304.020721800101455, 0.0 ], [ 391450.190763578168117, 296288.876153988647275, 0.0 ], [ 391463.161332826130092, 296273.731603279535193, 0.0 ], [ 391476.131944526103325, 296258.587069673580118, 0.0 ], [ 391501.419823648640886, 296259.123122847289778, 0.0 ], [ 391514.390521751076449, 296243.97864085866604, 0.0 ], [ 391515.044034314458258, 296213.153571478673257, 0.0 ], [ 391515.697542368085124, 296182.328503313765395, 0.0 ], [ 391516.351045911898836, 296151.503436375991441, 0.0 ], [ 391517.004544945433736, 296120.67837066471111, 0.0 ], [ 391504.687136655324139, 296104.997789719956927, 0.0 ], [ 391492.369684419769328, 296089.317227736406494, 0.0 ], [ 391493.023088040878065, 296058.492166327603627, 0.0 ], [ 391480.705546409881208, 296042.811624815687537, 0.0 ], [ 391468.387960832100362, 296027.131102255021688, 0.0 ], [ 391469.041269043053035, 295996.306045145203825, 0.0 ], [ 391469.694572745123878, 295965.480989261122886, 0.0 ], [ 391470.347871937963646, 295934.655934616283048, 0.0 ], [ 391471.001166622154415, 295903.830881186528131, 0.0 ], [ 391483.972269623249304, 295888.686343860870693, 0.0 ], [ 391496.943415067973547, 295873.541823636158369, 0.0 ], [ 391497.596787122485694, 295842.716770812578034, 0.0 ], [ 391498.250154667184688, 295811.891719228180591, 0.0 ], [ 391498.903517702594399, 295781.066668857529294, 0.0 ], [ 391499.556876228307374, 295750.241619715408888, 0.0 ], [ 391500.210230244440027, 295719.416571798326913, 0.0 ], [ 391513.18162282789126, 295704.272067123849411, 0.0 ], [ 391526.15305785543751, 295689.127579548978247, 0.0 ], [ 391539.124535328999627, 295673.983109087042976, 0.0 ], [ 391552.096055246598553, 295658.83865571412025, 0.0 ], [ 391565.067617512715515, 295643.694219441444147, 0.0 ], [ 391578.03922231728211, 295628.549800270528067, 0.0 ], [ 391591.0108695627423, 295613.40539819910191, 0.0 ], [ 391603.982559253578074, 295598.261013227282092, 0.0 ], [ 391616.954291382455267, 295583.116645357164089, 0.0 ], [ 391629.92606595880352, 295567.972294585953932, 0.0 ], [ 391642.897882977616973, 295552.827960916387383, 0.0 ], [ 391655.86974243610166, 295537.683644355565775, 0.0 ], [ 391656.523583175614476, 295506.858593934623059, 0.0 ], [ 391644.205478074378334, 295491.177861936099362, 0.0 ], [ 391631.88732903113123, 295475.497148883179761, 0.0 ], [ 391632.541074363165535, 295444.672102765471209, 0.0 ], [ 391633.194815182534512, 295413.84705787274288, 0.0 ], [ 391620.87653130677063, 295398.166366857127286, 0.0 ], [ 391608.558203497203067, 295382.485694779315963, 0.0 ], [ 391609.211848912062123, 295351.660654188424814, 0.0 ], [ 391609.865489814663306, 295320.835614825366065, 0.0 ], [ 391610.519126205181237, 295290.010576687403955, 0.0 ], [ 391598.200618117232807, 295274.329928171413485, 0.0 ], [ 391585.882066094432957, 295258.649298602540512, 0.0 ], [ 391573.563470131834038, 295242.968687994114589, 0.0 ], [ 391561.244830327690579, 295227.288096323492937, 0.0 ], [ 391548.926146492012776, 295211.607523598533589, 0.0 ], [ 391536.60741871985374, 295195.926969822729006, 0.0 ], [ 391537.260777935502119, 295165.101942137989681, 0.0 ], [ 391524.941960786760319, 295149.421408846566919, 0.0 ], [ 391512.623099702235777, 295133.740894504997414, 0.0 ], [ 391513.276363522571046, 295102.915871134086046, 0.0 ], [ 391513.929622833325993, 295072.090848977561109, 0.0 ], [ 391514.582877634034958, 295041.265828048170079, 0.0 ], [ 391502.263836289639585, 295025.585337266325951, 0.0 ], [ 391489.944751008530147, 295009.904865431541111, 0.0 ], [ 391477.625621795596089, 294994.224412544514053, 0.0 ], [ 391465.306448648567311, 294978.543978615838569, 0.0 ], [ 391452.987231658422388, 294962.863563626422547, 0.0 ], [ 391440.667970642098226, 294947.183167580515146, 0.0 ], [ 391441.320948291860987, 294916.358157102949917, 0.0 ], [ 391441.973921433382202, 294885.533147851121612, 0.0 ], [ 391442.62689006672008, 294854.708139827183913, 0.0 ], [ 391430.307448800420389, 294839.02776735444786, 0.0 ], [ 391417.98796360695269, 294823.347413813869935, 0.0 ], [ 391418.64083685586229, 294792.5224100924097, 0.0 ], [ 391419.293705596996006, 294761.697407595987897, 0.0 ], [ 391406.974085591966286, 294746.017076078511309, 0.0 ], [ 391394.654421658138745, 294730.336763508094009, 0.0 ], [ 391382.334713791147806, 294714.656469884037506, 0.0 ], [ 391370.014961997861974, 294698.976195219729561, 0.0 ], [ 391382.987441714212764, 294683.831473238766193, 0.0 ], [ 391395.959963870234787, 294668.686768357409164, 0.0 ], [ 391408.932528458652087, 294653.542080576298758, 0.0 ], [ 391434.224893300852273, 294654.077754206489772, 0.0 ], [ 391459.517259664193261, 294654.613498700549826, 0.0 ], [ 391472.489954478456639, 294639.468897028418723, 0.0 ], [ 391485.462691817316227, 294624.324312457989436, 0.0 ], [ 391498.43547159031732, 294609.179744984256104, 0.0 ], [ 391511.408293799613602, 294594.035194610827602, 0.0 ], [ 391524.054565429221839, 294594.303162445721682, 0.0 ], [ 391524.38115844031563, 294578.890661334153265, 0.0 ], [ 391525.034341079590376, 294548.065660041582305, 0.0 ], [ 391525.687519208935555, 294517.240659964794759, 0.0 ], [ 391526.340692828060128, 294486.415661113045644, 0.0 ], [ 391526.993861936964095, 294455.590663489885628, 0.0 ], [ 391527.647026535356417, 294424.765667103114538, 0.0 ], [ 391528.300186623702757, 294393.940671931428369, 0.0 ], [ 391515.980191080830991, 294378.260213442496024, 0.0 ], [ 391503.660151607589796, 294362.57977390132146, 0.0 ], [ 391491.340068208985031, 294346.899353307147976, 0.0 ], [ 391479.019940882804804, 294331.218951660790481, 0.0 ], [ 391466.699769719794858, 294315.538568961434066, 0.0 ], [ 391454.379554537008516, 294299.858205205586273, 0.0 ], [ 391455.032437510439195, 294269.033220502024051, 0.0 ], [ 391442.712132967833895, 294253.352877229801379, 0.0 ], [ 391430.3917845034739, 294237.672552906093188, 0.0 ], [ 391418.071392108337022, 294221.992247529444285, 0.0 ], [ 391405.750955789641012, 294206.311961096944287, 0.0 ], [ 391406.403652525797952, 294175.486983757757116, 0.0 ], [ 391394.083126847515814, 294159.806717810395639, 0.0 ], [ 391381.762557248643134, 294144.126470818533562, 0.0 ], [ 391382.41515861521475, 294113.301497783279046, 0.0 ], [ 391370.094499656290282, 294097.621271264448296, 0.0 ], [ 391357.773796865600161, 294081.941063693375327, 0.0 ], [ 391358.426302865089383, 294051.116094959201291, 0.0 ], [ 391359.078804358374327, 294020.291127452219371, 0.0 ], [ 391359.731301345047541, 293989.46616118226666, 0.0 ], [ 391360.3837938256911, 293958.64119612891227, 0.0 ], [ 391348.062865301093552, 293942.961013652733527, 0.0 ], [ 391335.741892856021877, 293927.280850120820105, 0.0 ], [ 391323.420876488322392, 293911.600705535209272, 0.0 ], [ 391311.099816196016036, 293895.920579895202536, 0.0 ], [ 391298.77871198381763, 293880.240473200858105, 0.0 ], [ 391273.4841973062139, 293879.705270936246961, 0.0 ], [ 391248.189684239914641, 293879.170139532070607, 0.0 ], [ 391222.895172592485324, 293878.635078981867991, 0.0 ], [ 391210.573897208203562, 293862.955100300605409, 0.0 ], [ 391198.25257790053729, 293847.275140552956145, 0.0 ], [ 391185.931214676296804, 293831.595199750270694, 0.0 ], [ 391173.609807526576333, 293815.915277891734149, 0.0 ], [ 391161.288356456032488, 293800.235374978161417, 0.0 ], [ 391148.966861467342824, 293784.555491008039098, 0.0 ], [ 391136.645322648750152, 293768.875625985034276, 0.0 ], [ 391124.32373981969431, 293753.195779903384391, 0.0 ], [ 391099.028890361892991, 293752.661081025958993, 0.0 ], [ 391073.734042417025194, 293752.126453004777431, 0.0 ], [ 391061.41233083413681, 293736.446698568121064, 0.0 ], [ 391049.090575331589207, 293720.76696308911778, 0.0 ], [ 391023.795644162455574, 293720.232478626305237, 0.0 ], [ 391011.473802327469457, 293704.552798430609982, 0.0 ], [ 390999.151916573755443, 293688.873137178365141, 0.0 ], [ 390986.829986901255324, 293673.193494869687129, 0.0 ], [ 390987.481139138224535, 293642.368569792946801, 0.0 ], [ 390975.159120124008041, 293626.688947962946258, 0.0 ], [ 390949.86393437202787, 293626.154681601095945, 0.0 ], [ 390924.568750131875277, 293625.620486094674561, 0.0 ], [ 390912.24660245992709, 293609.940955910424236, 0.0 ], [ 390912.897486670408398, 293579.116038835374638, 0.0 ], [ 390900.575249575776979, 293563.436529129103292, 0.0 ], [ 390888.252968559623696, 293547.757038364186883, 0.0 ], [ 390875.930643629049882, 293532.077566543477587, 0.0 ], [ 390863.608274779689964, 293516.398113664181437, 0.0 ], [ 390864.258972819312476, 293485.573203951411415, 0.0 ], [ 390851.936514637898654, 293469.893771550792735, 0.0 ], [ 390839.614012540725525, 293454.214358093682677, 0.0 ], [ 390827.291466525464784, 293438.534963590034749, 0.0 ], [ 390814.968876597413328, 293422.85558801778825, 0.0 ], [ 390815.61938847322017, 293392.030685675796121, 0.0 ], [ 390816.269895855570212, 293361.205784563149791, 0.0 ], [ 390816.920398744521663, 293330.380884676880669, 0.0 ], [ 390817.57089713960886, 293299.555986030609347, 0.0 ], [ 390830.5442080507637, 293284.410456493496895, 0.0 ], [ 390843.517561388027389, 293269.264944052498322, 0.0 ], [ 390856.490957146452274, 293254.119448710291181, 0.0 ], [ 390869.464395328250248, 293238.973970466293395, 0.0 ], [ 390857.141573812928982, 293223.294550355058163, 0.0 ], [ 390844.818708384293132, 293207.615149186574854, 0.0 ], [ 390832.495799040189013, 293191.935766960203182, 0.0 ], [ 390807.199413701950107, 293191.401951546780765, 0.0 ], [ 390794.876418036292307, 293175.722624612855725, 0.0 ], [ 390782.553378455573693, 293160.043316630239133, 0.0 ], [ 390770.230294965091161, 293144.3640275769867, 0.0 ], [ 390770.880593730020337, 293113.539139975851867, 0.0 ], [ 390771.530888002598658, 293082.714253599755466, 0.0 ], [ 390772.181177782651503, 293051.889368454401847, 0.0 ], [ 390759.857914141030051, 293036.210102952318266, 0.0 ], [ 390747.534606585861184, 293020.530856403696816, 0.0 ], [ 390747.859704378934111, 293005.118415824719705, 0.0 ], [ 390735.211255122441798, 293004.851628782285843, 0.0 ], [ 390709.914357744390145, 293004.318107833736576, 0.0 ], [ 390696.940898249973543, 293019.463812664791476, 0.0 ], [ 390683.967481089348439, 293034.60953457839787, 0.0 ], [ 390658.670673069427721, 293034.076153484755196, 0.0 ], [ 390633.373866557376459, 293033.5428432423505, 0.0 ], [ 390621.050346955831628, 293017.86377842730144, 0.0 ], [ 390621.700109759462066, 292987.038906797009986, 0.0 ], [ 390622.349868074234109, 292956.214036396006122, 0.0 ], [ 390622.999621900031343, 292925.389167222834658, 0.0 ], [ 390610.675922158814501, 292909.710125942714512, 0.0 ], [ 390598.352178508532234, 292894.031103603250813, 0.0 ], [ 390599.00183702679351, 292863.206238740414847, 0.0 ], [ 390599.651491056894884, 292832.381375096272677, 0.0 ], [ 390587.327612768800464, 292816.702374767861329, 0.0 ], [ 390575.003690486832056, 292801.023393380863126, 0.0 ], [ 390575.653249212657101, 292770.198534034949262, 0.0 ], [ 390576.302803450380452, 292739.37367592897499, 0.0 ], [ 390563.97874644130934, 292723.694716553029139, 0.0 ], [ 390551.654645527421962, 292708.015776117041241, 0.0 ], [ 390539.330500704643782, 292692.336854619556107, 0.0 ], [ 390527.006311975303106, 292676.657952064240817, 0.0 ], [ 390527.655680099502206, 292645.833101316238753, 0.0 ], [ 390540.629323278088123, 292630.687151283258572, 0.0 ], [ 390553.603008875274099, 292615.541218346974347, 0.0 ], [ 390554.252454349654727, 292584.716368224238977, 0.0 ], [ 390554.901895336923189, 292553.89151931880042, 0.0 ], [ 390567.875705186161213, 292538.745602863898966, 0.0 ], [ 390580.849557455279864, 292523.59970350790536, 0.0 ], [ 390568.525182603683788, 292507.920754881808534, 0.0 ], [ 390556.200763849541545, 292492.241825192933902, 0.0 ], [ 390556.850191374658607, 292461.416979984554928, 0.0 ], [ 390557.499614412547089, 292430.592135991260875, 0.0 ], [ 390558.149032962974161, 292399.767293229408097, 0.0 ], [ 390545.824434089940041, 292384.088387088209856, 0.0 ], [ 390520.525822297902778, 292383.555469782557338, 0.0 ], [ 390507.551895694225095, 292398.70145677565597, 0.0 ], [ 390494.578011509147473, 292413.847460864111781, 0.0 ], [ 390469.279489152133465, 292413.314683407719713, 0.0 ], [ 390456.305691297631711, 292428.460739093716256, 0.0 ], [ 390443.331935862312093, 292443.606811880657915, 0.0 ], [ 390418.033502756501548, 292443.074174269277137, 0.0 ], [ 390392.735071162285749, 292442.541607502789702, 0.0 ], [ 390367.436641171923839, 292442.009111581777688, 0.0 ], [ 390355.111792373994831, 292426.330475711205509, 0.0 ], [ 390342.786899670609273, 292410.651858782744966, 0.0 ], [ 390317.488386291603092, 292410.119506390357856, 0.0 ], [ 390305.163407280982938, 292394.440944742353167, 0.0 ], [ 390292.838384370144922, 292378.762402032851242, 0.0 ], [ 390267.539787692949176, 292378.230193169845734, 0.0 ], [ 390255.214678563701455, 292362.551705741498154, 0.0 ], [ 390242.889525444363244, 292346.873237251013052, 0.0 ], [ 390217.590845466591418, 292346.341171916632447, 0.0 ], [ 390204.617404929012991, 292361.48757323162863, 0.0 ], [ 390191.644006806309335, 292376.633991647628136, 0.0 ], [ 390166.345416169438977, 292376.102066160354298, 0.0 ], [ 390154.020137334009632, 292360.423724096792284, 0.0 ], [ 390141.694814685266465, 292344.745400975341909, 0.0 ], [ 390129.369448049459606, 292329.067096789600328, 0.0 ], [ 390117.044037507730536, 292313.388811551616527, 0.0 ], [ 390104.718583065550774, 292297.710545240086503, 0.0 ], [ 390092.393084725015797, 292282.032297867175657, 0.0 ], [ 390067.094241171260364, 292281.500661270460114, 0.0 ], [ 390041.795399121940136, 292280.969095517939422, 0.0 ], [ 390029.469772165699396, 292265.290939765924122, 0.0 ], [ 390017.14410121680703, 292249.612802947522141, 0.0 ], [ 389991.845175868016668, 292249.081380719318986, 0.0 ], [ 389979.519418618059717, 292233.403299177123699, 0.0 ], [ 389980.166824970627204, 292202.578506116464268, 0.0 ], [ 389980.814226849237457, 292171.75371429574443, 0.0 ], [ 389968.488334906171076, 292156.075654758897144, 0.0 ], [ 389956.162399066844955, 292140.397614159213845, 0.0 ], [ 389943.836419327068143, 292124.719592495937832, 0.0 ], [ 389931.510395691322628, 292109.041589769825805, 0.0 ], [ 389932.15761152212508, 292078.21680530073354, 0.0 ], [ 389919.831498686107807, 292062.538823046954349, 0.0 ], [ 389907.505341859941836, 292046.860859725333285, 0.0 ], [ 389908.152462433208711, 292016.036079564422835, 0.0 ], [ 389908.799578534555621, 291985.211300621507689, 0.0 ], [ 389896.473287030123174, 291969.533359304536134, 0.0 ], [ 389884.146951629198156, 291953.855436924030073, 0.0 ], [ 389897.120353267993778, 291938.708583124680445, 0.0 ], [ 389910.093797320732847, 291923.561746425577439, 0.0 ], [ 389897.767415034002624, 291907.883808174810838, 0.0 ], [ 389885.440988851245493, 291892.205888871743809, 0.0 ], [ 389873.114518773218151, 291876.52798849233659, 0.0 ], [ 389847.814566724002361, 291875.997013359097764, 0.0 ], [ 389835.488010350149125, 291860.319168255897239, 0.0 ], [ 389823.161410079104826, 291844.641342086310033, 0.0 ], [ 389797.861374826985411, 291844.110510471044108, 0.0 ], [ 389785.534688265412115, 291828.432739576965105, 0.0 ], [ 389773.20795780478511, 291812.754987617139705, 0.0 ], [ 389760.881183452322148, 291797.077254593081307, 0.0 ], [ 389748.554365203424823, 291781.39954050333472, 0.0 ], [ 389723.254161769873463, 291780.86892507498851, 0.0 ], [ 389710.927257227245718, 291765.191266258596443, 0.0 ], [ 389698.600308886030689, 291749.513626389903948, 0.0 ], [ 389686.273316556704231, 291733.836005442833994, 0.0 ], [ 389673.946280336822383, 291718.158403430716135, 0.0 ], [ 389661.619200221728534, 291702.480820352211595, 0.0 ], [ 389662.265408549108543, 291671.656072072102688, 0.0 ], [ 389662.911612410272937, 291640.831325021281373, 0.0 ], [ 389650.5843976365868, 291625.15376394247869, 0.0 ], [ 389638.25713896623347, 291609.476221811491996, 0.0 ], [ 389638.90324759145733, 291578.651479053951334, 0.0 ], [ 389639.549351750873029, 291547.826737529248931, 0.0 ], [ 389640.195451444596983, 291517.001997232378926, 0.0 ], [ 389640.841546672396362, 291486.177258167008404, 0.0 ], [ 389628.5140625750646, 291470.499741100415122, 0.0 ], [ 389616.186534590146039, 291454.822242956142873, 0.0 ], [ 389616.832534586312249, 291423.99750818539178, 0.0 ], [ 389604.504917326616123, 291408.320030509901699, 0.0 ], [ 389579.203687384957448, 291407.789862133271527, 0.0 ], [ 389566.875983841600828, 291392.112439724733122, 0.0 ], [ 389567.521802309551276, 291361.287711084180046, 0.0 ], [ 389568.16761631303234, 291330.462983685662039, 0.0 ], [ 389581.141265539976303, 291315.315675315156113, 0.0 ], [ 389594.114957178477198, 291300.168384044198319, 0.0 ], [ 389594.760848551057279, 291269.343657259596512, 0.0 ], [ 389607.734623419761192, 291254.196382780908607, 0.0 ], [ 389620.708440792164765, 291239.049125405319501, 0.0 ], [ 389633.682300570653751, 291223.90188512642635, 0.0 ], [ 389658.984051407082006, 291224.432184161734767, 0.0 ], [ 389671.957997492980212, 291209.284995478985365, 0.0 ], [ 389672.604134357243311, 291178.460266887326725, 0.0 ], [ 389673.250266755290795, 291147.635539514303673, 0.0 ], [ 389673.896394686715212, 291116.810813372663688, 0.0 ], [ 389686.870505927363411, 291101.66364087961847, 0.0 ], [ 389699.844659572525416, 291086.516485483269207, 0.0 ], [ 389700.490864863619208, 291055.69175997399725, 0.0 ], [ 389701.137065687740687, 291024.867035684816074, 0.0 ], [ 389714.111343567434233, 291009.719896779046394, 0.0 ], [ 389727.085663758160081, 290994.572774968633894, 0.0 ], [ 389740.060026449733414, 290979.425670257071033, 0.0 ], [ 389753.034431546984706, 290964.278582641505636, 0.0 ], [ 389753.680791550897993, 290933.453858367225621, 0.0 ], [ 389741.352660166623536, 290917.776223556604236, 0.0 ], [ 389729.024484897323418, 290902.098607668303885, 0.0 ], [ 389716.696265838225372, 290886.421010716410819, 0.0 ], [ 389691.393562768935226, 290885.890590216673445, 0.0 ], [ 389679.065257339330856, 290870.213048528938089, 0.0 ], [ 389666.736908030055929, 290854.535525776911527, 0.0 ], [ 389654.40851483203005, 290838.858021957741585, 0.0 ], [ 389642.080077750026248, 290823.180537072243169, 0.0 ], [ 389616.777206625905819, 290822.650332739576697, 0.0 ], [ 389591.474337101564743, 290822.120199239056092, 0.0 ], [ 389566.17146899405634, 290821.590136567072477, 0.0 ], [ 389553.197209035395645, 290836.737484278331976, 0.0 ], [ 389552.551552747725509, 290867.562190169992391, 0.0 ], [ 389551.905891996226273, 290898.386897293734364, 0.0 ], [ 389551.260226781247184, 290929.211605635413434, 0.0 ], [ 389538.286131963948719, 290944.358969537075609, 0.0 ], [ 389525.312079552561045, 290959.506350533338264, 0.0 ], [ 389512.338069552090019, 290974.653748630604241, 0.0 ], [ 389500.009603513986804, 290958.976456680335104, 0.0 ], [ 389487.681093684048392, 290943.299183667171746, 0.0 ], [ 389475.352539877174422, 290927.621929582674056, 0.0 ], [ 389463.023942190804519, 290911.944694443780463, 0.0 ], [ 389437.721340479562059, 290911.414980421599466, 0.0 ], [ 389425.392656513140537, 290895.73780053696828, 0.0 ], [ 389426.037885818863288, 290864.913102586870082, 0.0 ], [ 389426.683110663900152, 290834.088405871007126, 0.0 ], [ 389427.328331048134714, 290803.263710380881093, 0.0 ], [ 389427.97354697145056, 290772.439016134187113, 0.0 ], [ 389415.64463762671221, 290756.761861311213579, 0.0 ], [ 389390.341607486305293, 290756.232298122602515, 0.0 ], [ 389365.038578944222536, 290755.702805765380617, 0.0 ], [ 389339.735551814781502, 290755.173384235939011, 0.0 ], [ 389314.432526192744263, 290754.644033536489587, 0.0 ], [ 389302.103403401619289, 290738.967042972915806, 0.0 ], [ 389289.774236731464043, 290723.29007134080166, 0.0 ], [ 389277.445026177912951, 290707.613118641544133, 0.0 ], [ 389278.089711007196456, 290676.788439076917712, 0.0 ], [ 389278.734391379053704, 290645.963760744431056, 0.0 ], [ 389266.405046297586523, 290630.28683005127823, 0.0 ], [ 389241.101680047053378, 290629.757699172827415, 0.0 ], [ 389228.772248601191677, 290614.08082373108482, 0.0 ], [ 389216.442773277987726, 290598.403967218706384, 0.0 ], [ 389204.113254075229634, 290582.727129637787584, 0.0 ], [ 389191.783690990821924, 290567.05031098832842, 0.0 ], [ 389166.480156689241994, 290566.52139626070857, 0.0 ], [ 389141.176623979583383, 290565.992552362324204, 0.0 ], [ 389128.846932242391631, 290550.315825304773171, 0.0 ], [ 389116.517196621920448, 290534.639117176586296, 0.0 ], [ 389104.187417123117484, 290518.96242798055755, 0.0 ], [ 389091.857593748369254, 290503.285757713136263, 0.0 ], [ 389066.553892897965852, 290502.757129960635211, 0.0 ], [ 389041.2501936389599, 290502.228573037369642, 0.0 ], [ 389028.9202416058979, 290486.551994371751789, 0.0 ], [ 389016.59024570020847, 290470.875434624205809, 0.0 ], [ 388991.286463073745836, 290470.347021184221376, 0.0 ], [ 388978.956380899646319, 290454.670516695186961, 0.0 ], [ 388966.626254848670214, 290438.994031138252467, 0.0 ], [ 388941.322388949687593, 290438.465761182364076, 0.0 ], [ 388916.018524645827711, 290437.937562056351453, 0.0 ], [ 388890.714661751466338, 290437.409433756081853, 0.0 ], [ 388865.410800361307338, 290436.881376280856784, 0.0 ], [ 388853.080460876459256, 290421.205054966325406, 0.0 ], [ 388840.750077517819591, 290405.52875257836422, 0.0 ], [ 388815.446132942219265, 290405.00083858781727, 0.0 ], [ 388790.142189773148857, 290404.472995423013344, 0.0 ], [ 388764.838248109852429, 290403.945223083195742, 0.0 ], [ 388751.864860861911438, 290419.093678648176137, 0.0 ], [ 388738.891516015224624, 290434.242151310667396, 0.0 ], [ 388725.918213576893322, 290449.390641074802261, 0.0 ], [ 388712.94495353801176, 290464.539147938543465, 0.0 ], [ 388687.641189024085179, 290464.011584424762987, 0.0 ], [ 388675.310598178883083, 290448.335515872109681, 0.0 ], [ 388662.979963458143175, 290432.659466248762328, 0.0 ], [ 388650.649284859828185, 290416.983435553382151, 0.0 ], [ 388651.291772591997869, 290386.15881282708142, 0.0 ], [ 388638.961004760465585, 290370.482802588434424, 0.0 ], [ 388613.656985822191928, 290369.955457034753636, 0.0 ], [ 388601.326131724868901, 290354.279502052464522, 0.0 ], [ 388588.995233845780604, 290338.603566008736379, 0.0 ], [ 388563.691131627070718, 290338.076363932690583, 0.0 ], [ 388538.387030907848384, 290337.549232682329603, 0.0 ], [ 388526.05600428924663, 290321.873388206469826, 0.0 ], [ 388513.724933792429511, 290306.197562659159303, 0.0 ], [ 388488.420749794808216, 290305.67057488579303, 0.0 ], [ 388476.089593130978756, 290289.994804592744913, 0.0 ], [ 388463.758392499119509, 290274.319053224811796, 0.0 ], [ 388438.454125222982839, 290273.792208926926833, 0.0 ], [ 388426.122838332143147, 290258.116512811859138, 0.0 ], [ 388426.764527372317389, 290227.291912685032003, 0.0 ], [ 388414.433151252917014, 290211.616237023845315, 0.0 ], [ 388402.101731258910149, 290195.940580302674789, 0.0 ], [ 388389.770267393556423, 290180.264942498062737, 0.0 ], [ 388377.438759661279619, 290164.589323619904462, 0.0 ], [ 388365.107208143512253, 290148.913723668316379, 0.0 ], [ 388339.802601762465201, 290148.387169969675597, 0.0 ], [ 388327.470963900210336, 290132.711625267402269, 0.0 ], [ 388315.139282162708696, 290117.03609949228121, 0.0 ], [ 388302.807556556886993, 290101.36059264303185, 0.0 ], [ 388290.475787078379653, 290085.685104720236268, 0.0 ], [ 388278.143973732134327, 290070.009635723254178, 0.0 ], [ 388265.812116515822709, 290054.334185664134566, 0.0 ], [ 388240.507257401477545, 290053.807920734281652, 0.0 ], [ 388228.175313926418312, 290038.132525911671109, 0.0 ], [ 388215.843326584377792, 290022.457150016271044, 0.0 ], [ 388203.511295370815787, 290006.781793046044186, 0.0 ], [ 388204.152172479894944, 289975.957219200208783, 0.0 ], [ 388191.820052051276434, 289960.281882684561424, 0.0 ], [ 388166.514938522246666, 289959.755835690710228, 0.0 ], [ 388154.182731836684979, 289944.080554421525449, 0.0 ], [ 388141.850481373432558, 289928.405292081646621, 0.0 ], [ 388129.518186951638199, 289912.730048676079605, 0.0 ], [ 388117.185848660243209, 289897.054824182181619, 0.0 ], [ 388104.853466503787786, 289881.37961861473741, 0.0 ], [ 388092.521040479885414, 289865.704431973164901, 0.0 ], [ 388067.215674134320579, 289865.178673734597396, 0.0 ], [ 388041.91030928719556, 289864.652986318222247, 0.0 ], [ 388029.577754713362083, 289848.977891245856881, 0.0 ], [ 388017.245156184886582, 289833.302815097209532, 0.0 ], [ 388004.912513787858188, 289817.627757871465292, 0.0 ], [ 388005.552674174192362, 289786.80320600559935, 0.0 ], [ 387993.219942568801343, 289771.128169243689626, 0.0 ], [ 387980.887167093460448, 289755.453151394845918, 0.0 ], [ 387968.554347752768081, 289739.778152470418718, 0.0 ], [ 387956.221484549168963, 289724.103172469651327, 0.0 ], [ 387956.861459124833345, 289693.278627945517655, 0.0 ], [ 387957.5014292744454, 289662.454084654164035, 0.0 ], [ 387958.141394997539464, 289631.62954260839615, 0.0 ], [ 387958.781356294755824, 289600.805001783475745, 0.0 ], [ 387959.42131316580344, 289569.980462193430867, 0.0 ], [ 387960.061265610624105, 289539.155923832731787, 0.0 ], [ 387947.728086473711301, 289523.480971922224853, 0.0 ], [ 387922.421780291595496, 289522.955658647813834, 0.0 ], [ 387897.115475514612626, 289522.43041619064752, 0.0 ], [ 387871.809172230598051, 289521.905244550725911, 0.0 ], [ 387846.502870443975553, 289521.380143729387783, 0.0 ], [ 387834.169477913761511, 289505.705356020887848, 0.0 ], [ 387834.808990205870941, 289474.880829246365465, 0.0 ], [ 387822.475508474453818, 289459.206061986857094, 0.0 ], [ 387810.141982969362289, 289443.531313654559199, 0.0 ], [ 387797.808413517079316, 289427.856584242428653, 0.0 ], [ 387772.501857433700934, 289427.331701335846446, 0.0 ], [ 387759.528957063681446, 289442.481546021532267, 0.0 ], [ 387746.556099093635567, 289457.631407809676602, 0.0 ], [ 387721.249632257735357, 289457.10666471766308, 0.0 ], [ 387695.943167008575983, 289456.581992445688229, 0.0 ], [ 387670.636703160475008, 289456.0573909888044, 0.0 ], [ 387645.330240808252711, 289455.53286034980556, 0.0 ], [ 387620.023779947077855, 289455.008400525955949, 0.0 ], [ 387594.717320581432432, 289454.484011522086803, 0.0 ], [ 387569.410862796823494, 289453.959693336160854, 0.0 ], [ 387544.104406414611731, 289453.435445966024417, 0.0 ], [ 387518.797951524960808, 289452.911269411677495, 0.0 ], [ 387493.491498130024411, 289452.387163675972261, 0.0 ], [ 387468.185046315309592, 289451.863128758908715, 0.0 ], [ 387442.878595904563554, 289451.339164656936191, 0.0 ], [ 387417.572146983118728, 289450.815271371393465, 0.0 ], [ 387392.265699555748142, 289450.29144890315365, 0.0 ], [ 387366.959253617329523, 289449.767697252042126, 0.0 ], [ 387353.987096272001509, 289464.91809363901848, 0.0 ], [ 387341.014981235493906, 289480.068507129093632, 0.0 ], [ 387315.708624535531271, 289479.544895295461174, 0.0 ], [ 387290.402269330923446, 289479.021354278957006, 0.0 ], [ 387265.095915614685509, 289478.497884079697542, 0.0 ], [ 387239.789563481230289, 289477.974484699079767, 0.0 ], [ 387227.455108411202673, 289462.300570140883792, 0.0 ], [ 387215.120609479723498, 289446.626674502098467, 0.0 ], [ 387189.814173977589235, 289446.103418568673078, 0.0 ], [ 387164.507739962951746, 289445.580233451037202, 0.0 ], [ 387139.201307437790092, 289445.057119150587823, 0.0 ], [ 387126.229544961126521, 289460.207826044759713, 0.0 ], [ 387113.25782479159534, 289475.358550042787101, 0.0 ], [ 387087.951481505588163, 289474.835575562552549, 0.0 ], [ 387062.645139706146438, 289474.312671898165718, 0.0 ], [ 387037.338799397693947, 289473.789839050266892, 0.0 ], [ 387024.367253249511123, 289488.940683648863342, 0.0 ], [ 387011.395749594201334, 289504.091545366100036, 0.0 ], [ 386986.089498521294445, 289503.568852338416036, 0.0 ], [ 386960.783248934196308, 289503.046230127976742, 0.0 ], [ 386935.477000837214291, 289502.523678734723944, 0.0 ], [ 386910.170754223247059, 289502.00119815726066, 0.0 ], [ 386897.199468464590609, 289517.152214990754146, 0.0 ], [ 386884.228225011960603, 289532.303248930140398, 0.0 ], [ 386858.922067634179257, 289531.780908175045624, 0.0 ], [ 386845.950910460669547, 289546.931993725476786, 0.0 ], [ 386845.314749069395475, 289577.756453389767557, 0.0 ], [ 386844.678583278087899, 289608.580914291902445, 0.0 ], [ 386831.707550362218171, 289623.732016361900605, 0.0 ], [ 386818.736559848417528, 289638.883135548559949, 0.0 ], [ 386818.100471518817358, 289669.707597109896597, 0.0 ], [ 386817.464378789882176, 289700.532059906923678, 0.0 ], [ 386816.828281661670189, 289731.356523938884493, 0.0 ], [ 386803.857456347439438, 289746.507659371767659, 0.0 ], [ 386790.886673436965793, 289761.65881190210348, 0.0 ], [ 386777.915933020354714, 289776.809981553989928, 0.0 ], [ 386764.945234915008768, 289791.96116831182735, 0.0 ], [ 386751.974579218192957, 289807.112372179864906, 0.0 ], [ 386739.003965921117924, 289822.263593154551927, 0.0 ], [ 386726.033395030768588, 289837.414831238682382, 0.0 ], [ 386713.062866542721167, 289852.566086432314478, 0.0 ], [ 386700.092380459478591, 289867.717358733352739, 0.0 ], [ 386687.121936785872094, 289882.86864814592991, 0.0 ], [ 386674.151535513054114, 289898.019954655319452, 0.0 ], [ 386661.181176738115028, 289913.171278286899906, 0.0 ], [ 386648.210860275896266, 289928.322619027283508, 0.0 ], [ 386635.240586224012077, 289943.473976875015069, 0.0 ], [ 386622.27035457349848, 289958.625351833645254, 0.0 ], [ 386609.300165331340395, 289973.776743901020382, 0.0 ], [ 386596.330018493114039, 289988.928153080050834, 0.0 ], [ 386583.359914063650649, 290004.079579367826227, 0.0 ], [ 386570.389852040854748, 290019.231022765801754, 0.0 ], [ 386557.419832422747277, 290034.382483262685128, 0.0 ], [ 386544.44985530647682, 290049.533960883854888, 0.0 ], [ 386531.47992050240282, 290064.685455611732323, 0.0 ], [ 386518.510028107906692, 290079.836967451206874, 0.0 ], [ 386505.540178118739277, 290094.988496400183067, 0.0 ], [ 386492.570370541885495, 290110.140042461454868, 0.0 ], [ 386479.600605368264951, 290125.291605633625295, 0.0 ], [ 386466.630882602883503, 290140.443185915995855, 0.0 ], [ 386453.661202248069458, 290155.594783307809848, 0.0 ], [ 386440.691564299515449, 290170.746397801383864, 0.0 ], [ 386427.721968854428269, 290185.898029420000967, 0.0 ], [ 386427.087095419177786, 290216.722486096783541, 0.0 ], [ 386426.452217593672685, 290247.546944010595325, 0.0 ], [ 386425.817335378029384, 290278.371403160796035, 0.0 ], [ 386425.182448772480711, 290309.195863536791876, 0.0 ], [ 386424.547557776677422, 290340.020325158315245, 0.0 ], [ 386436.882012187503278, 290355.693158109148499, 0.0 ], [ 386449.21642282907851, 290371.366009980789386, 0.0 ], [ 386448.581436777720228, 290402.190475880051963, 0.0 ], [ 386460.915758219314739, 290417.863348189333919, 0.0 ], [ 386473.250035798177123, 290433.536239417328034, 0.0 ], [ 386472.614954689226579, 290464.360709585773293, 0.0 ], [ 386471.979869188857265, 290495.185180999862496, 0.0 ], [ 386484.314012234099209, 290510.85809418791905, 0.0 ], [ 386496.648111408576369, 290526.531026294745971, 0.0 ], [ 386496.01293084747158, 290557.355501988669857, 0.0 ], [ 386495.377745894831605, 290588.179978906176984, 0.0 ], [ 386482.408593381231185, 290603.33152040222194, 0.0 ], [ 386457.105477703385986, 290602.810178655723576, 0.0 ], [ 386444.136411481187679, 290617.961771773407236, 0.0 ], [ 386431.167387669323944, 290633.113382004783489, 0.0 ], [ 386418.198406365467235, 290648.265009347815067, 0.0 ], [ 386417.563467079307884, 290679.089484569383785, 0.0 ], [ 386404.594569039181806, 290694.241128739377018, 0.0 ], [ 386391.625713414978236, 290709.392790023062844, 0.0 ], [ 386378.656900204950944, 290724.544468409148976, 0.0 ], [ 386365.688129406247754, 290739.696163916785736, 0.0 ], [ 386352.719401024165563, 290754.847876540967263, 0.0 ], [ 386339.750715054105967, 290769.999606276804116, 0.0 ], [ 386326.782071503228508, 290785.151353124878369, 0.0 ], [ 386313.813470362510998, 290800.303117086761631, 0.0 ], [ 386300.844911729451269, 290815.454898165888153, 0.0 ], [ 386287.876395418774337, 290830.606696355214808, 0.0 ], [ 386274.907921528094448, 290845.758511658990756, 0.0 ], [ 386261.939490048389416, 290860.910344065108802, 0.0 ], [ 386248.971100984141231, 290876.062193597783335, 0.0 ], [ 386236.002754338085651, 290891.214060242054984, 0.0 ], [ 386223.034450108068995, 290906.365944002871402, 0.0 ], [ 386210.066188294324093, 290921.517844876740128, 0.0 ], [ 386197.097968894639052, 290936.669762864999939, 0.0 ], [ 386184.1297920041834, 290951.821697969164234, 0.0 ], [ 386171.161657440126874, 290966.973650187079329, 0.0 ], [ 386158.1935652930988, 290982.125619519385509, 0.0 ], [ 386145.225515561061911, 290997.277605954091996, 0.0 ], [ 386132.257508246053476, 291012.429609517450444, 0.0 ], [ 386131.623465444310568, 291043.254079733393155, 0.0 ], [ 386118.655541503569111, 291058.40610012866091, 0.0 ], [ 386105.687659976247232, 291073.558137637621257, 0.0 ], [ 386105.053694696514867, 291104.382608526269905, 0.0 ], [ 386104.419725034327712, 291135.207080640655477, 0.0 ], [ 386116.753509657457471, 291150.879517339926679, 0.0 ], [ 386129.08725040522404, 291166.551972957269754, 0.0 ], [ 386128.453185687540099, 291197.376449358591344, 0.0 ], [ 386127.81911658658646, 291228.200926994846668, 0.0 ], [ 386127.185043102595955, 291259.025405869644601, 0.0 ], [ 386126.550965235684998, 291289.849885969480965, 0.0 ], [ 386113.583368923340458, 291305.001904103672132, 0.0 ], [ 386100.615815026685596, 291320.153939355164766, 0.0 ], [ 386099.981814686558209, 291350.978420136205386, 0.0 ], [ 386099.347809963976033, 291381.802902157825883, 0.0 ], [ 386098.713800859171897, 291412.627385403087828, 0.0 ], [ 386098.07978737168014, 291443.451869896787684, 0.0 ], [ 386110.413118619413581, 291459.124321789422538, 0.0 ], [ 386123.380510154180229, 291443.972305066417903, 0.0 ], [ 386136.347944115055725, 291428.820305460074451, 0.0 ], [ 386161.648712265538052, 291429.340845975384582, 0.0 ], [ 386186.949481802235823, 291429.861457319231704, 0.0 ], [ 386199.917045958572999, 291414.709543858596589, 0.0 ], [ 386212.884652533335611, 291399.557647524459753, 0.0 ], [ 386238.185511413845234, 291400.07839872961631, 0.0 ], [ 386263.486371778708417, 291400.599220766860526, 0.0 ], [ 386288.787233618670143, 291401.120113634737208, 0.0 ], [ 386314.088096850726288, 291401.641077331150882, 0.0 ], [ 386339.388961651013233, 291402.162111861107405, 0.0 ], [ 386364.689827934082132, 291402.683217221696395, 0.0 ], [ 386377.0227819083957, 291418.356048151559662, 0.0 ], [ 386389.355692007753532, 291434.028898010030389, 0.0 ], [ 386401.68855823460035, 291449.701766787213273, 0.0 ], [ 386388.720683930558152, 291464.853403852670453, 0.0 ], [ 386375.752852049772628, 291480.005058032518718, 0.0 ], [ 386375.117880537058227, 291510.829564827610739, 0.0 ], [ 386387.450654608546756, 291526.502419247757643, 0.0 ], [ 386399.783384806418326, 291542.175292585918214, 0.0 ], [ 386399.148318218125496, 291572.999803646642249, 0.0 ], [ 386398.513247240218334, 291603.824315956502687, 0.0 ], [ 386410.845842779090162, 291619.497211249836255, 0.0 ], [ 386423.178394536254928, 291635.170125468168408, 0.0 ], [ 386435.510902413981967, 291650.843058605329134, 0.0 ], [ 386447.843366416869685, 291666.51601066114381, 0.0 ], [ 386460.17578654224053, 291682.188981637067627, 0.0 ], [ 386485.475883548613638, 291682.710457396577112, 0.0 ], [ 386497.808217384619638, 291698.383483599871397, 0.0 ], [ 386497.172783644869924, 291729.208008070243523, 0.0 ], [ 386509.505028258252423, 291744.881054724624846, 0.0 ], [ 386521.837228898133617, 291760.554120297019836, 0.0 ], [ 386534.169385754328687, 291776.22720479167765, 0.0 ], [ 386546.501498729223385, 291791.900308205746114, 0.0 ], [ 386558.833567824913189, 291807.57343054068042, 0.0 ], [ 386571.165593043609988, 291823.246571796480566, 0.0 ], [ 386583.497574380598962, 291838.919731961039361, 0.0 ], [ 386595.829511839780025, 291854.59291105781449, 0.0 ], [ 386608.161405414459296, 291870.266109072545078, 0.0 ], [ 386620.493255113484338, 291885.93932601029519, 0.0 ], [ 386632.825060839299113, 291901.612561865360476, 0.0 ], [ 386645.156822777236812, 291917.285816644085571, 0.0 ], [ 386657.488540829624981, 291932.9590903436183, 0.0 ], [ 386669.820215005544014, 291948.632382962619886, 0.0 ], [ 386682.151845300279092, 291964.305694503185805, 0.0 ], [ 386694.483431711327285, 291979.979024955362547, 0.0 ], [ 386706.814974242646713, 291995.652374339755625, 0.0 ], [ 386719.146472887485288, 292011.32574264210416, 0.0 ], [ 386718.510218465293292, 292042.150295723869931, 0.0 ], [ 386717.873959646036383, 292072.974850039812736, 0.0 ], [ 386730.205323708301876, 292088.648240307229571, 0.0 ], [ 386742.536643794854172, 292104.321649495512247, 0.0 ], [ 386741.900289872544818, 292135.146208079298958, 0.0 ], [ 386754.231520812783856, 292150.819637710112147, 0.0 ], [ 386766.562707869277801, 292166.493086262489669, 0.0 ], [ 386765.926258841180243, 292197.317649136064574, 0.0 ], [ 386778.257356661604717, 292212.9911181324278, 0.0 ], [ 386790.5884105975274, 292228.66460605111206, 0.0 ], [ 386802.919420644233469, 292244.338112891302444, 0.0 ], [ 386815.250386810861528, 292260.011638641764876, 0.0 ], [ 386827.581309089960996, 292275.685183327179402, 0.0 ], [ 386839.912187485955656, 292291.358746932761278, 0.0 ], [ 386839.275461926532444, 292322.183320169569924, 0.0 ], [ 386838.638731967192143, 292353.007894638518337, 0.0 ], [ 386838.001997607934754, 292383.832470347348135, 0.0 ], [ 386837.365258849109523, 292414.657047277723905, 0.0 ], [ 386836.72851569019258, 292445.481625455780886, 0.0 ], [ 386823.761161877599079, 292460.632632134889718, 0.0 ], [ 386810.793850495945662, 292475.783655929844826, 0.0 ], [ 386810.157184853916988, 292506.60823477350641, 0.0 ], [ 386809.520514812960755, 292537.432814839412458, 0.0 ], [ 386808.883840372553095, 292568.257396152243018, 0.0 ], [ 386795.916694295010529, 292583.408436206984334, 0.0 ], [ 386782.949590652133338, 292598.559493376116734, 0.0 ], [ 386782.312993732164614, 292629.384075355366804, 0.0 ], [ 386794.643414136371575, 292645.057601970387623, 0.0 ], [ 386806.973790656309575, 292660.731147506972775, 0.0 ], [ 386806.33709861949319, 292691.555733751913067, 0.0 ], [ 386818.667385888285935, 292707.229299732483923, 0.0 ], [ 386830.997629269782919, 292722.902884636772797, 0.0 ], [ 386830.360842113208491, 292753.727475172141567, 0.0 ], [ 386842.690996149322018, 292769.401080516166985, 0.0 ], [ 386855.021106390166096, 292785.074704786005896, 0.0 ], [ 386867.351172740454786, 292800.748347980203107, 0.0 ], [ 386879.681195197917987, 292816.422010084614158, 0.0 ], [ 386892.011173764127307, 292832.095691124093719, 0.0 ], [ 386904.341108439257368, 292847.769391087174881, 0.0 ], [ 386916.67099922534544, 292863.443109972577076, 0.0 ], [ 386929.000846117502078, 292879.116847782337572, 0.0 ], [ 386928.363691665115766, 292909.941451720893383, 0.0 ], [ 386940.693449302110821, 292925.6152099732426, 0.0 ], [ 386953.023162956349552, 292941.288987150706816, 0.0 ], [ 386965.352832811011467, 292956.962783239083365, 0.0 ], [ 386977.682458772789687, 292972.636598264623899, 0.0 ], [ 386990.012040836852975, 292988.310432212369051, 0.0 ], [ 387002.34157901245635, 293003.984285083832219, 0.0 ], [ 387014.671073292207438, 293019.658156881050672, 0.0 ], [ 387027.000523680821061, 293035.33204760128865, 0.0 ], [ 387039.329930170963053, 293051.005957245186437, 0.0 ], [ 387051.659292771713808, 293066.679885812744033, 0.0 ], [ 387063.988611385517288, 293082.353833304019645, 0.0 ], [ 387076.3178861978231, 293098.027799710456748, 0.0 ], [ 387075.680182959069498, 293128.85242314269999, 0.0 ], [ 387088.009368506784085, 293144.526410006626975, 0.0 ], [ 387113.305447260499932, 293145.049812507175375, 0.0 ], [ 387125.634546490269713, 293160.72385462251259, 0.0 ], [ 387137.963601824594662, 293176.397915662208106, 0.0 ], [ 387150.292613265453838, 293192.071995625563432, 0.0 ], [ 387162.621580807957798, 293207.746094515430741, 0.0 ], [ 387187.917491262080148, 293208.269713171815965, 0.0 ], [ 387200.246372487628832, 293223.943867312395014, 0.0 ], [ 387212.575209814647678, 293239.618040368834045, 0.0 ], [ 387224.904003247036599, 293255.292232361040078, 0.0 ], [ 387224.265759988804348, 293286.11687282420462, 0.0 ], [ 387223.627512321574613, 293316.941514520905912, 0.0 ], [ 387235.956171110738069, 293332.615728483127896, 0.0 ], [ 387248.284786006668583, 293348.289961371803656, 0.0 ], [ 387235.317873663268983, 293363.4403729372425, 0.0 ], [ 387222.351003760588355, 293378.590801610029303, 0.0 ], [ 387221.712742866599001, 293409.415447012288496, 0.0 ], [ 387221.074477563728578, 293440.240093648084439, 0.0 ], [ 387233.402954865829088, 293455.914313700050116, 0.0 ], [ 387245.73138827359071, 293471.588552675733808, 0.0 ], [ 387258.059777782240417, 293487.26281057856977, 0.0 ], [ 387270.388123389100656, 293502.93708740582224, 0.0 ], [ 387269.749672185862437, 293533.761741356458515, 0.0 ], [ 387282.07792842912022, 293549.436038629151881, 0.0 ], [ 387294.406140862614848, 293565.11035483260639, 0.0 ], [ 387293.767594500735868, 293595.935013072972652, 0.0 ], [ 387293.129043728346005, 293626.759672547632363, 0.0 ], [ 387305.457121514307801, 293642.434010719647631, 0.0 ], [ 387317.785155394754838, 293658.10836780682439, 0.0 ], [ 387330.113145378069021, 293673.782743833959103, 0.0 ], [ 387342.441091457614675, 293689.457138784811832, 0.0 ], [ 387341.802354772109538, 293720.281805582810193, 0.0 ], [ 387354.130211575771682, 293735.956220982596278, 0.0 ], [ 387366.458024477120489, 293751.630655310291331, 0.0 ], [ 387365.819192626164295, 293782.455326388124377, 0.0 ], [ 387378.146916243247688, 293798.129781153460499, 0.0 ], [ 387390.474595871288329, 293813.804254855203908, 0.0 ], [ 387402.802231684152503, 293829.478747483459301, 0.0 ], [ 387415.129823593480978, 293845.153259040380362, 0.0 ], [ 387414.490805818059016, 293875.977937443705741, 0.0 ], [ 387426.818308444926515, 293891.652469448861666, 0.0 ], [ 387439.145767169888131, 293907.327020381926559, 0.0 ], [ 387438.506654222728685, 293938.151703055133112, 0.0 ], [ 387450.834023661212996, 293953.82627443788806, 0.0 ], [ 387463.161349194764625, 293969.500864747154992, 0.0 ], [ 387475.488630825479049, 293985.175473983632401, 0.0 ], [ 387487.815868548525032, 294000.850102149415761, 0.0 ], [ 387500.14306227787165, 294016.52474923961563, 0.0 ], [ 387512.470212187152356, 294032.199415259179659, 0.0 ], [ 387524.797318195051048, 294047.874100207351148, 0.0 ], [ 387550.090919865411706, 294048.398830496647861, 0.0 ], [ 387575.384523020125926, 294048.923631639278028, 0.0 ], [ 387587.711500260571484, 294064.59840818005614, 0.0 ], [ 387600.038433592300862, 294080.273203638149425, 0.0 ], [ 387612.365322926489171, 294095.948018032649998, 0.0 ], [ 387599.398735102673527, 294111.097904885245953, 0.0 ], [ 387586.432189630228095, 294126.247808851534501, 0.0 ], [ 387585.792527688783593, 294157.072511043283157, 0.0 ], [ 387572.826065622153692, 294172.222431835834868, 0.0 ], [ 387559.859646000200883, 294187.372369747085031, 0.0 ], [ 387546.893268820887897, 294202.522324773482978, 0.0 ], [ 387533.926934082235675, 294217.672296904434916, 0.0 ], [ 387520.960641788609792, 294232.822286163922399, 0.0 ], [ 387507.994391935877502, 294247.97229254146805, 0.0 ], [ 387507.35497138008941, 294278.796994236065075, 0.0 ], [ 387494.388804943475407, 294293.947017439815681, 0.0 ], [ 387481.422681036347058, 294309.097057765815407, 0.0 ], [ 387480.783338002162054, 294339.921760120429099, 0.0 ], [ 387480.143990553217009, 294370.746463696472347, 0.0 ], [ 387492.470639688777737, 294386.421129058930092, 0.0 ], [ 387504.797245000663679, 294402.095813350693788, 0.0 ], [ 387517.123806407384109, 294417.770516571763437, 0.0 ], [ 387529.450323901954107, 294433.445238721498754, 0.0 ], [ 387516.484318388160318, 294448.595225962169934, 0.0 ], [ 387503.518355317297392, 294463.745230320841074, 0.0 ], [ 387502.878903852426447, 294494.569940646702889, 0.0 ], [ 387502.239447971864138, 294525.394652217451949, 0.0 ], [ 387501.599987675785087, 294556.219365023076534, 0.0 ], [ 387500.960522964247502, 294587.044079063693061, 0.0 ], [ 387500.321053837076761, 294617.868794338603038, 0.0 ], [ 387499.681580294738524, 294648.693510834942572, 0.0 ], [ 387499.042102336708922, 294679.518228579720017, 0.0 ], [ 387498.402619963278994, 294710.342947557335719, 0.0 ], [ 387497.763133174215909, 294741.167667770583648, 0.0 ], [ 387497.123641970101744, 294771.992389205319341, 0.0 ], [ 387496.48414635041263, 294802.817111887794454, 0.0 ], [ 387483.518676419975236, 294817.967130199191161, 0.0 ], [ 387470.553249023971148, 294833.117165628529619, 0.0 ], [ 387469.913830936420709, 294863.941888968867715, 0.0 ], [ 387469.274408434284851, 294894.766613544081338, 0.0 ], [ 387468.634981517505366, 294925.591339342994615, 0.0 ], [ 387480.960813684039749, 294941.266032107349019, 0.0 ], [ 387493.286602021194994, 294956.940743802464567, 0.0 ], [ 387505.61234644788783, 294972.615474426886067, 0.0 ], [ 387517.938046956900507, 294988.290223979973234, 0.0 ], [ 387517.298434063559398, 295019.114957112818956, 0.0 ], [ 387516.65881675464334, 295049.939691470004618, 0.0 ], [ 387516.019195029628463, 295080.764427072717808, 0.0 ], [ 387528.344715450890362, 295096.439200120395981, 0.0 ], [ 387540.670191953249741, 295112.113992098777089, 0.0 ], [ 387552.995624538685661, 295127.788803005125374, 0.0 ], [ 387565.321013209177181, 295143.463632842234802, 0.0 ], [ 387577.646357959951274, 295159.13848160795169, 0.0 ], [ 387589.971658703172579, 295174.813349290285259, 0.0 ], [ 387602.296915618586354, 295190.488235913973767, 0.0 ], [ 387614.622128618415445, 295206.163141467026435, 0.0 ], [ 387613.98213933268562, 295236.987890483636875, 0.0 ], [ 387626.307263017399237, 295252.662816489872057, 0.0 ], [ 387638.632342783384956, 295268.337761425471399, 0.0 ], [ 387650.957378632796463, 295284.012725291133393, 0.0 ], [ 387663.282370560627896, 295299.687708088255022, 0.0 ], [ 387662.642195276217535, 295330.51246441679541, 0.0 ], [ 387674.96709789102897, 295346.187467664305586, 0.0 ], [ 387687.291956581233535, 295361.862489843275398, 0.0 ], [ 387686.651686084456742, 295392.687250463000964, 0.0 ], [ 387686.011411167797633, 295423.512012316263281, 0.0 ], [ 387698.336135058198124, 295439.187056468043011, 0.0 ], [ 387710.660815115668811, 295454.86211955343606, 0.0 ], [ 387722.985451254469808, 295470.537201558239758, 0.0 ], [ 387735.310043467092328, 295486.212302502302919, 0.0 ], [ 387734.66958253888879, 295517.037071681756061, 0.0 ], [ 387734.029117189638782, 295547.861842094687745, 0.0 ], [ 387733.388647419458721, 295578.686613741214387, 0.0 ], [ 387720.423762610880658, 295593.836279587470926, 0.0 ], [ 387707.458920253091492, 295608.985962540318724, 0.0 ], [ 387694.494120352785103, 295624.135662623913959, 0.0 ], [ 387681.52936299610883, 295639.285379829700105, 0.0 ], [ 387668.564648009487428, 295654.435114152787719, 0.0 ], [ 387655.599975474062376, 295669.58486559742596, 0.0 ], [ 387642.635345397167839, 295684.734634160762653, 0.0 ], [ 387629.67075777426362, 295699.884419844893273, 0.0 ], [ 387629.030611419701017, 295730.7091904207482, 0.0 ], [ 387628.390460646944121, 295761.533962218789384, 0.0 ], [ 387640.71477013558615, 295777.208950442203786, 0.0 ], [ 387653.039035697816871, 295792.883957597077824, 0.0 ], [ 387652.398789705941454, 295823.708733686304186, 0.0 ], [ 387664.72296594560612, 295839.383761293662246, 0.0 ], [ 387677.04709825583268, 295855.058807832479943, 0.0 ], [ 387676.406757042976096, 295885.883588188153226, 0.0 ], [ 387675.766411410237197, 295916.708369790751021, 0.0 ], [ 387675.126061357848812, 295947.533152627642266, 0.0 ], [ 387674.485706885810941, 295978.357936698012054, 0.0 ], [ 387686.809613577614073, 295994.033008253201842, 0.0 ], [ 387712.097786039928906, 295994.558419525739737, 0.0 ], [ 387724.421606440737378, 296010.233546354982536, 0.0 ], [ 387723.781070357537828, 296041.058336503861938, 0.0 ], [ 387723.140529853408225, 296071.883127897570375, 0.0 ], [ 387722.49998492852319, 296102.707920525572263, 0.0 ], [ 387721.859435582824517, 296133.532714387809392, 0.0 ], [ 387734.183030445303302, 296149.207866238255519, 0.0 ], [ 387746.506581379740965, 296164.883037008868996, 0.0 ], [ 387745.865936803456862, 296195.707835150242317, 0.0 ], [ 387758.189398401591461, 296211.383026385388803, 0.0 ], [ 387783.476970603922382, 296211.908662942121737, 0.0 ], [ 387795.80034573294688, 296227.583909447770566, 0.0 ], [ 387808.123677018214948, 296243.259174888487905, 0.0 ], [ 387833.411165804136544, 296243.78495499928249, 0.0 ], [ 387845.7344107121462, 296259.460275712655857, 0.0 ], [ 387858.057611690426711, 296275.135615357488859, 0.0 ], [ 387871.02185852942057, 296259.986163035675418, 0.0 ], [ 387883.986147833929863, 296244.836727835412603, 0.0 ], [ 387909.273640987928957, 296245.362720557895955, 0.0 ], [ 387934.561135716503486, 296245.888784154958557, 0.0 ], [ 387946.884210813499521, 296261.564250235212967, 0.0 ], [ 387959.207241982454434, 296277.239735247625504, 0.0 ], [ 387971.530229218595196, 296292.915239192254376, 0.0 ], [ 387970.888789431657642, 296323.740058563591447, 0.0 ], [ 387970.247345217969269, 296354.564879177720286, 0.0 ], [ 387957.283045569784008, 296369.71419251273619, 0.0 ], [ 387944.318788381002378, 296384.863522967149038, 0.0 ], [ 387956.64163791295141, 296400.539014072157443, 0.0 ], [ 387968.96444351086393, 296416.21452410868369, 0.0 ], [ 387968.322986017679796, 296447.039348414924461, 0.0 ], [ 387980.645702273002826, 296462.714878908882383, 0.0 ], [ 387992.968374598189257, 296478.390428335755132, 0.0 ], [ 388005.291002988349646, 296494.065996694786008, 0.0 ], [ 388017.613587355241179, 296509.741583985975012, 0.0 ], [ 388016.971943789976649, 296540.566415628301911, 0.0 ], [ 388029.294438901997637, 296556.24202337837778, 0.0 ], [ 388054.581077131908387, 296556.768459465412889, 0.0 ], [ 388066.90348585305037, 296572.444122491695452, 0.0 ], [ 388079.225850645103492, 296588.119804440939333, 0.0 ], [ 388091.54817150044255, 296603.795505334390327, 0.0 ], [ 388090.906255457899533, 296634.620346117764711, 0.0 ], [ 388103.228486967273057, 296650.296067467948887, 0.0 ], [ 388115.550674536963925, 296665.971807751746383, 0.0 ], [ 388127.872818085830659, 296681.647566968458705, 0.0 ], [ 388140.194917787390295, 296697.323345121578313, 0.0 ], [ 388152.516973553341813, 296712.999142207554542, 0.0 ], [ 388164.838985386129934, 296728.674958217889071, 0.0 ], [ 388177.160953280341346, 296744.350793173187412, 0.0 ], [ 388189.482877240690868, 296760.026647062099073, 0.0 ], [ 388176.51871490245685, 296775.175645852927119, 0.0 ], [ 388163.554595031368081, 296790.324661765247583, 0.0 ], [ 388162.912393207312562, 296821.149515389581211, 0.0 ], [ 388162.27018695208244, 296851.974370245356113, 0.0 ], [ 388161.62797626608517, 296882.799226325412747, 0.0 ], [ 388160.985761148738675, 296913.62408364895964, 0.0 ], [ 388160.343541600275785, 296944.448942207440268, 0.0 ], [ 388159.701317620812915, 296975.273801998759154, 0.0 ], [ 388159.059089210524689, 297006.098663011565804, 0.0 ], [ 388158.416856368945446, 297036.923525269958191, 0.0 ], [ 388157.774619096482638, 297067.748388759791851, 0.0 ], [ 388144.810910568630788, 297082.897419183515012, 0.0 ], [ 388131.847244510892779, 297098.046466726693325, 0.0 ], [ 388131.205084784189239, 297128.871330871537793, 0.0 ], [ 388118.241502183314878, 297144.02039523597341, 0.0 ], [ 388105.277962138643488, 297159.169476735405624, 0.0 ], [ 388104.635879960202146, 297189.994341534504201, 0.0 ], [ 388103.993793351983186, 297220.819207568536513, 0.0 ], [ 388103.351702313986607, 297251.64407483470859, 0.0 ], [ 388102.709606846503448, 297282.468943324522115, 0.0 ], [ 388115.030842043575831, 297298.144733006483875, 0.0 ], [ 388127.352033387171105, 297313.820541624852922, 0.0 ], [ 388126.709842648240738, 297344.645414404396433, 0.0 ], [ 388126.067647478892468, 297375.470288418233395, 0.0 ], [ 388125.425447879475541, 297406.29516366624739, 0.0 ], [ 388124.78324384993175, 297437.120040134410374, 0.0 ], [ 388111.820071154099423, 297452.269101614016108, 0.0 ], [ 388098.856941017555073, 297467.418180219363421, 0.0 ], [ 388098.214814542268869, 297498.243057354527991, 0.0 ], [ 388097.572683637437876, 297529.067935723229311, 0.0 ], [ 388109.893555461196229, 297544.743737589742523, 0.0 ], [ 388122.214383429265581, 297560.419558381312527, 0.0 ], [ 388109.251374703948386, 297575.56861870380817, 0.0 ], [ 388096.288408539257944, 297590.717696150706615, 0.0 ], [ 388095.646264345617965, 297621.542578220716678, 0.0 ], [ 388082.683381561888382, 297636.691672501619905, 0.0 ], [ 388069.720541246468201, 297651.84078390407376, 0.0 ], [ 388056.757743406808004, 297666.989912430173717, 0.0 ], [ 388043.794988038192969, 297682.139058079163078, 0.0 ], [ 388030.832275148131885, 297697.288220841903239, 0.0 ], [ 388017.869604727136903, 297712.437400738941506, 0.0 ], [ 388017.227702074160334, 297743.262282309064176, 0.0 ], [ 388004.265115123183932, 297758.4114790422027, 0.0 ], [ 387991.302570649073459, 297773.560692896193359, 0.0 ], [ 387990.660745561355725, 297804.385575123480521, 0.0 ], [ 387977.698284649173729, 297819.534805817122106, 0.0 ], [ 387964.735866121947765, 297834.684053621720523, 0.0 ], [ 387951.773490067629609, 297849.83331856271252, 0.0 ], [ 387938.811156491108704, 297864.982600627350621, 0.0 ], [ 387925.848865390289575, 297880.131899816333316, 0.0 ], [ 387912.886616763076745, 297895.281216130359098, 0.0 ], [ 387899.924410614301451, 297910.430549569486175, 0.0 ], [ 387886.962246939423494, 297925.579900132957846, 0.0 ], [ 387874.00012574554421, 297940.729267822171096, 0.0 ], [ 387848.717384976975154, 297940.203175516740885, 0.0 ], [ 387835.755350208899472, 297955.352594868629239, 0.0 ], [ 387822.793357922462747, 297970.502031333569903, 0.0 ], [ 387797.510706452361774, 297969.976078987878282, 0.0 ], [ 387784.548800594173372, 297985.125567128241528, 0.0 ], [ 387771.586937211104669, 298000.275072395103052, 0.0 ], [ 387758.625116310082376, 298015.424594786309171, 0.0 ], [ 387745.663337972480804, 298030.574134306865744, 0.0 ], [ 387720.380863805185072, 298030.048391000367701, 0.0 ], [ 387707.419171811256092, 298045.197982182842679, 0.0 ], [ 387694.457522293319926, 298060.347590491175652, 0.0 ], [ 387669.175137516402174, 298059.821987147908658, 0.0 ], [ 387656.213574430556037, 298074.971647123864386, 0.0 ], [ 387655.572828614676837, 298105.79651816713158, 0.0 ], [ 387642.611349013401195, 298120.94619498134125, 0.0 ], [ 387629.649911979096942, 298136.095888925541658, 0.0 ], [ 387629.009243751876056, 298166.920760640816297, 0.0 ], [ 387628.368571105937008, 298197.745633592479862, 0.0 ], [ 387640.689208062540274, 298213.420814691635314, 0.0 ], [ 387653.009801158681512, 298229.096014727954753, 0.0 ], [ 387652.369033246999606, 298259.920891943853348, 0.0 ], [ 387664.689536972728092, 298275.596112431958318, 0.0 ], [ 387677.009996744571254, 298291.271351858624257, 0.0 ], [ 387676.369133564294316, 298322.09623336076038, 0.0 ], [ 387675.728265964367893, 298352.921116097131744, 0.0 ], [ 387675.087393944966607, 298383.746000057843048, 0.0 ], [ 387674.446517505741213, 298414.570885263441596, 0.0 ], [ 387673.805636646808125, 298445.395771706127562, 0.0 ], [ 387660.844564149621874, 298460.545410832972266, 0.0 ], [ 387647.883534129825421, 298475.69506708777044, 0.0 ], [ 387647.242730865487829, 298506.519954191811848, 0.0 ], [ 387646.601923182373866, 298537.344842518039513, 0.0 ], [ 387633.641017662594095, 298552.494515329308342, 0.0 ], [ 387620.680154713918455, 298567.644205269811209, 0.0 ], [ 387620.039424628077541, 298598.469094270200003, 0.0 ], [ 387619.398690123867709, 298629.293984506919514, 0.0 ], [ 387606.437951590516604, 298644.443691001797561, 0.0 ], [ 387593.477255536825396, 298659.593414614675567, 0.0 ], [ 387592.836598633090034, 298690.418305514904205, 0.0 ], [ 387579.875986075610854, 298705.568045980879106, 0.0 ], [ 387566.915416000469122, 298720.717803577659652, 0.0 ], [ 387566.274836699711159, 298751.542695141397417, 0.0 ], [ 387553.314350122585893, 298766.692469579924364, 0.0 ], [ 387540.353906030766666, 298781.842261147801764, 0.0 ], [ 387539.713404335605446, 298812.667153365153354, 0.0 ], [ 387539.072898223763332, 298843.492046828032471, 0.0 ], [ 387526.112578638829291, 298858.641854954476003, 0.0 ], [ 387513.152301542460918, 298873.791680212365463, 0.0 ], [ 387512.511873038951308, 298904.616574340150692, 0.0 ], [ 387511.871440119866747, 298935.441469691635575, 0.0 ], [ 387511.231002784799784, 298966.266366289346479, 0.0 ], [ 387498.270891304593533, 298981.416207822563592, 0.0 ], [ 387485.310822221741546, 298996.566066483675968, 0.0 ], [ 387484.670462498615962, 299027.390963747049682, 0.0 ], [ 387484.030098360264674, 299058.21586224535713, 0.0 ], [ 387483.389729807036929, 299089.040761967306025, 0.0 ], [ 387482.74935683835065, 299119.865662935539149, 0.0 ], [ 387482.108979454555083, 299150.690565139404498, 0.0 ], [ 387494.42842064978322, 299166.365611623041332, 0.0 ], [ 387506.747817797353491, 299182.040677038778085, 0.0 ], [ 387506.107345136464573, 299212.865583505539689, 0.0 ], [ 387505.46686805965146, 299243.690491217130329, 0.0 ], [ 387492.507125714211725, 299258.840330190490931, 0.0 ], [ 387467.228122338536195, 299258.315152663970366, 0.0 ], [ 387454.268466356792487, 299273.465043309959583, 0.0 ], [ 387441.308852865477093, 299288.614951087336522, 0.0 ], [ 387428.34928186237812, 299303.764875995460898, 0.0 ], [ 387427.709050887089688, 299334.589782002673019, 0.0 ], [ 387414.749563395278528, 299349.739723746199161, 0.0 ], [ 387401.790118392091244, 299364.889682632579934, 0.0 ], [ 387388.830715885094833, 299380.039658651046921, 0.0 ], [ 387375.871355955372564, 299395.189651803055312, 0.0 ], [ 387362.912038429407403, 299410.339662082318682, 0.0 ], [ 387349.952763393113855, 299425.489689494366758, 0.0 ], [ 387349.312774117628578, 299456.314595034229569, 0.0 ], [ 387336.353582595824264, 299471.464639294485096, 0.0 ], [ 387323.394433566951193, 299486.614700675592758, 0.0 ], [ 387322.754521920345724, 299517.439606884552632, 0.0 ], [ 387309.795456402469426, 299532.589685125160031, 0.0 ], [ 387284.517241434659809, 299532.06498764641583, 0.0 ], [ 387271.558262377802748, 299547.215117566694971, 0.0 ], [ 387258.599325902527198, 299562.365264622669201, 0.0 ], [ 387245.640431835316122, 299577.515428810846061, 0.0 ], [ 387232.681580257369205, 299592.665610127558466, 0.0 ], [ 387207.40354262618348, 299592.14112173760077, 0.0 ], [ 387194.444777507917024, 299607.291354736138601, 0.0 ], [ 387181.486054888926446, 299622.441604857565835, 0.0 ], [ 387168.527374759549275, 299637.591872125398368, 0.0 ], [ 387155.568737127236091, 299652.742156523861922, 0.0 ], [ 387142.610142080113292, 299667.892458057380281, 0.0 ], [ 387129.651589437795337, 299683.042776724440046, 0.0 ], [ 387104.373817074752878, 299682.518566522572655, 0.0 ], [ 387091.41535089595709, 299697.668936870701145, 0.0 ], [ 387078.456927208171692, 299712.819324351730756, 0.0 ], [ 387065.498546018265188, 299727.969728968397249, 0.0 ], [ 387052.540207321988419, 299743.120150717964862, 0.0 ], [ 387027.262612393184099, 299742.596149613382295, 0.0 ], [ 387014.304360161651857, 299757.746623036218807, 0.0 ], [ 387001.346150423982181, 299772.897113604005426, 0.0 ], [ 386976.068644811864942, 299772.373252495948691, 0.0 ], [ 386963.110521536844317, 299787.523794749053195, 0.0 ], [ 386950.152440760866739, 299802.674354135699105, 0.0 ], [ 386937.194402481836732, 299817.824930658040103, 0.0 ], [ 386924.236406697658822, 299832.975524313224014, 0.0 ], [ 386911.278453503444325, 299848.126135106955189, 0.0 ], [ 386898.320542714151088, 299863.276763032830786, 0.0 ], [ 386885.36267442710232, 299878.427408095740248, 0.0 ], [ 386872.404848633625079, 299893.578070281655528, 0.0 ], [ 386847.127696224080864, 299893.054556475952268, 0.0 ], [ 386834.169956899713725, 299908.205270359234419, 0.0 ], [ 386833.531626248499379, 299939.030159683199599, 0.0 ], [ 386820.573970448109321, 299954.180890422489028, 0.0 ], [ 386795.296993995842058, 299953.65751482534688, 0.0 ], [ 386782.339424663456157, 299968.80829725204967, 0.0 ], [ 386769.381897830229718, 299983.959096813050564, 0.0 ], [ 386744.105010694242083, 299983.435861215984914, 0.0 ], [ 386718.828125032829121, 299982.912696519691963, 0.0 ], [ 386705.870728630339727, 299998.063582323491573, 0.0 ], [ 386692.913374727359042, 300013.214485260890797, 0.0 ], [ 386667.636578562087379, 300012.691460570320487, 0.0 ], [ 386654.679311128333211, 300027.842415188788436, 0.0 ], [ 386641.722086191992275, 300042.993386952846777, 0.0 ], [ 386616.44537934177788, 300042.470502264506649, 0.0 ], [ 386603.488240872509778, 300057.621525718190242, 0.0 ], [ 386590.531144906010013, 300072.772566311759874, 0.0 ], [ 386577.574091440299526, 300087.923624039627612, 0.0 ], [ 386576.936599026317708, 300118.748502831091173, 0.0 ], [ 386589.256073614698835, 300134.42232568905456, 0.0 ], [ 386601.575504240347072, 300150.09616747853579, 0.0 ], [ 386600.937916574301198, 300180.921050527191255, 0.0 ], [ 386600.30032451369334, 300211.745934824226424, 0.0 ], [ 386587.343433721922338, 300226.896974022849463, 0.0 ], [ 386574.386585432454012, 300242.048030358564574, 0.0 ], [ 386561.429779735277407, 300257.199103835620917, 0.0 ], [ 386548.473016448086128, 300272.35019444761565, 0.0 ], [ 386535.516295668203384, 300287.501302197459154, 0.0 ], [ 386522.559617386781611, 300302.65242707519792, 0.0 ], [ 386509.602981610340066, 300317.803569100680761, 0.0 ], [ 386496.646388334804215, 300332.95472826610785, 0.0 ], [ 386496.009120174800046, 300363.779611573903821, 0.0 ], [ 386495.371847622853238, 300394.604496120242402, 0.0 ], [ 386494.734570679021999, 300425.429381900117733, 0.0 ], [ 386494.097289343480952, 300456.254268910677638, 0.0 ], [ 386493.460003615880851, 300487.079157165368088, 0.0 ], [ 386505.779060540022328, 300502.752889161522035, 0.0 ], [ 386518.098073495784774, 300518.426640088437125, 0.0 ], [ 386530.417042487417348, 300534.100409947510343, 0.0 ], [ 386542.735967508051544, 300549.774198737344705, 0.0 ], [ 386555.054848566534929, 300565.448006457241718, 0.0 ], [ 386567.373685565718915, 300581.121833098644856, 0.0 ], [ 386566.736122852191329, 300611.946731681236997, 0.0 ], [ 386579.054870540858246, 300627.620578780828509, 0.0 ], [ 386591.373574261902831, 300643.294444812578149, 0.0 ], [ 386590.73591628705617, 300674.119347662315704, 0.0 ], [ 386590.098253918113187, 300704.944251749082468, 0.0 ], [ 386602.416822804836556, 300720.61813973239623, 0.0 ], [ 386614.73534772277344, 300736.292046657181345, 0.0 ], [ 386614.097590089542791, 300767.116955011035316, 0.0 ], [ 386626.416025598358829, 300782.790882385452278, 0.0 ], [ 386638.734417142346501, 300798.464828690572176, 0.0 ], [ 386638.096564242558088, 300829.289741310116369, 0.0 ], [ 386637.458706947625615, 300860.114655156852677, 0.0 ], [ 386649.77696364664007, 300875.788623424945399, 0.0 ], [ 386662.095176377450116, 300891.462610626593232, 0.0 ], [ 386661.457223812816665, 300922.287528750312049, 0.0 ], [ 386660.819266852340661, 300953.112448110419791, 0.0 ], [ 386673.137344642076641, 300968.786457274283748, 0.0 ], [ 386698.411461771698669, 300969.309608493756969, 0.0 ], [ 386710.729453177656978, 300984.983672940172255, 0.0 ], [ 386723.047400612034835, 301000.657756310305558, 0.0 ], [ 386748.321434200392105, 301001.1810511390795, 0.0 ], [ 386760.639295157510787, 301016.855189802416135, 0.0 ], [ 386772.957112142234109, 301032.529347399307881, 0.0 ], [ 386785.274885063990951, 301048.203523928357754, 0.0 ], [ 386797.592614105495159, 301063.877719393116422, 0.0 ], [ 386822.86647914221976, 301064.40123053494608, 0.0 ], [ 386835.184121705358848, 301080.075481284409761, 0.0 ], [ 386847.501720292726532, 301095.74975096678827, 0.0 ], [ 386859.819274908863008, 301111.424039583420381, 0.0 ], [ 386872.136785546550527, 301127.098347133724019, 0.0 ], [ 386897.410481944796629, 301127.62207458919147, 0.0 ], [ 386909.727906107553281, 301143.296437414188404, 0.0 ], [ 386909.089053536299616, 301174.121383376826998, 0.0 ], [ 386921.406388279050589, 301189.795766664261464, 0.0 ], [ 386933.723679046961479, 301205.470168883155566, 0.0 ], [ 386933.084731187089346, 301236.295119114976842, 0.0 ], [ 386945.401932538254187, 301251.96954178501619, 0.0 ], [ 386957.719089911435731, 301267.643983391404618, 0.0 ], [ 386970.036203309078701, 301283.318443919415586, 0.0 ], [ 386982.353272732696496, 301298.992923394427635, 0.0 ], [ 386994.670298177748919, 301314.667421805148479, 0.0 ], [ 387006.987279553897679, 301330.341939146688674, 0.0 ], [ 387019.304217048222199, 301346.016475426033139, 0.0 ], [ 387044.577316970739048, 301346.540640912484378, 0.0 ], [ 387069.850418363930658, 301347.064877311058808, 0.0 ], [ 387082.167226866236888, 301362.73950523044914, 0.0 ], [ 387094.483991391141899, 301378.414152088400442, 0.0 ], [ 387106.800711936317384, 301394.088817879965063, 0.0 ], [ 387106.161132239038125, 301424.913788089819718, 0.0 ], [ 387105.521548135206103, 301455.738759547413792, 0.0 ], [ 387117.838133715908043, 301471.413447304686997, 0.0 ], [ 387130.154675408441108, 301487.088154001219664, 0.0 ], [ 387142.471173124446068, 301502.762879632064141, 0.0 ], [ 387154.787626856821589, 301518.437624200014398, 0.0 ], [ 387154.147856550524011, 301549.262602958944626, 0.0 ], [ 387166.464220858761109, 301564.937367966689635, 0.0 ], [ 387178.780541184707545, 301580.612151920737233, 0.0 ], [ 387191.09681753301993, 301596.286954813287593, 0.0 ], [ 387203.413049901137128, 301611.961776640207972, 0.0 ], [ 387202.773093385272659, 301642.786762702686246, 0.0 ], [ 387215.089236317027826, 301658.461604982090648, 0.0 ], [ 387227.405335182324052, 301674.136466195748653, 0.0 ], [ 387239.721390154445544, 301689.811346348724328, 0.0 ], [ 387252.037401145324111, 301705.486245426058304, 0.0 ], [ 387264.353368154610507, 301721.16116345115006, 0.0 ], [ 387276.669291184400208, 301736.836100412649103, 0.0 ], [ 387288.985170229920186, 301752.511056312709115, 0.0 ], [ 387301.301005293265916, 301768.18603114632424, 0.0 ], [ 387313.616796376474667, 301783.861024918558542, 0.0 ], [ 387338.888702999334782, 301784.38606652157614, 0.0 ], [ 387351.204407584213186, 301800.06111558486009, 0.0 ] ] ] ] } },
{ "type": "Feature", "properties": { "Name": "230203#05", "desc": "온천천 n to 230203#06", "area": 15.18, "perim": 22.84 }, "geometry": { "type": "MultiPolygon", "coordinates": [ [ [ [ 390621.050346955831628, 293017.86377842730144, 0.0 ], [ 390633.373866557376459, 293033.5428432423505, 0.0 ], [ 390658.670673069427721, 293034.076153484755196, 0.0 ], [ 390683.967481089348439, 293034.60953457839787, 0.0 ], [ 390696.940898249973543, 293019.463812664791476, 0.0 ], [ 390709.914357744390145, 293004.318107833736576, 0.0 ], [ 390735.211255122441798, 293004.851628782285843, 0.0 ], [ 390760.508154015988111, 293005.385220580617897, 0.0 ], [ 390773.481743865180761, 292990.239601857145317, 0.0 ], [ 390786.455376135534607, 292975.0940002296702, 0.0 ], [ 390811.752364388143178, 292975.627731882908847, 0.0 ], [ 390837.049354061775375, 292976.161534383136313, 0.0 ], [ 390850.023116600816138, 292961.016018858295865, 0.0 ], [ 390862.996921558049507, 292945.870520430151373, 0.0 ], [ 390875.970768935861997, 292930.725039098062553, 0.0 ], [ 390888.944658736232668, 292915.579574862669688, 0.0 ], [ 390914.241825707722455, 292916.11358622222906, 0.0 ], [ 390927.215801846119575, 292900.968173585133627, 0.0 ], [ 390940.189820318366401, 292885.822778052533977, 0.0 ], [ 390953.163881298445631, 292870.677399608190171, 0.0 ], [ 390966.13798470038455, 292855.532038259203546, 0.0 ], [ 390991.435328874737024, 292856.066258474602364, 0.0 ], [ 391016.732674566854257, 292856.600549536931794, 0.0 ], [ 391042.030021772312466, 292857.134911449800711, 0.0 ], [ 391055.004299270687625, 292841.989670698472764, 0.0 ], [ 391067.978619273635559, 292826.844447041803505, 0.0 ], [ 391080.952981699956581, 292811.699240483285394, 0.0 ], [ 391093.927386544761248, 292796.554051017970778, 0.0 ], [ 391106.901833805604838, 292781.408878649352118, 0.0 ], [ 391119.876323486911133, 292766.263723374693654, 0.0 ], [ 391132.850855581171345, 292751.118585206684656, 0.0 ], [ 391145.825430098222569, 292735.973464121925645, 0.0 ], [ 391171.123130109161139, 292736.508172883186489, 0.0 ], [ 391196.420831729774363, 292737.042952495627105, 0.0 ], [ 391221.718534865416586, 292737.577802954998333, 0.0 ], [ 391247.016239520860836, 292738.112724263512064, 0.0 ], [ 391259.99103214481147, 292722.967758271610364, 0.0 ], [ 391272.965867185848765, 292707.822809373668861, 0.0 ], [ 391298.263661109202076, 292708.357870527135674, 0.0 ], [ 391323.561456645606086, 292708.893002529686783, 0.0 ], [ 391348.859253700473346, 292709.428205380623695, 0.0 ], [ 391361.834262923919596, 292694.283377074054442, 0.0 ], [ 391374.809314563928638, 292679.138565859873779, 0.0 ], [ 391400.107200892525725, 292679.673908555123489, 0.0 ], [ 391413.082338873879053, 292664.529148933594115, 0.0 ], [ 391426.057519266672898, 292649.384406405966729, 0.0 ], [ 391451.355495050200261, 292649.919888948323205, 0.0 ], [ 391464.330761786317453, 292634.775198011135217, 0.0 ], [ 391464.983314951125067, 292603.95028139144415, 0.0 ], [ 391477.958665006444789, 292588.805607234477066, 0.0 ], [ 391490.934057481586933, 292573.660950170014985, 0.0 ], [ 391503.909492371603847, 292558.516310197359417, 0.0 ], [ 391529.207731597416569, 292559.051999723247718, 0.0 ], [ 391554.505972436047159, 292559.587760098977014, 0.0 ], [ 391579.804214792791754, 292560.123591322393622, 0.0 ], [ 391605.102458672306966, 292560.65949339128565, 0.0 ], [ 391618.078111666836776, 292545.515008502290584, 0.0 ], [ 391631.053806980606169, 292530.370540702890139, 0.0 ], [ 391656.352140226343181, 292530.906582614697982, 0.0 ], [ 391669.327921971911564, 292515.762166403641459, 0.0 ], [ 391669.981147688638885, 292484.937239868217148, 0.0 ], [ 391682.957012748287525, 292469.792840436683036, 0.0 ], [ 391695.932920226012357, 292454.64845809340477, 0.0 ], [ 391708.908870116923936, 292439.504092844028492, 0.0 ], [ 391734.207466894527897, 292440.040341733722016, 0.0 ], [ 391747.183503028005362, 292424.896028069837485, 0.0 ], [ 391760.159581666695885, 292409.751731497701257, 0.0 ], [ 391785.458267810754478, 292410.288120226061437, 0.0 ], [ 391810.756955479562748, 292410.824579800653737, 0.0 ], [ 391836.055644668522291, 292411.361110221478157, 0.0 ], [ 391861.354335292475298, 292411.897711486439221, 0.0 ], [ 391886.653027527208906, 292412.434383599786088, 0.0 ], [ 391899.629368190304376, 292397.290276595100295, 0.0 ], [ 391912.605751263152342, 292382.146186680882238, 0.0 ], [ 391925.582176750176586, 292367.002113856957294, 0.0 ], [ 391938.558644646254834, 292351.858058134035673, 0.0 ], [ 391963.85751409700606, 292352.394939074874856, 0.0 ], [ 391989.156384979025461, 292352.931890858395491, 0.0 ], [ 392001.47865781141445, 292368.612865729897749, 0.0 ], [ 392013.800886736018583, 292384.293859558354598, 0.0 ], [ 392039.099674435216002, 292384.830954894598108, 0.0 ], [ 392064.398463661200367, 292385.368121076317038, 0.0 ], [ 392076.720563877897803, 292401.049206556170247, 0.0 ], [ 392089.042620088846888, 292416.730310981685761, 0.0 ], [ 392114.341326042078435, 292417.267620715429075, 0.0 ], [ 392139.640033520176075, 292417.805001295462716, 0.0 ], [ 392152.289387830125634, 292418.073718152882066, 0.0 ], [ 392152.616813413682394, 292402.661239237233531, 0.0 ], [ 392165.593635720724706, 292387.517494268657174, 0.0 ], [ 392178.570500434259884, 292372.373766389733646, 0.0 ], [ 392179.225430004007649, 292341.548808855819516, 0.0 ], [ 392192.202378030866385, 292326.405097747221589, 0.0 ], [ 392205.179368375509512, 292311.261403725424316, 0.0 ], [ 392205.83437521464657, 292280.436446772131603, 0.0 ], [ 392206.489377527614124, 292249.611491044634022, 0.0 ], [ 392207.14437531423755, 292218.786536552128382, 0.0 ], [ 392207.799368574749678, 292187.96158327255398, 0.0 ], [ 392208.45435730915051, 292157.136631220171694, 0.0 ], [ 392209.109341517207213, 292126.311680389975663, 0.0 ], [ 392222.086619741923641, 292111.168001555837691, 0.0 ], [ 392235.063940370338969, 292096.024339807860088, 0.0 ], [ 392235.719001841847785, 292065.199389580287971, 0.0 ], [ 392236.374058786779642, 292034.374440567102283, 0.0 ], [ 392237.029111204727087, 292003.549492778314743, 0.0 ], [ 392237.684159095806535, 291972.724546215904411, 0.0 ], [ 392238.339202459726948, 291941.899600887787528, 0.0 ], [ 392251.316769970697351, 291926.755954638996627, 0.0 ], [ 392264.294379887985997, 291911.612325478461571, 0.0 ], [ 392251.971849700785242, 291895.931010207394138, 0.0 ], [ 392239.649275607138406, 291880.24971388472477, 0.0 ], [ 392240.304305390338413, 291849.424772220372688, 0.0 ], [ 392240.959330646554008, 291818.599831781117246, 0.0 ], [ 392228.636621812707745, 291802.918557501398027, 0.0 ], [ 392216.313869068864733, 291787.237302155932412, 0.0 ], [ 392203.991072512464598, 291771.556065759679768, 0.0 ], [ 392191.668231958465185, 291755.874848308390938, 0.0 ], [ 392179.345347504364327, 291740.193649802647997, 0.0 ], [ 392167.022419140907004, 291724.512470245419536, 0.0 ], [ 392154.699446875427384, 291708.83130963309668, 0.0 ], [ 392142.37643070355989, 291693.150167967134621, 0.0 ], [ 392130.053370630019344, 291677.469045247475151, 0.0 ], [ 392117.730266652535647, 291661.787941485468764, 0.0 ], [ 392105.407118769478984, 291646.106856658530887, 0.0 ], [ 392080.106256556813605, 291645.569664233305957, 0.0 ], [ 392067.783022381947376, 291629.888634700910188, 0.0 ], [ 392068.437411798746325, 291599.063715853495523, 0.0 ], [ 392056.114088303875178, 291583.382706811127719, 0.0 ], [ 392030.813056438229978, 291582.845659781829454, 0.0 ], [ 392005.512026095762849, 291582.308683593117166, 0.0 ], [ 391993.188573917606845, 291566.627766194404103, 0.0 ], [ 391980.865077932598069, 291550.946867741993628, 0.0 ], [ 391968.5415379506303, 291535.265988233790267, 0.0 ], [ 391969.1955685778521, 291504.441080507298466, 0.0 ], [ 391956.871939284144901, 291488.760221484932117, 0.0 ], [ 391944.548266089346725, 291473.079381408111658, 0.0 ], [ 391932.224548991362099, 291457.398560276953503, 0.0 ], [ 391919.900787995196879, 291441.717758090759162, 0.0 ], [ 391920.554632454412058, 291410.892857743543573, 0.0 ], [ 391933.532324212952517, 291395.748757726571057, 0.0 ], [ 391958.83386780647561, 291396.285510247806087, 0.0 ], [ 391984.135412925155833, 291396.82233360823011, 0.0 ], [ 391996.459135973709635, 291412.503224351385143, 0.0 ], [ 392008.782815216807649, 291428.184134042297956, 0.0 ], [ 392034.084277083398774, 291428.721100936993025, 0.0 ], [ 392059.385740473284386, 291429.258138672274072, 0.0 ], [ 392084.687205391412135, 291429.79524724528892, 0.0 ], [ 392109.988671742903534, 291430.332426656037569, 0.0 ], [ 392122.966672415961511, 291415.188585472293198, 0.0 ], [ 392123.621202777314465, 291384.363671493134461, 0.0 ], [ 392124.275728614651598, 291353.538758727023378, 0.0 ], [ 392124.930249927681871, 291322.713847188744694, 0.0 ], [ 392137.908415667247027, 291307.570022138010245, 0.0 ], [ 392150.886623807891738, 291292.426214174774941, 0.0 ], [ 392151.541222372907214, 291261.601303224917501, 0.0 ], [ 392152.195816412975546, 291230.776393510052003, 0.0 ], [ 392165.174148731864989, 291215.632601997058373, 0.0 ], [ 392178.152523448690772, 291200.488827569468413, 0.0 ], [ 392178.80719473795034, 291169.663918433827348, 0.0 ], [ 392191.785652743536048, 291154.520160773710813, 0.0 ], [ 392204.764153144089505, 291139.376420198299456, 0.0 ], [ 392205.418901679571718, 291108.55151166243013, 0.0 ], [ 392218.397485369700007, 291093.407787853037007, 0.0 ], [ 392231.37611136585474, 291078.26408112840727, 0.0 ], [ 392219.05227026459761, 291062.582880214380566, 0.0 ], [ 392206.728385172667913, 291046.901698244560976, 0.0 ], [ 392207.383120129990857, 291016.07679337321315, 0.0 ], [ 392208.037850561086088, 290985.251889725506771, 0.0 ], [ 392208.692576465604361, 290954.426987314829603, 0.0 ], [ 392209.34729784418596, 290923.60208611714188, 0.0 ], [ 392197.02318721730262, 290907.920929264917504, 0.0 ], [ 392184.699032689328305, 290892.239791358355433, 0.0 ], [ 392197.677858659881167, 290877.096030835993588, 0.0 ], [ 392210.656727022607811, 290861.952287397696637, 0.0 ], [ 392211.311434822157025, 290831.127389885077719, 0.0 ], [ 392211.966138095711358, 290800.302493588242214, 0.0 ], [ 392224.945130625274032, 290785.158766597334761, 0.0 ], [ 392237.924165458069183, 290770.015056689677294, 0.0 ], [ 392250.903242779313587, 290754.871363866725005, 0.0 ], [ 392263.882362491567619, 290739.72768812708091, 0.0 ], [ 392276.861524603911676, 290724.584029472782277, 0.0 ], [ 392289.840729111456312, 290709.440387901151553, 0.0 ], [ 392290.495673147612251, 290678.615490928059444, 0.0 ], [ 392278.171326387149747, 290662.934237376321107, 0.0 ], [ 392265.846935732348356, 290647.253002771583851, 0.0 ], [ 392278.826220487011597, 290632.109343160700519, 0.0 ], [ 392291.805547636118717, 290616.965700633067172, 0.0 ], [ 392292.460478088119999, 290586.14080732309958, 0.0 ], [ 392293.115404011565261, 290555.315915247367229, 0.0 ], [ 392293.770325407152995, 290524.491024386079516, 0.0 ], [ 392294.425242274417542, 290493.666134750528727, 0.0 ], [ 392295.080154613591731, 290462.841246337862685, 0.0 ], [ 392295.735062424326316, 290432.016359151690267, 0.0 ], [ 392296.389965706621297, 290401.191473198356107, 0.0 ], [ 392284.06521028111456, 290385.510233541252092, 0.0 ], [ 392271.740410964004695, 290369.82901282759849, 0.0 ], [ 392259.415567760413978, 290354.147811058908701, 0.0 ], [ 392247.090680661029182, 290338.466628237278201, 0.0 ], [ 392260.070330298214685, 290323.322930953174364, 0.0 ], [ 392285.374912449973635, 290323.860468377184588, 0.0 ], [ 392310.679496133234352, 290324.398076631186996, 0.0 ], [ 392335.98408134363126, 290324.935755715880077, 0.0 ], [ 392361.288667995366268, 290325.473505629051942, 0.0 ], [ 392386.593256265099626, 290326.011326374311466, 0.0 ], [ 392398.917932995944284, 290341.692708332906477, 0.0 ], [ 392411.24256583530223, 290357.374109237105586, 0.0 ], [ 392436.547070882224943, 290357.912073508196045, 0.0 ], [ 392461.851577461813577, 290358.450108609918971, 0.0 ], [ 392474.831579769030213, 290343.306704594695475, 0.0 ], [ 392487.811624562309589, 290328.163317661324982, 0.0 ], [ 392500.791711744153872, 290313.01994781056419, 0.0 ], [ 392513.771841318928637, 290297.876595038804226, 0.0 ], [ 392526.424182995106094, 290298.145708117284812, 0.0 ], [ 392526.752013281628024, 290282.733259361702949, 0.0 ], [ 392539.732227634871379, 290267.589940754405688, 0.0 ], [ 392552.712484380579554, 290252.446639226865955, 0.0 ], [ 392565.692783513921313, 290237.303354781179223, 0.0 ], [ 392578.673125036992133, 290222.160087414493319, 0.0 ], [ 392591.653508859220892, 290207.01683712832164, 0.0 ], [ 392604.633935163612477, 290191.873603924701456, 0.0 ], [ 392604.961886936391238, 290176.461154502059799, 0.0 ], [ 392592.309370398521423, 290176.191938909003511, 0.0 ], [ 392579.984761835483368, 290160.510292840306647, 0.0 ], [ 392580.640573432028759, 290129.685397401044611, 0.0 ], [ 392581.296380493906327, 290098.860503173375037, 0.0 ], [ 392581.952183020766824, 290068.035610170045402, 0.0 ], [ 392582.607981012610253, 290037.210718390299007, 0.0 ], [ 392583.263774469145574, 290006.385827846243046, 0.0 ], [ 392570.938894893159159, 289990.70420844736509, 0.0 ], [ 392558.613971428188961, 289975.022607994789723, 0.0 ], [ 392546.289004072197713, 289959.341026488516945, 0.0 ], [ 392520.983371269190684, 289958.802803144208156, 0.0 ], [ 392508.658317652880214, 289943.121276931196917, 0.0 ], [ 392496.333220150787383, 289927.439769663789775, 0.0 ], [ 392484.008078758488409, 289911.758281340589747, 0.0 ], [ 392471.682893573655747, 289896.076811965147499, 0.0 ], [ 392459.357664406299591, 289880.395361533912364, 0.0 ], [ 392447.032391353684943, 289864.713930059631821, 0.0 ], [ 392434.707074412028305, 289849.032517517509405, 0.0 ], [ 392422.381713588256389, 289833.351123922446277, 0.0 ], [ 392410.056308873114176, 289817.669749272346962, 0.0 ], [ 392397.730860271723941, 289801.988393564999569, 0.0 ], [ 392372.424805285641924, 289801.450604510027915, 0.0 ], [ 392347.118751918198541, 289800.912886281439569, 0.0 ], [ 392321.81269999302458, 289800.375238876440562, 0.0 ], [ 392309.487080395105295, 289784.694011153187603, 0.0 ], [ 392310.141888580401428, 289753.869150905869901, 0.0 ], [ 392310.796692236850504, 289723.044291894882917, 0.0 ], [ 392311.451491364859976, 289692.219434096943587, 0.0 ], [ 392324.432087161461823, 289677.075799071753863, 0.0 ], [ 392337.412725343427155, 289661.932181127776857, 0.0 ], [ 392338.067601683549583, 289631.10732391331112, 0.0 ], [ 392338.722473494242877, 289600.28246792597929, 0.0 ], [ 392339.377340775565244, 289569.457613172882702, 0.0 ], [ 392340.032203527749516, 289538.632759634230752, 0.0 ], [ 392340.687061750679277, 289507.807907318521757, 0.0 ], [ 392341.341915444238111, 289476.983056227792986, 0.0 ], [ 392341.996764608309604, 289446.158206372056156, 0.0 ], [ 392342.651609243126586, 289415.333357731462456, 0.0 ], [ 392355.632616760674864, 289400.189754306629766, 0.0 ], [ 392368.613666663179174, 289385.046167960914318, 0.0 ], [ 392369.268588503298815, 289354.221319903736003, 0.0 ], [ 392382.249721562257037, 289339.07775031629717, 0.0 ], [ 392395.230897093657404, 289323.934197807102464, 0.0 ], [ 392382.904679738800041, 289308.252903172629885, 0.0 ], [ 392370.578418593329843, 289292.57162747241091, 0.0 ], [ 392358.252113474183716, 289276.890370714303572, 0.0 ], [ 392345.925764476764016, 289261.209132898948155, 0.0 ], [ 392346.580581935239024, 289230.384291604335885, 0.0 ], [ 392347.235394864226691, 289199.559451533306856, 0.0 ], [ 392360.216688447399065, 289184.415845868061297, 0.0 ], [ 392373.198024413315579, 289169.272257290314883, 0.0 ], [ 392360.871537712053396, 289153.591006711940281, 0.0 ], [ 392348.545007133623585, 289137.909775076317601, 0.0 ], [ 392349.199806474149227, 289107.08493867906509, 0.0 ], [ 392336.873186622280627, 289091.403727532771882, 0.0 ], [ 392311.565152121242136, 289090.866193835565355, 0.0 ], [ 392286.25711915345164, 289090.328730958339293, 0.0 ], [ 392260.949087804590818, 289089.791338902665302, 0.0 ], [ 392235.641057898290455, 289089.254017666273285, 0.0 ], [ 392210.33302952023223, 289088.716767250618432, 0.0 ], [ 392198.00615396827925, 289073.035756760218646, 0.0 ], [ 392185.679234540788457, 289057.354765213269275, 0.0 ], [ 392160.371122964890674, 289056.817658302199561, 0.0 ], [ 392148.044117388606537, 289041.136722041410394, 0.0 ], [ 392148.698213082738221, 289010.311904241330922, 0.0 ], [ 392149.352304252330214, 288979.487087656394579, 0.0 ], [ 392137.025163922342472, 288963.806173425051384, 0.0 ], [ 392111.71679663611576, 288963.269213743216824, 0.0 ], [ 392086.408430881798267, 288962.732324880722445, 0.0 ], [ 392073.427334071777295, 288977.876312045264058, 0.0 ], [ 392060.446279643627349, 288993.020316288922913, 0.0 ], [ 392047.465267592924647, 289008.164337614434771, 0.0 ], [ 392034.484298017108813, 289023.308376021101139, 0.0 ], [ 392021.503370726655703, 289038.452431494719349, 0.0 ], [ 392020.849701795028523, 289069.277241216623224, 0.0 ], [ 392007.868857754743658, 289084.421313462022226, 0.0 ], [ 391982.560843141633086, 289083.884700429567602, 0.0 ], [ 391957.252830056939274, 289083.348158216511365, 0.0 ], [ 391931.944818502757698, 289082.811686823493801, 0.0 ], [ 391906.636808564711828, 289082.275286253308877, 0.0 ], [ 391893.656182479986455, 289097.419513496628497, 0.0 ], [ 391880.675598771893419, 289112.563757821859326, 0.0 ], [ 391867.695057445205748, 289127.708019228244666, 0.0 ], [ 391854.714558502426371, 289142.852297715086024, 0.0 ], [ 391829.406725575681776, 289142.31610588246258, 0.0 ], [ 391804.098894264199771, 289141.779984872031491, 0.0 ], [ 391778.791064391494729, 289141.243934678845108, 0.0 ], [ 391753.483236040920019, 289140.707955306395888, 0.0 ], [ 391728.175409221556038, 289140.172046754683834, 0.0 ], [ 391702.867583926185034, 289139.636209022253752, 0.0 ], [ 391677.559760249569081, 289139.100442112772726, 0.0 ], [ 391652.25193800625857, 289138.564746021176688, 0.0 ], [ 391626.944117291015573, 289138.029120750376023, 0.0 ], [ 391613.964055760996416, 289153.173726643552072, 0.0 ], [ 391600.984036616166122, 289168.318349609442521, 0.0 ], [ 391575.676305300847162, 289167.782864122709725, 0.0 ], [ 391550.368575415515807, 289167.247449453920126, 0.0 ], [ 391538.040734531125054, 289151.567379194952082, 0.0 ], [ 391525.712849766656291, 289135.887327866046689, 0.0 ], [ 391513.384921129094437, 289120.207295477041043, 0.0 ], [ 391501.056948613841087, 289104.527282027353067, 0.0 ], [ 391488.728932228230406, 289088.847287518321536, 0.0 ], [ 391476.400871963123791, 289073.16731194924796, 0.0 ], [ 391451.092889495310374, 289072.632186132075731, 0.0 ], [ 391438.764742991595995, 289056.952265840605833, 0.0 ], [ 391426.436552613740787, 289041.272364488453604, 0.0 ], [ 391401.128486847155727, 289040.737382164457813, 0.0 ], [ 391388.148697717231698, 289055.882299336721189, 0.0 ], [ 391375.168950967607088, 289071.027233591594268, 0.0 ], [ 391362.189246602822095, 289086.172184930415824, 0.0 ], [ 391349.209584713564254, 289101.31715335539775, 0.0 ], [ 391323.901696029119194, 289100.782379776821472, 0.0 ], [ 391298.59380887018051, 289100.247677018982358, 0.0 ], [ 391273.285923236515373, 289099.713045079726726, 0.0 ], [ 391260.957525544974487, 289084.033377608167939, 0.0 ], [ 391248.629083981970325, 289068.353729075868614, 0.0 ], [ 391223.321115227299742, 289067.819240631943103, 0.0 ], [ 391198.01314790447941, 289067.284823004622012, 0.0 ], [ 391172.705182101635728, 289066.750476195826195, 0.0 ], [ 391147.397217818419449, 289066.216200206428766, 0.0 ], [ 391135.068562916014344, 289050.536715957627166, 0.0 ], [ 391122.739864226430655, 289034.857250649482012, 0.0 ], [ 391097.4318167353631, 289034.323118151864037, 0.0 ], [ 391072.123770763340872, 289033.789056470792275, 0.0 ], [ 391059.794943379005417, 289018.109682770795189, 0.0 ], [ 391060.445330064510927, 288987.28494486596901, 0.0 ], [ 391048.116413431125693, 288971.60559164400911, 0.0 ], [ 391035.787452923774254, 288955.926257359154988, 0.0 ], [ 391036.437744357273914, 288925.10152375116013, 0.0 ], [ 391037.088031292194501, 288894.276791370357387, 0.0 ], [ 391024.758936163969338, 288878.597479101561476, 0.0 ], [ 391012.429797252872959, 288862.918185784714296, 0.0 ], [ 391013.079988938639872, 288832.093457709939685, 0.0 ], [ 391013.730176126235165, 288801.268730862357188, 0.0 ], [ 391014.380358815775253, 288770.444005241966806, 0.0 ], [ 391027.359857416886371, 288755.298568019061349, 0.0 ], [ 391040.339398486888967, 288740.153147882258054, 0.0 ], [ 391053.31898193951929, 288725.007744839414954, 0.0 ], [ 391066.298607770586386, 288709.86235887062503, 0.0 ], [ 391079.278275981894694, 288694.716989986540284, 0.0 ], [ 391092.25798657553969, 288679.571638185763732, 0.0 ], [ 391092.908410017960705, 288648.746911915310193, 0.0 ], [ 391105.88820386340376, 288633.601576884102542, 0.0 ], [ 391118.868040088273119, 288618.456258937600069, 0.0 ], [ 391106.538663679733872, 288602.776851525646634, 0.0 ], [ 391094.20924340269994, 288587.097463061509188, 0.0 ], [ 391094.859653345192783, 288556.272740471060388, 0.0 ], [ 391095.510058787767775, 288525.448019106406718, 0.0 ], [ 391096.160459730308503, 288494.623298969643656, 0.0 ], [ 391096.810856172814965, 288463.798580057860818, 0.0 ], [ 391097.461248114996124, 288432.97386238531908, 0.0 ], [ 391085.131557104876265, 288417.294500550546218, 0.0 ], [ 391072.801822230801918, 288401.615157650783658, 0.0 ], [ 391060.472043490619399, 288385.935833688825369, 0.0 ], [ 391048.142220882407855, 288370.256528664031066, 0.0 ], [ 391048.792426839703694, 288339.431818369368557, 0.0 ], [ 391036.462514997576363, 288323.752533820399549, 0.0 ], [ 391024.132559378398582, 288308.073268211446702, 0.0 ], [ 391024.78267009643605, 288277.248562234104611, 0.0 ], [ 391025.432776316360105, 288246.423857471963856, 0.0 ], [ 391038.412969765893649, 288231.278414926840924, 0.0 ], [ 391051.393205679487437, 288216.132989464385901, 0.0 ], [ 391052.043389142025262, 288185.30828530335566, 0.0 ], [ 391039.71325045148842, 288169.629008467949461, 0.0 ], [ 391027.383067985647358, 288153.949750559695531, 0.0 ], [ 391015.052841570694, 288138.270511585811619, 0.0 ], [ 391002.722571288002655, 288122.591291547578294, 0.0 ], [ 390990.392257144616451, 288106.912090449361131, 0.0 ], [ 390978.061899136286229, 288091.232908284699079, 0.0 ], [ 390978.71180589182768, 288060.408214591094293, 0.0 ], [ 390966.381358656333759, 288044.729052903014235, 0.0 ], [ 390954.050867558573373, 288029.049910161236767, 0.0 ], [ 390941.720332597033121, 288013.37078634602949, 0.0 ], [ 390929.389753776253201, 287997.691681463678833, 0.0 ], [ 390930.039474569843151, 287966.866995159245562, 0.0 ], [ 390917.708806612703484, 287951.187910756270867, 0.0 ], [ 390905.378094704297837, 287935.508845286269207, 0.0 ], [ 390893.04733893298544, 287919.829798751918133, 0.0 ], [ 390880.716539303655736, 287904.150771155429538, 0.0 ], [ 390868.385695813864004, 287888.471762503089849, 0.0 ], [ 390843.074474010849372, 287887.938477509247605, 0.0 ], [ 390830.743544303055387, 287872.259524112625513, 0.0 ], [ 390818.412570740212686, 287856.580589650315233, 0.0 ], [ 390806.081553403811995, 287840.901674126507714, 0.0 ], [ 390793.750492120103445, 287825.222777534916531, 0.0 ], [ 390781.419386975001544, 287809.543899877637159, 0.0 ], [ 390769.088237975840457, 287793.865041156066582, 0.0 ], [ 390756.757045113597997, 287778.186201368749607, 0.0 ], [ 390744.425808392814361, 287762.507380517199636, 0.0 ], [ 390719.114249267964624, 287761.974456973082852, 0.0 ], [ 390706.782926336105447, 287746.295691395585891, 0.0 ], [ 390694.451559634879231, 287730.616944742447231, 0.0 ], [ 390669.139917319873348, 287730.084164666070137, 0.0 ], [ 390643.828276522341184, 287729.551455396285746, 0.0 ], [ 390631.496781163150445, 287713.872800334356725, 0.0 ], [ 390619.165241951355711, 287698.194164207438007, 0.0 ], [ 390606.833658878167626, 287682.515547013434116, 0.0 ], [ 390607.482213735347614, 287651.690897054446395, 0.0 ], [ 390620.462437894369941, 287636.544862435606774, 0.0 ], [ 390633.442704420420341, 287621.39884490147233, 0.0 ], [ 390634.091336527722888, 287590.574195557797793, 0.0 ], [ 390634.73996414616704, 287559.749547430023085, 0.0 ], [ 390635.388587275403552, 287528.924900528625585, 0.0 ], [ 390648.369018783560023, 287513.778899143100716, 0.0 ], [ 390661.34949266212061, 287498.632914842979517, 0.0 ], [ 390674.330008908640593, 287483.486947621859144, 0.0 ], [ 390687.310567527194507, 287468.340997496095952, 0.0 ], [ 390687.959349637851119, 287437.516350576304831, 0.0 ], [ 390700.939991488936357, 287422.370417208760045, 0.0 ], [ 390713.920675623463467, 287407.224500923824962, 0.0 ], [ 390726.901402215415146, 287392.078601722198073, 0.0 ], [ 390739.882171176373959, 287376.932719603122678, 0.0 ], [ 390740.531112261291128, 287346.10807266208576, 0.0 ], [ 390741.180048854323104, 287315.283426959533244, 0.0 ], [ 390754.160941914655268, 287300.137561297102366, 0.0 ], [ 390767.141877345507964, 287284.991712717164773, 0.0 ], [ 390754.809914881247096, 287269.312916499504354, 0.0 ], [ 390742.477908565895632, 287253.634139216155745, 0.0 ], [ 390743.12683168426156, 287222.809497184527572, 0.0 ], [ 390756.107847338193096, 287207.6636305837892, 0.0 ], [ 390769.088905361481011, 287192.517781078408007, 0.0 ], [ 390769.737905715592206, 287161.693139648647048, 0.0 ], [ 390782.719046969432384, 287146.54730690078577, 0.0 ], [ 390795.700230585236568, 287131.401491231983528, 0.0 ], [ 390808.681456571968738, 287116.255692646431271, 0.0 ], [ 390821.662724922643974, 287101.109911139239557, 0.0 ], [ 390834.644035551231354, 287085.964146712503862, 0.0 ], [ 390859.957497690396849, 287086.497312725230586, 0.0 ], [ 390872.614229330793023, 287086.763922282087151, 0.0 ], [ 390872.938894642633386, 287071.351599856396206, 0.0 ], [ 390860.606784081552178, 287055.672669117338955, 0.0 ], [ 390848.274629666819237, 287039.99375730054453, 0.0 ], [ 390848.923866208293475, 287009.169116450008005, 0.0 ], [ 390836.591622591717169, 286993.49022510839859, 0.0 ], [ 390811.277903412468731, 286992.957135461620055, 0.0 ], [ 390798.945573593548033, 286977.278299380617682, 0.0 ], [ 390786.61319992877543, 286961.599482234625611, 0.0 ], [ 390774.28078240895411, 286945.920684022887144, 0.0 ], [ 390761.948321039089933, 286930.241904744820204, 0.0 ], [ 390749.615815821452998, 286914.563144411600661, 0.0 ], [ 390737.283266754355282, 286898.88440300070215, 0.0 ], [ 390711.969295017421246, 286898.351602117705625, 0.0 ], [ 390686.655324713559821, 286897.818872033560183, 0.0 ], [ 390661.341355928569101, 286897.286212750361301, 0.0 ], [ 390636.027388666640036, 286896.753624268749263, 0.0 ], [ 390610.713422922999598, 286896.221106587385293, 0.0 ], [ 390585.399458792526275, 286895.688659708364867, 0.0 ], [ 390560.085496089537628, 286895.156283628835808, 0.0 ], [ 390534.771534906583838, 286894.62397834949661, 0.0 ], [ 390509.457575243432075, 286894.091743871103972, 0.0 ], [ 390484.143617192632519, 286893.559580195811577, 0.0 ], [ 390458.829660568502732, 286893.027487318555359, 0.0 ], [ 390445.848762691486627, 286908.173770740104374, 0.0 ], [ 390432.867907184641808, 286923.320071235008072, 0.0 ], [ 390407.55403981229756, 286922.788118108641356, 0.0 ], [ 390394.573270532593597, 286937.934470172040164, 0.0 ], [ 390381.592543623410165, 286953.080839316651691, 0.0 ], [ 390356.278765592898708, 286952.549025945307221, 0.0 ], [ 390330.96498899027938, 286952.017283373512328, 0.0 ], [ 390318.63180922094034, 286936.339139029965736, 0.0 ], [ 390306.298585601267405, 286920.661013617180288, 0.0 ], [ 390280.984725823043846, 286920.129414495371748, 0.0 ], [ 390268.651416010106914, 286904.4513443474425, 0.0 ], [ 390256.318062438163906, 286888.773293124570046, 0.0 ], [ 390231.004119482007809, 286888.241837452107575, 0.0 ], [ 390218.670679624774493, 286872.563841480005067, 0.0 ], [ 390206.337195923086256, 286856.885864440060686, 0.0 ], [ 390181.023169789055828, 286856.354552215489093, 0.0 ], [ 390168.68959989096038, 286840.676630428351928, 0.0 ], [ 390156.355986146605574, 286824.998727572674397, 0.0 ], [ 390144.022328651219141, 286809.320843652065378, 0.0 ], [ 390131.688627217430621, 286793.642978657910135, 0.0 ], [ 390106.374433206161484, 286793.111882524681278, 0.0 ], [ 390094.040645581902936, 286777.434072784788441, 0.0 ], [ 390081.706814107543323, 286761.756281985610258, 0.0 ], [ 390069.372938790591434, 286746.078510105784517, 0.0 ], [ 390057.039019626565278, 286730.400757155381143, 0.0 ], [ 390044.705056620179676, 286714.723023136379197, 0.0 ], [ 390032.371049859852064, 286699.045308048196603, 0.0 ], [ 390007.056603286415339, 286698.514500650460832, 0.0 ], [ 389981.742158230976202, 286697.983764050819445, 0.0 ], [ 389956.427714689052664, 286697.453098249970935, 0.0 ], [ 389931.113272662565578, 286696.922503247915301, 0.0 ], [ 389905.798832241795026, 286696.391979046107735, 0.0 ], [ 389880.484393247927073, 286695.861525640939362, 0.0 ], [ 389868.15008847322315, 286680.184047410963103, 0.0 ], [ 389855.815739852841944, 286664.506588109652512, 0.0 ], [ 389830.501217680168338, 286663.976278145273682, 0.0 ], [ 389805.186697112512775, 286663.446038979745936, 0.0 ], [ 389792.206653624831233, 286678.593220948125236, 0.0 ], [ 389779.226652504876256, 286693.740420001966413, 0.0 ], [ 389753.912221083242912, 286693.210320587269962, 0.0 ], [ 389740.93230618769303, 286708.357571203203406, 0.0 ], [ 389727.952433657948859, 286723.504838903783821, 0.0 ], [ 389714.972603496396914, 286738.652123689826112, 0.0 ], [ 389701.992815698729828, 286753.799425560573582, 0.0 ], [ 389689.013070362678263, 286768.946744508924894, 0.0 ], [ 389676.033367297844961, 286784.094080552633386, 0.0 ], [ 389650.719200558029115, 286783.564258802740369, 0.0 ], [ 389637.73958372377092, 286798.71164640999632, 0.0 ], [ 389624.760009254212491, 286813.859051101200748, 0.0 ], [ 389611.780477151740342, 286829.006472881417722, 0.0 ], [ 389598.80098742118571, 286844.153911746980157, 0.0 ], [ 389573.486997728643473, 286843.624298712005839, 0.0 ], [ 389560.507594222726766, 286858.771789141872432, 0.0 ], [ 389547.528233089193236, 286873.919296659936663, 0.0 ], [ 389522.214332541800104, 286873.389823378645815, 0.0 ], [ 389509.235057633370161, 286888.537382461712696, 0.0 ], [ 389496.255825095693581, 286903.684958620986436, 0.0 ], [ 389470.942013783380389, 286903.155625098268501, 0.0 ], [ 389457.962867566151544, 286918.303252835932653, 0.0 ], [ 389444.983763627009466, 286933.450897659757175, 0.0 ], [ 389432.004702056758106, 286948.598559571779333, 0.0 ], [ 389431.36029802338453, 286979.423095780541189, 0.0 ], [ 389418.38131969620008, 286994.570774473540951, 0.0 ], [ 389405.402383740758523, 287009.718470254039858, 0.0 ], [ 389404.75805700046476, 287040.543007072468754, 0.0 ], [ 389404.11372579971794, 287071.367545130779035, 0.0 ], [ 389391.134913968679029, 287086.515257391263731, 0.0 ], [ 389378.156144505832344, 287101.66298673854908, 0.0 ], [ 389365.177417415892705, 287116.810733174090274, 0.0 ], [ 389352.198732694378123, 287131.958496697887313, 0.0 ], [ 389351.554560546646826, 287162.78303476900328, 0.0 ], [ 389350.910383940208703, 287193.607574058754835, 0.0 ], [ 389350.266202874656301, 287224.432114589144476, 0.0 ], [ 389349.622017350164242, 287255.256656349520199, 0.0 ], [ 389348.977827366790734, 287286.081199341977481, 0.0 ], [ 389348.333632924768608, 287316.905743551033083, 0.0 ], [ 389347.689434023573995, 287347.730289002123754, 0.0 ], [ 389347.045230663614348, 287378.554835683899, 0.0 ], [ 389359.379339646897279, 287394.23162281018449, 0.0 ], [ 389371.713404779671691, 287409.908428863680456, 0.0 ], [ 389371.069106279988773, 287440.732979843742214, 0.0 ], [ 389383.403082226170227, 287456.409806349023711, 0.0 ], [ 389395.737014321028255, 287472.08665179356467, 0.0 ], [ 389408.070902566891164, 287487.763516163220629, 0.0 ], [ 389420.404746965738013, 287503.440399462881032, 0.0 ], [ 389432.738547512795776, 287519.117301690508612, 0.0 ], [ 389445.072304210334551, 287534.794222846045159, 0.0 ], [ 389444.427729199524038, 287565.618784263730049, 0.0 ], [ 389456.761396613612305, 287581.295725878851954, 0.0 ], [ 389482.073311114450917, 287581.825099878828041, 0.0 ], [ 389494.406892411410809, 287597.502096736861859, 0.0 ], [ 389506.740429859724827, 287613.179112534155138, 0.0 ], [ 389532.052261156146415, 287613.708629984175786, 0.0 ], [ 389544.385712391114794, 287629.385701031424105, 0.0 ], [ 389556.719119779532775, 287645.062791008793283, 0.0 ], [ 389569.052483223669697, 287660.739899912674446, 0.0 ], [ 389568.407459232897963, 287691.564475447288714, 0.0 ], [ 389567.762430778006092, 287722.389052211947273, 0.0 ], [ 389567.117397859401535, 287753.213630195998121, 0.0 ], [ 389566.472360476502217, 287784.038209419231862, 0.0 ], [ 389553.494181915768422, 287799.185673295462038, 0.0 ], [ 389540.516045638883952, 287814.333154258492868, 0.0 ], [ 389552.849180951830931, 287830.010253443440888, 0.0 ], [ 389565.18227231875062, 287845.687371557753067, 0.0 ], [ 389564.537221544072963, 287876.511954461107962, 0.0 ], [ 389563.892166305216961, 287907.336538603587542, 0.0 ], [ 389563.24710660247365, 287938.161123976809904, 0.0 ], [ 389562.602042435843032, 287968.985710579319857, 0.0 ], [ 389561.95697380520869, 287999.810298412514385, 0.0 ], [ 389561.311900710803457, 288030.63488746364601, 0.0 ], [ 389560.666823152452707, 288061.459477756114211, 0.0 ], [ 389560.021741130156443, 288092.284069276473019, 0.0 ], [ 389559.376654644031078, 288123.108662029670086, 0.0 ], [ 389558.731563694251236, 288153.933256000862457, 0.0 ], [ 389545.753875749069266, 288169.080716217518784, 0.0 ], [ 389532.776230091229081, 288184.228193522430956, 0.0 ], [ 389532.131216450885404, 288215.052788125234656, 0.0 ], [ 389519.153654065099545, 288230.200282213918399, 0.0 ], [ 389506.17613405524753, 288245.347793397202622, 0.0 ], [ 389505.531197727308609, 288276.17238860897487, 0.0 ], [ 389492.553760988870636, 288291.319916575332172, 0.0 ], [ 389479.576366629335098, 288306.467461634834763, 0.0 ], [ 389466.599014653707854, 288321.615023784746882, 0.0 ], [ 389453.621705059893429, 288336.762603024311829, 0.0 ], [ 389452.976927824318409, 288367.587198260880541, 0.0 ], [ 389439.999701499473304, 288382.734794288466219, 0.0 ], [ 389427.022517649864312, 288397.882407409197185, 0.0 ], [ 389426.377817733329721, 288428.707003255432937, 0.0 ], [ 389413.400717066135257, 288443.85463316278765, 0.0 ], [ 389400.423658782092389, 288459.002280161192175, 0.0 ], [ 389399.779036186286248, 288489.826876641949639, 0.0 ], [ 389386.802061174414121, 288504.974540428374894, 0.0 ], [ 389373.825128548545763, 288520.122221305849962, 0.0 ], [ 389360.848238306527492, 288535.269919276528526, 0.0 ], [ 389335.539003108919133, 288534.740771528682671, 0.0 ], [ 389310.229769512196071, 288534.211694596568123, 0.0 ], [ 389284.920537330559455, 288533.682688473898452, 0.0 ], [ 389259.611306656617671, 288533.153753162769135, 0.0 ], [ 389247.278748356562573, 288517.477018255740404, 0.0 ], [ 389234.946146195405163, 288501.800302276678849, 0.0 ], [ 389209.636832295509521, 288501.271510426187888, 0.0 ], [ 389184.327519990736619, 288500.742789388692472, 0.0 ], [ 389171.994789240241516, 288485.066164985182695, 0.0 ], [ 389159.662014626897871, 288469.389559509640094, 0.0 ], [ 389134.352619003155269, 288468.860981928533874, 0.0 ], [ 389122.019758164184168, 288453.184431704401504, 0.0 ], [ 389109.68685347243445, 288437.50790040823631, 0.0 ], [ 389096.710321681690402, 288452.655961258336902, 0.0 ], [ 389083.733832367695868, 288467.804039203096181, 0.0 ], [ 389058.424441265291534, 288467.275674057309516, 0.0 ], [ 389045.448038116912358, 288482.423803583311383, 0.0 ], [ 389032.471677353023551, 288497.571950201818254, 0.0 ], [ 389019.495358976186253, 288512.720113914227113, 0.0 ], [ 389006.519082984421402, 288527.868294720479753, 0.0 ], [ 388981.209868881502189, 288527.340138340601698, 0.0 ], [ 388968.23367924161721, 288542.488370732462499, 0.0 ], [ 388955.257531892275438, 288557.636620205419604, 0.0 ], [ 388929.948407042771578, 288557.108603617409244, 0.0 ], [ 388916.972345952992328, 288572.25690468295943, 0.0 ], [ 388903.996327253640629, 288587.405222845962271, 0.0 ], [ 388878.687291657086462, 288586.877346048480831, 0.0 ], [ 388865.711359213339165, 288602.025715795578435, 0.0 ], [ 388852.735469250823371, 288617.174102638673503, 0.0 ], [ 388827.426522904541343, 288616.646365633117966, 0.0 ], [ 388814.450719112413935, 288631.794804058910813, 0.0 ], [ 388801.474957702273969, 288646.943259580002632, 0.0 ], [ 388776.166100610571448, 288646.415662367769983, 0.0 ], [ 388763.190425466164015, 288661.56416947505204, 0.0 ], [ 388750.214792704326101, 288676.712693677691277, 0.0 ], [ 388724.906024954863824, 288676.185236260935199, 0.0 ], [ 388711.930478457070421, 288691.333812040567864, 0.0 ], [ 388698.95497434673598, 288706.482404926151503, 0.0 ], [ 388685.979512621823233, 288721.631014907092322, 0.0 ], [ 388673.004093287163414, 288736.779641984030604, 0.0 ], [ 388647.695502449758351, 288736.252393343718722, 0.0 ], [ 388622.386913202819414, 288735.725215517100878, 0.0 ], [ 388609.411624005180784, 288750.873928673972841, 0.0 ], [ 388596.436377193545923, 288766.02265892829746, 0.0 ], [ 388571.127877106773667, 288765.495620895700995, 0.0 ], [ 388545.819378524029162, 288764.968653677438851, 0.0 ], [ 388532.844261849706527, 288780.117470010998659, 0.0 ], [ 388519.869187566742767, 288795.266303442011122, 0.0 ], [ 388494.560778324201237, 288794.739476022077724, 0.0 ], [ 388469.252370489994064, 288794.212719413684681, 0.0 ], [ 388456.918906819657423, 288778.537096711748745, 0.0 ], [ 388444.585399291478097, 288762.861492933472618, 0.0 ], [ 388432.251847903360613, 288747.185908080311492, 0.0 ], [ 388432.89323325647274, 288716.361370155063923, 0.0 ], [ 388420.559592669596896, 288700.685805757238995, 0.0 ], [ 388395.250930690963287, 288700.159267072798684, 0.0 ], [ 388369.94227012002375, 288699.632799199200235, 0.0 ], [ 388357.608500935952179, 288683.957326364936307, 0.0 ], [ 388345.274687890720088, 288668.281872466381174, 0.0 ], [ 388319.965944074850995, 288667.755548043525778, 0.0 ], [ 388294.657201761147007, 288667.229294432152528, 0.0 ], [ 388269.348461037385277, 288666.703111634531524, 0.0 ], [ 388244.039721720386297, 288666.176999647694174, 0.0 ], [ 388218.730983904795721, 288665.650958471698686, 0.0 ], [ 388205.756314864847809, 288680.800224092439748, 0.0 ], [ 388192.781688213639427, 288695.949506821285468, 0.0 ], [ 388167.473039731034078, 288695.423605445714202, 0.0 ], [ 388142.164392654201947, 288694.897774880984798, 0.0 ], [ 388116.855747077963315, 288694.372015127737541, 0.0 ], [ 388091.547102997603361, 288693.846326185390353, 0.0 ], [ 388066.238460417487659, 288693.320708055980504, 0.0 ], [ 388053.264095604070462, 288708.470180352975149, 0.0 ], [ 388040.289773092372343, 288723.619669748179149, 0.0 ], [ 388014.981219752575271, 288723.094191418436822, 0.0 ], [ 387989.672667905455455, 288722.568783900293056, 0.0 ], [ 387964.364117557648569, 288722.043447193689644, 0.0 ], [ 387939.055568799492903, 288721.518181301420555, 0.0 ], [ 387926.081464162794873, 288736.667825772427022, 0.0 ], [ 387925.441799296124373, 288767.492328426451422, 0.0 ], [ 387924.802130004041828, 288798.316832313255873, 0.0 ], [ 387924.162456286838278, 288829.141337422304787, 0.0 ], [ 387923.522778143989854, 288859.965843775484245, 0.0 ], [ 387910.548879540758207, 288875.11550416710088, 0.0 ], [ 387897.575023329351097, 288890.265181660361122, 0.0 ], [ 387884.601209507673047, 288905.414876253227703, 0.0 ], [ 387871.62743807816878, 288920.564587947796099, 0.0 ], [ 387870.987919158069417, 288951.389094344864134, 0.0 ], [ 387870.348395813722163, 288982.213601985422429, 0.0 ], [ 387857.374748606933281, 288997.363330191816203, 0.0 ], [ 387844.401143788709305, 289012.513075497816317, 0.0 ], [ 387831.427581366151571, 289027.662837906158529, 0.0 ], [ 387818.454061425174586, 289042.812617416959256, 0.0 ], [ 387817.814697311550844, 289073.637125114852097, 0.0 ], [ 387830.148766887607053, 289089.311855111212935, 0.0 ], [ 387842.482792693539523, 289104.986604043282568, 0.0 ], [ 387854.816774643550161, 289120.66137189976871, 0.0 ], [ 387867.150712730479427, 289136.336158676363993, 0.0 ], [ 387866.511162841692567, 289167.160673716687597, 0.0 ], [ 387865.871608528774232, 289197.985189992003143, 0.0 ], [ 387852.898247721488588, 289213.134916138486005, 0.0 ], [ 387839.924929305037949, 289228.284659374621697, 0.0 ], [ 387839.285452399344649, 289259.109176294296049, 0.0 ], [ 387826.312217296333984, 289274.258936349593569, 0.0 ], [ 387813.339024677290581, 289289.408713508746587, 0.0 ], [ 387812.699625181150623, 289320.233231074234936, 0.0 ], [ 387812.060221262276173, 289351.057749871106353, 0.0 ], [ 387799.087152787833475, 289366.207543533586431, 0.0 ], [ 387786.114126705215313, 289381.357354306965135, 0.0 ], [ 387785.474800198921002, 289412.181873751105741, 0.0 ], [ 387785.155135287437588, 289427.594133936974686, 0.0 ], [ 387797.808413517079316, 289427.856584242428653, 0.0 ], [ 387810.141982969362289, 289443.531313654559199, 0.0 ], [ 387822.475508474453818, 289459.206061986857094, 0.0 ], [ 387834.808990205870941, 289474.880829246365465, 0.0 ], [ 387834.169477913761511, 289505.705356020887848, 0.0 ], [ 387846.502870443975553, 289521.380143729387783, 0.0 ], [ 387871.809172230598051, 289521.905244550725911, 0.0 ], [ 387897.115475514612626, 289522.43041619064752, 0.0 ], [ 387922.421780291595496, 289522.955658647813834, 0.0 ], [ 387947.728086473711301, 289523.480971922224853, 0.0 ], [ 387960.061265610624105, 289539.155923832731787, 0.0 ], [ 387959.42131316580344, 289569.980462193430867, 0.0 ], [ 387958.781356294755824, 289600.805001783475745, 0.0 ], [ 387958.141394997539464, 289631.62954260839615, 0.0 ], [ 387957.5014292744454, 289662.454084654164035, 0.0 ], [ 387956.861459124833345, 289693.278627945517655, 0.0 ], [ 387956.221484549168963, 289724.103172469651327, 0.0 ], [ 387968.554347752768081, 289739.778152470418718, 0.0 ], [ 387980.887167093460448, 289755.453151394845918, 0.0 ], [ 387993.219942568801343, 289771.128169243689626, 0.0 ], [ 388005.552674174192362, 289786.80320600559935, 0.0 ], [ 388004.912513787858188, 289817.627757871465292, 0.0 ], [ 388017.245156184886582, 289833.302815097209532, 0.0 ], [ 388029.577754713362083, 289848.977891245856881, 0.0 ], [ 388041.91030928719556, 289864.652986318222247, 0.0 ], [ 388067.215674134320579, 289865.178673734597396, 0.0 ], [ 388092.521040479885414, 289865.704431973164901, 0.0 ], [ 388104.853466503787786, 289881.37961861473741, 0.0 ], [ 388117.185848660243209, 289897.054824182181619, 0.0 ], [ 388129.518186951638199, 289912.730048676079605, 0.0 ], [ 388141.850481373432558, 289928.405292081646621, 0.0 ], [ 388154.182731836684979, 289944.080554421525449, 0.0 ], [ 388166.514938522246666, 289959.755835690710228, 0.0 ], [ 388191.820052051276434, 289960.281882684561424, 0.0 ], [ 388204.152172479894944, 289975.957219200208783, 0.0 ], [ 388203.511295370815787, 290006.781793046044186, 0.0 ], [ 388215.843326584377792, 290022.457150016271044, 0.0 ], [ 388228.175313926418312, 290038.132525911671109, 0.0 ], [ 388240.507257401477545, 290053.807920734281652, 0.0 ], [ 388265.812116515822709, 290054.334185664134566, 0.0 ], [ 388278.143973732134327, 290070.009635723254178, 0.0 ], [ 388290.475787078379653, 290085.685104720236268, 0.0 ], [ 388302.807556556886993, 290101.36059264303185, 0.0 ], [ 388315.139282162708696, 290117.03609949228121, 0.0 ], [ 388327.470963900210336, 290132.711625267402269, 0.0 ], [ 388339.802601762465201, 290148.387169969675597, 0.0 ], [ 388365.107208143512253, 290148.913723668316379, 0.0 ], [ 388377.438759661279619, 290164.589323619904462, 0.0 ], [ 388389.770267393556423, 290180.264942498062737, 0.0 ], [ 388402.101731258910149, 290195.940580302674789, 0.0 ], [ 388414.433151252917014, 290211.616237023845315, 0.0 ], [ 388426.764527372317389, 290227.291912685032003, 0.0 ], [ 388426.122838332143147, 290258.116512811859138, 0.0 ], [ 388438.454125222982839, 290273.792208926926833, 0.0 ], [ 388463.758392499119509, 290274.319053224811796, 0.0 ], [ 388476.089593130978756, 290289.994804592744913, 0.0 ], [ 388488.420749794808216, 290305.67057488579303, 0.0 ], [ 388513.724933792429511, 290306.197562659159303, 0.0 ], [ 388526.05600428924663, 290321.873388206469826, 0.0 ], [ 388538.387030907848384, 290337.549232682329603, 0.0 ], [ 388563.691131627070718, 290338.076363932690583, 0.0 ], [ 388588.995233845780604, 290338.603566008736379, 0.0 ], [ 388601.326131724868901, 290354.279502052464522, 0.0 ], [ 388613.656985822191928, 290369.955457034753636, 0.0 ], [ 388638.961004760465585, 290370.482802588434424, 0.0 ], [ 388651.291772591997869, 290386.15881282708142, 0.0 ], [ 388650.649284859828185, 290416.983435553382151, 0.0 ], [ 388662.979963458143175, 290432.659466248762328, 0.0 ], [ 388675.310598178883083, 290448.335515872109681, 0.0 ], [ 388687.641189024085179, 290464.011584424762987, 0.0 ], [ 388712.94495353801176, 290464.539147938543465, 0.0 ], [ 388725.918213576893322, 290449.390641074802261, 0.0 ], [ 388738.891516015224624, 290434.242151310667396, 0.0 ], [ 388751.864860861911438, 290419.093678648176137, 0.0 ], [ 388764.838248109852429, 290403.945223083195742, 0.0 ], [ 388790.142189773148857, 290404.472995423013344, 0.0 ], [ 388815.446132942219265, 290405.00083858781727, 0.0 ], [ 388840.750077517819591, 290405.52875257836422, 0.0 ], [ 388853.080460876459256, 290421.205054966325406, 0.0 ], [ 388865.410800361307338, 290436.881376280856784, 0.0 ], [ 388890.714661751466338, 290437.409433756081853, 0.0 ], [ 388916.018524645827711, 290437.937562056351453, 0.0 ], [ 388941.322388949687593, 290438.465761182364076, 0.0 ], [ 388966.626254848670214, 290438.994031138252467, 0.0 ], [ 388978.956380899646319, 290454.670516695186961, 0.0 ], [ 388991.286463073745836, 290470.347021184221376, 0.0 ], [ 389016.59024570020847, 290470.875434624205809, 0.0 ], [ 389028.9202416058979, 290486.551994371751789, 0.0 ], [ 389041.2501936389599, 290502.228573037369642, 0.0 ], [ 389066.553892897965852, 290502.757129960635211, 0.0 ], [ 389091.857593748369254, 290503.285757713136263, 0.0 ], [ 389104.187417123117484, 290518.96242798055755, 0.0 ], [ 389116.517196621920448, 290534.639117176586296, 0.0 ], [ 389128.846932242391631, 290550.315825304773171, 0.0 ], [ 389141.176623979583383, 290565.992552362324204, 0.0 ], [ 389166.480156689241994, 290566.52139626070857, 0.0 ], [ 389191.783690990821924, 290567.05031098832842, 0.0 ], [ 389204.113254075229634, 290582.727129637787584, 0.0 ], [ 389216.442773277987726, 290598.403967218706384, 0.0 ], [ 389228.772248601191677, 290614.08082373108482, 0.0 ], [ 389241.101680047053378, 290629.757699172827415, 0.0 ], [ 389266.405046297586523, 290630.28683005127823, 0.0 ], [ 389278.734391379053704, 290645.963760744431056, 0.0 ], [ 389278.089711007196456, 290676.788439076917712, 0.0 ], [ 389277.445026177912951, 290707.613118641544133, 0.0 ], [ 389289.774236731464043, 290723.29007134080166, 0.0 ], [ 389302.103403401619289, 290738.967042972915806, 0.0 ], [ 389314.432526192744263, 290754.644033536489587, 0.0 ], [ 389339.735551814781502, 290755.173384235939011, 0.0 ], [ 389365.038578944222536, 290755.702805765380617, 0.0 ], [ 389390.341607486305293, 290756.232298122602515, 0.0 ], [ 389415.64463762671221, 290756.761861311213579, 0.0 ], [ 389427.97354697145056, 290772.439016134187113, 0.0 ], [ 389427.328331048134714, 290803.263710380881093, 0.0 ], [ 389426.683110663900152, 290834.088405871007126, 0.0 ], [ 389426.037885818863288, 290864.913102586870082, 0.0 ], [ 389425.392656513140537, 290895.73780053696828, 0.0 ], [ 389437.721340479562059, 290911.414980421599466, 0.0 ], [ 389463.023942190804519, 290911.944694443780463, 0.0 ], [ 389475.352539877174422, 290927.621929582674056, 0.0 ], [ 389487.681093684048392, 290943.299183667171746, 0.0 ], [ 389500.009603513986804, 290958.976456680335104, 0.0 ], [ 389512.338069552090019, 290974.653748630604241, 0.0 ], [ 389525.312079552561045, 290959.506350533338264, 0.0 ], [ 389538.286131963948719, 290944.358969537075609, 0.0 ], [ 389551.260226781247184, 290929.211605635413434, 0.0 ], [ 389551.905891996226273, 290898.386897293734364, 0.0 ], [ 389552.551552747725509, 290867.562190169992391, 0.0 ], [ 389553.197209035395645, 290836.737484278331976, 0.0 ], [ 389566.17146899405634, 290821.590136567072477, 0.0 ], [ 389591.474337101564743, 290822.120199239056092, 0.0 ], [ 389616.777206625905819, 290822.650332739576697, 0.0 ], [ 389642.080077750026248, 290823.180537072243169, 0.0 ], [ 389654.40851483203005, 290838.858021957741585, 0.0 ], [ 389666.736908030055929, 290854.535525776911527, 0.0 ], [ 389679.065257339330856, 290870.213048528938089, 0.0 ], [ 389691.393562768935226, 290885.890590216673445, 0.0 ], [ 389716.696265838225372, 290886.421010716410819, 0.0 ], [ 389729.024484897323418, 290902.098607668303885, 0.0 ], [ 389741.352660166623536, 290917.776223556604236, 0.0 ], [ 389753.680791550897993, 290933.453858367225621, 0.0 ], [ 389753.034431546984706, 290964.278582641505636, 0.0 ], [ 389740.060026449733414, 290979.425670257071033, 0.0 ], [ 389727.085663758160081, 290994.572774968633894, 0.0 ], [ 389714.111343567434233, 291009.719896779046394, 0.0 ], [ 389701.137065687740687, 291024.867035684816074, 0.0 ], [ 389700.490864863619208, 291055.69175997399725, 0.0 ], [ 389699.844659572525416, 291086.516485483269207, 0.0 ], [ 389686.870505927363411, 291101.66364087961847, 0.0 ], [ 389673.896394686715212, 291116.810813372663688, 0.0 ], [ 389673.250266755290795, 291147.635539514303673, 0.0 ], [ 389672.604134357243311, 291178.460266887326725, 0.0 ], [ 389671.957997492980212, 291209.284995478985365, 0.0 ], [ 389658.984051407082006, 291224.432184161734767, 0.0 ], [ 389633.682300570653751, 291223.90188512642635, 0.0 ], [ 389620.708440792164765, 291239.049125405319501, 0.0 ], [ 389607.734623419761192, 291254.196382780908607, 0.0 ], [ 389594.760848551057279, 291269.343657259596512, 0.0 ], [ 389594.114957178477198, 291300.168384044198319, 0.0 ], [ 389581.141265539976303, 291315.315675315156113, 0.0 ], [ 389568.16761631303234, 291330.462983685662039, 0.0 ], [ 389567.521802309551276, 291361.287711084180046, 0.0 ], [ 389566.875983841600828, 291392.112439724733122, 0.0 ], [ 389579.203687384957448, 291407.789862133271527, 0.0 ], [ 389604.504917326616123, 291408.320030509901699, 0.0 ], [ 389616.832534586312249, 291423.99750818539178, 0.0 ], [ 389616.186534590146039, 291454.822242956142873, 0.0 ], [ 389628.5140625750646, 291470.499741100415122, 0.0 ], [ 389640.841546672396362, 291486.177258167008404, 0.0 ], [ 389640.195451444596983, 291517.001997232378926, 0.0 ], [ 389639.549351750873029, 291547.826737529248931, 0.0 ], [ 389638.90324759145733, 291578.651479053951334, 0.0 ], [ 389638.25713896623347, 291609.476221811491996, 0.0 ], [ 389650.5843976365868, 291625.15376394247869, 0.0 ], [ 389662.911612410272937, 291640.831325021281373, 0.0 ], [ 389662.265408549108543, 291671.656072072102688, 0.0 ], [ 389661.619200221728534, 291702.480820352211595, 0.0 ], [ 389673.946280336822383, 291718.158403430716135, 0.0 ], [ 389686.273316556704231, 291733.836005442833994, 0.0 ], [ 389698.600308886030689, 291749.513626389903948, 0.0 ], [ 389710.927257227245718, 291765.191266258596443, 0.0 ], [ 389723.254161769873463, 291780.86892507498851, 0.0 ], [ 389748.554365203424823, 291781.39954050333472, 0.0 ], [ 389760.881183452322148, 291797.077254593081307, 0.0 ], [ 389773.20795780478511, 291812.754987617139705, 0.0 ], [ 389785.534688265412115, 291828.432739576965105, 0.0 ], [ 389797.861374826985411, 291844.110510471044108, 0.0 ], [ 389823.161410079104826, 291844.641342086310033, 0.0 ], [ 389835.488010350149125, 291860.319168255897239, 0.0 ], [ 389847.814566724002361, 291875.997013359097764, 0.0 ], [ 389873.114518773218151, 291876.52798849233659, 0.0 ], [ 389885.440988851245493, 291892.205888871743809, 0.0 ], [ 389897.767415034002624, 291907.883808174810838, 0.0 ], [ 389910.093797320732847, 291923.561746425577439, 0.0 ], [ 389897.120353267993778, 291938.708583124680445, 0.0 ], [ 389884.146951629198156, 291953.855436924030073, 0.0 ], [ 389896.473287030123174, 291969.533359304536134, 0.0 ], [ 389908.799578534555621, 291985.211300621507689, 0.0 ], [ 389908.152462433208711, 292016.036079564422835, 0.0 ], [ 389907.505341859941836, 292046.860859725333285, 0.0 ], [ 389919.831498686107807, 292062.538823046954349, 0.0 ], [ 389932.15761152212508, 292078.21680530073354, 0.0 ], [ 389931.510395691322628, 292109.041589769825805, 0.0 ], [ 389943.836419327068143, 292124.719592495937832, 0.0 ], [ 389956.162399066844955, 292140.397614159213845, 0.0 ], [ 389968.488334906171076, 292156.075654758897144, 0.0 ], [ 389980.814226849237457, 292171.75371429574443, 0.0 ], [ 389980.166824970627204, 292202.578506116464268, 0.0 ], [ 389979.519418618059717, 292233.403299177123699, 0.0 ], [ 389991.845175868016668, 292249.081380719318986, 0.0 ], [ 390017.14410121680703, 292249.612802947522141, 0.0 ], [ 390029.469772165699396, 292265.290939765924122, 0.0 ], [ 390041.795399121940136, 292280.969095517939422, 0.0 ], [ 390067.094241171260364, 292281.500661270460114, 0.0 ], [ 390092.393084725015797, 292282.032297867175657, 0.0 ], [ 390104.718583065550774, 292297.710545240086503, 0.0 ], [ 390117.044037507730536, 292313.388811551616527, 0.0 ], [ 390129.369448049459606, 292329.067096789600328, 0.0 ], [ 390141.694814685266465, 292344.745400975341909, 0.0 ], [ 390154.020137334009632, 292360.423724096792284, 0.0 ], [ 390166.345416169438977, 292376.102066160354298, 0.0 ], [ 390191.644006806309335, 292376.633991647628136, 0.0 ], [ 390204.617404929012991, 292361.48757323162863, 0.0 ], [ 390217.590845466591418, 292346.341171916632447, 0.0 ], [ 390242.889525444363244, 292346.873237251013052, 0.0 ], [ 390255.214678563701455, 292362.551705741498154, 0.0 ], [ 390267.539787692949176, 292378.230193169845734, 0.0 ], [ 390292.838384370144922, 292378.762402032851242, 0.0 ], [ 390305.163407280982938, 292394.440944742353167, 0.0 ], [ 390317.488386291603092, 292410.119506390357856, 0.0 ], [ 390342.786899670609273, 292410.651858782744966, 0.0 ], [ 390355.111792373994831, 292426.330475711205509, 0.0 ], [ 390367.436641171923839, 292442.009111581777688, 0.0 ], [ 390392.735071162285749, 292442.541607502789702, 0.0 ], [ 390418.033502756501548, 292443.074174269277137, 0.0 ], [ 390443.331935862312093, 292443.606811880657915, 0.0 ], [ 390456.305691297631711, 292428.460739093716256, 0.0 ], [ 390469.279489152133465, 292413.314683407719713, 0.0 ], [ 390494.578011509147473, 292413.847460864111781, 0.0 ], [ 390507.551895694225095, 292398.70145677565597, 0.0 ], [ 390520.525822297902778, 292383.555469782557338, 0.0 ], [ 390545.824434089940041, 292384.088387088209856, 0.0 ], [ 390558.149032962974161, 292399.767293229408097, 0.0 ], [ 390557.499614412547089, 292430.592135991260875, 0.0 ], [ 390556.850191374658607, 292461.416979984554928, 0.0 ], [ 390556.200763849541545, 292492.241825192933902, 0.0 ], [ 390568.525182603683788, 292507.920754881808534, 0.0 ], [ 390580.849557455279864, 292523.59970350790536, 0.0 ], [ 390567.875705186161213, 292538.745602863898966, 0.0 ], [ 390554.901895336923189, 292553.89151931880042, 0.0 ], [ 390554.252454349654727, 292584.716368224238977, 0.0 ], [ 390553.603008875274099, 292615.541218346974347, 0.0 ], [ 390540.629323278088123, 292630.687151283258572, 0.0 ], [ 390527.655680099502206, 292645.833101316238753, 0.0 ], [ 390527.006311975303106, 292676.657952064240817, 0.0 ], [ 390539.330500704643782, 292692.336854619556107, 0.0 ], [ 390551.654645527421962, 292708.015776117041241, 0.0 ], [ 390563.97874644130934, 292723.694716553029139, 0.0 ], [ 390576.302803450380452, 292739.37367592897499, 0.0 ], [ 390575.653249212657101, 292770.198534034949262, 0.0 ], [ 390575.003690486832056, 292801.023393380863126, 0.0 ], [ 390587.327612768800464, 292816.702374767861329, 0.0 ], [ 390599.651491056894884, 292832.381375096272677, 0.0 ], [ 390599.00183702679351, 292863.206238740414847, 0.0 ], [ 390598.352178508532234, 292894.031103603250813, 0.0 ], [ 390610.675922158814501, 292909.710125942714512, 0.0 ], [ 390622.999621900031343, 292925.389167222834658, 0.0 ], [ 390622.349868074234109, 292956.214036396006122, 0.0 ], [ 390621.700109759462066, 292987.038906797009986, 0.0 ], [ 390621.050346955831628, 293017.86377842730144, 0.0 ] ] ] ] } },
{ "type": "Feature", "properties": { "Name": "230203#06", "desc": "수영강 n to 000000#02", "area": 9.3, "perim": 17.66 }, "geometry": { "type": "MultiPolygon", "coordinates": [ [ [ [ 394442.631027098512277, 290662.919793502835091, 0.0 ], [ 394454.951818784582429, 290678.604152972169686, 0.0 ], [ 394467.934922519314568, 290663.463475792028476, 0.0 ], [ 394480.918068639468402, 290648.322815684543457, 0.0 ], [ 394506.222009530174546, 290648.866603286063764, 0.0 ], [ 394531.525951872230507, 290649.410461721126921, 0.0 ], [ 394556.829895851260517, 290649.954390994622372, 0.0 ], [ 394569.813216116395779, 290634.813851387181785, 0.0 ], [ 394582.796578770910855, 290619.67332885164069, 0.0 ], [ 394608.100612135545816, 290620.217397912812885, 0.0 ], [ 394633.404646959388629, 290620.761537806713022, 0.0 ], [ 394658.70868341869209, 290621.30574853986036, 0.0 ], [ 394684.012721428065561, 290621.850030108587816, 0.0 ], [ 394709.316760985297151, 290622.394382512953598, 0.0 ], [ 394734.620802090619691, 290622.938805754354689, 0.0 ], [ 394746.941174561390653, 290638.6235810375656, 0.0 ], [ 394759.26150321715977, 290654.308375279942993, 0.0 ], [ 394784.565461127203889, 290654.852942079713102, 0.0 ], [ 394796.885703505366109, 290670.537791640730575, 0.0 ], [ 394809.205901977722533, 290686.22266015940113, 0.0 ], [ 394834.509776692488231, 290686.767370517540257, 0.0 ], [ 394859.813652863493189, 290687.312151712016203, 0.0 ], [ 394885.117530676419847, 290687.857003744924441, 0.0 ], [ 394910.421410036389716, 290688.401926614169497, 0.0 ], [ 394935.725290950620547, 290688.94692032050807, 0.0 ], [ 394948.709229168540332, 290673.80689817329403, 0.0 ], [ 394961.693209772813134, 290658.666893096000422, 0.0 ], [ 394986.997179987141863, 290659.212026585708372, 0.0 ], [ 395012.301151839725208, 290659.757230914547108, 0.0 ], [ 395037.605125245056115, 290660.30250607902417, 0.0 ], [ 395062.909100198710803, 290660.847852081235033, 0.0 ], [ 395075.893298877635971, 290645.708001969323959, 0.0 ], [ 395088.877539849549066, 290630.568168925063219, 0.0 ], [ 395114.181604197714478, 290631.113654710701667, 0.0 ], [ 395139.485670101712458, 290631.659211334073916, 0.0 ], [ 395152.470041390450206, 290616.519464318815153, 0.0 ], [ 395165.454455069149844, 290601.379734359914437, 0.0 ], [ 395178.438911130360793, 290586.240021470119245, 0.0 ], [ 395191.42340957862325, 290571.100325650186278, 0.0 ], [ 395216.72765262669418, 290571.646091000526212, 0.0 ], [ 395242.031897319597192, 290572.191927188599948, 0.0 ], [ 395267.336143562453799, 290572.737834213010501, 0.0 ], [ 395292.640391360386275, 290573.283812074398156, 0.0 ], [ 395304.959922652808018, 290588.969384229043499, 0.0 ], [ 395317.27940994722303, 290604.654975341283716, 0.0 ], [ 395342.58357455895748, 290605.201096768199932, 0.0 ], [ 395355.235657446202822, 290605.474184044811409, 0.0 ], [ 395355.568338075652719, 290590.061625187168829, 0.0 ], [ 395343.248891521943733, 290574.375980304146651, 0.0 ], [ 395330.929401060799137, 290558.69035438093124, 0.0 ], [ 395318.609866690007038, 290543.004747415310703, 0.0 ], [ 395306.290288504911587, 290527.3191594138043, 0.0 ], [ 395306.955464532307815, 290496.494048834894784, 0.0 ], [ 395294.635796905087773, 290480.808481355954427, 0.0 ], [ 395282.316085371770896, 290465.122932825528551, 0.0 ], [ 395282.981165911711287, 290434.297826575348154, 0.0 ], [ 395270.661365026258864, 290418.612298558990005, 0.0 ], [ 395258.341520237503573, 290402.926789503835607, 0.0 ], [ 395259.006505292374641, 290372.101687582326122, 0.0 ], [ 395259.671485749073327, 290341.276586888008751, 0.0 ], [ 395247.351506169652566, 290325.59109990199795, 0.0 ], [ 395235.031482683320064, 290309.905631875037216, 0.0 ], [ 395222.711415295023471, 290294.220182805031072, 0.0 ], [ 395210.39130400022259, 290278.534752694831695, 0.0 ], [ 395198.07114889647346, 290262.849341544439085, 0.0 ], [ 395185.750949794077314, 290247.163949352456257, 0.0 ], [ 395186.415653004311025, 290216.33885919698514, 0.0 ], [ 395174.095364560023881, 290200.653487529663835, 0.0 ], [ 395161.775032210745849, 290184.968134809460025, 0.0 ], [ 395162.439639944874216, 290154.14304898341652, 0.0 ], [ 395150.119218257954344, 290138.457716775126755, 0.0 ], [ 395137.798752664180938, 290122.772403526643757, 0.0 ], [ 395138.463264924532268, 290091.947322028630879, 0.0 ], [ 395126.142709990148433, 290076.262029292818625, 0.0 ], [ 395113.822111156303436, 290060.576755526766647, 0.0 ], [ 395101.501468421542086, 290044.891500706318766, 0.0 ], [ 395089.180781875969842, 290029.206264844920952, 0.0 ], [ 395089.845107789849862, 289998.381190785672516, 0.0 ], [ 395077.524331813678145, 289982.695975438400637, 0.0 ], [ 395065.203511941828765, 289967.010779045929667, 0.0 ], [ 395052.882648165221326, 289951.32560161256697, 0.0 ], [ 395040.561740490957163, 289935.640443135460373, 0.0 ], [ 395028.240788914379664, 289919.955303628055844, 0.0 ], [ 395015.919793438632041, 289904.270183067012113, 0.0 ], [ 395016.583842142426874, 289873.445119553711265, 0.0 ], [ 395004.262757337186486, 289857.760019504639786, 0.0 ], [ 394991.941628628410399, 289842.074938412522897, 0.0 ], [ 394992.60558187100105, 289811.249879227892961, 0.0 ], [ 394980.284363922430202, 289795.5648186506005, 0.0 ], [ 394967.963101985165849, 289779.879777037363965, 0.0 ], [ 394968.626959768938832, 289749.054722180066165, 0.0 ], [ 394956.305608500959352, 289733.36970106739318, 0.0 ], [ 394943.984213333344087, 289717.684698914585169, 0.0 ], [ 394931.662774268887006, 289701.999715715181082, 0.0 ], [ 394919.34129131201189, 289686.314751472731587, 0.0 ], [ 394920.004962775041349, 289655.489704052743036, 0.0 ], [ 394907.683390485006385, 289639.804760332917795, 0.0 ], [ 394895.361774301505648, 289624.119835559395142, 0.0 ], [ 394896.025350312236696, 289593.294792466738727, 0.0 ], [ 394883.703644799767062, 289577.609888203791343, 0.0 ], [ 394871.381895486905705, 289561.925002897100057, 0.0 ], [ 394872.045376047608443, 289531.099964132416062, 0.0 ], [ 394859.723537314741407, 289515.415099336300045, 0.0 ], [ 394847.401654689339921, 289499.730253505636938, 0.0 ], [ 394848.065039802459069, 289468.90521906898357, 0.0 ], [ 394835.743067851522937, 289453.220393739640713, 0.0 ], [ 394823.421052009100094, 289437.535587363759987, 0.0 ], [ 394824.084341676905751, 289406.710557254380547, 0.0 ], [ 394824.747626757016405, 289375.885528364393394, 0.0 ], [ 394825.410907249082811, 289345.060500705090817, 0.0 ], [ 394813.088711229793262, 289329.375717948365491, 0.0 ], [ 394800.766471315640956, 289313.690954147197772, 0.0 ], [ 394801.429656366177369, 289282.865930803876836, 0.0 ], [ 394802.092836829542648, 289252.040908679948188, 0.0 ], [ 394789.770462172513362, 289236.356166943616699, 0.0 ], [ 394777.448043623706326, 289220.67144417349482, 0.0 ], [ 394778.111128648277372, 289189.846426377538592, 0.0 ], [ 394765.788620873470791, 289174.161724108096678, 0.0 ], [ 394753.466069115092978, 289158.477040789905004, 0.0 ], [ 394754.129058703198098, 289127.652027321979403, 0.0 ], [ 394754.792043705179822, 289096.827015073387884, 0.0 ], [ 394755.455024120863527, 289066.002004054083955, 0.0 ], [ 394756.117999950540252, 289035.176994244975504, 0.0 ], [ 394756.780971194035374, 289004.351985654560849, 0.0 ], [ 394744.458148428355344, 288988.66732906276593, 0.0 ], [ 394719.149536253302358, 288988.123076672607567, 0.0 ], [ 394706.82662724389229, 288972.438475392467808, 0.0 ], [ 394694.503674343694001, 288956.753893067128956, 0.0 ], [ 394682.180677559575997, 288941.069329707243014, 0.0 ], [ 394669.857636883039959, 288925.38478528871201, 0.0 ], [ 394657.53455241129268, 288909.70025982928928, 0.0 ], [ 394645.211423959117383, 288894.01575332187349, 0.0 ], [ 394632.888251624186523, 288878.331265767919831, 0.0 ], [ 394620.565035397477914, 288862.646797169465572, 0.0 ], [ 394608.241775283648167, 288846.962347523018252, 0.0 ], [ 394595.918471285374835, 288831.277916832768824, 0.0 ], [ 394583.595123400446028, 288815.593505096738227, 0.0 ], [ 394584.257458745967597, 288784.768518270167988, 0.0 ], [ 394571.93402155576041, 288769.0841270397068, 0.0 ], [ 394559.61054047732614, 288753.399754765501712, 0.0 ], [ 394560.272780403844081, 288722.574772254971322, 0.0 ], [ 394560.935015748837031, 288691.749790965171997, 0.0 ], [ 394548.611400043999311, 288676.065440752310678, 0.0 ], [ 394536.287740359082818, 288660.381109501351602, 0.0 ], [ 394523.964036789839156, 288644.69679719459964, 0.0 ], [ 394511.640289338305593, 288629.012503840553109, 0.0 ], [ 394512.302338433684781, 288598.187529984570574, 0.0 ], [ 394512.964382948470302, 288567.36255734867882, 0.0 ], [ 394500.640500778332353, 288551.678286055976059, 0.0 ], [ 394488.316574729571585, 288535.994033713126555, 0.0 ], [ 394488.978523832629435, 288505.16906541516073, 0.0 ], [ 394501.964485235395841, 288490.02834756084485, 0.0 ], [ 394514.950489010196179, 288474.887646770046558, 0.0 ], [ 394527.936535149812698, 288459.746963047597092, 0.0 ], [ 394540.922623658669181, 288444.60629639000399, 0.0 ], [ 394553.90875453420449, 288429.465646799479146, 0.0 ], [ 394566.894927681307308, 288414.325014272355475, 0.0 ], [ 394579.88114328996744, 288399.18439881154336, 0.0 ], [ 394592.867401262396015, 288384.043800417741295, 0.0 ], [ 394593.529672456905246, 288353.218830668833107, 0.0 ], [ 394594.19193906954024, 288322.393862130120397, 0.0 ], [ 394594.854201099602506, 288291.568894810043275, 0.0 ], [ 394595.516458547441289, 288260.743928710056935, 0.0 ], [ 394596.178711412707344, 288229.91896384145366, 0.0 ], [ 394596.840959695749916, 288199.094000180251896, 0.0 ], [ 394597.503203396394383, 288168.269037740537897, 0.0 ], [ 394610.489789556828327, 288153.128454071236774, 0.0 ], [ 394635.800722779007629, 288153.672301373328082, 0.0 ], [ 394648.787395202787593, 288138.531769235036336, 0.0 ], [ 394661.774109985446557, 288123.391254159505479, 0.0 ], [ 394674.760867135890294, 288108.250756160181481, 0.0 ], [ 394687.747666557086632, 288093.110275211569387, 0.0 ], [ 394713.058776916586794, 288093.654331183875911, 0.0 ], [ 394726.045662690536119, 288078.513901763421018, 0.0 ], [ 394739.032590824877843, 288063.373489409219474, 0.0 ], [ 394752.019561324152164, 288048.233094117837027, 0.0 ], [ 394765.006574183469638, 288033.092715890554246, 0.0 ], [ 394777.993629405042157, 288017.952354726730846, 0.0 ], [ 394790.980726990965195, 288002.812010625668336, 0.0 ], [ 394803.96786684601102, 287987.671683588763699, 0.0 ], [ 394816.955049152835272, 287972.531373625271954, 0.0 ], [ 394829.942273821448907, 287957.39108071528608, 0.0 ], [ 394830.605257019749843, 287926.566111024469137, 0.0 ], [ 394818.28092930954881, 287910.881436135678086, 0.0 ], [ 394805.956557720899582, 287895.196780198893975, 0.0 ], [ 394793.632142344547901, 287879.512143219122663, 0.0 ], [ 394768.320423642289825, 287878.967888031911571, 0.0 ], [ 394755.995921954512596, 287863.283306355937384, 0.0 ], [ 394743.671376386715565, 287847.598743634065613, 0.0 ], [ 394718.359574550762773, 287847.054631965584122, 0.0 ], [ 394706.034942767058965, 287831.370124559558462, 0.0 ], [ 394693.710267101996578, 287815.685636094247457, 0.0 ], [ 394668.398382222396322, 287815.141667946591042, 0.0 ], [ 394656.073620342358481, 287799.457234786474146, 0.0 ], [ 394643.748814581136685, 287783.772820581216365, 0.0 ], [ 394618.4368464773288, 287783.228995945944916, 0.0 ], [ 394606.111954499501735, 287767.54463704302907, 0.0 ], [ 394593.787018645787612, 287751.860297094273847, 0.0 ], [ 394581.462038913974538, 287736.175976099679247, 0.0 ], [ 394569.137015401618555, 287720.491674056334887, 0.0 ], [ 394543.824879476916976, 287719.948065638483968, 0.0 ], [ 394531.499769654357806, 287704.263818896841258, 0.0 ], [ 394519.174615954281762, 287688.579591119952966, 0.0 ], [ 394493.86239690054208, 287688.036126214370597, 0.0 ], [ 394481.537156986189075, 287672.351953729288653, 0.0 ], [ 394469.211873195192311, 287656.667800195456948, 0.0 ], [ 394443.899571098270826, 287656.124478804355022, 0.0 ], [ 394431.574201091192663, 287640.440380572981667, 0.0 ], [ 394419.248787214863114, 287624.756301291403361, 0.0 ], [ 394393.93640189152211, 287624.213123410532717, 0.0 ], [ 394381.610901795211248, 287608.52909943141276, 0.0 ], [ 394369.285357830231078, 287592.84509440214606, 0.0 ], [ 394343.97288946370827, 287592.302060033660382, 0.0 ], [ 394331.647259279445279, 287576.618110306793824, 0.0 ], [ 394319.321585224708542, 287560.93417952908203, 0.0 ], [ 394294.009033633978106, 287560.391288667276967, 0.0 ], [ 394281.68327336513903, 287544.707413201860618, 0.0 ], [ 394269.357469224371016, 287529.02355667646043, 0.0 ], [ 394244.044834499887656, 287528.480809322732966, 0.0 ], [ 394231.718944236345123, 287512.797008097579237, 0.0 ], [ 394219.393010010709986, 287497.113225820939988, 0.0 ], [ 394207.067031911108643, 287481.429462496249471, 0.0 ], [ 394207.727790529665072, 287450.604558308958076, 0.0 ], [ 394195.401723159884568, 287434.920815486344509, 0.0 ], [ 394183.075611917010974, 287419.23709161503939, 0.0 ], [ 394170.749456807971001, 287403.553386704239529, 0.0 ], [ 394145.43648335558828, 287403.01093013380887, 0.0 ], [ 394120.123511546174996, 287402.468544374976773, 0.0 ], [ 394107.797227884409949, 287386.784931097878143, 0.0 ], [ 394095.470900350366719, 287371.10133677063277, 0.0 ], [ 394070.157845317851752, 287370.559094514173921, 0.0 ], [ 394057.831431576458272, 287354.875555482984055, 0.0 ], [ 394045.504973963485099, 287339.192035403044429, 0.0 ], [ 394020.191835798090324, 287338.649936648376752, 0.0 ], [ 394007.865292066591792, 287322.966471865889616, 0.0 ], [ 393995.538704378122929, 287307.283026029006578, 0.0 ], [ 393970.225483079964761, 287306.741070775315166, 0.0 ], [ 393957.898809180944227, 287291.057680235942826, 0.0 ], [ 393945.572091415990144, 287275.374308644270059, 0.0 ], [ 393920.258786982740276, 287274.832496891613118, 0.0 ], [ 393894.945484186231624, 287274.290755948342849, 0.0 ], [ 393869.632182847708464, 287273.749085811723489, 0.0 ], [ 393844.318883052910678, 287273.207486483035609, 0.0 ], [ 393819.005584806087427, 287272.665957963792607, 0.0 ], [ 393806.019259906723164, 287287.807653770199977, 0.0 ], [ 393793.032977368042339, 287302.949366642860696, 0.0 ], [ 393767.71976852818625, 287302.407977859547827, 0.0 ], [ 393755.392755908542313, 287286.724878082284704, 0.0 ], [ 393743.065699423779733, 287271.041797253477853, 0.0 ], [ 393717.752407355641481, 287270.500551965553313, 0.0 ], [ 393705.425264663528651, 287254.81752644124208, 0.0 ], [ 393693.098078102688305, 287239.13451985194115, 0.0 ], [ 393667.784702991542872, 287238.593418062897399, 0.0 ], [ 393655.457430226553697, 287222.910466766101308, 0.0 ], [ 393643.130113593128044, 287207.22753441776149, 0.0 ], [ 393617.816655255795922, 287206.686576121952385, 0.0 ], [ 393592.503198460210115, 287206.145688634132966, 0.0 ], [ 393567.189743210794404, 287205.604871952906251, 0.0 ], [ 393554.203775584581308, 287220.746913055481855, 0.0 ], [ 393541.217850228771567, 287235.888971223670524, 0.0 ], [ 393515.904484290396795, 287235.348294277733658, 0.0 ], [ 393502.918645174708217, 287250.490403977571987, 0.0 ], [ 393489.932848418247886, 287265.632530733768363, 0.0 ], [ 393464.619571790564805, 287265.09199352451833, 0.0 ], [ 393439.306296793627553, 287264.551527123898268, 0.0 ], [ 393413.993023251183331, 287264.011131528532133, 0.0 ], [ 393388.679751248797402, 287263.470806741854176, 0.0 ], [ 393376.352058127289638, 287247.788253684178926, 0.0 ], [ 393377.009939312876668, 287216.963420140615199, 0.0 ], [ 393364.682156937778927, 287201.28088756732177, 0.0 ], [ 393352.3543306956999, 287185.598373938992154, 0.0 ], [ 393340.026460591703653, 287169.915879258362111, 0.0 ], [ 393327.698546713916585, 287154.233403523394372, 0.0 ], [ 393315.370588881778531, 287138.550946734088939, 0.0 ], [ 393290.056978150911164, 287138.010912685422227, 0.0 ], [ 393264.743368966155685, 287137.470949442649726, 0.0 ], [ 393251.757846176042221, 287152.613404771545902, 0.0 ], [ 393251.100405211676843, 287183.438226482539903, 0.0 ], [ 393250.442959696403705, 287214.263049416418653, 0.0 ], [ 393237.45756093529053, 287229.405521160166245, 0.0 ], [ 393212.144213592051528, 287228.865693902480416, 0.0 ], [ 393186.830867696786299, 287228.32593745063059, 0.0 ], [ 393161.517523344431538, 287227.786251804733183, 0.0 ], [ 393136.204180530097801, 287227.246636966825463, 0.0 ], [ 393110.890839258208871, 287226.707092935452238, 0.0 ], [ 393097.905702357529663, 287241.849754078080878, 0.0 ], [ 393097.248765087046195, 287272.674568190297578, 0.0 ], [ 393096.591823269147426, 287303.499383536749519, 0.0 ], [ 393083.606810320576187, 287318.642061094928067, 0.0 ], [ 393070.621839728206396, 287333.784755722910631, 0.0 ], [ 393069.964975042152219, 287364.609571640845388, 0.0 ], [ 393069.308105809846893, 287395.434388769615907, 0.0 ], [ 393056.323259258409962, 287410.577099815942347, 0.0 ], [ 393043.338455071323551, 287425.719827932131011, 0.0 ], [ 393042.681662973598577, 287456.544645643734839, 0.0 ], [ 393042.024866330088116, 287487.369464578863699, 0.0 ], [ 393029.040186184924096, 287502.51220911485143, 0.0 ], [ 393016.055548407253809, 287517.654970721399877, 0.0 ], [ 393015.398828901816159, 287548.47979021735955, 0.0 ], [ 393014.742104850942269, 287579.304610945517197, 0.0 ], [ 393001.757591116300318, 287594.447388971806504, 0.0 ], [ 392988.773119745426811, 287609.590184072207194, 0.0 ], [ 392988.116472835361492, 287640.41500537173124, 0.0 ], [ 392987.459821381024085, 287671.239827884361148, 0.0 ], [ 392974.475474153878167, 287686.382639405201189, 0.0 ], [ 392961.491169203305617, 287701.525467997300439, 0.0 ], [ 392960.834594892628957, 287732.350291093403939, 0.0 ], [ 392947.850373146880884, 287747.493136431730818, 0.0 ], [ 392934.866193766472861, 287762.635998842015397, 0.0 ], [ 392921.882056756177917, 287777.778878324956167, 0.0 ], [ 392896.570279910461977, 287777.239867033669725, 0.0 ], [ 392871.258504600031301, 287776.700926553225145, 0.0 ], [ 392858.930736279929988, 287761.019073996634688, 0.0 ], [ 392846.602923996921163, 287745.337240380817093, 0.0 ], [ 392821.291065529570915, 287744.798443395702634, 0.0 ], [ 392795.979208601405844, 287744.259717218577862, 0.0 ], [ 392770.667353207827546, 287743.721061853051651, 0.0 ], [ 392758.339370015193708, 287728.039356205670629, 0.0 ], [ 392746.011343045916874, 287712.357669504592195, 0.0 ], [ 392720.699404494662303, 287711.819157630146947, 0.0 ], [ 392695.387467477296013, 287711.280716567242052, 0.0 ], [ 392682.40368610015139, 287726.423923995462246, 0.0 ], [ 392669.419947093701921, 287741.567148497037124, 0.0 ], [ 392656.43625044869259, 287756.710390073421877, 0.0 ], [ 392643.452596169896424, 287771.85364872176433, 0.0 ], [ 392631.124446710222401, 287756.172123230993748, 0.0 ], [ 392618.79625329351984, 287740.490616683033295, 0.0 ], [ 392606.46801601012703, 287724.809129077882972, 0.0 ], [ 392594.139734858181328, 287709.127660414786078, 0.0 ], [ 392568.827805520850234, 287708.589573402539827, 0.0 ], [ 392556.499438154278323, 287692.908160022750963, 0.0 ], [ 392544.171026924217585, 287677.226765587111004, 0.0 ], [ 392531.842571826360654, 287661.54539009364089, 0.0 ], [ 392519.514072957914323, 287645.864033554971684, 0.0 ], [ 392507.185530129470862, 287630.182695948460605, 0.0 ], [ 392494.856943438528106, 287614.50137728266418, 0.0 ], [ 392469.544761546712834, 287613.963579114235472, 0.0 ], [ 392457.216088640852831, 287598.282315731688868, 0.0 ], [ 392444.887371870689094, 287582.601071289158426, 0.0 ], [ 392432.558611238549929, 287566.91984579077689, 0.0 ], [ 392420.229806742514484, 287551.238639233110007, 0.0 ], [ 392394.917457082308829, 287550.701057230355218, 0.0 ], [ 392382.588566375139635, 287535.019905953842681, 0.0 ], [ 392370.259631804656237, 287519.338773618685082, 0.0 ], [ 392357.930653370684013, 287503.657660237688106, 0.0 ], [ 392358.585126398829743, 287472.832890593679622, 0.0 ], [ 392346.256058721337467, 287457.151797687809449, 0.0 ], [ 392333.92694718146231, 287441.470723725447897, 0.0 ], [ 392321.5977917839773, 287425.789668703800999, 0.0 ], [ 392309.268592519802041, 287410.10863262420753, 0.0 ], [ 392296.93934948660899, 287394.427615487365983, 0.0 ], [ 392271.626576269452926, 287393.890396856935695, 0.0 ], [ 392246.313804583041929, 287393.353249035193585, 0.0 ], [ 392221.001034429529682, 287392.816172019345686, 0.0 ], [ 392208.671620405511931, 287377.135282831906807, 0.0 ], [ 392196.342162517888937, 287361.454412597173359, 0.0 ], [ 392171.0293092969805, 287360.91747906251112, 0.0 ], [ 392145.716457515547518, 287360.380616333743092, 0.0 ], [ 392132.733192190644331, 287375.524585637554992, 0.0 ], [ 392119.749969234515447, 287390.668572027469054, 0.0 ], [ 392106.766788638429716, 287405.812575492833275, 0.0 ], [ 392106.113186931004748, 287436.637324024341069, 0.0 ], [ 392093.130089553189464, 287451.781344243092462, 0.0 ], [ 392080.147034538327716, 287466.925381538690999, 0.0 ], [ 392079.493510010535829, 287497.750130653672386, 0.0 ], [ 392066.510538308415562, 287512.89418469555676, 0.0 ], [ 392041.198123784502968, 287512.357595868641511, 0.0 ], [ 392015.885710791684687, 287511.821077850472648, 0.0 ], [ 391990.57329932966968, 287511.28463063883828, 0.0 ], [ 391977.590501540573314, 287526.428805182804354, 0.0 ], [ 391964.60774611326633, 287541.572996799484827, 0.0 ], [ 391939.295424030395225, 287541.036689342232421, 0.0 ], [ 391913.983103389618918, 287540.500452689477243, 0.0 ], [ 391888.670784276386257, 287539.964286845410243, 0.0 ], [ 391863.358466695295647, 287539.428191809391137, 0.0 ], [ 391838.046150731912348, 287538.892167581361718, 0.0 ], [ 391812.733836209750734, 287538.356214160623495, 0.0 ], [ 391787.421523212105967, 287537.820331547874957, 0.0 ], [ 391762.109211748000234, 287537.284519741020631, 0.0 ], [ 391749.779262330324855, 287521.604276872531045, 0.0 ], [ 391737.449269050033763, 287505.924052941147238, 0.0 ], [ 391712.136874506366439, 287505.388384612626396, 0.0 ], [ 391686.824481398449279, 287504.852787090057973, 0.0 ], [ 391661.512089821044356, 287504.317260374024045, 0.0 ], [ 391649.181925632525235, 287488.637164396990556, 0.0 ], [ 391636.851717586978339, 287472.957087346469052, 0.0 ], [ 391611.539242929313332, 287472.421704106673133, 0.0 ], [ 391586.22676970413886, 287471.886391672713216, 0.0 ], [ 391560.914298011106439, 287471.351150044007227, 0.0 ], [ 391547.932205288438126, 287486.495910940109752, 0.0 ], [ 391534.950154930935241, 287501.640688903280534, 0.0 ], [ 391509.637772518501151, 287501.105587029596791, 0.0 ], [ 391496.655808497802354, 287516.250416559167206, 0.0 ], [ 391483.673886752105318, 287531.39526316273259, 0.0 ], [ 391458.361593619862106, 287530.860301042732317, 0.0 ], [ 391445.379758119001053, 287546.005199200706556, 0.0 ], [ 391432.397964988544118, 287561.150114438438322, 0.0 ], [ 391407.085761133697815, 287560.615292075613979, 0.0 ], [ 391381.773558899993077, 287560.08054052083753, 0.0 ], [ 391356.461358094355091, 287559.545859771897085, 0.0 ], [ 391331.149158816668205, 287559.01124982960755, 0.0 ], [ 391318.818534816731699, 287543.331623085250612, 0.0 ], [ 391306.487866953539196, 287527.652015276660677, 0.0 ], [ 391281.175584499142133, 287527.117548806359991, 0.0 ], [ 391255.863303662394173, 287526.583153143990785, 0.0 ], [ 391243.532507239084225, 287510.903636937204283, 0.0 ], [ 391244.183190803043544, 287480.078948012029286, 0.0 ], [ 391244.833869863650762, 287449.254260303394403, 0.0 ], [ 391232.502938858175185, 287433.574766115460079, 0.0 ], [ 391220.171963990898803, 287417.895290865330026, 0.0 ], [ 391220.822547820280306, 287387.070607465575449, 0.0 ], [ 391208.491483735037036, 287371.39115269278409, 0.0 ], [ 391183.178776251268573, 287370.856978730065748, 0.0 ], [ 391170.847625962458551, 287355.177579224226065, 0.0 ], [ 391158.516431903233752, 287339.498198666900862, 0.0 ], [ 391133.203641249274369, 287338.964168171223719, 0.0 ], [ 391107.890852117096074, 287338.430208480684087, 0.0 ], [ 391082.578064511006232, 287337.896319594641682, 0.0 ], [ 391057.265278426115401, 287337.362501513038296, 0.0 ], [ 391044.933871113345958, 287321.683285203063861, 0.0 ], [ 391045.583837877667975, 287290.858618473052047, 0.0 ], [ 391033.252341263694689, 287275.179422637505922, 0.0 ], [ 391020.920800790656358, 287259.500245735573117, 0.0 ], [ 391008.589216465479694, 287243.821087768650614, 0.0 ], [ 390996.257588283857331, 287228.141948738135397, 0.0 ], [ 390983.925916250678711, 287212.462828641931992, 0.0 ], [ 390971.594200363266282, 287196.783727492787875, 0.0 ], [ 390959.262440620572306, 287181.104645265906584, 0.0 ], [ 390933.949231138045434, 287180.571190481539816, 0.0 ], [ 390921.61738519591745, 287164.892163518758025, 0.0 ], [ 390909.285495398449712, 287149.213155492441729, 0.0 ], [ 390896.95356175058987, 287133.534166398341767, 0.0 ], [ 390884.621584250242449, 287117.855196240590885, 0.0 ], [ 390872.289562895137351, 287102.176245015056338, 0.0 ], [ 390872.614229330793023, 287086.763922282087151, 0.0 ], [ 390859.957497690396849, 287086.497312725230586, 0.0 ], [ 390834.644035551231354, 287085.964146712503862, 0.0 ], [ 390821.662724922643974, 287101.109911139239557, 0.0 ], [ 390808.681456571968738, 287116.255692646431271, 0.0 ], [ 390795.700230585236568, 287131.401491231983528, 0.0 ], [ 390782.719046969432384, 287146.54730690078577, 0.0 ], [ 390769.737905715592206, 287161.693139648647048, 0.0 ], [ 390769.088905361481011, 287192.517781078408007, 0.0 ], [ 390756.107847338193096, 287207.6636305837892, 0.0 ], [ 390743.12683168426156, 287222.809497184527572, 0.0 ], [ 390742.477908565895632, 287253.634139216155745, 0.0 ], [ 390754.809914881247096, 287269.312916499504354, 0.0 ], [ 390767.141877345507964, 287284.991712717164773, 0.0 ], [ 390754.160941914655268, 287300.137561297102366, 0.0 ], [ 390741.180048854323104, 287315.283426959533244, 0.0 ], [ 390740.531112261291128, 287346.10807266208576, 0.0 ], [ 390739.882171176373959, 287376.932719603122678, 0.0 ], [ 390726.901402215415146, 287392.078601722198073, 0.0 ], [ 390713.920675623463467, 287407.224500923824962, 0.0 ], [ 390700.939991488936357, 287422.370417208760045, 0.0 ], [ 390687.959349637851119, 287437.516350576304831, 0.0 ], [ 390687.310567527194507, 287468.340997496095952, 0.0 ], [ 390674.330008908640593, 287483.486947621859144, 0.0 ], [ 390661.34949266212061, 287498.632914842979517, 0.0 ], [ 390648.369018783560023, 287513.778899143100716, 0.0 ], [ 390635.388587275403552, 287528.924900528625585, 0.0 ], [ 390634.73996414616704, 287559.749547430023085, 0.0 ], [ 390634.091336527722888, 287590.574195557797793, 0.0 ], [ 390633.442704420420341, 287621.39884490147233, 0.0 ], [ 390620.462437894369941, 287636.544862435606774, 0.0 ], [ 390607.482213735347614, 287651.690897054446395, 0.0 ], [ 390606.833658878167626, 287682.515547013434116, 0.0 ], [ 390619.165241951355711, 287698.194164207438007, 0.0 ], [ 390631.496781163150445, 287713.872800334356725, 0.0 ], [ 390643.828276522341184, 287729.551455396285746, 0.0 ], [ 390669.139917319873348, 287730.084164666070137, 0.0 ], [ 390694.451559634879231, 287730.616944742447231, 0.0 ], [ 390706.782926336105447, 287746.295691395585891, 0.0 ], [ 390719.114249267964624, 287761.974456973082852, 0.0 ], [ 390744.425808392814361, 287762.507380517199636, 0.0 ], [ 390756.757045113597997, 287778.186201368749607, 0.0 ], [ 390769.088237975840457, 287793.865041156066582, 0.0 ], [ 390781.419386975001544, 287809.543899877637159, 0.0 ], [ 390793.750492120103445, 287825.222777534916531, 0.0 ], [ 390806.081553403811995, 287840.901674126507714, 0.0 ], [ 390818.412570740212686, 287856.580589650315233, 0.0 ], [ 390830.743544303055387, 287872.259524112625513, 0.0 ], [ 390843.074474010849372, 287887.938477509247605, 0.0 ], [ 390868.385695813864004, 287888.471762503089849, 0.0 ], [ 390880.716539303655736, 287904.150771155429538, 0.0 ], [ 390893.04733893298544, 287919.829798751918133, 0.0 ], [ 390905.378094704297837, 287935.508845286269207, 0.0 ], [ 390917.708806612703484, 287951.187910756270867, 0.0 ], [ 390930.039474569843151, 287966.866995159245562, 0.0 ], [ 390929.389753776253201, 287997.691681463678833, 0.0 ], [ 390941.720332597033121, 288013.37078634602949, 0.0 ], [ 390954.050867558573373, 288029.049910161236767, 0.0 ], [ 390966.381358656333759, 288044.729052903014235, 0.0 ], [ 390978.71180589182768, 288060.408214591094293, 0.0 ], [ 390978.061899136286229, 288091.232908284699079, 0.0 ], [ 390990.392257144616451, 288106.912090449361131, 0.0 ], [ 391002.722571288002655, 288122.591291547578294, 0.0 ], [ 391015.052841570694, 288138.270511585811619, 0.0 ], [ 391027.383067985647358, 288153.949750559695531, 0.0 ], [ 391039.71325045148842, 288169.629008467949461, 0.0 ], [ 391052.043389142025262, 288185.30828530335566, 0.0 ], [ 391051.393205679487437, 288216.132989464385901, 0.0 ], [ 391038.412969765893649, 288231.278414926840924, 0.0 ], [ 391025.432776316360105, 288246.423857471963856, 0.0 ], [ 391024.78267009643605, 288277.248562234104611, 0.0 ], [ 391024.132559378398582, 288308.073268211446702, 0.0 ], [ 391036.462514997576363, 288323.752533820399549, 0.0 ], [ 391048.792426839703694, 288339.431818369368557, 0.0 ], [ 391048.142220882407855, 288370.256528664031066, 0.0 ], [ 391060.472043490619399, 288385.935833688825369, 0.0 ], [ 391072.801822230801918, 288401.615157650783658, 0.0 ], [ 391085.131557104876265, 288417.294500550546218, 0.0 ], [ 391097.461248114996124, 288432.97386238531908, 0.0 ], [ 391096.810856172814965, 288463.798580057860818, 0.0 ], [ 391096.160459730308503, 288494.623298969643656, 0.0 ], [ 391095.510058787767775, 288525.448019106406718, 0.0 ], [ 391094.859653345192783, 288556.272740471060388, 0.0 ], [ 391094.20924340269994, 288587.097463061509188, 0.0 ], [ 391106.538663679733872, 288602.776851525646634, 0.0 ], [ 391118.868040088273119, 288618.456258937600069, 0.0 ], [ 391105.88820386340376, 288633.601576884102542, 0.0 ], [ 391092.908410017960705, 288648.746911915310193, 0.0 ], [ 391092.25798657553969, 288679.571638185763732, 0.0 ], [ 391079.278275981894694, 288694.716989986540284, 0.0 ], [ 391066.298607770586386, 288709.86235887062503, 0.0 ], [ 391053.31898193951929, 288725.007744839414954, 0.0 ], [ 391040.339398486888967, 288740.153147882258054, 0.0 ], [ 391027.359857416886371, 288755.298568019061349, 0.0 ], [ 391014.380358815775253, 288770.444005241966806, 0.0 ], [ 391013.730176126235165, 288801.268730862357188, 0.0 ], [ 391013.079988938639872, 288832.093457709939685, 0.0 ], [ 391012.429797252872959, 288862.918185784714296, 0.0 ], [ 391024.758936163969338, 288878.597479101561476, 0.0 ], [ 391037.088031292194501, 288894.276791370357387, 0.0 ], [ 391036.437744357273914, 288925.10152375116013, 0.0 ], [ 391035.787452923774254, 288955.926257359154988, 0.0 ], [ 391048.116413431125693, 288971.60559164400911, 0.0 ], [ 391060.445330064510927, 288987.28494486596901, 0.0 ], [ 391059.794943379005417, 289018.109682770795189, 0.0 ], [ 391072.123770763340872, 289033.789056470792275, 0.0 ], [ 391097.4318167353631, 289034.323118151864037, 0.0 ], [ 391122.739864226430655, 289034.857250649482012, 0.0 ], [ 391135.068562916014344, 289050.536715957627166, 0.0 ], [ 391147.397217818419449, 289066.216200206428766, 0.0 ], [ 391172.705182101635728, 289066.750476195826195, 0.0 ], [ 391198.01314790447941, 289067.284823004622012, 0.0 ], [ 391223.321115227299742, 289067.819240631943103, 0.0 ], [ 391248.629083981970325, 289068.353729075868614, 0.0 ], [ 391260.957525544974487, 289084.033377608167939, 0.0 ], [ 391273.285923236515373, 289099.713045079726726, 0.0 ], [ 391298.59380887018051, 289100.247677018982358, 0.0 ], [ 391323.901696029119194, 289100.782379776821472, 0.0 ], [ 391349.209584713564254, 289101.31715335539775, 0.0 ], [ 391362.189246602822095, 289086.172184930415824, 0.0 ], [ 391375.168950967607088, 289071.027233591594268, 0.0 ], [ 391388.148697717231698, 289055.882299336721189, 0.0 ], [ 391401.128486847155727, 289040.737382164457813, 0.0 ], [ 391426.436552613740787, 289041.272364488453604, 0.0 ], [ 391438.764742991595995, 289056.952265840605833, 0.0 ], [ 391451.092889495310374, 289072.632186132075731, 0.0 ], [ 391476.400871963123791, 289073.16731194924796, 0.0 ], [ 391488.728932228230406, 289088.847287518321536, 0.0 ], [ 391501.056948613841087, 289104.527282027353067, 0.0 ], [ 391513.384921129094437, 289120.207295477041043, 0.0 ], [ 391525.712849766656291, 289135.887327866046689, 0.0 ], [ 391538.040734531125054, 289151.567379194952082, 0.0 ], [ 391550.368575415515807, 289167.247449453920126, 0.0 ], [ 391575.676305300847162, 289167.782864122709725, 0.0 ], [ 391600.984036616166122, 289168.318349609442521, 0.0 ], [ 391613.964055760996416, 289153.173726643552072, 0.0 ], [ 391626.944117291015573, 289138.029120750376023, 0.0 ], [ 391652.25193800625857, 289138.564746021176688, 0.0 ], [ 391677.559760249569081, 289139.100442112772726, 0.0 ], [ 391702.867583926185034, 289139.636209022253752, 0.0 ], [ 391728.175409221556038, 289140.172046754683834, 0.0 ], [ 391753.483236040920019, 289140.707955306395888, 0.0 ], [ 391778.791064391494729, 289141.243934678845108, 0.0 ], [ 391804.098894264199771, 289141.779984872031491, 0.0 ], [ 391829.406725575681776, 289142.31610588246258, 0.0 ], [ 391854.714558502426371, 289142.852297715086024, 0.0 ], [ 391867.695057445205748, 289127.708019228244666, 0.0 ], [ 391880.675598771893419, 289112.563757821859326, 0.0 ], [ 391893.656182479986455, 289097.419513496628497, 0.0 ], [ 391906.636808564711828, 289082.275286253308877, 0.0 ], [ 391931.944818502757698, 289082.811686823493801, 0.0 ], [ 391957.252830056939274, 289083.348158216511365, 0.0 ], [ 391982.560843141633086, 289083.884700429567602, 0.0 ], [ 392007.868857754743658, 289084.421313462022226, 0.0 ], [ 392020.849701795028523, 289069.277241216623224, 0.0 ], [ 392021.503370726655703, 289038.452431494719349, 0.0 ], [ 392034.484298017108813, 289023.308376021101139, 0.0 ], [ 392047.465267592924647, 289008.164337614434771, 0.0 ], [ 392060.446279643627349, 288993.020316288922913, 0.0 ], [ 392073.427334071777295, 288977.876312045264058, 0.0 ], [ 392086.408430881798267, 288962.732324880722445, 0.0 ], [ 392111.71679663611576, 288963.269213743216824, 0.0 ], [ 392137.025163922342472, 288963.806173425051384, 0.0 ], [ 392149.352304252330214, 288979.487087656394579, 0.0 ], [ 392148.698213082738221, 289010.311904241330922, 0.0 ], [ 392148.044117388606537, 289041.136722041410394, 0.0 ], [ 392160.371122964890674, 289056.817658302199561, 0.0 ], [ 392185.679234540788457, 289057.354765213269275, 0.0 ], [ 392198.00615396827925, 289073.035756760218646, 0.0 ], [ 392210.33302952023223, 289088.716767250618432, 0.0 ], [ 392235.641057898290455, 289089.254017666273285, 0.0 ], [ 392260.949087804590818, 289089.791338902665302, 0.0 ], [ 392286.25711915345164, 289090.328730958339293, 0.0 ], [ 392311.565152121242136, 289090.866193835565355, 0.0 ], [ 392336.873186622280627, 289091.403727532771882, 0.0 ], [ 392349.199806474149227, 289107.08493867906509, 0.0 ], [ 392348.545007133623585, 289137.909775076317601, 0.0 ], [ 392360.871537712053396, 289153.591006711940281, 0.0 ], [ 392373.198024413315579, 289169.272257290314883, 0.0 ], [ 392360.216688447399065, 289184.415845868061297, 0.0 ], [ 392347.235394864226691, 289199.559451533306856, 0.0 ], [ 392346.580581935239024, 289230.384291604335885, 0.0 ], [ 392345.925764476764016, 289261.209132898948155, 0.0 ], [ 392358.252113474183716, 289276.890370714303572, 0.0 ], [ 392370.578418593329843, 289292.57162747241091, 0.0 ], [ 392382.904679738800041, 289308.252903172629885, 0.0 ], [ 392395.230897093657404, 289323.934197807102464, 0.0 ], [ 392382.249721562257037, 289339.07775031629717, 0.0 ], [ 392369.268588503298815, 289354.221319903736003, 0.0 ], [ 392368.613666663179174, 289385.046167960914318, 0.0 ], [ 392355.632616760674864, 289400.189754306629766, 0.0 ], [ 392342.651609243126586, 289415.333357731462456, 0.0 ], [ 392341.996764608309604, 289446.158206372056156, 0.0 ], [ 392341.341915444238111, 289476.983056227792986, 0.0 ], [ 392340.687061750679277, 289507.807907318521757, 0.0 ], [ 392340.032203527749516, 289538.632759634230752, 0.0 ], [ 392339.377340775565244, 289569.457613172882702, 0.0 ], [ 392338.722473494242877, 289600.28246792597929, 0.0 ], [ 392338.067601683549583, 289631.10732391331112, 0.0 ], [ 392337.412725343427155, 289661.932181127776857, 0.0 ], [ 392324.432087161461823, 289677.075799071753863, 0.0 ], [ 392311.451491364859976, 289692.219434096943587, 0.0 ], [ 392310.796692236850504, 289723.044291894882917, 0.0 ], [ 392310.141888580401428, 289753.869150905869901, 0.0 ], [ 392309.487080395105295, 289784.694011153187603, 0.0 ], [ 392321.81269999302458, 289800.375238876440562, 0.0 ], [ 392347.118751918198541, 289800.912886281439569, 0.0 ], [ 392372.424805285641924, 289801.450604510027915, 0.0 ], [ 392397.730860271723941, 289801.988393564999569, 0.0 ], [ 392410.056308873114176, 289817.669749272346962, 0.0 ], [ 392422.381713588256389, 289833.351123922446277, 0.0 ], [ 392434.707074412028305, 289849.032517517509405, 0.0 ], [ 392447.032391353684943, 289864.713930059631821, 0.0 ], [ 392459.357664406299591, 289880.395361533912364, 0.0 ], [ 392471.682893573655747, 289896.076811965147499, 0.0 ], [ 392484.008078758488409, 289911.758281340589747, 0.0 ], [ 392496.333220150787383, 289927.439769663789775, 0.0 ], [ 392508.658317652880214, 289943.121276931196917, 0.0 ], [ 392520.983371269190684, 289958.802803144208156, 0.0 ], [ 392546.289004072197713, 289959.341026488516945, 0.0 ], [ 392558.613971428188961, 289975.022607994789723, 0.0 ], [ 392570.938894893159159, 289990.70420844736509, 0.0 ], [ 392583.263774469145574, 290006.385827846243046, 0.0 ], [ 392582.607981012610253, 290037.210718390299007, 0.0 ], [ 392581.952183020766824, 290068.035610170045402, 0.0 ], [ 392581.296380493906327, 290098.860503173375037, 0.0 ], [ 392580.640573432028759, 290129.685397401044611, 0.0 ], [ 392579.984761835483368, 290160.510292840306647, 0.0 ], [ 392592.309370398521423, 290176.191938909003511, 0.0 ], [ 392617.614403857151046, 290176.730387800838798, 0.0 ], [ 392630.594914935121778, 290161.587188756675459, 0.0 ], [ 392643.57546840631403, 290146.444006805075333, 0.0 ], [ 392668.880591206601821, 290146.982595490233507, 0.0 ], [ 392694.185715536936186, 290147.521255004627164, 0.0 ], [ 392706.510156122560147, 290163.203063854132779, 0.0 ], [ 392718.834552907035686, 290178.884891665598843, 0.0 ], [ 392744.139594025444239, 290179.423694705823436, 0.0 ], [ 392757.120324639370665, 290164.280668068677187, 0.0 ], [ 392757.776740192202851, 290133.455759561853483, 0.0 ], [ 392758.433151206118055, 290102.630852266622242, 0.0 ], [ 392771.414005943748634, 290087.487842066213489, 0.0 ], [ 392783.738410320540424, 290103.16975688241655, 0.0 ], [ 392796.062770804041065, 290118.851690647774376, 0.0 ], [ 392821.367988988873549, 290119.390702440403402, 0.0 ], [ 392846.6732088024728, 290119.929785064421594, 0.0 ], [ 392871.978430147573818, 290120.468938517675269, 0.0 ], [ 392897.283653024525847, 290121.00816280086292, 0.0 ], [ 392922.588877435831819, 290121.54745791334426, 0.0 ], [ 392947.894103293598164, 290122.086823854362592, 0.0 ], [ 392973.199330774135888, 290122.626260626013391, 0.0 ], [ 392986.180538287851959, 290107.483543668291532, 0.0 ], [ 392986.837721270334441, 290076.658620778238401, 0.0 ], [ 392999.819012035906781, 290061.515920576697681, 0.0 ], [ 393025.124415148980916, 290062.055495267966762, 0.0 ], [ 393050.42981970240362, 290062.595140786434058, 0.0 ], [ 393075.735225881857332, 290063.134857135533821, 0.0 ], [ 393088.716690754925366, 290047.992277448822279, 0.0 ], [ 393101.698198016616516, 290032.849714841169771, 0.0 ], [ 393127.003693546168506, 290033.389570977946278, 0.0 ], [ 393152.30919061426539, 290033.92949794465676, 0.0 ], [ 393177.614689126145095, 290034.469495738507248, 0.0 ], [ 393202.920189267431851, 290035.009564364387188, 0.0 ], [ 393215.901914543705061, 290019.867156760417856, 0.0 ], [ 393228.883682201325428, 290004.724766221246682, 0.0 ], [ 393241.865492249082308, 289989.582392759039067, 0.0 ], [ 393254.847344682086259, 289974.440036373678595, 0.0 ], [ 393280.153021896956488, 289974.980313739273697, 0.0 ], [ 393292.476760494639166, 289990.662949364632368, 0.0 ], [ 393304.800455202232115, 290006.34560394048458, 0.0 ], [ 393330.106049305642955, 290006.886024839011952, 0.0 ], [ 393355.411644949112087, 290007.426516568171792, 0.0 ], [ 393380.717242128564976, 290007.967079124413431, 0.0 ], [ 393406.022840758261736, 290008.507712510647252, 0.0 ], [ 393419.004958159988746, 289993.365580393990967, 0.0 ], [ 393431.987117941782344, 289978.223465353541542, 0.0 ], [ 393444.310602324432693, 289993.906319086905569, 0.0 ], [ 393456.634042814082932, 290009.589191772276536, 0.0 ], [ 393481.939646148006432, 290010.130037647671998, 0.0 ], [ 393494.263000372622628, 290025.812965634744614, 0.0 ], [ 393506.586310616112314, 290041.495912558981217, 0.0 ], [ 393518.909577051294036, 290057.178878446458839, 0.0 ], [ 393531.232799597200938, 290072.861863285303116, 0.0 ], [ 393543.555978246789891, 290088.544867074699141, 0.0 ], [ 393555.879113004310057, 290104.227889814705122, 0.0 ], [ 393568.202203867316712, 290119.910931505321059, 0.0 ], [ 393580.525250830920413, 290135.593992147187237, 0.0 ], [ 393592.848253904143348, 290151.277071739605162, 0.0 ], [ 393605.17121307994239, 290166.960170283389743, 0.0 ], [ 393630.476394162571523, 290167.501450513955206, 0.0 ], [ 393655.78157687804196, 290168.042801578063518, 0.0 ], [ 393668.104407417413313, 290183.7259917682386, 0.0 ], [ 393680.42719406291144, 290199.4092009231681, 0.0 ], [ 393692.749936810228974, 290215.092429027252365, 0.0 ], [ 393705.072635663324036, 290230.775676083343569, 0.0 ], [ 393730.377650343580171, 290231.317243392462842, 0.0 ], [ 393755.682666657434311, 290231.858881534310058, 0.0 ], [ 393768.005236867582425, 290247.542220251692925, 0.0 ], [ 393780.327763185370713, 290263.225577920384239, 0.0 ], [ 393792.650245605967939, 290278.908954542537685, 0.0 ], [ 393804.972684126987588, 290294.592350115184672, 0.0 ], [ 393830.277532495325431, 290295.134204507747199, 0.0 ], [ 393842.599884659342933, 290310.817655384948011, 0.0 ], [ 393854.92219301359728, 290326.501125206414144, 0.0 ], [ 393867.244457469554618, 290342.184613993274979, 0.0 ], [ 393879.566678029426839, 290357.868121730047278, 0.0 ], [ 393904.871358455857262, 290358.410192376817577, 0.0 ], [ 393917.193492740741931, 290374.09375542239286, 0.0 ], [ 393929.515583131462336, 290389.777337419916876, 0.0 ], [ 393941.837629620684311, 290405.46093837369699, 0.0 ], [ 393954.159632122376934, 290421.144558275933377, 0.0 ], [ 393966.481590810464695, 290436.82819713302888, 0.0 ], [ 393978.803505603340454, 290452.511854943528306, 0.0 ], [ 393991.125376496464014, 290468.195531698991545, 0.0 ], [ 394003.447203486808576, 290483.879227414901834, 0.0 ], [ 394028.75154647603631, 290484.421659744402859, 0.0 ], [ 394054.055891010444611, 290484.964162907330319, 0.0 ], [ 394079.360236995213199, 290485.506736902403645, 0.0 ], [ 394104.664584618294612, 290486.049381733057089, 0.0 ], [ 394129.96893378009554, 290486.592097398650367, 0.0 ], [ 394142.290505007549655, 290502.275993855379056, 0.0 ], [ 394154.612032336066477, 290517.959909264172893, 0.0 ], [ 394179.916298206546344, 290518.502768477483187, 0.0 ], [ 394205.22056571370922, 290519.045698526431806, 0.0 ], [ 394230.524834762676619, 290519.588699409621768, 0.0 ], [ 394255.829105358454399, 290520.131771128391847, 0.0 ], [ 394281.133377498830669, 290520.674913680646569, 0.0 ], [ 394306.437651093583554, 290521.21812706644414, 0.0 ], [ 394318.758880282053724, 290536.90227958059404, 0.0 ], [ 394331.08006557286717, 290552.586451046692673, 0.0 ], [ 394343.401206958573312, 290568.270641468348913, 0.0 ], [ 394355.722304443945177, 290583.954850846319459, 0.0 ], [ 394368.043358021532185, 290599.639079179789405, 0.0 ], [ 394380.364367700880393, 290615.323326456011273, 0.0 ], [ 394392.685333476401865, 290631.007592699141242, 0.0 ], [ 394405.006255253218114, 290646.691877895733342, 0.0 ], [ 394430.310191503609531, 290647.235452989698388, 0.0 ], [ 394442.631027098512277, 290662.919793502835091, 0.0 ] ] ] ] } }
]
}
