{
"type": "FeatureCollection",
"name": "낙동강_국가하천",
"crs": { "type": "name", "properties": { "name": "urn:ogc:def:crs:OGC:1.3:CRS84" } },
"features": [
{ "type": "Feature", "properties": { "fid": 24.0, "ObjectID": 929.0, "RIVCD_2": 2007500.0, "RIVNM_2": "양산천", "CLAS1": 3.0, "CLAS2": "국가" }, "geometry": { "type": "Polygon", "coordinates": [ [ [ 129.044760805889325, 35.376045318587614 ], [ 129.046604854846407, 35.374769055223354 ], [ 129.033033613211046, 35.347493932679562 ], [ 129.022985806842627, 35.334392633678618 ], [ 129.019499139203191, 35.307727422730096 ], [ 129.016891637644761, 35.300868054296409 ], [ 129.017809365592854, 35.298807073585365 ], [ 129.011830891981305, 35.286308126005366 ], [ 129.011445508930535, 35.281943804408463 ], [ 129.010056584002228, 35.2830131894262 ], [ 129.017514476955057, 35.308274152588957 ], [ 129.02116732526909, 35.335036003113224 ], [ 129.029259682890483, 35.345711286885127 ], [ 129.044760805889325, 35.376045318587614 ] ] ] } },
{ "type": "Feature", "properties": { "fid": 25.0, "ObjectID": 928.0, "RIVCD_2": 2006950.0, "RIVNM_2": "밀양강", "CLAS1": 3.0, "CLAS2": "국가" }, "geometry": { "type": "Polygon", "coordinates": [ [ [ 128.792497543034642, 35.403088955587172 ], [ 128.792036736563233, 35.394771128294224 ], [ 128.809079333264435, 35.388187697641293 ], [ 128.81449719685142, 35.383133936923734 ], [ 128.810815946341762, 35.383520267135012 ], [ 128.80912033304466, 35.382017935724157 ], [ 128.810440062477937, 35.38397999654233 ], [ 128.807402011678903, 35.384826510140385 ], [ 128.808388975440835, 35.382824653872881 ], [ 128.805945122853672, 35.382583287350954 ], [ 128.806824932919596, 35.384715397342902 ], [ 128.803131521518338, 35.386000274167479 ], [ 128.80489014114346, 35.386316088170631 ], [ 128.802679305757891, 35.387036700612633 ], [ 128.802225462491862, 35.386538817080428 ], [ 128.801426853419628, 35.386940377298693 ], [ 128.799576497139583, 35.388007318933994 ], [ 128.802617354086124, 35.387067150629775 ], [ 128.787225817968761, 35.395829252980768 ], [ 128.787297081293445, 35.403059931956356 ], [ 128.793598572718906, 35.412882536320758 ], [ 128.794815806109625, 35.425762804759678 ], [ 128.796820364528031, 35.428922884335812 ], [ 128.791910150738261, 35.434567978786319 ], [ 128.781356414947055, 35.442413996108826 ], [ 128.778708712894968, 35.446930331397731 ], [ 128.778589406165082, 35.449414179288169 ], [ 128.783836640419082, 35.459501479593335 ], [ 128.783532715436024, 35.464376628294048 ], [ 128.780366903873869, 35.466969576965468 ], [ 128.773059957688872, 35.466546813700042 ], [ 128.762312016077686, 35.469996428272182 ], [ 128.75425214609055, 35.475520435792902 ], [ 128.741777973031674, 35.476042358569181 ], [ 128.73941077687337, 35.479712395276458 ], [ 128.740259253073475, 35.483862180989696 ], [ 128.742858072782298, 35.486871481492457 ], [ 128.751427270194114, 35.491140500341174 ], [ 128.759200568396579, 35.491645743976044 ], [ 128.764288777562768, 35.488946632491157 ], [ 128.774769344475146, 35.488882448106359 ], [ 128.779356727315673, 35.494623458284174 ], [ 128.779817527851151, 35.498214657423468 ], [ 128.783525313717405, 35.501490991890371 ], [ 128.778874545144845, 35.506652926519145 ], [ 128.772961333145872, 35.509254151249117 ], [ 128.771739295910578, 35.514090347135131 ], [ 128.767539485022638, 35.520114239656728 ], [ 128.767559914957701, 35.526054920153037 ], [ 128.770862201276628, 35.531890312377968 ], [ 128.767394958190465, 35.545213956357578 ], [ 128.757747490370235, 35.550910323218872 ], [ 128.753512568113223, 35.558250942245806 ], [ 128.756068935612774, 35.5620591107905 ], [ 128.76741028336636, 35.56573421885372 ], [ 128.769802411359478, 35.569108640343806 ], [ 128.772497262065144, 35.569404388385919 ], [ 128.773530944787183, 35.567025693874164 ], [ 128.769012127100353, 35.563826467954222 ], [ 128.75658118055108, 35.559859377076329 ], [ 128.755497840764889, 35.556685781335929 ], [ 128.759371714742969, 35.552422413300931 ], [ 128.767086538948064, 35.54970309315118 ], [ 128.773753745830618, 35.543981151949097 ], [ 128.776814120873098, 35.528335479591796 ], [ 128.773666900023528, 35.516973852904862 ], [ 128.77389724236204, 35.512588267655126 ], [ 128.784496245697426, 35.504723453505264 ], [ 128.785623836672471, 35.499850261070947 ], [ 128.78066430099048, 35.493968131697642 ], [ 128.780608757452512, 35.490790751839235 ], [ 128.784400140691019, 35.488379659335131 ], [ 128.781621094692213, 35.483960845539713 ], [ 128.772108850529804, 35.480200390889394 ], [ 128.76347166382422, 35.483604725805939 ], [ 128.761063929788037, 35.481114173391205 ], [ 128.760667909781318, 35.476349445289799 ], [ 128.762068838541467, 35.47346200218751 ], [ 128.767637975763733, 35.470800493920152 ], [ 128.780588422043337, 35.469343326893657 ], [ 128.785476024666536, 35.463656362844404 ], [ 128.785201860539928, 35.458223655502522 ], [ 128.780506224618108, 35.446217651881611 ], [ 128.783535443333022, 35.442397308155037 ], [ 128.796802428369716, 35.43409000015037 ], [ 128.798843735524969, 35.429810724520848 ], [ 128.79724563118404, 35.425998412066754 ], [ 128.796620419991314, 35.412494767377154 ], [ 128.791112353939667, 35.403684731699222 ], [ 128.792497543034642, 35.403088955587172 ] ], [ [ 128.770075461470441, 35.543097816246245 ], [ 128.769160249456007, 35.54170992255257 ], [ 128.77210658314084, 35.53174340452378 ], [ 128.768109368982834, 35.521603064836334 ], [ 128.771941443187927, 35.518522216303793 ], [ 128.774636878580509, 35.526891691456633 ], [ 128.772939427658002, 35.537969786339062 ], [ 128.770075461470441, 35.543097816246245 ] ], [ [ 128.773827471290872, 35.486288631189304 ], [ 128.766986609114014, 35.486084152443965 ], [ 128.767465569048397, 35.483438842755966 ], [ 128.774738943149913, 35.482143747665042 ], [ 128.780464501586977, 35.484755026895087 ], [ 128.78212015178056, 35.488119792772778 ], [ 128.780154138101807, 35.490085576092071 ], [ 128.773827471290872, 35.486288631189304 ] ], [ [ 128.741880805541399, 35.482944197375367 ], [ 128.741563885293544, 35.480369663345897 ], [ 128.743825099030943, 35.478157253672066 ], [ 128.754840941169448, 35.477357194043947 ], [ 128.757236550057087, 35.478076739283331 ], [ 128.76225285381787, 35.485313168049593 ], [ 128.758368704550662, 35.489494625576569 ], [ 128.75392230627304, 35.490082648786249 ], [ 128.745994074948555, 35.487260998143164 ], [ 128.741880805541399, 35.482944197375367 ] ] ] } },
{ "type": "Feature", "properties": { "fid": 26.0, "ObjectID": 924.0, "RIVCD_2": 2001950.0, "RIVNM_2": "금호강", "CLAS1": 3.0, "CLAS2": "국가" }, "geometry": { "type": "Polygon", "coordinates": [ [ [ 128.460347851091683, 35.876266905881621 ], [ 128.461367077692472, 35.873493936180793 ], [ 128.473068059967602, 35.865074380980744 ], [ 128.472329702031146, 35.841474925433431 ], [ 128.468360457226908, 35.841814464048952 ], [ 128.47135981072708, 35.861930248152035 ], [ 128.458077157904484, 35.874501634920151 ], [ 128.459506980497281, 35.87964924981663 ], [ 128.463411695913578, 35.884035433024827 ], [ 128.472438018529829, 35.884167965353946 ], [ 128.48831340007348, 35.878533172348831 ], [ 128.500674525677084, 35.886260806008757 ], [ 128.506439831856113, 35.893290719798138 ], [ 128.513783994290407, 35.893799225162546 ], [ 128.524917561663841, 35.889882002242388 ], [ 128.530924930574827, 35.890099346113331 ], [ 128.549341942796502, 35.89590636874199 ], [ 128.559178861653095, 35.903099421838604 ], [ 128.566795478655195, 35.905502447241481 ], [ 128.577380922962732, 35.908007618834098 ], [ 128.596591395875237, 35.906709717190196 ], [ 128.610368700804344, 35.920633427184967 ], [ 128.620162114120745, 35.926987911454262 ], [ 128.627400707918952, 35.929239077455804 ], [ 128.630420370367432, 35.928889880577401 ], [ 128.632156902583205, 35.926235190227757 ], [ 128.633328077387887, 35.912011028591131 ], [ 128.628968595939909, 35.905012555902793 ], [ 128.628491339174587, 35.90050441672728 ], [ 128.630269249530784, 35.896714958442971 ], [ 128.634920149798944, 35.893221256553808 ], [ 128.650218597889278, 35.885276166324942 ], [ 128.662077080115495, 35.875837903016908 ], [ 128.666113274961702, 35.87439205938734 ], [ 128.677026755919599, 35.874428295930464 ], [ 128.680538032173502, 35.870361355160419 ], [ 128.681399209562187, 35.86309402016402 ], [ 128.688864516530032, 35.859429923489266 ], [ 128.703390767067532, 35.858893455610719 ], [ 128.715418739687578, 35.8639341428294 ], [ 128.736641497378201, 35.857537738715649 ], [ 128.746408904997907, 35.864959296379666 ], [ 128.763663130114764, 35.868139345282565 ], [ 128.778728389213882, 35.880860628841489 ], [ 128.782368428308189, 35.89010605385004 ], [ 128.789400171082917, 35.896163096334263 ], [ 128.793106895007043, 35.898235477970807 ], [ 128.803452200869827, 35.899061093409308 ], [ 128.811549218708848, 35.90587690836125 ], [ 128.817646460284692, 35.907826629388012 ], [ 128.827709589491633, 35.910565653365047 ], [ 128.844645440887433, 35.912372956595433 ], [ 128.848744363245004, 35.915313861958182 ], [ 128.853671870499198, 35.923203716509754 ], [ 128.857000388377429, 35.925670269101154 ], [ 128.875658476929914, 35.931475008895518 ], [ 128.883274374806575, 35.931621997620461 ], [ 128.9068121756886, 35.919111228559736 ], [ 128.913700069568222, 35.917452720834888 ], [ 128.919590587124276, 35.918898588822621 ], [ 128.923270103207926, 35.92141857055141 ], [ 128.924249661315542, 35.924485913797 ], [ 128.923469632134669, 35.933090508678355 ], [ 128.921471214583192, 35.936001773889494 ], [ 128.921866301183485, 35.944939978635048 ], [ 128.919477213034924, 35.956842296338436 ], [ 128.921710010602396, 35.95743846588632 ], [ 128.92698875132595, 35.963525164987324 ], [ 128.937668749954952, 35.969204785739471 ], [ 128.949093388280403, 35.970670965671488 ], [ 128.960943581511714, 35.965786256142579 ], [ 128.966299612408562, 35.967281363931676 ], [ 128.967362811650617, 35.969958210598314 ], [ 128.970600978169585, 35.970238313381664 ], [ 128.96649362361677, 35.966018882355385 ], [ 128.961378502563122, 35.96367674616566 ], [ 128.955350527133163, 35.964477785142471 ], [ 128.950983132825939, 35.967848614966854 ], [ 128.945649437969621, 35.968992547897713 ], [ 128.937769643006419, 35.967756349650251 ], [ 128.929963855831858, 35.962597079981414 ], [ 128.925791684909996, 35.961803850648487 ], [ 128.922374238459611, 35.95586900784091 ], [ 128.924295682767422, 35.949118528904044 ], [ 128.92365327992016, 35.938695805888344 ], [ 128.928442680606622, 35.929044133055577 ], [ 128.929251865320538, 35.923466900461207 ], [ 128.925472590149667, 35.917695975062699 ], [ 128.912299168564658, 35.913938405030571 ], [ 128.883258521815407, 35.928867490304725 ], [ 128.870123213397278, 35.9285841965863 ], [ 128.858133779009194, 35.92328367666552 ], [ 128.850542562262461, 35.913242643681322 ], [ 128.842427062894757, 35.908224260799088 ], [ 128.820986503867204, 35.907173383307345 ], [ 128.81307901581792, 35.90457998768165 ], [ 128.804774974007415, 35.897373510398722 ], [ 128.79162700853405, 35.89438272668874 ], [ 128.785811323954619, 35.889637239770749 ], [ 128.781500873277309, 35.879766503808987 ], [ 128.767486457537217, 35.867043442323492 ], [ 128.737623120179876, 35.854670149139274 ], [ 128.730227928047299, 35.854318038969524 ], [ 128.722061174901199, 35.859418643265251 ], [ 128.716012084970316, 35.860988330243615 ], [ 128.705019459867714, 35.855588935985743 ], [ 128.688461715306147, 35.856002187140234 ], [ 128.68082062999278, 35.859247192354431 ], [ 128.677764547206749, 35.862444485201308 ], [ 128.675132294699551, 35.871158965881826 ], [ 128.662037649510467, 35.872927274263105 ], [ 128.648774174149281, 35.884502512207604 ], [ 128.638098677865969, 35.888947344407413 ], [ 128.628252490171803, 35.896547572513988 ], [ 128.626811646292055, 35.903494767824093 ], [ 128.630851234021662, 35.911304266234886 ], [ 128.630796843764642, 35.923893868211351 ], [ 128.6296079901594, 35.926616679859954 ], [ 128.627255598688691, 35.927601638018935 ], [ 128.622661098701883, 35.926347115862214 ], [ 128.611510296718365, 35.919193926592975 ], [ 128.605249404339077, 35.913319675532847 ], [ 128.600337201785152, 35.905860124776765 ], [ 128.595883870100693, 35.903458347375462 ], [ 128.580151856962004, 35.90486282770258 ], [ 128.56911676672641, 35.903689393138407 ], [ 128.557757142533575, 35.896259727382478 ], [ 128.530123829930147, 35.88680546733471 ], [ 128.516380862277856, 35.891540109544053 ], [ 128.508517191249382, 35.892164443064758 ], [ 128.497237531334463, 35.880357843922823 ], [ 128.492599288739683, 35.877659754525808 ], [ 128.484286227245377, 35.876328223371665 ], [ 128.47761364583792, 35.88064626309265 ], [ 128.466296966269766, 35.882459753792631 ], [ 128.462670822203108, 35.881321275255083 ], [ 128.460347851091683, 35.876266905881621 ] ] ] } },
{ "type": "Feature", "properties": { "fid": 27.0, "ObjectID": 921.0, "RIVCD_2": 2000250.0, "RIVNM_2": "반변천", "CLAS1": 3.0, "CLAS2": "국가" }, "geometry": { "type": "Polygon", "coordinates": [ [ [ 129.023139862875723, 36.48933696097388 ], [ 129.02040359521078, 36.489167168625308 ], [ 129.018168841068615, 36.488313554558296 ], [ 129.020035369813485, 36.48811690139614 ], [ 129.014093698548919, 36.483613454024869 ], [ 129.008434754725727, 36.4893937430368 ], [ 129.000563872421537, 36.491053951977726 ], [ 128.9999999795169, 36.495009579206481 ], [ 128.997469086384882, 36.491807854384746 ], [ 128.990717152543908, 36.48935944025073 ], [ 128.991506126008147, 36.490449058336601 ], [ 128.988195825867336, 36.493946592618514 ], [ 128.992288146275655, 36.498093355708619 ], [ 128.99251176102041, 36.499193710366853 ], [ 128.992075896447545, 36.499518315993839 ], [ 128.991440824002751, 36.498215578866535 ], [ 128.986195329299363, 36.497453717760912 ], [ 128.981367540663229, 36.49349827600841 ], [ 128.973792621666945, 36.49425222140183 ], [ 128.968945334836263, 36.499767670962669 ], [ 128.967269970031424, 36.499736242504333 ], [ 128.964801113911392, 36.50720533017418 ], [ 128.964797025888487, 36.512861671400195 ], [ 128.9599491492136, 36.509948536943895 ], [ 128.959644302926392, 36.506542117010817 ], [ 128.957431369831056, 36.504221749575933 ], [ 128.94712919955299, 36.501611886563431 ], [ 128.948279158927846, 36.498087635756384 ], [ 128.945961587559225, 36.49246792339315 ], [ 128.946427847830392, 36.489926504252104 ], [ 128.945998481626873, 36.487625739000791 ], [ 128.945835292036037, 36.492404154209602 ], [ 128.946690141438069, 36.49460514919037 ], [ 128.946089642332453, 36.49637216446537 ], [ 128.947243452380974, 36.498570648480417 ], [ 128.945464473860284, 36.50161977072306 ], [ 128.937451811125982, 36.507005414675383 ], [ 128.933728974718605, 36.513830199467293 ], [ 128.932355750121758, 36.512952668254783 ], [ 128.933187855487233, 36.509973353640099 ], [ 128.930261920074798, 36.506575735279235 ], [ 128.927822592401753, 36.505414011657294 ], [ 128.921282434128301, 36.506355365147975 ], [ 128.92029870149446, 36.504760020492 ], [ 128.925618696630636, 36.501339311737425 ], [ 128.920887391291302, 36.492829006040012 ], [ 128.925670040064432, 36.492450249882424 ], [ 128.928396466594677, 36.48496378076748 ], [ 128.925067004746126, 36.488298988399855 ], [ 128.925303463300509, 36.490534517291053 ], [ 128.919811051327599, 36.492546140680574 ], [ 128.921888112986096, 36.499001508296736 ], [ 128.924425313368943, 36.50138022604321 ], [ 128.912566687077828, 36.502548851918604 ], [ 128.91333787669052, 36.506380560877822 ], [ 128.91825417750718, 36.509875458887137 ], [ 128.917933662118884, 36.512238358039831 ], [ 128.915640115848106, 36.512389958030788 ], [ 128.916507619129646, 36.51336355723123 ], [ 128.914495671967131, 36.51496579042751 ], [ 128.909627929641914, 36.515911620912142 ], [ 128.909624034970193, 36.514388818422923 ], [ 128.904956922461849, 36.512389126097545 ], [ 128.899867975485193, 36.512068974092308 ], [ 128.896146131629337, 36.507088572445333 ], [ 128.889108404296707, 36.506904012580961 ], [ 128.889119702992673, 36.50458091724505 ], [ 128.887954197731887, 36.506854204103448 ], [ 128.885494672373568, 36.507597430115339 ], [ 128.884442162518951, 36.505801985986409 ], [ 128.881947693533846, 36.506220584203042 ], [ 128.882888969983696, 36.507996591098482 ], [ 128.879962521189157, 36.510075577506385 ], [ 128.877208306892612, 36.508591615638593 ], [ 128.876793351369258, 36.510504581404128 ], [ 128.878679933997404, 36.510994085953662 ], [ 128.878940517087443, 36.513457927503936 ], [ 128.883424004225986, 36.516765529660844 ], [ 128.880146654203884, 36.517345253412408 ], [ 128.877001709224004, 36.514756613590464 ], [ 128.872556318331334, 36.514863369839162 ], [ 128.877927955021846, 36.516831223624607 ], [ 128.878944303633375, 36.518120935257201 ], [ 128.877874717023275, 36.518732484104454 ], [ 128.877313490539535, 36.520429533248695 ], [ 128.883830629178334, 36.518560154369787 ], [ 128.883574048269992, 36.521475911616093 ], [ 128.880293126863592, 36.522109582915718 ], [ 128.880647856929926, 36.523404581074203 ], [ 128.882556033009394, 36.52278816698994 ], [ 128.885001287185815, 36.524387765075261 ], [ 128.883407203092247, 36.525349774063606 ], [ 128.88550916830485, 36.526356595980864 ], [ 128.885648426204597, 36.530936165634415 ], [ 128.882733403625195, 36.531184404319191 ], [ 128.884745613141092, 36.533122082855336 ], [ 128.881567291083172, 36.535546265966964 ], [ 128.875912463018949, 36.535818783467356 ], [ 128.862969840783819, 36.522755297176822 ], [ 128.86023376927173, 36.521880714294973 ], [ 128.853540790532065, 36.525572101065251 ], [ 128.848741196512805, 36.534804188824417 ], [ 128.845801002893467, 36.534958935802095 ], [ 128.837107758274755, 36.53064604576717 ], [ 128.825850674881735, 36.536653357500306 ], [ 128.820833122068649, 36.537165196365336 ], [ 128.806659240900331, 36.533708510017028 ], [ 128.797608412689868, 36.534409010027645 ], [ 128.782770790586653, 36.539731507939926 ], [ 128.779855005250596, 36.542628404072431 ], [ 128.781854625097026, 36.546801014066915 ], [ 128.780367431432467, 36.550311917885473 ], [ 128.768973616681706, 36.542989169463482 ], [ 128.758864707418581, 36.545350822114237 ], [ 128.740781126187414, 36.55492035774796 ], [ 128.73609456917103, 36.555200660980923 ], [ 128.741500089060679, 36.558718621606012 ], [ 128.748993890443472, 36.555190953756103 ], [ 128.749372096099592, 36.553213755866153 ], [ 128.765457627856648, 36.546656516876183 ], [ 128.770909806095716, 36.54759996725025 ], [ 128.780718152179304, 36.552679465189698 ], [ 128.783743711587221, 36.548317285579891 ], [ 128.783423067251675, 36.543088972792994 ], [ 128.79458171712028, 36.538063320371897 ], [ 128.804667300728738, 36.536698185485371 ], [ 128.817622337023209, 36.539646253198711 ], [ 128.827405680529864, 36.539848136550965 ], [ 128.830426644624112, 36.537239401731014 ], [ 128.843291899004186, 36.535720275938445 ], [ 128.848543725131435, 36.538204885285275 ], [ 128.851537678362376, 36.537795923216883 ], [ 128.854465546692296, 36.528178557724097 ], [ 128.86046987551893, 36.524933163600252 ], [ 128.864232635557926, 36.526913771497519 ], [ 128.875044540295079, 36.538063160204992 ], [ 128.880787219693872, 36.53883893861294 ], [ 128.880356125680692, 36.536976276633197 ], [ 128.88453820608342, 36.535548888055658 ], [ 128.883209098785358, 36.539413169442575 ], [ 128.885181964202673, 36.540792440316686 ], [ 128.883996649339991, 36.542922919090373 ], [ 128.880423848201843, 36.542557033017296 ], [ 128.883034876411756, 36.544832139246338 ], [ 128.876812261592846, 36.547367605095104 ], [ 128.87779245047065, 36.54941155744293 ], [ 128.883440293727119, 36.546950230000419 ], [ 128.882750772904927, 36.551026276345453 ], [ 128.884028084960676, 36.551476154928331 ], [ 128.885982283151293, 36.547209584036288 ], [ 128.884286323490102, 36.545350237803312 ], [ 128.887830972423529, 36.545498334919301 ], [ 128.885512214933499, 36.544127816164675 ], [ 128.885878833448288, 36.542619707661522 ], [ 128.88767712587844, 36.542663139685239 ], [ 128.888385788225747, 36.538307277621726 ], [ 128.891610116508502, 36.539527629722478 ], [ 128.890848486002938, 36.5436729005012 ], [ 128.893385907070922, 36.545010287397943 ], [ 128.896123521450278, 36.549813452285598 ], [ 128.89555447086866, 36.546423287482448 ], [ 128.899800046252295, 36.54965330207655 ], [ 128.902273258914988, 36.549320581581249 ], [ 128.911009619451534, 36.553379821326978 ], [ 128.909837635609193, 36.554207978006431 ], [ 128.911760238525432, 36.553881634924174 ], [ 128.911369612873585, 36.555323612537926 ], [ 128.90909775584953, 36.555201183334709 ], [ 128.911174090251109, 36.556027326466022 ], [ 128.908895660853801, 36.556414414858736 ], [ 128.91067512602902, 36.557031520765342 ], [ 128.909645163665658, 36.558319190049737 ], [ 128.910641102827981, 36.558977241810403 ], [ 128.909378713030605, 36.55985591813009 ], [ 128.909259488502954, 36.561676018122263 ], [ 128.910962646785407, 36.560024590108448 ], [ 128.912612335745791, 36.562458339604525 ], [ 128.912807693035461, 36.555996199584612 ], [ 128.914069053067607, 36.553949062267669 ], [ 128.916748529946716, 36.554358193161072 ], [ 128.918527889769194, 36.562949124770121 ], [ 128.921459817439398, 36.566541063099663 ], [ 128.925793138277299, 36.567872988972887 ], [ 128.92465217575031, 36.569199350389802 ], [ 128.927497750581068, 36.567959029226799 ], [ 128.930614780312624, 36.569260401655086 ], [ 128.931096249601126, 36.570824197518363 ], [ 128.929630105076654, 36.571823197552725 ], [ 128.92926006495378, 36.572698510079192 ], [ 128.931615097880581, 36.57178133136987 ], [ 128.932623330344114, 36.578495287048092 ], [ 128.929735591815586, 36.582185005953747 ], [ 128.931834960724444, 36.583442283770971 ], [ 128.927669224608508, 36.591929523228281 ], [ 128.934699558140409, 36.597614106570319 ], [ 128.933400249739037, 36.595324291678637 ], [ 128.934698747881185, 36.596820564156481 ], [ 128.936282080482016, 36.596705507027117 ], [ 128.933751119562174, 36.594266311709802 ], [ 128.933879655805129, 36.595313762696264 ], [ 128.933019920504393, 36.594178887389873 ], [ 128.932392898228727, 36.594355833922116 ], [ 128.931495735403104, 36.591974523849707 ], [ 128.936321576193478, 36.584515881212795 ], [ 128.936054587889117, 36.579773645624627 ], [ 128.947681406564953, 36.581841864737967 ], [ 128.936094001906071, 36.576585653460818 ], [ 128.937257881934897, 36.569789208169325 ], [ 128.941132910395567, 36.571332179872243 ], [ 128.935560811332579, 36.565798487764454 ], [ 128.939289988700409, 36.56443025377034 ], [ 128.938871462228548, 36.560802730451215 ], [ 128.946098338488071, 36.563568909468096 ], [ 128.948084133506342, 36.563600587966121 ], [ 128.952273592507936, 36.562694197337073 ], [ 128.950000890944551, 36.562894883806536 ], [ 128.950534899094521, 36.561663375783041 ], [ 128.93846102733329, 36.559430729599185 ], [ 128.936918048132867, 36.56367185278522 ], [ 128.932839683856315, 36.562637693498033 ], [ 128.93005289302198, 36.563694067045837 ], [ 128.924797874759747, 36.558624936201589 ], [ 128.922532507204835, 36.558877300719793 ], [ 128.924395441364311, 36.556620764159625 ], [ 128.92091750394232, 36.556300799819915 ], [ 128.922367154929987, 36.548868459971963 ], [ 128.920669295286729, 36.548403615629518 ], [ 128.91971008905216, 36.548761645357438 ], [ 128.917969436199627, 36.548136393616154 ], [ 128.917225096201946, 36.546679508586614 ], [ 128.916068273316938, 36.547881060659094 ], [ 128.911581089101304, 36.544316661600682 ], [ 128.912257599329223, 36.543506649928091 ], [ 128.910144089199207, 36.544111023193906 ], [ 128.910458154483479, 36.542295422408458 ], [ 128.908599699842853, 36.543896906094886 ], [ 128.90814396427993, 36.542061912313386 ], [ 128.906709712885942, 36.542642402028029 ], [ 128.90788133188147, 36.540835879648185 ], [ 128.904946790879904, 36.541721479484188 ], [ 128.907844649899999, 36.538580485846637 ], [ 128.907865889777185, 36.535503864880738 ], [ 128.909237347047224, 36.534258938131984 ], [ 128.91018141912042, 36.534014911427803 ], [ 128.910049647214493, 36.533979505550661 ], [ 128.910799723130026, 36.533709134746715 ], [ 128.911073319909804, 36.533475775841204 ], [ 128.908419278421093, 36.533815148221251 ], [ 128.906133985926203, 36.535706686324765 ], [ 128.904779035344802, 36.534078452233523 ], [ 128.904334623693529, 36.538648605579418 ], [ 128.899073999176693, 36.542605226513466 ], [ 128.900335885240708, 36.535754832345397 ], [ 128.899204511101999, 36.534722413624678 ], [ 128.890098379318374, 36.536688487850206 ], [ 128.8931427767684, 36.531994886945121 ], [ 128.891705256924695, 36.531156980146214 ], [ 128.89426807299256, 36.528527068379958 ], [ 128.898890991296298, 36.530927477772565 ], [ 128.899576281813722, 36.529480122074929 ], [ 128.896609627385175, 36.527849395195915 ], [ 128.897789098736411, 36.526797521878251 ], [ 128.895025053502593, 36.526884652570423 ], [ 128.89673658015559, 36.52535300007888 ], [ 128.894444284400834, 36.525999998531766 ], [ 128.8932845523114, 36.524671251748465 ], [ 128.897626494543402, 36.522620829058141 ], [ 128.893793901936959, 36.520477346121218 ], [ 128.892934892893521, 36.522967513777999 ], [ 128.889631153353406, 36.518180653248692 ], [ 128.890316919818673, 36.516420503018445 ], [ 128.887531738332939, 36.516062028137888 ], [ 128.88412604339706, 36.512581719490775 ], [ 128.883064648609491, 36.513276185939858 ], [ 128.882902591265008, 36.511715617805329 ], [ 128.886673257650244, 36.512249745586189 ], [ 128.885891067077011, 36.510642511107832 ], [ 128.888428165096229, 36.511401763171115 ], [ 128.887053585912383, 36.51017660273417 ], [ 128.89133742957199, 36.508640627261272 ], [ 128.892420670473058, 36.510078516967397 ], [ 128.892557004860237, 36.508854132304322 ], [ 128.898639358825562, 36.513317885628773 ], [ 128.896467741354058, 36.515065217427505 ], [ 128.900981475028573, 36.514791776783234 ], [ 128.905730080646777, 36.51986513393495 ], [ 128.915046342130523, 36.517126155807297 ], [ 128.917170110117496, 36.517960144719687 ], [ 128.916147550612891, 36.516613238996349 ], [ 128.922459386231537, 36.511364116279701 ], [ 128.920248738027738, 36.507714578879167 ], [ 128.92791455589412, 36.50771260216392 ], [ 128.929860103269448, 36.515153757746283 ], [ 128.93511514444495, 36.515285943522777 ], [ 128.940299967828082, 36.511620934566899 ], [ 128.939195125786227, 36.511032110613748 ], [ 128.940530730621077, 36.508222063907745 ], [ 128.944457574133764, 36.508574283797948 ], [ 128.941860227158969, 36.506868547637268 ], [ 128.942781336446217, 36.505940517664477 ], [ 128.948111545446011, 36.503575721221168 ], [ 128.951156697904082, 36.50519902367008 ], [ 128.95059278031971, 36.507151496029508 ], [ 128.953800841435026, 36.508814396409669 ], [ 128.953640185334592, 36.510064089615319 ], [ 128.962637715196138, 36.514988953520287 ], [ 128.97062483329006, 36.51117718178898 ], [ 128.96792156726363, 36.51000005781632 ], [ 128.967955154976664, 36.506898862663498 ], [ 128.970719704805759, 36.501449334801841 ], [ 128.975633946529939, 36.496949609788764 ], [ 128.982671330396585, 36.496186227334718 ], [ 128.985479712723048, 36.4996397052224 ], [ 128.983872446117175, 36.501980619545215 ], [ 128.987027789131901, 36.500569896976288 ], [ 128.992709237677161, 36.501334191047512 ], [ 128.993681757328886, 36.502796877512083 ], [ 128.992338476879723, 36.503545496237209 ], [ 128.994850497285626, 36.505627590877026 ], [ 128.999013735345528, 36.499643001041839 ], [ 128.990322912028518, 36.495496900657031 ], [ 128.989190904975572, 36.493494631601244 ], [ 128.990721830626256, 36.491709940385704 ], [ 128.995715962563168, 36.491842241129646 ], [ 129.000423427098013, 36.496432429922841 ], [ 129.001831612023381, 36.491959736314222 ], [ 129.009431274897139, 36.489718841933424 ], [ 129.013785355162696, 36.485264786575307 ], [ 129.016335154007351, 36.486147961510206 ], [ 129.018234668610631, 36.491765419885368 ], [ 129.021717629446641, 36.490894099056398 ], [ 129.023139862875723, 36.48933696097388 ] ], [ [ 128.948649249343561, 36.562119525747107 ], [ 128.948887685056803, 36.562327188146917 ], [ 128.948364317920067, 36.562385555178487 ], [ 128.948649249343561, 36.562119525747107 ] ], [ [ 128.949483111953498, 36.562804313881308 ], [ 128.949104814870708, 36.562815028543021 ], [ 128.949439857664601, 36.562636096700743 ], [ 128.949483111953498, 36.562804313881308 ] ], [ [ 128.948953753524279, 36.56213394707175 ], [ 128.949097260269866, 36.561834440306725 ], [ 128.949196204357008, 36.561960616032486 ], [ 128.948953753524279, 36.56213394707175 ] ], [ [ 128.935575202698686, 36.596278339132795 ], [ 128.935365225463698, 36.596275575444359 ], [ 128.935330942446626, 36.596216739744889 ], [ 128.935575202698686, 36.596278339132795 ] ], [ [ 128.950733527292698, 36.562867573416725 ], [ 128.950394649819913, 36.563019997753578 ], [ 128.950357772084857, 36.563005996616205 ], [ 128.950733527292698, 36.562867573416725 ] ], [ [ 128.933450398280996, 36.595129943978414 ], [ 128.933551519551855, 36.595083104745356 ], [ 128.933530042852738, 36.59514583887524 ], [ 128.933450398280996, 36.595129943978414 ] ], [ [ 128.921193874889354, 36.548582535306352 ], [ 128.921133846871356, 36.548653832839847 ], [ 128.921113377344653, 36.548630785683415 ], [ 128.921193874889354, 36.548582535306352 ] ], [ [ 128.953930061201532, 36.509544879572381 ], [ 128.954013110105848, 36.509459318253803 ], [ 128.953957768360937, 36.509563415993391 ], [ 128.953930061201532, 36.509544879572381 ] ], [ [ 128.945263596370211, 36.580908625189942 ], [ 128.945350887565439, 36.580920118020984 ], [ 128.945280110457446, 36.580942749305642 ], [ 128.945263596370211, 36.580908625189942 ] ], [ [ 128.950529094750237, 36.563051440511146 ], [ 128.950382839545057, 36.563061525863191 ], [ 128.950533750504235, 36.563038680980128 ], [ 128.950529094750237, 36.563051440511146 ] ], [ [ 128.94868883971867, 36.563163062414738 ], [ 128.948696973880971, 36.563112043868223 ], [ 128.948733101879981, 36.563109607234878 ], [ 128.94868883971867, 36.563163062414738 ] ], [ [ 128.877630710559828, 36.547669212700299 ], [ 128.877575998990153, 36.547651763886911 ], [ 128.877648150333215, 36.5476437818158 ], [ 128.877630710559828, 36.547669212700299 ] ], [ [ 128.94745908928104, 36.500344484581881 ], [ 128.947459059788088, 36.500344459699633 ], [ 128.947459122433827, 36.500344466150914 ], [ 128.94745908928104, 36.500344484581881 ] ] ] } },
{ "type": "Feature", "properties": { "fid": 28.0, "ObjectID": 1804.0, "RIVCD_2": 2400180.0, "RIVNM_2": "맥도강", "CLAS1": 3.0, "CLAS2": "국가" }, "geometry": { "type": "Polygon", "coordinates": [ [ [ 128.936954844737869, 35.150651157543749 ], [ 128.933103754578525, 35.144436134474738 ], [ 128.93091131217318, 35.134926432987214 ], [ 128.931585832668958, 35.131246799764561 ], [ 128.936964324398474, 35.12433673205085 ], [ 128.932549541023576, 35.113274860173981 ], [ 128.931504987620315, 35.118055336611789 ], [ 128.921705988294093, 35.130719347282252 ], [ 128.917876828945481, 35.132194762261371 ], [ 128.917645374326383, 35.133970585974275 ], [ 128.918868994035421, 35.132161547198486 ], [ 128.921497264804913, 35.132312859298253 ], [ 128.931362348545775, 35.119266602003663 ], [ 128.933711038671902, 35.118750245790181 ], [ 128.934006116305113, 35.125795504281918 ], [ 128.929017178898562, 35.133228297149444 ], [ 128.930394879250315, 35.143186087583878 ], [ 128.932736378229976, 35.148398884880535 ], [ 128.935287860423216, 35.151656962109833 ], [ 128.944829011661994, 35.154938147409929 ], [ 128.950872720850754, 35.153908519530106 ], [ 128.9531434490506, 35.155407002052627 ], [ 128.95187143311216, 35.154291015556261 ], [ 128.954287954843068, 35.153955067548623 ], [ 128.95232808999134, 35.151807714037574 ], [ 128.941920925546469, 35.152334351708845 ], [ 128.936954844737869, 35.150651157543749 ] ] ] } },
{ "type": "Feature", "properties": { "fid": 29.0, "ObjectID": 1802.0, "RIVCD_2": 2400010.0, "RIVNM_2": "서낙동강", "CLAS1": 3.0, "CLAS2": "국가" }, "geometry": { "type": "Polygon", "coordinates": [ [ [ 128.897731274312719, 35.120328735557734 ], [ 128.896880515039726, 35.121960355982232 ], [ 128.894620380099042, 35.121804312233799 ], [ 128.89921107722526, 35.124875347184926 ], [ 128.900248436502352, 35.131788114486547 ], [ 128.892137516434389, 35.137362624691143 ], [ 128.886880863030598, 35.144411176999597 ], [ 128.886587296273575, 35.1570270805421 ], [ 128.890071945660537, 35.164088381379095 ], [ 128.891119320190853, 35.164500737925898 ], [ 128.89197832885165, 35.160880740654768 ], [ 128.900891367253166, 35.164457811901649 ], [ 128.899498297689973, 35.165294882675511 ], [ 128.904884357430859, 35.188913801981144 ], [ 128.902336729340476, 35.195801286213189 ], [ 128.90288582733416, 35.199947439244944 ], [ 128.912181217859313, 35.212523625816452 ], [ 128.914682972252535, 35.214552490845129 ], [ 128.918707701410113, 35.214368653061278 ], [ 128.918939932452957, 35.216064007207223 ], [ 128.917358821746205, 35.216110908741925 ], [ 128.927446222853632, 35.220123895727227 ], [ 128.940544856597796, 35.22889663748218 ], [ 128.955608880628205, 35.226778617220191 ], [ 128.973566483068822, 35.228096569789834 ], [ 128.977483949341575, 35.227138073603868 ], [ 128.984175528478175, 35.2278707782461 ], [ 128.990986227688296, 35.232248381803096 ], [ 128.994169435167464, 35.232594082583255 ], [ 128.989990756858191, 35.227542954433261 ], [ 128.97288556405465, 35.223933165216565 ], [ 128.951908143965767, 35.223331254173942 ], [ 128.945648476282798, 35.225187883323088 ], [ 128.93722523961668, 35.22342651015488 ], [ 128.927866233055596, 35.217840286954186 ], [ 128.916474096933655, 35.205453339506597 ], [ 128.908655870110806, 35.200366759124876 ], [ 128.905773294238941, 35.195423655665202 ], [ 128.908310716812423, 35.188780609678801 ], [ 128.908582206441281, 35.179272521879447 ], [ 128.903514652131321, 35.150339401021867 ], [ 128.90641470802089, 35.126822606495402 ], [ 128.903592183747719, 35.119885673779571 ], [ 128.897731274312719, 35.120328735557734 ] ], [ [ 128.889971073787223, 35.143626502994181 ], [ 128.895516275958016, 35.137558807024249 ], [ 128.899622619409143, 35.152471292096926 ], [ 128.89959634467732, 35.162522428963307 ], [ 128.890657943574183, 35.160152031469586 ], [ 128.887866260474652, 35.15741925523502 ], [ 128.889971073787223, 35.143626502994181 ] ], [ [ 128.91870190975186, 35.213325434269699 ], [ 128.915638110373521, 35.213411572030694 ], [ 128.912679295238263, 35.21105956112978 ], [ 128.908330555986538, 35.203228508608063 ], [ 128.916131839657766, 35.208442195133159 ], [ 128.91870190975186, 35.213325434269699 ] ], [ [ 128.95182515002324, 35.225220234634357 ], [ 128.941342303173457, 35.228253725044475 ], [ 128.937687804703756, 35.226563490410499 ], [ 128.95182515002324, 35.225220234634357 ] ] ] } },
{ "type": "Feature", "properties": { "fid": 30.0, "ObjectID": 1803.0, "RIVCD_2": 2400170.0, "RIVNM_2": "평강천", "CLAS1": 3.0, "CLAS2": "국가" }, "geometry": { "type": "Polygon", "coordinates": [ [ [ 128.914792016654928, 35.134324831723667 ], [ 128.906270603533159, 35.129787721372807 ], [ 128.91458268527893, 35.13483190934955 ], [ 128.917845184120154, 35.134543881232332 ], [ 128.925327283342654, 35.14454727343395 ], [ 128.925918339420264, 35.147268053386924 ], [ 128.921632615183114, 35.153538170928122 ], [ 128.92054370438035, 35.161265855091926 ], [ 128.915908426884442, 35.169928277374567 ], [ 128.915969514608207, 35.171292788028538 ], [ 128.921380349725553, 35.187474181039917 ], [ 128.923414714220939, 35.189417581188806 ], [ 128.929562781566148, 35.192132569787887 ], [ 128.931159987411576, 35.197879991764431 ], [ 128.932550306446103, 35.199988398722027 ], [ 128.934004364621472, 35.201867683867896 ], [ 128.938295860587573, 35.204634901404418 ], [ 128.939347163360679, 35.206879610994712 ], [ 128.945937794819059, 35.21495489766567 ], [ 128.943281352844025, 35.222342694886024 ], [ 128.943112172358923, 35.224518105760147 ], [ 128.944711578323677, 35.224843297166331 ], [ 128.943896849528244, 35.222084907032354 ], [ 128.946260884794754, 35.217240111888053 ], [ 128.946065790773702, 35.214490282881371 ], [ 128.938313131819001, 35.204059648092752 ], [ 128.933588060659019, 35.20091102163488 ], [ 128.930014184027669, 35.192157411220094 ], [ 128.921869215069506, 35.187328208663985 ], [ 128.916354970254901, 35.170627968484553 ], [ 128.923700344779263, 35.155229982059659 ], [ 128.922614872607966, 35.15431780269607 ], [ 128.926509967464852, 35.148273080156173 ], [ 128.926274525170101, 35.144795502296354 ], [ 128.918668643095003, 35.133530879923768 ], [ 128.914792016654928, 35.134324831723667 ] ] ] } },
{ "type": "Feature", "properties": { "fid": 31.0, "ObjectID": 1615.0, "RIVCD_2": 2006800.0, "RIVNM_2": "화포천", "CLAS1": 3.0, "CLAS2": "국가" }, "geometry": { "type": "Polygon", "coordinates": [ [ [ 128.738930985753143, 35.227962450090466 ], [ 128.740619313426066, 35.226290892134983 ], [ 128.742174361220975, 35.228763586720561 ], [ 128.745143432137468, 35.229661134513407 ], [ 128.748071610580467, 35.229572523264224 ], [ 128.751010276333631, 35.22854130701409 ], [ 128.753806279063554, 35.230017575155287 ], [ 128.752859197192123, 35.231552961566415 ], [ 128.752736597058657, 35.232564597708787 ], [ 128.752853190415721, 35.233859502581467 ], [ 128.752046109257378, 35.234437380830528 ], [ 128.751874571105787, 35.234781930538205 ], [ 128.753086333340235, 35.23675039490761 ], [ 128.751829255612137, 35.238186489467417 ], [ 128.750550691444971, 35.241517685620323 ], [ 128.752345728277106, 35.244543946880562 ], [ 128.753487709691427, 35.244999005729362 ], [ 128.753515137685724, 35.248515618082251 ], [ 128.755110275916905, 35.250075539776041 ], [ 128.754382831467183, 35.255348869545578 ], [ 128.762465805059406, 35.271415213044406 ], [ 128.76854488819842, 35.277635073401107 ], [ 128.77060846823025, 35.282902767781316 ], [ 128.777523332912381, 35.290989092234511 ], [ 128.781070415491143, 35.302403941085778 ], [ 128.780561265566462, 35.303229984583091 ], [ 128.780059425849174, 35.307493940658155 ], [ 128.783115549809281, 35.309763947915393 ], [ 128.780668230700911, 35.308531744597587 ], [ 128.788460718991587, 35.313683704288842 ], [ 128.799163334475026, 35.314057197119055 ], [ 128.803319002962212, 35.317764032643012 ], [ 128.803575102057323, 35.312779175201761 ], [ 128.808611003778935, 35.313245993489637 ], [ 128.809938489441038, 35.314804423229546 ], [ 128.809164783996977, 35.317682113507139 ], [ 128.807655707145017, 35.316059833195219 ], [ 128.807133859694943, 35.318253527397054 ], [ 128.806684769800142, 35.318046873215451 ], [ 128.806570476959109, 35.318037848032311 ], [ 128.804441179333992, 35.318485676351266 ], [ 128.804163435030915, 35.318299055180852 ], [ 128.803831317186166, 35.318228962502715 ], [ 128.804526400052595, 35.318890937753032 ], [ 128.807120545266713, 35.318270378335484 ], [ 128.805546397846427, 35.322546084915288 ], [ 128.806582826099003, 35.320809263453135 ], [ 128.808726342727994, 35.322236537395739 ], [ 128.805008915349362, 35.323629433203038 ], [ 128.806753278488003, 35.326561511602257 ], [ 128.806113010284975, 35.329693502133637 ], [ 128.808659232507097, 35.327517712493588 ], [ 128.809046914900222, 35.330027122595929 ], [ 128.806122166593639, 35.329796647331108 ], [ 128.807228041006226, 35.333763818182852 ], [ 128.810207767588707, 35.332041229111013 ], [ 128.813854774282845, 35.335184778470243 ], [ 128.814186488350657, 35.338886282344845 ], [ 128.806738108004595, 35.344203335036369 ], [ 128.806843504532111, 35.348990937393474 ], [ 128.804277268780567, 35.352846328581968 ], [ 128.803614175197936, 35.351477424073202 ], [ 128.803350627150564, 35.357284670869134 ], [ 128.809111896016077, 35.347113166708191 ], [ 128.808480685244206, 35.343397246148427 ], [ 128.815416034551021, 35.340340059059265 ], [ 128.815226448869822, 35.335455002124277 ], [ 128.809215979979825, 35.329337004920554 ], [ 128.808974344416811, 35.317918403296297 ], [ 128.811007468325613, 35.315508526661567 ], [ 128.810562835782747, 35.315717796364645 ], [ 128.808897716103445, 35.313146157077647 ], [ 128.805667185717937, 35.310837006529809 ], [ 128.802901113009767, 35.31214097962696 ], [ 128.791686125243899, 35.312041114752205 ], [ 128.780942667214049, 35.307477949312343 ], [ 128.781711907239014, 35.301668736091372 ], [ 128.778060237150612, 35.289631996310533 ], [ 128.770843146067278, 35.282156439637127 ], [ 128.769732796337195, 35.277970250420424 ], [ 128.76353241071277, 35.271540352910364 ], [ 128.761265666778968, 35.265000945957304 ], [ 128.759313712525369, 35.264437499255777 ], [ 128.755893860930399, 35.257516050069768 ], [ 128.755467636242798, 35.249986453108107 ], [ 128.753597289554307, 35.24799684472692 ], [ 128.753826161101671, 35.245012709749311 ], [ 128.751157975953163, 35.242139715058009 ], [ 128.753322615883661, 35.236668836771223 ], [ 128.752061131525153, 35.234753288717023 ], [ 128.752919435393409, 35.234080449885809 ], [ 128.754083551410531, 35.230090966521296 ], [ 128.751116946505419, 35.228441873620298 ], [ 128.742381508761838, 35.228695759964253 ], [ 128.740591148351513, 35.226128903814931 ], [ 128.735031552320635, 35.223828074736609 ], [ 128.733522725902475, 35.225482094185665 ], [ 128.738930985753143, 35.227962450090466 ] ], [ [ 128.806274999966291, 35.323855773442467 ], [ 128.80871144934946, 35.322887312972561 ], [ 128.808603301968475, 35.326002537756807 ], [ 128.807492765473825, 35.326133486534339 ], [ 128.807709234942337, 35.323893143611642 ], [ 128.806274999966291, 35.323855773442467 ] ], [ [ 128.750582505094457, 35.241462660021327 ], [ 128.750834766294787, 35.241744095141819 ], [ 128.75074483473341, 35.241768533922432 ], [ 128.750582505094457, 35.241462660021327 ] ] ] } },
{ "type": "Feature", "properties": { "fid": 32.0, "ObjectID": 927.0, "RIVCD_2": 2006110.0, "RIVNM_2": "함안천", "CLAS1": 3.0, "CLAS2": "국가" }, "geometry": { "type": "Polygon", "coordinates": [ [ [ 128.402496928363121, 35.321692746530978 ], [ 128.401464671572683, 35.321703359810591 ], [ 128.402655643623063, 35.319612419158517 ], [ 128.406694895643653, 35.31690980689212 ], [ 128.406906467406998, 35.314359153573186 ], [ 128.408799068378499, 35.313913813352592 ], [ 128.407846689989356, 35.311241884303385 ], [ 128.412617438253733, 35.307989957542723 ], [ 128.415890024217617, 35.302941910082531 ], [ 128.414838672624654, 35.301244746675778 ], [ 128.416490956434188, 35.300868450458601 ], [ 128.42138412512017, 35.282927552883216 ], [ 128.419243792797744, 35.276574473750095 ], [ 128.420725716236234, 35.274208692078687 ], [ 128.420785378578017, 35.270600025790465 ], [ 128.424747620318612, 35.264870645959455 ], [ 128.42584109543148, 35.255179306801111 ], [ 128.423742355773811, 35.257370949337798 ], [ 128.42325767705276, 35.266123322158464 ], [ 128.419947528645736, 35.270429707811715 ], [ 128.418669268045818, 35.276714700874919 ], [ 128.419977088414839, 35.285072097900802 ], [ 128.416792912576256, 35.290652664717861 ], [ 128.414618804533575, 35.301156029053949 ], [ 128.414315484500548, 35.30007758833689 ], [ 128.412581815554461, 35.304620228150235 ], [ 128.405353310330099, 35.312236272006473 ], [ 128.404186519093031, 35.317284518990263 ], [ 128.398214576801593, 35.322673702994649 ], [ 128.397882215839218, 35.32617356182358 ], [ 128.400503893281609, 35.326792023870581 ], [ 128.40089105494738, 35.328575091433621 ], [ 128.397198708511326, 35.336050731078856 ], [ 128.401218426385782, 35.331170336310613 ], [ 128.401069006653955, 35.323865998339777 ], [ 128.402496928363121, 35.321692746530978 ] ] ] } },
{ "type": "Feature", "properties": { "fid": 33.0, "ObjectID": 926.0, "RIVCD_2": 2005160.0, "RIVNM_2": "덕천강", "CLAS1": 3.0, "CLAS2": "국가" }, "geometry": { "type": "Polygon", "coordinates": [ [ [ 127.940710739074817, 35.166722720754784 ], [ 127.950398079695233, 35.159145213999899 ], [ 127.965912185558267, 35.159728916805335 ], [ 127.967114095151913, 35.15534028218039 ], [ 127.960204575663553, 35.145627388377584 ], [ 127.960133360171142, 35.143184441049407 ], [ 127.964564265585338, 35.139052791111546 ], [ 127.973843951951139, 35.141988827353188 ], [ 127.975646706021578, 35.138987131816847 ], [ 127.966588635934244, 35.135476269508082 ], [ 127.961166185932669, 35.136221168230612 ], [ 127.954860359052446, 35.144818597432419 ], [ 127.961210193467906, 35.155753743207868 ], [ 127.956688604338026, 35.157044078153149 ], [ 127.94966317205656, 35.154115539453677 ], [ 127.937711348453334, 35.15669806073754 ], [ 127.935834966655648, 35.158100835570892 ], [ 127.936115339147236, 35.162420367886902 ], [ 127.93768148642782, 35.166586426680759 ], [ 127.940710739074817, 35.166722720754784 ] ], [ [ 127.953082078873379, 35.157337311730473 ], [ 127.940562418811922, 35.165213804272362 ], [ 127.937807695659728, 35.161944737494252 ], [ 127.93829667407293, 35.159183603073167 ], [ 127.942396028886066, 35.156821712572132 ], [ 127.950709101510853, 35.155458709365064 ], [ 127.953082078873379, 35.157337311730473 ] ] ] } },
{ "type": "Feature", "properties": { "fid": 34.0, "ObjectID": 925.0, "RIVCD_2": 2004040.0, "RIVNM_2": "남강", "CLAS1": 3.0, "CLAS2": "국가" }, "geometry": { "type": "Polygon", "coordinates": [ [ [ 127.973046273934699, 35.182715896884382 ], [ 127.969272294494402, 35.185934281512068 ], [ 127.973185537721136, 35.182637986465984 ], [ 127.973929961611134, 35.181523657568796 ], [ 127.974828255030886, 35.179423854987697 ], [ 127.974487079014764, 35.177852367808065 ], [ 127.976379352917164, 35.17648097657252 ], [ 127.977772043328599, 35.173740728018743 ], [ 127.981259952355188, 35.172320390206437 ], [ 127.986066275374526, 35.173666160776399 ], [ 127.99052205384308, 35.172568464184074 ], [ 127.996234833333034, 35.167377689433557 ], [ 128.000722029034904, 35.166087065366774 ], [ 128.009525024081711, 35.15953185455259 ], [ 128.012579363594313, 35.159424161315556 ], [ 128.013860573931282, 35.162211471111682 ], [ 128.015081023146536, 35.161999871203456 ], [ 128.014507660927336, 35.163975241870915 ], [ 128.012084874676191, 35.164194362579714 ], [ 128.013561198208095, 35.165198241722052 ], [ 128.010922683385672, 35.166332738126535 ], [ 128.011288773582834, 35.168362584444367 ], [ 128.015680869954537, 35.168757513276141 ], [ 128.014968148723341, 35.166303895416497 ], [ 128.018943375425295, 35.162614348983134 ], [ 128.021386488249135, 35.16338765184782 ], [ 128.022700780272146, 35.167074441600299 ], [ 128.022013212279347, 35.169185487773319 ], [ 128.019930265500875, 35.167494949133918 ], [ 128.019527300647098, 35.168875035591064 ], [ 128.021502952156624, 35.170263687947482 ], [ 128.019261018150701, 35.171374015436626 ], [ 128.017657036939653, 35.168683660461888 ], [ 128.016326821837083, 35.170617815341394 ], [ 128.014744128423359, 35.170302874517674 ], [ 128.015283498428147, 35.171204996439783 ], [ 128.010097821197633, 35.16962022032471 ], [ 128.011474258967894, 35.173319398294232 ], [ 128.013945695850879, 35.173354985821128 ], [ 128.012126082335442, 35.174391250603556 ], [ 128.01259171023429, 35.175599743631977 ], [ 128.016112937640031, 35.176714310849405 ], [ 128.018613193924949, 35.17357037975048 ], [ 128.019504678683035, 35.174456723473085 ], [ 128.026874738206004, 35.171449792455043 ], [ 128.022608749673282, 35.175640566860658 ], [ 128.023221934557029, 35.177102719859526 ], [ 128.016495564599779, 35.177811241918633 ], [ 128.017167709223457, 35.17926456454444 ], [ 128.013625510158306, 35.180244272305053 ], [ 128.005016601807597, 35.181120859076771 ], [ 127.991626990031932, 35.178128022340424 ], [ 127.98471783467798, 35.180266839284698 ], [ 127.978047024375584, 35.185095934997243 ], [ 127.979159145228635, 35.186822241860085 ], [ 127.972797520526086, 35.199075754005662 ], [ 127.96630395465948, 35.199218275809052 ], [ 127.972778433712875, 35.201150986568756 ], [ 127.968140693269788, 35.209944843808728 ], [ 127.969196336085815, 35.213190356049992 ], [ 127.971564305762044, 35.210598473529942 ], [ 127.972608316473426, 35.211312578113116 ], [ 127.970055424920645, 35.2165565033593 ], [ 127.967538919888383, 35.215835259766713 ], [ 127.967223615637039, 35.218069066963373 ], [ 127.970825356661706, 35.217720876005117 ], [ 127.969128256835276, 35.218475537314006 ], [ 127.970431766726165, 35.218715016949822 ], [ 127.969919737068679, 35.220150820460383 ], [ 127.96715224846902, 35.21924665428115 ], [ 127.966159647234335, 35.221687804071593 ], [ 127.963762046330572, 35.21818162332282 ], [ 127.953969663424672, 35.216471800814219 ], [ 127.949205039371876, 35.220871860245133 ], [ 127.945073220493214, 35.230384961477149 ], [ 127.943696535595549, 35.230185291593997 ], [ 127.945183781449558, 35.231592390015358 ], [ 127.945728577098578, 35.241969116070884 ], [ 127.962067943723198, 35.249712859389241 ], [ 127.964405025775406, 35.253088597985524 ], [ 127.964529092980797, 35.25881219644149 ], [ 127.959768210816222, 35.272787660668619 ], [ 127.959831360429362, 35.287696010274686 ], [ 127.969215230769549, 35.311409606285785 ], [ 127.964615454617785, 35.31413110035848 ], [ 127.948422659732387, 35.317782674276458 ], [ 127.942751586581906, 35.322551856530282 ], [ 127.935205902961741, 35.344894773786834 ], [ 127.929098727644913, 35.350016975381259 ], [ 127.919360876639544, 35.353915372320209 ], [ 127.916845101019078, 35.35639714688098 ], [ 127.913873791135117, 35.36846831074044 ], [ 127.910720027623228, 35.371431418717151 ], [ 127.909100042045083, 35.380382601085856 ], [ 127.90638828825881, 35.385422640555241 ], [ 127.890437518335006, 35.390266033387263 ], [ 127.885530717714218, 35.402364020369035 ], [ 127.876585567484938, 35.406337668660086 ], [ 127.869349337145266, 35.407574849331482 ], [ 127.863642141029189, 35.410879377915023 ], [ 127.862780555517759, 35.413731622317421 ], [ 127.864306476728061, 35.415892563451507 ], [ 127.87353804368307, 35.418587935088354 ], [ 127.875480614185136, 35.420835574252699 ], [ 127.864855557570166, 35.427537490840265 ], [ 127.858590237770827, 35.437821786776098 ], [ 127.851881349576459, 35.443910305356269 ], [ 127.851414288334766, 35.447042200828299 ], [ 127.852871850384204, 35.449540654422364 ], [ 127.863856926367205, 35.451731830117758 ], [ 127.862659285502914, 35.45379032496507 ], [ 127.851751116673427, 35.455784849828959 ], [ 127.852047941083626, 35.457967563281521 ], [ 127.858711565944645, 35.463101070488328 ], [ 127.858329533631547, 35.466208754237421 ], [ 127.845011226943797, 35.477423734901329 ], [ 127.845518584508653, 35.478858589095992 ], [ 127.840847983344759, 35.484845670455499 ], [ 127.834655355789309, 35.48698301184595 ], [ 127.832761227069156, 35.489247376573338 ], [ 127.8217672805132, 35.487726566273835 ], [ 127.810393859549038, 35.481734527788454 ], [ 127.806566805438422, 35.484043648129287 ], [ 127.804640851636464, 35.486707084880599 ], [ 127.805370151928912, 35.491197413076506 ], [ 127.810580599087459, 35.493536350981657 ], [ 127.813529715828253, 35.498761382054539 ], [ 127.811727759857845, 35.507433969941857 ], [ 127.808355708414254, 35.511587834957304 ], [ 127.802547221480779, 35.513989228893521 ], [ 127.785870803059012, 35.514925156639066 ], [ 127.785143226940562, 35.515978694390412 ], [ 127.787434100750758, 35.517250696282147 ], [ 127.806764303710949, 35.514443534088691 ], [ 127.813903427228851, 35.507279260175977 ], [ 127.816302242482379, 35.501829742888468 ], [ 127.815364811659393, 35.498170390873192 ], [ 127.812508888073594, 35.49294118130581 ], [ 127.805826204583482, 35.490726450091614 ], [ 127.805624196321048, 35.486815067082517 ], [ 127.807647000906911, 35.484140583946875 ], [ 127.809529327500726, 35.483722511069487 ], [ 127.822027970702962, 35.490485249773215 ], [ 127.837412679910514, 35.491844683254534 ], [ 127.849097578687093, 35.480023444729923 ], [ 127.853729778786956, 35.471702875835156 ], [ 127.858630905999817, 35.468525064480964 ], [ 127.861298619315264, 35.464654857866599 ], [ 127.853095730074358, 35.456275449126316 ], [ 127.86229875742913, 35.4555849921312 ], [ 127.865997530587194, 35.452526638024594 ], [ 127.864047240782526, 35.450084338311257 ], [ 127.853718599117911, 35.44826931190503 ], [ 127.853105969598047, 35.44467786169929 ], [ 127.861528898032773, 35.436412009540582 ], [ 127.867262730389442, 35.427506265262352 ], [ 127.875756701044779, 35.423358299425857 ], [ 127.877722992248039, 35.420916788889379 ], [ 127.874391280493569, 35.416923699969608 ], [ 127.865291022674171, 35.413765675148433 ], [ 127.865334127047717, 35.411065820579495 ], [ 127.886210044470801, 35.403693485120954 ], [ 127.888592944511302, 35.401030708046981 ], [ 127.889780258315753, 35.393933128123443 ], [ 127.891634088908717, 35.391863890064386 ], [ 127.90321509521921, 35.389690013710144 ], [ 127.907457725345452, 35.386593839834582 ], [ 127.910885342750646, 35.380329452019133 ], [ 127.911868541511865, 35.372485125413846 ], [ 127.915670999714521, 35.367650926511459 ], [ 127.91825019913334, 35.360760887450901 ], [ 127.918497715716526, 35.35680282504304 ], [ 127.927992360002307, 35.352421523620841 ], [ 127.938629807534767, 35.34405012203041 ], [ 127.946536422151766, 35.322169670995876 ], [ 127.953869721736112, 35.317284608390075 ], [ 127.963527443541992, 35.316223430344742 ], [ 127.971467558206868, 35.312122796420688 ], [ 127.966677125305424, 35.295492437056552 ], [ 127.967516818948326, 35.29314269334251 ], [ 127.963893500701346, 35.286012168811965 ], [ 127.965336027128714, 35.282913735233294 ], [ 127.963537168373648, 35.280312942137435 ], [ 127.964672386488587, 35.271332836438148 ], [ 127.971483329586547, 35.256624927542468 ], [ 127.968088175764478, 35.247030247390704 ], [ 127.959525556642575, 35.244161273195857 ], [ 127.950701156359685, 35.237665628802858 ], [ 127.950555067371738, 35.23200855133517 ], [ 127.953861520495366, 35.222942425719829 ], [ 127.957922984408327, 35.221159653542891 ], [ 127.963479550332693, 35.223825777084862 ], [ 127.963576457356382, 35.229644102219211 ], [ 127.969266165082132, 35.231547034978981 ], [ 127.96838239002426, 35.232531304947102 ], [ 127.968761949796743, 35.232866348008265 ], [ 127.969285674627372, 35.231556326196852 ], [ 127.971983854801152, 35.231817750050958 ], [ 127.97536934934412, 35.239088349193942 ], [ 127.974394674029412, 35.234173458707374 ], [ 127.972037326043036, 35.231786245362052 ], [ 127.973654458535577, 35.230970544922052 ], [ 127.980511287826374, 35.232918566820999 ], [ 127.987069066974612, 35.239424261923467 ], [ 127.98104053264349, 35.245652963944181 ], [ 127.980756022803646, 35.256337795175121 ], [ 127.992829353911006, 35.264116101214526 ], [ 127.99297881945526, 35.272162059744915 ], [ 127.994466963683976, 35.267007301719829 ], [ 127.993005448859293, 35.262279890725537 ], [ 127.983353236913231, 35.257469162443819 ], [ 127.982243161360543, 35.255591901533379 ], [ 127.983999542871743, 35.253817867538679 ], [ 127.993199979671303, 35.25643202691748 ], [ 127.984214701682603, 35.252067738936098 ], [ 127.984710083782247, 35.248108924257039 ], [ 127.983013185300067, 35.244987452688953 ], [ 127.988335050057287, 35.242791821929032 ], [ 127.987070960233211, 35.242205945354755 ], [ 127.987088881033941, 35.241736662514363 ], [ 127.99296467162192, 35.243063837932183 ], [ 127.993318228911235, 35.244626361143446 ], [ 127.993191123263159, 35.242547660596117 ], [ 127.992046905209094, 35.241543171191871 ], [ 127.993873092574489, 35.241038313755524 ], [ 127.994736602778346, 35.237328514088965 ], [ 127.993978935427506, 35.237032966475205 ], [ 127.992908267622582, 35.240440320886265 ], [ 127.991342280744064, 35.240040517033528 ], [ 127.981515242254261, 35.232247610463652 ], [ 127.983464287432511, 35.229935355137876 ], [ 127.980202162560076, 35.231275287771226 ], [ 127.976251318495258, 35.229568674556731 ], [ 127.979120972358913, 35.225464131643115 ], [ 127.978022097472703, 35.222440391731496 ], [ 127.979172153270227, 35.223251193131311 ], [ 127.98151679470395, 35.223240793332884 ], [ 127.977963670083369, 35.22164428925857 ], [ 127.976624870623041, 35.219029683228108 ], [ 127.978002751403054, 35.214474262528235 ], [ 127.981277106448829, 35.213454344305077 ], [ 127.978681837693685, 35.213004148382588 ], [ 127.981256569806703, 35.208599256799914 ], [ 127.980724453625996, 35.204768413105299 ], [ 127.985378565460735, 35.202028054104318 ], [ 127.985639613853763, 35.200562203183921 ], [ 127.983613144118905, 35.200786794406014 ], [ 127.986391662566618, 35.190656640554344 ], [ 127.992550261183425, 35.186391370873146 ], [ 127.993493763080991, 35.188519982813666 ], [ 127.995659244761683, 35.185176986533406 ], [ 127.997819113654018, 35.188318661144322 ], [ 127.995926002733853, 35.195194026817518 ], [ 127.99735788997549, 35.195938508853111 ], [ 127.999363942816075, 35.187850608708217 ], [ 127.998077512566297, 35.185093556812149 ], [ 128.002558630830549, 35.185983767271772 ], [ 128.003173791806859, 35.189615772530253 ], [ 128.004592483258648, 35.186271803776712 ], [ 128.012427862073707, 35.18702400492738 ], [ 128.013351485429752, 35.190179126198935 ], [ 128.011427040827584, 35.190991654689128 ], [ 128.012803224287239, 35.191689535407626 ], [ 128.009976529625021, 35.193529448145355 ], [ 128.012543721545768, 35.193460131020466 ], [ 128.010916241511751, 35.196302167941653 ], [ 128.012007465207574, 35.196177376533029 ], [ 128.011798088751647, 35.19937151483736 ], [ 128.00913594992096, 35.201600526087219 ], [ 128.012001755518952, 35.202273362632198 ], [ 128.009072076204461, 35.208894333784883 ], [ 128.006144819670453, 35.211071588255116 ], [ 128.006586842051405, 35.211825317939514 ], [ 128.011755882128824, 35.207434017188646 ], [ 128.013065825125778, 35.204124993528865 ], [ 128.015877861497472, 35.204112820216245 ], [ 128.01346416906506, 35.200642849837095 ], [ 128.01408024025514, 35.196562312580511 ], [ 128.016250797741321, 35.196915541405389 ], [ 128.014272506396679, 35.194944153565892 ], [ 128.017329294958813, 35.19379411536228 ], [ 128.015526311579578, 35.191998911944587 ], [ 128.015093736284598, 35.187899364975344 ], [ 128.0221938318779, 35.190203074184197 ], [ 128.018218949443593, 35.187545652209799 ], [ 128.024400093503431, 35.185397539348372 ], [ 128.030559119971201, 35.17582914335209 ], [ 128.039455374501046, 35.169737995976476 ], [ 128.035055907702542, 35.162123137809104 ], [ 128.043771727115626, 35.159645155047848 ], [ 128.052388283945788, 35.160868874843239 ], [ 128.065945361842154, 35.168972812050853 ], [ 128.070712743044851, 35.173778262992613 ], [ 128.076852579546681, 35.187195150421935 ], [ 128.085749356806616, 35.1903255123067 ], [ 128.091470035830866, 35.19013745246712 ], [ 128.096179702616695, 35.186616915435799 ], [ 128.100690726719165, 35.179683747095289 ], [ 128.099268160626934, 35.174605129661806 ], [ 128.100836479880741, 35.171173415564169 ], [ 128.11412679986384, 35.16754356745632 ], [ 128.124715972225403, 35.170441865844218 ], [ 128.130622234973032, 35.177505196873426 ], [ 128.127292086372989, 35.206841583995164 ], [ 128.12411290777797, 35.215164041671407 ], [ 128.127263882492258, 35.230817617870585 ], [ 128.129669233925057, 35.234082650257506 ], [ 128.136063574153781, 35.237333641666091 ], [ 128.1527549266753, 35.240774603993366 ], [ 128.16126717095284, 35.245270165135281 ], [ 128.169917820739073, 35.245901533479945 ], [ 128.175418132629233, 35.235991452972726 ], [ 128.176134525384896, 35.227299196135441 ], [ 128.17929822413123, 35.222120527806446 ], [ 128.187566854501654, 35.220372014420434 ], [ 128.19721380998962, 35.223356768307703 ], [ 128.202449677146859, 35.22323794595146 ], [ 128.217672885667469, 35.21338261251168 ], [ 128.222064511473803, 35.212888134337248 ], [ 128.229141585437617, 35.220832206118423 ], [ 128.236550567812202, 35.233985784679028 ], [ 128.232089970681159, 35.241739218991242 ], [ 128.218055165659365, 35.242446001660802 ], [ 128.213954826724319, 35.245585573449418 ], [ 128.210483752514762, 35.253753403111197 ], [ 128.211444330389213, 35.260479882838737 ], [ 128.215875973069615, 35.264654674430517 ], [ 128.218408795287161, 35.265614748593478 ], [ 128.236315343976514, 35.255568671294526 ], [ 128.251808535664395, 35.255614309155995 ], [ 128.258609336037381, 35.259078002549991 ], [ 128.259058612854062, 35.257508591583822 ], [ 128.270176899551615, 35.25703899204921 ], [ 128.273853974828597, 35.258717400358016 ], [ 128.275944892744803, 35.270591604573788 ], [ 128.278625919274674, 35.274446625263693 ], [ 128.299077941621931, 35.283057421437285 ], [ 128.299836894338569, 35.285155705820408 ], [ 128.287895947617045, 35.298320661591461 ], [ 128.288058092484505, 35.30426101430637 ], [ 128.292965351029636, 35.312812578879857 ], [ 128.305766128301258, 35.322583328042178 ], [ 128.314005637381086, 35.324521665618406 ], [ 128.314771555397357, 35.327401017797143 ], [ 128.315874869865667, 35.327085009426902 ], [ 128.314437000787734, 35.327643881281524 ], [ 128.314739846264587, 35.331692637228919 ], [ 128.311077305683028, 35.33739224881343 ], [ 128.309845835085724, 35.346702658541702 ], [ 128.30995063520939, 35.357877507036797 ], [ 128.31286313566693, 35.361075540029695 ], [ 128.321006360862327, 35.363661102152669 ], [ 128.338542947469051, 35.362271416883111 ], [ 128.338165601321208, 35.360914438855744 ], [ 128.356574326971639, 35.341182927686447 ], [ 128.375188050835874, 35.335974458187181 ], [ 128.39185276488206, 35.335229770112875 ], [ 128.394272724293529, 35.337202102373396 ], [ 128.393608176255071, 35.3382261905818 ], [ 128.387028599800317, 35.344939731350969 ], [ 128.381749739160767, 35.347811031735752 ], [ 128.382980097678711, 35.348233445495723 ], [ 128.381148880235401, 35.348068102938136 ], [ 128.380993829220046, 35.354927619769853 ], [ 128.383682656765785, 35.360850655347306 ], [ 128.385442765446982, 35.359573482729644 ], [ 128.404746909269278, 35.361888318261506 ], [ 128.412502778592881, 35.359434777801049 ], [ 128.416005041906772, 35.363750505920436 ], [ 128.419837933304336, 35.362893817808043 ], [ 128.426411356112538, 35.364493528581527 ], [ 128.427954710802652, 35.36619551304755 ], [ 128.421810581376207, 35.370909928751054 ], [ 128.417171521902105, 35.378312083019985 ], [ 128.418516329882578, 35.379524788022877 ], [ 128.419189387931908, 35.378268351716045 ], [ 128.427229564868071, 35.390425584094288 ], [ 128.43461892501395, 35.393434173642682 ], [ 128.436480671914893, 35.389311193192469 ], [ 128.43064912761298, 35.388042458489764 ], [ 128.422706026721215, 35.377813169495411 ], [ 128.427487192876441, 35.368301714212485 ], [ 128.429723043840937, 35.366046680281869 ], [ 128.43299425338796, 35.36523544175791 ], [ 128.432536089464406, 35.364854884469381 ], [ 128.429803043349864, 35.365521971624879 ], [ 128.427052394354149, 35.363067841934033 ], [ 128.420873902116455, 35.361416144098328 ], [ 128.416835044745113, 35.362366031691728 ], [ 128.414356900742604, 35.357205848832088 ], [ 128.403120598236569, 35.35984446363657 ], [ 128.387774320735133, 35.359093686095541 ], [ 128.384589416423552, 35.357074893241084 ], [ 128.385340158843604, 35.351287144288932 ], [ 128.396334528928975, 35.339264452992857 ], [ 128.397398031511983, 35.335189245509916 ], [ 128.393459729595577, 35.332667088705143 ], [ 128.37591902437245, 35.332754552521386 ], [ 128.35656306527784, 35.336850747749494 ], [ 128.352852430243018, 35.338218376953016 ], [ 128.34395601703801, 35.351735923521957 ], [ 128.336954912307874, 35.35816448511973 ], [ 128.324137165612825, 35.362023057173133 ], [ 128.31658885575763, 35.359675374730109 ], [ 128.313915098958915, 35.356257515567897 ], [ 128.312926528636211, 35.34485887826682 ], [ 128.314033086786822, 35.337328327132511 ], [ 128.319381009416759, 35.32679142039958 ], [ 128.317624819623177, 35.321398092654725 ], [ 128.297969381450372, 35.313570951396493 ], [ 128.293820950608961, 35.30936307527503 ], [ 128.290349183720679, 35.302368891719624 ], [ 128.2919174680342, 35.297161927729803 ], [ 128.299828943863417, 35.288825178897561 ], [ 128.302816501246923, 35.283450812043512 ], [ 128.301209397619914, 35.279211422798852 ], [ 128.284968736700449, 35.276053007858629 ], [ 128.286506770284262, 35.275641012028494 ], [ 128.281696032685034, 35.273420820385638 ], [ 128.277663653335026, 35.261445939366865 ], [ 128.27400289703607, 35.255987679521198 ], [ 128.271910397245676, 35.255357278310314 ], [ 128.243688849264061, 35.252232745420706 ], [ 128.231197349928436, 35.253989301038203 ], [ 128.220142645656153, 35.262534484680366 ], [ 128.216234788384781, 35.262168276714824 ], [ 128.213644979956086, 35.259691745800403 ], [ 128.21265003161821, 35.253918768736007 ], [ 128.216864802246903, 35.245880802829312 ], [ 128.220889389143906, 35.244034929048738 ], [ 128.23664266112803, 35.242599308069032 ], [ 128.23851511929422, 35.234662056579147 ], [ 128.240599751879387, 35.232262278465925 ], [ 128.235492631595037, 35.222929931045527 ], [ 128.222813481599275, 35.211751148247153 ], [ 128.224471022436717, 35.210738348627217 ], [ 128.223090749699594, 35.20887629991536 ], [ 128.219013405522588, 35.209692577084681 ], [ 128.201473493596836, 35.221049566477504 ], [ 128.184459289702744, 35.218157460691785 ], [ 128.175602754378531, 35.221236641940941 ], [ 128.172156601722463, 35.22518305293876 ], [ 128.172884291953494, 35.224526630463096 ], [ 128.173414735888741, 35.224993233846426 ], [ 128.172321243246301, 35.234992432986736 ], [ 128.169662012502442, 35.240996820921559 ], [ 128.164459860681262, 35.242506223075189 ], [ 128.158505288605937, 35.241030055046849 ], [ 128.156166565252278, 35.238380202755991 ], [ 128.156957617494527, 35.237403335662663 ], [ 128.138683991662361, 35.234023450752758 ], [ 128.130837146992519, 35.22755500345793 ], [ 128.128400924402001, 35.216891995687085 ], [ 128.130111029711571, 35.207297620635856 ], [ 128.131387973597526, 35.206860780749508 ], [ 128.13193717066838, 35.195124927328287 ], [ 128.133745960213787, 35.192716602957411 ], [ 128.133866503154223, 35.188153593948932 ], [ 128.132147422553714, 35.1858114908717 ], [ 128.133156355259302, 35.178278117460103 ], [ 128.131383327431251, 35.173982034357429 ], [ 128.124182354241327, 35.16788365113181 ], [ 128.115607995327593, 35.165136052969892 ], [ 128.097948960345576, 35.169429685629403 ], [ 128.096673626266579, 35.17449106141472 ], [ 128.098372149455656, 35.17946498348946 ], [ 128.095625345422235, 35.184779911792234 ], [ 128.090556197582913, 35.188717516950533 ], [ 128.085184227832826, 35.188673206470774 ], [ 128.077840098932171, 35.184470965060065 ], [ 128.072026746871956, 35.171397952437076 ], [ 128.056057569512348, 35.160870923775953 ], [ 128.042725085022653, 35.158705216685078 ], [ 128.03028738762265, 35.163998635651559 ], [ 128.026238785416865, 35.164303851424549 ], [ 128.024605463087369, 35.160613050698288 ], [ 128.028090873432291, 35.162064971069903 ], [ 128.030541500875159, 35.160619631796493 ], [ 128.027483231620579, 35.157591863765425 ], [ 128.023131818352624, 35.158115492579789 ], [ 128.022953330153399, 35.154983750919136 ], [ 128.025038482465646, 35.153379107714315 ], [ 128.025164395073773, 35.150979198347294 ], [ 128.022317369124806, 35.152892281656698 ], [ 128.01833967400043, 35.145032526247967 ], [ 128.007756090794089, 35.148506494205883 ], [ 127.999662535614476, 35.156752977366587 ], [ 127.992795729025715, 35.150656737125907 ], [ 127.989251945696864, 35.152120168628358 ], [ 127.981455514083393, 35.149045979178538 ], [ 127.98561771661133, 35.140527008268762 ], [ 127.983565579002729, 35.137647409927723 ], [ 127.979945225325068, 35.140326621046718 ], [ 127.97535936617993, 35.139472172514736 ], [ 127.9738665453621, 35.141951215139422 ], [ 127.975261611643859, 35.143799953618093 ], [ 127.974018503938822, 35.142907873338046 ], [ 127.973406239343447, 35.148311743551467 ], [ 127.975333349910173, 35.148865258349474 ], [ 127.975394922072169, 35.153355092627706 ], [ 127.978231848122107, 35.156929081912516 ], [ 127.990594365275115, 35.157639810819411 ], [ 127.994868057072722, 35.162294836637834 ], [ 127.990160048334786, 35.162192373880096 ], [ 127.990029795162712, 35.163469689677179 ], [ 127.994602924861312, 35.16495336396396 ], [ 127.988372989672797, 35.16901468488016 ], [ 127.986387018753589, 35.167593000760256 ], [ 127.97907792418512, 35.171049765086245 ], [ 127.977254765152793, 35.173946580171418 ], [ 127.976755385976233, 35.173296714816338 ], [ 127.976387063339132, 35.173569258743512 ], [ 127.974585551076203, 35.173661471410206 ], [ 127.973413822876225, 35.17401537451105 ], [ 127.977458669310437, 35.174272562667475 ], [ 127.974447815789631, 35.177818523641179 ], [ 127.973046273934699, 35.182715896884382 ] ], [ [ 128.015765174639, 35.15983001963361 ], [ 128.010766518080203, 35.158339874141916 ], [ 128.01601475467811, 35.15682341030341 ], [ 128.014751960499666, 35.158270143005794 ], [ 128.015765174639, 35.15983001963361 ] ], [ [ 127.97626928170196, 35.22535743160855 ], [ 127.974471341547527, 35.226287645300339 ], [ 127.973515593907607, 35.223934572278267 ], [ 127.975166212732091, 35.223260350365898 ], [ 127.97626928170196, 35.22535743160855 ] ], [ [ 128.010977386238693, 35.154639858620953 ], [ 128.014265535865491, 35.153240175095263 ], [ 128.012590026123092, 35.155105231979825 ], [ 128.010977386238693, 35.154639858620953 ] ], [ [ 128.016940811734145, 35.175234450538994 ], [ 128.017368474573431, 35.174472623846079 ], [ 128.017132813367539, 35.175337242362247 ], [ 128.016940811734145, 35.175234450538994 ] ], [ [ 127.9726146672417, 35.215459735086959 ], [ 127.972887757659137, 35.215880964456026 ], [ 127.97220563087528, 35.216243739468759 ], [ 127.9726146672417, 35.215459735086959 ] ], [ [ 127.989746556683244, 35.239009507767733 ], [ 127.990247437974816, 35.239192340573204 ], [ 127.990806429251791, 35.239857154358276 ], [ 127.989746556683244, 35.239009507767733 ] ], [ [ 127.968496127913369, 35.221501364050226 ], [ 127.967854188671126, 35.222139727937702 ], [ 127.967522429639004, 35.222152646977079 ], [ 127.968496127913369, 35.221501364050226 ] ], [ [ 127.973245737129815, 35.214319457596552 ], [ 127.973044308312339, 35.214082958331652 ], [ 127.973174769751623, 35.213987281107464 ], [ 127.973245737129815, 35.214319457596552 ] ], [ [ 127.979095185303891, 35.172394329024684 ], [ 127.978924387134214, 35.172223090230609 ], [ 127.979180174583291, 35.172332570321828 ], [ 127.979095185303891, 35.172394329024684 ] ], [ [ 127.97146855651286, 35.22079675184839 ], [ 127.971485529665372, 35.221029441806962 ], [ 127.971283902595758, 35.220956071016154 ], [ 127.97146855651286, 35.22079675184839 ] ], [ [ 127.973356288986921, 35.214738089522307 ], [ 127.973109524228093, 35.214771482867803 ], [ 127.9731154666962, 35.214701503818979 ], [ 127.973356288986921, 35.214738089522307 ] ], [ [ 127.967571698776766, 35.216230897322077 ], [ 127.967626384577571, 35.215999969470914 ], [ 127.967657761552672, 35.216216229656425 ], [ 127.967571698776766, 35.216230897322077 ] ], [ [ 127.980844575689872, 35.172156578213041 ], [ 127.980724674637699, 35.172411548488192 ], [ 127.980629751212945, 35.172430181135198 ], [ 127.980844575689872, 35.172156578213041 ] ], [ [ 127.993208912010402, 35.23975292986222 ], [ 127.99336442213756, 35.239542444073166 ], [ 127.993388457370344, 35.239529870213993 ], [ 127.993208912010402, 35.23975292986222 ] ] ] } },
{ "type": "Feature", "properties": { "fid": 35.0, "ObjectID": 923.0, "RIVCD_2": 2001550.0, "RIVNM_2": "감천", "CLAS1": 3.0, "CLAS2": "국가" }, "geometry": { "type": "Polygon", "coordinates": [ [ [ 128.086720726880486, 36.045119879279376 ], [ 128.09259911675403, 36.041349778189705 ], [ 128.101497793260677, 36.042652243091901 ], [ 128.110124720107621, 36.04143550072628 ], [ 128.115610672374601, 36.044065476830511 ], [ 128.111688474679909, 36.059076344512341 ], [ 128.111959506374404, 36.064498565183534 ], [ 128.11804251605443, 36.076168516329126 ], [ 128.121070916793229, 36.092256268633719 ], [ 128.123964991244122, 36.097742751848159 ], [ 128.124425534690857, 36.112543859398535 ], [ 128.129749016812639, 36.118530452860895 ], [ 128.130291134907651, 36.12521318662678 ], [ 128.132164861823128, 36.127641209968225 ], [ 128.170251396167771, 36.144797614868601 ], [ 128.191948320471482, 36.163601754215968 ], [ 128.201984103473279, 36.165290596617297 ], [ 128.212645288418003, 36.17035194545474 ], [ 128.218769500393279, 36.183571977022936 ], [ 128.224530326468198, 36.18816732261179 ], [ 128.234468133861526, 36.19284213023429 ], [ 128.238081962301436, 36.197339530096542 ], [ 128.243502940648312, 36.200374812226748 ], [ 128.264467831692173, 36.20584807882409 ], [ 128.279427289189471, 36.203614952638759 ], [ 128.282295453405482, 36.208042461934127 ], [ 128.272542759077311, 36.218283607637581 ], [ 128.272746932269371, 36.218645951110503 ], [ 128.273007247074531, 36.219467244489941 ], [ 128.272598592475049, 36.218451477484578 ], [ 128.272377157178624, 36.218403035778906 ], [ 128.274444196474406, 36.223244063450217 ], [ 128.277490534834783, 36.225687297005535 ], [ 128.281508775534888, 36.226097016902699 ], [ 128.290845410242383, 36.221035362840595 ], [ 128.29919066298234, 36.219771312096725 ], [ 128.305301319393209, 36.227068677921459 ], [ 128.311271956388168, 36.230034011545378 ], [ 128.326268305186403, 36.230448190339175 ], [ 128.338744549866192, 36.225910953385451 ], [ 128.344376706327978, 36.226541485341976 ], [ 128.345721960598581, 36.222789487128566 ], [ 128.33750577539729, 36.22288083564932 ], [ 128.326647017547344, 36.227262999174556 ], [ 128.311563219238764, 36.227543871739861 ], [ 128.306417734951793, 36.223795843166641 ], [ 128.301096671202572, 36.216882667811255 ], [ 128.290310800784027, 36.218540259645096 ], [ 128.282826872336216, 36.222628540043679 ], [ 128.279298965178498, 36.222204605344892 ], [ 128.27709746626175, 36.219414434174823 ], [ 128.27842353615938, 36.215540184405626 ], [ 128.286217951566528, 36.208508922407567 ], [ 128.283268875467229, 36.203073549829256 ], [ 128.27848411566211, 36.201079061771964 ], [ 128.26571348865258, 36.203195479634807 ], [ 128.246676762302059, 36.198307026988189 ], [ 128.224400300624438, 36.183704054958675 ], [ 128.220207248155702, 36.178586322218088 ], [ 128.216123990584862, 36.16857779638034 ], [ 128.213089286532124, 36.166330103205091 ], [ 128.193903983312111, 36.161481713692645 ], [ 128.187104977838175, 36.15735870132616 ], [ 128.170532160155432, 36.141530066923565 ], [ 128.133880854047561, 36.125744615464875 ], [ 128.130843754333569, 36.11743677537212 ], [ 128.126405537260666, 36.110818844329536 ], [ 128.126742041262929, 36.097700914191385 ], [ 128.122853708982149, 36.086086594306188 ], [ 128.121789360228178, 36.076877032393753 ], [ 128.114744833331628, 36.063590176836612 ], [ 128.115323672994634, 36.056971948091729 ], [ 128.118584603982612, 36.047931654074731 ], [ 128.117846392293501, 36.04309784547555 ], [ 128.110608744883336, 36.039133172273935 ], [ 128.102237009255987, 36.040623949909168 ], [ 128.090904642047605, 36.040250410324198 ], [ 128.087485524629898, 36.042512733878283 ], [ 128.086720726880486, 36.045119879279376 ] ] ] } },
{ "type": "Feature", "properties": { "fid": 36.0, "ObjectID": 922.0, "RIVCD_2": 2000830.0, "RIVNM_2": "내성천", "CLAS1": 3.0, "CLAS2": "국가" }, "geometry": { "type": "Polygon", "coordinates": [ [ [ 128.331359636763381, 36.576678264443807 ], [ 128.356646005922357, 36.58747814483332 ], [ 128.369621235260382, 36.589844242781652 ], [ 128.383918819622323, 36.59611820178273 ], [ 128.403835985880136, 36.595320645083355 ], [ 128.409494649531098, 36.596481157542208 ], [ 128.417453906186154, 36.603164481169941 ], [ 128.427243558143743, 36.607798274018265 ], [ 128.436902668315184, 36.60869684738848 ], [ 128.453641218541605, 36.604188444720712 ], [ 128.462723518834935, 36.599420615857071 ], [ 128.466012808763594, 36.599865690470303 ], [ 128.473401407683212, 36.604147580215816 ], [ 128.471973800053291, 36.608194624794464 ], [ 128.468377639479485, 36.611471349265948 ], [ 128.469272249047719, 36.614438243886383 ], [ 128.475222553995451, 36.616444891046612 ], [ 128.482453183012609, 36.615813364584525 ], [ 128.487002065218832, 36.620184563463575 ], [ 128.48943779375179, 36.618922539907352 ], [ 128.488380508989252, 36.615909798368584 ], [ 128.48526419042102, 36.613901780289453 ], [ 128.471132172625346, 36.612825983038185 ], [ 128.475315247741463, 36.607577625794399 ], [ 128.475654101482661, 36.603238872811531 ], [ 128.467222784486324, 36.597147820367276 ], [ 128.454913438953923, 36.599036287416247 ], [ 128.446224166101103, 36.604100132797264 ], [ 128.429660402761272, 36.604233175377665 ], [ 128.423282847727961, 36.602010657451558 ], [ 128.416200479368115, 36.595615125500224 ], [ 128.405607501981336, 36.59159092068775 ], [ 128.386070897964231, 36.592035920566111 ], [ 128.371272863216603, 36.586662184888851 ], [ 128.358079745035184, 36.583934516559658 ], [ 128.328824195684319, 36.572659830452224 ], [ 128.320245324966493, 36.571856202305014 ], [ 128.315809316027554, 36.574612708698034 ], [ 128.320366704348771, 36.57931552491025 ], [ 128.330121933472896, 36.580065479667162 ], [ 128.330220676418719, 36.58208230724069 ], [ 128.326225017672243, 36.585612303057282 ], [ 128.303643328281197, 36.586060074647008 ], [ 128.299967718133814, 36.584949335591247 ], [ 128.297909808851557, 36.582418467722377 ], [ 128.297515363120112, 36.566532641300007 ], [ 128.294911233333494, 36.565190699167019 ], [ 128.292776479796942, 36.574922578114268 ], [ 128.29887088603752, 36.586876758362195 ], [ 128.30381568369566, 36.588351315964587 ], [ 128.326536297528918, 36.587671578901443 ], [ 128.331778299714642, 36.582798768177888 ], [ 128.331097172095582, 36.577631195160137 ], [ 128.328319018129179, 36.576508105391774 ], [ 128.320635429023838, 36.577685384214419 ], [ 128.318836198145078, 36.574649741963121 ], [ 128.32112123778785, 36.574001664187058 ], [ 128.331359636763381, 36.576678264443807 ] ], [ [ 128.456616702217048, 36.599189948585597 ], [ 128.456145380227582, 36.600186323903714 ], [ 128.455151478573868, 36.600227742149883 ], [ 128.455169846338009, 36.599569244413864 ], [ 128.456616702217048, 36.599189948585597 ] ] ] } },
{ "type": "Feature", "properties": { "fid": 37.0, "ObjectID": 920.0, "RIVCD_2": 2000010.0, "RIVNM_2": "낙동강", "CLAS1": 3.0, "CLAS2": "국가" }, "geometry": { "type": "Polygon", "coordinates": [ [ [ 129.000807680081493, 35.211975974637198 ], [ 129.002178682882942, 35.210152703498309 ], [ 129.000053188157864, 35.210971755018029 ], [ 128.990982676020792, 35.200794586383566 ], [ 128.980016011987402, 35.192324319964854 ], [ 128.976044460492716, 35.185452991627486 ], [ 128.975177466991568, 35.162379227313366 ], [ 128.966574529363356, 35.14013250951718 ], [ 128.956821275710382, 35.107186294745198 ], [ 128.9505447143531, 35.10736850844971 ], [ 128.951241787293498, 35.113560901302229 ], [ 128.948926897161755, 35.108087352116407 ], [ 128.951739207554169, 35.120186860110927 ], [ 128.938566171584938, 35.109287004157956 ], [ 128.934987061532354, 35.11018340772285 ], [ 128.945876646899649, 35.125000327432488 ], [ 128.944724642916981, 35.131217279984689 ], [ 128.959721335720161, 35.16467372970704 ], [ 128.960752170534931, 35.171412749081419 ], [ 128.958526860320717, 35.18036062768509 ], [ 128.962387082263092, 35.191783996277124 ], [ 128.969285925883383, 35.199716920156135 ], [ 128.985727295456115, 35.210541265284249 ], [ 128.991049240952435, 35.218757009108856 ], [ 129.005267917334919, 35.275505558952432 ], [ 128.999999965519407, 35.285553923394488 ], [ 128.99334610071287, 35.289931900963637 ], [ 128.986166097056469, 35.291750285868396 ], [ 128.977960873361781, 35.298136557052651 ], [ 128.976556758973345, 35.302760539140472 ], [ 128.97179503660351, 35.308770363350035 ], [ 128.967806853521637, 35.323894565327222 ], [ 128.964008081834606, 35.328581840469113 ], [ 128.951732077661262, 35.335073890718277 ], [ 128.940960424001361, 35.335999592981921 ], [ 128.941690987215765, 35.337147345554961 ], [ 128.940141520861317, 35.338228782719597 ], [ 128.939985195319906, 35.338195102465932 ], [ 128.938892037879953, 35.336850614599456 ], [ 128.938789379323509, 35.336819215028299 ], [ 128.939863046031974, 35.338531195057577 ], [ 128.934988038645514, 35.343157147603328 ], [ 128.93348140755748, 35.342150729513996 ], [ 128.932050249907604, 35.341711102390697 ], [ 128.934773116853705, 35.343330521552375 ], [ 128.930542779560454, 35.347067861929368 ], [ 128.927630010823918, 35.346190365235337 ], [ 128.929909282752334, 35.347532817635972 ], [ 128.921061188609912, 35.352887947878514 ], [ 128.916048310014645, 35.358163859687174 ], [ 128.904677752877973, 35.363795944108993 ], [ 128.900363788321329, 35.364415678463807 ], [ 128.898439415406017, 35.361886193107082 ], [ 128.884685538254502, 35.365153075082858 ], [ 128.877422878183211, 35.368550496038011 ], [ 128.873631508271359, 35.3716596318718 ], [ 128.86715320625737, 35.38866884492122 ], [ 128.86238732431093, 35.391329123742253 ], [ 128.854990972723158, 35.391795467315731 ], [ 128.84890583323704, 35.387947513732712 ], [ 128.841206243027983, 35.385706139355044 ], [ 128.833154195547394, 35.381306042534504 ], [ 128.832881621652973, 35.379832351657605 ], [ 128.821790748117877, 35.379156974312352 ], [ 128.809410618596672, 35.375260308909432 ], [ 128.806097716179607, 35.372813716512795 ], [ 128.801991303810894, 35.361776310748525 ], [ 128.803350627150564, 35.357284670869134 ], [ 128.802534307853989, 35.35272957507415 ], [ 128.793280710967821, 35.346410511629642 ], [ 128.779560268676363, 35.341832452802748 ], [ 128.779492777205576, 35.341708585304389 ], [ 128.779959657894921, 35.341347571291287 ], [ 128.780129122108633, 35.340915302556375 ], [ 128.779858655967502, 35.339189969992532 ], [ 128.779196615576609, 35.341786172175219 ], [ 128.773539678013776, 35.339508844259434 ], [ 128.770787108598171, 35.339389520831162 ], [ 128.765224302937497, 35.340853908590546 ], [ 128.771655229543484, 35.33956189367067 ], [ 128.780578728630388, 35.343267059092526 ], [ 128.773923382155829, 35.34434011382573 ], [ 128.763805938339004, 35.342158028208026 ], [ 128.749055985552218, 35.346694343892004 ], [ 128.737143741317539, 35.345750391240827 ], [ 128.723692744952416, 35.353250871537369 ], [ 128.722529646765821, 35.355126436609837 ], [ 128.723689527897051, 35.357331639172898 ], [ 128.716470985588302, 35.360358456763358 ], [ 128.698137711491995, 35.372765540547178 ], [ 128.690624989396667, 35.375447877940907 ], [ 128.680692132133601, 35.376653615138615 ], [ 128.672514692432543, 35.37488714817372 ], [ 128.668256373333406, 35.372260712523854 ], [ 128.642296539987314, 35.371131181209002 ], [ 128.634629233702981, 35.368840568093347 ], [ 128.625725406222983, 35.37109457532781 ], [ 128.616025785220899, 35.376263287750611 ], [ 128.599647973917598, 35.391550951054128 ], [ 128.593412018673831, 35.389966635339398 ], [ 128.582285007232429, 35.378808032479633 ], [ 128.574999960324163, 35.376888244274539 ], [ 128.539580653234765, 35.377244814407682 ], [ 128.529395257869453, 35.383812900766912 ], [ 128.521879805690531, 35.383355549497004 ], [ 128.518664620239718, 35.38632109998548 ], [ 128.519815569335464, 35.391120212968033 ], [ 128.510417796802017, 35.394002472746273 ], [ 128.495387729017153, 35.390127846796268 ], [ 128.484071207955367, 35.383912053334086 ], [ 128.481777873268697, 35.380788233191581 ], [ 128.474931082192853, 35.378705866859676 ], [ 128.467731952113439, 35.378381594945424 ], [ 128.453498250696839, 35.381252035446096 ], [ 128.438996895656857, 35.386998809570912 ], [ 128.436480671914893, 35.389311193192469 ], [ 128.429468502616601, 35.403683857551293 ], [ 128.422589053926941, 35.412423087618308 ], [ 128.417060710811882, 35.415733618448634 ], [ 128.399858432216575, 35.419879095887218 ], [ 128.386203530649738, 35.425853444205508 ], [ 128.375366796214195, 35.439735588069517 ], [ 128.373121359164969, 35.446039979543926 ], [ 128.376005673782686, 35.456419511031761 ], [ 128.387190006619193, 35.462700360026574 ], [ 128.412726800138273, 35.472169613905336 ], [ 128.417620724734462, 35.476420827837401 ], [ 128.417114678414663, 35.481043514693212 ], [ 128.420088908919837, 35.47860402685977 ], [ 128.417528327711494, 35.481323759298661 ], [ 128.415996292097049, 35.491650960013068 ], [ 128.413578310731481, 35.494105733576546 ], [ 128.405081285982334, 35.500441706833293 ], [ 128.396320158441824, 35.503132547724611 ], [ 128.388398737197633, 35.509044858136093 ], [ 128.377973185608283, 35.512367549190564 ], [ 128.374892369931842, 35.511456194476949 ], [ 128.371240456400159, 35.513853032393342 ], [ 128.348664887877078, 35.538864250691624 ], [ 128.347671936955351, 35.550975371847208 ], [ 128.354172695027074, 35.569625813562546 ], [ 128.351706659702899, 35.572922192332193 ], [ 128.35651826921756, 35.578506314244891 ], [ 128.354417592806811, 35.590617950976437 ], [ 128.352961594358561, 35.59191520029146 ], [ 128.351894299044034, 35.609785271636255 ], [ 128.355639597115811, 35.613176699489578 ], [ 128.375730365720159, 35.615361264798054 ], [ 128.381790246043408, 35.618147372329453 ], [ 128.388327690326435, 35.625476344244355 ], [ 128.394278503785642, 35.637398653313056 ], [ 128.393791430328406, 35.641477880741348 ], [ 128.390719495631942, 35.646268893981983 ], [ 128.377261477374589, 35.65545074175904 ], [ 128.36168176004611, 35.672110652076952 ], [ 128.358001281716128, 35.672596430341265 ], [ 128.361460463097472, 35.672287577298874 ], [ 128.35288047255321, 35.684175924925668 ], [ 128.349243555253594, 35.697073751372628 ], [ 128.350048787699677, 35.703867374661009 ], [ 128.351407572297859, 35.705910920063936 ], [ 128.360316257970851, 35.709896833121832 ], [ 128.374935534467738, 35.707838201222962 ], [ 128.391876510530466, 35.700408304721059 ], [ 128.394751806971868, 35.69984263538143 ], [ 128.395637489061443, 35.701236112893945 ], [ 128.413958946662547, 35.697090761945518 ], [ 128.419236896161891, 35.698500937991092 ], [ 128.427690063991861, 35.705137118532832 ], [ 128.430876841213347, 35.714328638843931 ], [ 128.42902432386515, 35.719568985925861 ], [ 128.415552546618329, 35.73254371425093 ], [ 128.388115401612936, 35.745775732986687 ], [ 128.386711822909064, 35.752354605806708 ], [ 128.381632085252448, 35.758994163927504 ], [ 128.383270834625563, 35.765898243442557 ], [ 128.396391556939562, 35.779595801165094 ], [ 128.398420080624476, 35.786451296358621 ], [ 128.419786700280127, 35.812323837475326 ], [ 128.429351762737753, 35.814178176094103 ], [ 128.457271562272155, 35.811569549404922 ], [ 128.468831173806876, 35.812609916791544 ], [ 128.473968447143335, 35.817055868244324 ], [ 128.473796079791526, 35.822128620859345 ], [ 128.463102790351684, 35.833536228379202 ], [ 128.456137856824569, 35.836856851363471 ], [ 128.444722752510671, 35.841360647753262 ], [ 128.440467608786378, 35.841590925579098 ], [ 128.435851378784378, 35.844895851093277 ], [ 128.405636720986223, 35.84824224310232 ], [ 128.403546195282843, 35.849769582336023 ], [ 128.392619999245511, 35.848039865703335 ], [ 128.386760640679711, 35.849507167742324 ], [ 128.380900726534946, 35.853553143617731 ], [ 128.381626305154555, 35.854599847740779 ], [ 128.377605329900433, 35.860453466449307 ], [ 128.380024283242278, 35.86301481818802 ], [ 128.379445694572496, 35.86651811326 ], [ 128.384011492063479, 35.878807060795921 ], [ 128.398202395815446, 35.896188365625569 ], [ 128.401863605110435, 35.911667314025848 ], [ 128.391228077334404, 35.950680609321452 ], [ 128.39253472802028, 35.951633479334568 ], [ 128.390323748040487, 35.956558394272086 ], [ 128.389566918506915, 35.970182836020982 ], [ 128.387951200629431, 35.973949463754259 ], [ 128.388107951274577, 35.984137293596675 ], [ 128.391992479678095, 36.005425326657694 ], [ 128.396258888727857, 36.016814173567433 ], [ 128.396516743737237, 36.021693779845734 ], [ 128.394614003988806, 36.023683001149827 ], [ 128.400245477995583, 36.032796752287624 ], [ 128.401518694312188, 36.039012940102488 ], [ 128.397848606550866, 36.047571182985507 ], [ 128.389101306496286, 36.060065777598339 ], [ 128.388667841741636, 36.063890839984488 ], [ 128.386367492757643, 36.064662813648759 ], [ 128.384805775603894, 36.06959469301384 ], [ 128.380817763641204, 36.074650988611538 ], [ 128.382599034814319, 36.080262813061751 ], [ 128.393739037612903, 36.092134746311942 ], [ 128.393029990095044, 36.11108800378161 ], [ 128.391197449660069, 36.117379514655191 ], [ 128.387256741418071, 36.122123562964951 ], [ 128.379721337983739, 36.126158821744653 ], [ 128.373345991332826, 36.12440800866662 ], [ 128.368170475849098, 36.126770350222216 ], [ 128.367945626232967, 36.128987352952848 ], [ 128.369420158584319, 36.143229470143233 ], [ 128.379554892504586, 36.159108779722445 ], [ 128.378029356264477, 36.164723048293546 ], [ 128.37858066380204, 36.176051479193852 ], [ 128.373741656631836, 36.183074849383082 ], [ 128.366452899811293, 36.18942844968138 ], [ 128.362380278473125, 36.1961085989428 ], [ 128.35717986399419, 36.197414114615263 ], [ 128.353065469505111, 36.201440022471857 ], [ 128.351406238836489, 36.204786551935982 ], [ 128.351153028160553, 36.215131174849688 ], [ 128.345721960598581, 36.222789487128566 ], [ 128.342129491564009, 36.237344861112625 ], [ 128.338261377645779, 36.241318222775632 ], [ 128.337685155463276, 36.240150583453662 ], [ 128.336936013041424, 36.239897006759747 ], [ 128.335372362892315, 36.244845642884407 ], [ 128.331023338837866, 36.249233514452406 ], [ 128.330159339138532, 36.252481820759002 ], [ 128.339164751524152, 36.268813533931436 ], [ 128.337110828300467, 36.283118163635898 ], [ 128.319983074498822, 36.295803700622145 ], [ 128.295313507930587, 36.307924991617043 ], [ 128.28992141536537, 36.312571507222628 ], [ 128.283904044502805, 36.314111490724343 ], [ 128.279895436030245, 36.319022677491859 ], [ 128.280188408773057, 36.340726767721875 ], [ 128.282203306188052, 36.345377540726403 ], [ 128.280958217864338, 36.349368160247252 ], [ 128.308449680369279, 36.364035454923609 ], [ 128.310853490835626, 36.369484126848654 ], [ 128.310623091565247, 36.377223898900283 ], [ 128.313701884080672, 36.384119632633833 ], [ 128.312405674336333, 36.384646672094121 ], [ 128.312330214513594, 36.392285966017482 ], [ 128.303988723463817, 36.402161273955215 ], [ 128.299520292328538, 36.403318281496055 ], [ 128.284353040466442, 36.396237988030478 ], [ 128.274486490767515, 36.396664840547572 ], [ 128.259496356942634, 36.407989155219738 ], [ 128.243969686955353, 36.409052005358554 ], [ 128.236420357180123, 36.414988582489862 ], [ 128.233231360414237, 36.422220270143463 ], [ 128.234509903754542, 36.429795771326958 ], [ 128.236925145275166, 36.434112459655189 ], [ 128.239598277566955, 36.435762226874125 ], [ 128.249892065768989, 36.434922131866863 ], [ 128.254123802115544, 36.438243051537818 ], [ 128.258362016534221, 36.445669575190699 ], [ 128.257580612851029, 36.446608918428701 ], [ 128.259277314926123, 36.446833589185779 ], [ 128.254525086846797, 36.455721554641713 ], [ 128.247549565728775, 36.457242353848827 ], [ 128.243194785224176, 36.463278329974301 ], [ 128.243801644172493, 36.467799636755011 ], [ 128.265483123794468, 36.485471548385853 ], [ 128.267394499529871, 36.48865323302951 ], [ 128.265839081005197, 36.497142346564239 ], [ 128.266923273890626, 36.498261367769139 ], [ 128.263813987484156, 36.506622830896866 ], [ 128.264155436373699, 36.523110709452368 ], [ 128.266898413875197, 36.529189843813057 ], [ 128.266305169863188, 36.536745400758114 ], [ 128.261388615914882, 36.54242638811823 ], [ 128.261752462138475, 36.545487877023589 ], [ 128.264657767008288, 36.55141049531877 ], [ 128.268480603412684, 36.55355332962862 ], [ 128.29505975399843, 36.553557935935004 ], [ 128.296893673601403, 36.5554183389483 ], [ 128.293389867515742, 36.55966349434231 ], [ 128.294911233333494, 36.565190699167019 ], [ 128.297515363120112, 36.566532641300007 ], [ 128.304958431502257, 36.566786716537372 ], [ 128.316336272831762, 36.562424868971277 ], [ 128.318661744144151, 36.558043016813237 ], [ 128.319355853267325, 36.551755750419581 ], [ 128.321441780357731, 36.549884272536303 ], [ 128.342031220376242, 36.546761981594337 ], [ 128.354694080472967, 36.538004345910501 ], [ 128.354479228307724, 36.536756021619155 ], [ 128.363622936570806, 36.533066105374516 ], [ 128.370477818273656, 36.52440460229532 ], [ 128.374742692448365, 36.511310298778007 ], [ 128.378077040937256, 36.508646905273835 ], [ 128.382815272185695, 36.507563587568768 ], [ 128.400255667882703, 36.511332574472547 ], [ 128.411359950727302, 36.521362263294456 ], [ 128.41750569146825, 36.524372113296074 ], [ 128.432896607951392, 36.525990210493795 ], [ 128.440469561857924, 36.533534681175531 ], [ 128.439901813485335, 36.535015103943486 ], [ 128.442923100290329, 36.538159374973993 ], [ 128.472841016903999, 36.542688763003248 ], [ 128.478595057952873, 36.544699129415662 ], [ 128.484464707888719, 36.546488263729699 ], [ 128.485709513777351, 36.546816699050325 ], [ 128.490233258198685, 36.546906888273831 ], [ 128.505716892602806, 36.552720865732155 ], [ 128.509274952247949, 36.551161966261091 ], [ 128.51389679584841, 36.551561455464146 ], [ 128.515771652801476, 36.551353864976669 ], [ 128.514254366215113, 36.551326958327657 ], [ 128.525962669390651, 36.547799484696498 ], [ 128.526726378854988, 36.545135397209641 ], [ 128.524376689640803, 36.542410248306759 ], [ 128.514653997596412, 36.539998961442393 ], [ 128.51575124118807, 36.537372147232801 ], [ 128.520316670666432, 36.535210731248384 ], [ 128.527850309586427, 36.53405888084702 ], [ 128.551021297880709, 36.538797999629203 ], [ 128.556061252604195, 36.541109495475055 ], [ 128.557792701039489, 36.544272987261358 ], [ 128.552011174348223, 36.55249027856069 ], [ 128.545191096390482, 36.555399181891147 ], [ 128.545102141887412, 36.557603870253693 ], [ 128.550000024044635, 36.562751777358031 ], [ 128.559050667530784, 36.565655475513793 ], [ 128.572289592113179, 36.563121648050704 ], [ 128.586755502492366, 36.552471217360555 ], [ 128.590943767542655, 36.551797654580668 ], [ 128.59395274830382, 36.553144434586137 ], [ 128.597925264724239, 36.56312761019695 ], [ 128.60269418739216, 36.56598723022897 ], [ 128.612038975127774, 36.567652127293549 ], [ 128.621250003389321, 36.567215124397016 ], [ 128.633933058106322, 36.558428863949665 ], [ 128.636543896363122, 36.548536413226699 ], [ 128.653031549372912, 36.546924822573359 ], [ 128.660707384624942, 36.548588392710144 ], [ 128.66661972861155, 36.554681298457979 ], [ 128.672336718674586, 36.567427969717194 ], [ 128.676653595394271, 36.567483910135721 ], [ 128.682443041951359, 36.566300346844578 ], [ 128.68576285323141, 36.562604276741041 ], [ 128.681198367518448, 36.549616805497607 ], [ 128.683205473704334, 36.546472222449722 ], [ 128.687808774446466, 36.545297163776574 ], [ 128.705961285289817, 36.556302955801613 ], [ 128.713597167633083, 36.55587594379984 ], [ 128.738090051633179, 36.560234639451473 ], [ 128.750279839798282, 36.568428367133109 ], [ 128.767783283959687, 36.585677604760669 ], [ 128.771140568152845, 36.586163063091263 ], [ 128.772053027419702, 36.584628489588752 ], [ 128.769757846202168, 36.584983165957482 ], [ 128.771730653478528, 36.583924213810342 ], [ 128.770322338901934, 36.583391231940546 ], [ 128.773627378483354, 36.58270494646839 ], [ 128.775001910953705, 36.587395142825585 ], [ 128.780687942127599, 36.584677686810338 ], [ 128.784682661757216, 36.586515344152723 ], [ 128.78404308478423, 36.583436883877212 ], [ 128.787557939083769, 36.584420576467345 ], [ 128.79011658541782, 36.582551484508329 ], [ 128.790215191138458, 36.584692886209645 ], [ 128.794222680102166, 36.58480303677522 ], [ 128.795304529313739, 36.588697532045622 ], [ 128.797113613610605, 36.586091404263463 ], [ 128.799915118497353, 36.588410022347105 ], [ 128.801719877607979, 36.587831996311699 ], [ 128.803142607306796, 36.590708107281685 ], [ 128.804123734863111, 36.588336029572936 ], [ 128.806744136856366, 36.58882724625002 ], [ 128.807602567476181, 36.589547760042926 ], [ 128.805644104603289, 36.589594741326913 ], [ 128.805231652988113, 36.592380711067108 ], [ 128.807541498393363, 36.596426810711378 ], [ 128.805876622205176, 36.597283746506186 ], [ 128.808173679932821, 36.597422113864994 ], [ 128.808261100656864, 36.599274251174329 ], [ 128.812066196395079, 36.602391083677617 ], [ 128.810244912974099, 36.605363608435404 ], [ 128.8134108884135, 36.604354257723607 ], [ 128.815156480410593, 36.606532939090968 ], [ 128.819495071083765, 36.609479435516782 ], [ 128.812795481336195, 36.600266919268925 ], [ 128.813868665362236, 36.598600945953663 ], [ 128.811944942020716, 36.599417826765894 ], [ 128.810476341534496, 36.597534561717723 ], [ 128.808621918402224, 36.591897400930016 ], [ 128.812459404249694, 36.588845106286982 ], [ 128.814278592981395, 36.590655474339549 ], [ 128.815246631477493, 36.588323658275975 ], [ 128.819002949243895, 36.5871100482169 ], [ 128.819510255205756, 36.588591330941959 ], [ 128.825664015683913, 36.587719035193089 ], [ 128.821294569739393, 36.586009030765887 ], [ 128.825177123568437, 36.583052398292821 ], [ 128.823691316303297, 36.581220873570025 ], [ 128.825868442569998, 36.581526925942846 ], [ 128.823897848043686, 36.57688023773693 ], [ 128.82593509003766, 36.573069092187858 ], [ 128.829780621558115, 36.572392578025351 ], [ 128.826730115125315, 36.575184377208586 ], [ 128.827353269325585, 36.581455593202534 ], [ 128.835792884369965, 36.585157566628645 ], [ 128.83840825780004, 36.583634578289072 ], [ 128.837901742793292, 36.586739296910999 ], [ 128.839545833647463, 36.587228588373947 ], [ 128.837433488369811, 36.587472864433593 ], [ 128.838311617578938, 36.588820104198234 ], [ 128.837013012443663, 36.591350548850812 ], [ 128.842737141108927, 36.588883751498301 ], [ 128.840833117447374, 36.583072458247699 ], [ 128.843315603694776, 36.587152286084979 ], [ 128.843633714691151, 36.585075403159308 ], [ 128.844482781602494, 36.585163591772385 ], [ 128.845291407960019, 36.589493637435965 ], [ 128.84420090739448, 36.590415354844652 ], [ 128.845082154479712, 36.590734027068564 ], [ 128.843979185226686, 36.592224968369841 ], [ 128.844635061147841, 36.59299901785657 ], [ 128.843353185018856, 36.595466504700234 ], [ 128.843803549833154, 36.596062867774116 ], [ 128.847333849019208, 36.594713900898888 ], [ 128.847551299609961, 36.59174630965331 ], [ 128.849393239118257, 36.592176478918127 ], [ 128.848193018791903, 36.590636827116072 ], [ 128.849732861809343, 36.59044113874404 ], [ 128.846902163643108, 36.587086181595993 ], [ 128.852005391670957, 36.587418122281449 ], [ 128.84729770095089, 36.585647947258074 ], [ 128.850256565689136, 36.585458543690422 ], [ 128.85080830618196, 36.584251258320762 ], [ 128.846089641905081, 36.583988952471486 ], [ 128.846786829000109, 36.583018620930019 ], [ 128.844827756056333, 36.581298139639827 ], [ 128.848034940829166, 36.58221722184372 ], [ 128.847015556719072, 36.58004083421892 ], [ 128.848748399913916, 36.58290368099528 ], [ 128.850999152625434, 36.582411004633499 ], [ 128.848689938868489, 36.580054182791045 ], [ 128.852284329052054, 36.581847016870483 ], [ 128.850873114709628, 36.579770591715665 ], [ 128.85190584313338, 36.579471153550735 ], [ 128.849503228675815, 36.579211262496564 ], [ 128.848182727180046, 36.577728798613748 ], [ 128.849834199604715, 36.578531549208378 ], [ 128.849285107771493, 36.576952987906481 ], [ 128.851595399283184, 36.577958569476472 ], [ 128.850565474674738, 36.576549227554899 ], [ 128.854693594442438, 36.57671575591732 ], [ 128.855387609568652, 36.578055058007031 ], [ 128.85282886583812, 36.578121763118887 ], [ 128.852841911715899, 36.57990243647167 ], [ 128.854909139298769, 36.579647658872595 ], [ 128.853155149470041, 36.580965112002886 ], [ 128.854735735643374, 36.58205780819771 ], [ 128.853899445975486, 36.5836844906853 ], [ 128.855411160542246, 36.583191650826784 ], [ 128.856319702681503, 36.584703219272676 ], [ 128.854269459101261, 36.585178610001662 ], [ 128.856666004370112, 36.586301712060305 ], [ 128.856199430259579, 36.58933079073423 ], [ 128.8610587486219, 36.59022214378043 ], [ 128.861488709238415, 36.591965698060818 ], [ 128.864375917903772, 36.589049069638939 ], [ 128.864214463402732, 36.591507485794743 ], [ 128.865440320129494, 36.591595600083402 ], [ 128.865655147605395, 36.589632368680867 ], [ 128.867226540906074, 36.590420485714155 ], [ 128.8661634879019, 36.588490826338678 ], [ 128.867166728939651, 36.588064517296424 ], [ 128.871340343725706, 36.590176001519652 ], [ 128.868983740818379, 36.592224551027037 ], [ 128.870916811780063, 36.593144919396416 ], [ 128.868549848614578, 36.594463142188239 ], [ 128.866592466665793, 36.592903963729007 ], [ 128.865878390279505, 36.594182782616954 ], [ 128.863487016577835, 36.593087175505126 ], [ 128.864629694572301, 36.594740888690751 ], [ 128.860046179430213, 36.594474724706338 ], [ 128.856657735592648, 36.59161180444061 ], [ 128.852084897736574, 36.595643372588057 ], [ 128.851380765107194, 36.599438927424139 ], [ 128.850094977539612, 36.596886810969401 ], [ 128.848180129207321, 36.598264540344459 ], [ 128.851808166321291, 36.601470236182614 ], [ 128.847394554894038, 36.601517847159059 ], [ 128.847813454286978, 36.603380634179487 ], [ 128.852672275485787, 36.604253548929123 ], [ 128.854317106598955, 36.609888764710824 ], [ 128.853091874410353, 36.611289775159214 ], [ 128.855031938580851, 36.612040020410717 ], [ 128.856429437337965, 36.616233361971815 ], [ 128.850500497248078, 36.616106314299572 ], [ 128.843478119356803, 36.618423313000704 ], [ 128.841875311707241, 36.619653326059428 ], [ 128.845817167166786, 36.620427535919589 ], [ 128.846549618254983, 36.622561977388528 ], [ 128.841606531188688, 36.623465806448671 ], [ 128.835649040954792, 36.62728219177388 ], [ 128.833137790035096, 36.625491259726871 ], [ 128.834642689233675, 36.629409487170406 ], [ 128.828729690303476, 36.63098306363274 ], [ 128.825310720226526, 36.629425368908997 ], [ 128.823624766073294, 36.634601954307463 ], [ 128.821304121482854, 36.634282744235101 ], [ 128.817832284261868, 36.63484493289392 ], [ 128.817398623837818, 36.635246355023725 ], [ 128.818242166695455, 36.636234659492786 ], [ 128.815819786940494, 36.636531109037122 ], [ 128.818350943163523, 36.636337556250524 ], [ 128.817507102321201, 36.635199222019153 ], [ 128.820090771812801, 36.634511339161691 ], [ 128.82441573741076, 36.635272949748469 ], [ 128.826960020405295, 36.631434224501362 ], [ 128.830443520638084, 36.632708573456824 ], [ 128.834226533126724, 36.631894408390515 ], [ 128.833122206741194, 36.635870472522306 ], [ 128.834631292152011, 36.638514570136365 ], [ 128.830449611210952, 36.640977787195311 ], [ 128.842310284474308, 36.638629642126048 ], [ 128.841799640362979, 36.640932165759942 ], [ 128.843559723641647, 36.639646420529772 ], [ 128.84564535816429, 36.641355740800243 ], [ 128.845076565685929, 36.638793207199811 ], [ 128.848931148458036, 36.638142330361816 ], [ 128.848459050540612, 36.649571956590492 ], [ 128.845406846943831, 36.651172504518961 ], [ 128.848666906859108, 36.650498594090635 ], [ 128.8504470015138, 36.65614920694847 ], [ 128.842270600743831, 36.656663792753157 ], [ 128.836262196868745, 36.659800446934319 ], [ 128.832773570889884, 36.657908698011283 ], [ 128.834619013814518, 36.660522025584996 ], [ 128.833901242454658, 36.665353708873049 ], [ 128.831330245741725, 36.668617320519481 ], [ 128.829766495268444, 36.6666934508591 ], [ 128.827854280020745, 36.667346853185094 ], [ 128.831173029371541, 36.669727386569001 ], [ 128.822319100945634, 36.670316635997615 ], [ 128.822176918778609, 36.668483783242493 ], [ 128.821623374575466, 36.668110850647274 ], [ 128.822069319241876, 36.670350712392761 ], [ 128.82507672268207, 36.671362134060864 ], [ 128.832425748865546, 36.67052287997474 ], [ 128.831418747288467, 36.673078688242654 ], [ 128.819346983040589, 36.672632973666474 ], [ 128.815397308350697, 36.66863824033608 ], [ 128.814134798112974, 36.67065314074231 ], [ 128.809738882726293, 36.668644217467239 ], [ 128.800756653909559, 36.672263027773539 ], [ 128.797038040941459, 36.669774134378798 ], [ 128.796402398730265, 36.6697035716236 ], [ 128.794642640125943, 36.66972154737671 ], [ 128.794361830776467, 36.669272478771632 ], [ 128.794668161587794, 36.668410444084252 ], [ 128.794456604689401, 36.667915899214712 ], [ 128.793417418059619, 36.668093185113996 ], [ 128.794477967395295, 36.669767940238067 ], [ 128.80029528792582, 36.672231166102897 ], [ 128.798739932516384, 36.673296019232623 ], [ 128.796682045719365, 36.676765758370749 ], [ 128.795389285428911, 36.67620024757457 ], [ 128.794927002206407, 36.676337414217052 ], [ 128.794252138825925, 36.677046007903286 ], [ 128.796700240754035, 36.676823009859454 ], [ 128.800341978603257, 36.672257648514389 ], [ 128.801692924374265, 36.672370023003865 ], [ 128.802544104473952, 36.671630437729199 ], [ 128.804589225647618, 36.671763933866679 ], [ 128.804773891180332, 36.670995495275214 ], [ 128.806899178413801, 36.671403959940868 ], [ 128.809139566802997, 36.66990965891538 ], [ 128.811474376534449, 36.671523061402269 ], [ 128.816579369848512, 36.671582654055833 ], [ 128.81855006893278, 36.674988851823294 ], [ 128.815015386507923, 36.678507970034467 ], [ 128.814953494848822, 36.680444474039881 ], [ 128.813948340080486, 36.679372976250363 ], [ 128.812896141079335, 36.680399036015345 ], [ 128.814389416956288, 36.682094638220285 ], [ 128.812925337916226, 36.684033672989592 ], [ 128.815467479218853, 36.684720640080798 ], [ 128.815213112251428, 36.689848277299518 ], [ 128.808644875890252, 36.685868764511596 ], [ 128.809640588391431, 36.690540585805266 ], [ 128.804440986992688, 36.692349512378414 ], [ 128.805089702970974, 36.694341899085693 ], [ 128.801476954651946, 36.694411929522332 ], [ 128.797001273801612, 36.690425108764266 ], [ 128.790166546042116, 36.693991817632934 ], [ 128.785154529244323, 36.69254410401814 ], [ 128.779650562195286, 36.694911848126026 ], [ 128.778775608551769, 36.692573244104651 ], [ 128.777960168561719, 36.692593172732209 ], [ 128.770679707005911, 36.698813646756875 ], [ 128.770015521860699, 36.700942047025059 ], [ 128.777934995062168, 36.692864094003845 ], [ 128.779580735414555, 36.695186923788569 ], [ 128.785628035273902, 36.692855205664031 ], [ 128.790134986554278, 36.694194875382962 ], [ 128.797231377308776, 36.69190514359304 ], [ 128.799853651433097, 36.69669736808752 ], [ 128.79851914327179, 36.697860679606343 ], [ 128.802242711512037, 36.697292832896814 ], [ 128.80354860140983, 36.702520537627436 ], [ 128.803190270394452, 36.70269872023654 ], [ 128.8028001933761, 36.703023434468015 ], [ 128.802474728185729, 36.703664488228277 ], [ 128.800159264474672, 36.71036639344053 ], [ 128.799670022423186, 36.714816344493059 ], [ 128.804290847206914, 36.701367380693021 ], [ 128.803661628567795, 36.697528020211692 ], [ 128.807462656170372, 36.694041334680897 ], [ 128.806604850893564, 36.691696741453498 ], [ 128.810575903935899, 36.692151217037136 ], [ 128.814822303159076, 36.697349525488768 ], [ 128.819953205072522, 36.697817362889431 ], [ 128.818335148245552, 36.700979862186564 ], [ 128.820109324738183, 36.703228053655955 ], [ 128.819944434715239, 36.70052577206031 ], [ 128.822854631907802, 36.696339534574463 ], [ 128.829463664134011, 36.696198927626568 ], [ 128.847946932610228, 36.687836671352841 ], [ 128.851385724647088, 36.687603135292157 ], [ 128.85312108984175, 36.691642765305723 ], [ 128.850246424800218, 36.695941115046125 ], [ 128.845854086083847, 36.698944358880532 ], [ 128.837939374571704, 36.700550316016979 ], [ 128.84432436431095, 36.700094610042569 ], [ 128.839136419527705, 36.714321634106241 ], [ 128.836349762644033, 36.7177889439645 ], [ 128.837353024498242, 36.724335083010054 ], [ 128.838942927151976, 36.726247111480205 ], [ 128.841400423487755, 36.72624762553486 ], [ 128.865648331746428, 36.722534190557639 ], [ 128.870121968124494, 36.725351128498581 ], [ 128.864742221263782, 36.733243091210312 ], [ 128.864016023624657, 36.734780580428072 ], [ 128.864183373471946, 36.735049230995237 ], [ 128.875134684292163, 36.735823223290346 ], [ 128.884212798723922, 36.733694298220726 ], [ 128.8869081931702, 36.73507746513468 ], [ 128.887165778872259, 36.73862365039669 ], [ 128.88430512209402, 36.742212305454231 ], [ 128.871200013900932, 36.746381683283076 ], [ 128.867821847033412, 36.748485607831562 ], [ 128.869188651710971, 36.749518060826048 ], [ 128.883543740553364, 36.743677524255432 ], [ 128.887309756938805, 36.739347442043218 ], [ 128.887534893391006, 36.735018784246861 ], [ 128.882976178311509, 36.733055914971693 ], [ 128.874003047303404, 36.735120993551874 ], [ 128.865943079910096, 36.734242452359034 ], [ 128.869461994812212, 36.729027629523387 ], [ 128.871064005954651, 36.729642544089458 ], [ 128.869815979426619, 36.728793751644851 ], [ 128.871068491334199, 36.72602251211223 ], [ 128.870510464897563, 36.724972511967195 ], [ 128.868551317708125, 36.724264289608477 ], [ 128.8668559006191, 36.722813379814895 ], [ 128.865316557865668, 36.722192585356041 ], [ 128.841048254924544, 36.724734517099549 ], [ 128.838990696643293, 36.726055101091788 ], [ 128.836943294967199, 36.718957352100091 ], [ 128.840346211511758, 36.714599512245464 ], [ 128.842058800448484, 36.708915927122327 ], [ 128.84812343492851, 36.700741885205076 ], [ 128.859758294571861, 36.699704206079446 ], [ 128.861061922149389, 36.69686618433024 ], [ 128.859714033477786, 36.691829719890009 ], [ 128.865298059038849, 36.69040070549967 ], [ 128.867642017365313, 36.686779344479618 ], [ 128.870542353479266, 36.686159626963686 ], [ 128.871669109163605, 36.686601056048325 ], [ 128.872179179282654, 36.687504923138135 ], [ 128.872782089482001, 36.687931012634479 ], [ 128.873039491940062, 36.688008576716129 ], [ 128.873970024546793, 36.687947356380874 ], [ 128.875952372058237, 36.687197340255516 ], [ 128.878187065241804, 36.685823648593974 ], [ 128.881128479437336, 36.686964309334719 ], [ 128.882361096276981, 36.685171217825527 ], [ 128.881844254534144, 36.680643547202202 ], [ 128.883586889816769, 36.679332360898179 ], [ 128.891553740414196, 36.681789065498634 ], [ 128.902515405288455, 36.674459516003502 ], [ 128.905688957374878, 36.674689680006708 ], [ 128.908157656502596, 36.677209534280848 ], [ 128.907578190373783, 36.675480300789886 ], [ 128.904770450322701, 36.674106782267323 ], [ 128.901803989881103, 36.674313669014097 ], [ 128.890863061100077, 36.68106706062656 ], [ 128.885586649531831, 36.678321788420519 ], [ 128.882241419464378, 36.678368712063865 ], [ 128.881504648690708, 36.680313890523507 ], [ 128.881637509203301, 36.686174260327896 ], [ 128.877962988546074, 36.685754610459654 ], [ 128.87400213528565, 36.68789826607803 ], [ 128.871472345977423, 36.686465775823734 ], [ 128.872429810408761, 36.686986097957039 ], [ 128.873245549950752, 36.687145063197995 ], [ 128.874065735697741, 36.687225753855849 ], [ 128.874327654838254, 36.686987520579144 ], [ 128.869863377557067, 36.685928822084584 ], [ 128.867438394851177, 36.686644922359456 ], [ 128.866404080230524, 36.688258575343873 ], [ 128.864478265283793, 36.687489639538718 ], [ 128.863284336624929, 36.688992803894166 ], [ 128.863693700820107, 36.6863032619558 ], [ 128.860675454448142, 36.688299007445899 ], [ 128.852889693025901, 36.683131587706846 ], [ 128.836186440074442, 36.691220743743138 ], [ 128.835173193856065, 36.690236472726781 ], [ 128.834356407783304, 36.691647854952279 ], [ 128.83275440440994, 36.690749051288073 ], [ 128.832379961028863, 36.69195969888797 ], [ 128.827396188019122, 36.692413924934982 ], [ 128.823091769369114, 36.69028667477086 ], [ 128.825420995698636, 36.685848500312751 ], [ 128.825513029842568, 36.682383602103343 ], [ 128.823980798085017, 36.680739662188891 ], [ 128.82754579728271, 36.680436023887182 ], [ 128.82913560601088, 36.678430392615468 ], [ 128.831875425713065, 36.679248487656544 ], [ 128.836616517670336, 36.664848430497393 ], [ 128.839171815029118, 36.666638618754959 ], [ 128.838246379248943, 36.663938037384654 ], [ 128.839927292210717, 36.660913677877268 ], [ 128.845415639220022, 36.659353696218915 ], [ 128.849318120265735, 36.6601383539655 ], [ 128.853190902581019, 36.656737034781706 ], [ 128.85547899157325, 36.658261564102254 ], [ 128.852397547787746, 36.649826761043279 ], [ 128.853531648860809, 36.647692743671321 ], [ 128.85192341588106, 36.64661949901614 ], [ 128.856759360974451, 36.646317538292507 ], [ 128.852962149129837, 36.645404322931299 ], [ 128.852517117765075, 36.643061492058145 ], [ 128.856650821272325, 36.643624702615782 ], [ 128.858627210157579, 36.641732542548027 ], [ 128.860572654640578, 36.641987774038796 ], [ 128.861533440953849, 36.641481893751454 ], [ 128.863031029025819, 36.641761629342717 ], [ 128.863659060266173, 36.641569517347975 ], [ 128.863761900027271, 36.641487168537587 ], [ 128.863809695530477, 36.641342195237897 ], [ 128.863847193682432, 36.643047027813545 ], [ 128.864170287522683, 36.64326940103723 ], [ 128.864533377242651, 36.643202228809699 ], [ 128.864755790565226, 36.643531748527863 ], [ 128.865070812117352, 36.643576242023421 ], [ 128.864206489931547, 36.641456265919018 ], [ 128.862436503268697, 36.640544287448968 ], [ 128.856904865713659, 36.641764949424086 ], [ 128.853251094143559, 36.640763349692172 ], [ 128.851880092512715, 36.636350610151077 ], [ 128.849193182753709, 36.635217321266602 ], [ 128.838795738652834, 36.637033262386666 ], [ 128.836297392615677, 36.635757263431273 ], [ 128.838610836344571, 36.63501445874109 ], [ 128.837059946690545, 36.634407487385232 ], [ 128.841883887451303, 36.628422003655359 ], [ 128.841876742815316, 36.63062357354508 ], [ 128.843019096632872, 36.629675007620229 ], [ 128.844647721525348, 36.63230295946348 ], [ 128.849307459809125, 36.633370665579214 ], [ 128.84543250495372, 36.631943872266959 ], [ 128.845057959027258, 36.626689336928052 ], [ 128.849333910935229, 36.625938805187637 ], [ 128.851845950178046, 36.619940255686288 ], [ 128.853310157888444, 36.621195030666385 ], [ 128.858829189543997, 36.618305609931717 ], [ 128.859507794725602, 36.615466128018966 ], [ 128.857605774581003, 36.609993379799015 ], [ 128.860562672422503, 36.611094632230902 ], [ 128.857524001321963, 36.606582418145663 ], [ 128.858563810769738, 36.604201800611037 ], [ 128.856930935699324, 36.601561624118908 ], [ 128.858270255978624, 36.600078857132843 ], [ 128.856923436599857, 36.600378316005283 ], [ 128.85866736786042, 36.596652885489164 ], [ 128.865190342064778, 36.598005353176092 ], [ 128.860401803840489, 36.599892217156444 ], [ 128.861349792427205, 36.6023043407736 ], [ 128.860087165225679, 36.601271341678483 ], [ 128.859711248484416, 36.602797313171706 ], [ 128.862672654537675, 36.604012638485152 ], [ 128.860812415054795, 36.604663372941658 ], [ 128.863317221555604, 36.604723458857116 ], [ 128.861321232358875, 36.605749512015713 ], [ 128.862885654674187, 36.60617740265829 ], [ 128.861581532937777, 36.607976522289952 ], [ 128.863418665589762, 36.60834533879995 ], [ 128.861462428060975, 36.610634440788779 ], [ 128.862602673003153, 36.610480451560619 ], [ 128.862371742070707, 36.612178537368621 ], [ 128.86443923046869, 36.609603665340337 ], [ 128.865081799830449, 36.613542702245581 ], [ 128.865975716752502, 36.609751502785109 ], [ 128.869100511057695, 36.611688349453892 ], [ 128.86600413936543, 36.616748106446487 ], [ 128.867756024301741, 36.617341471041591 ], [ 128.869715098749595, 36.61427900460415 ], [ 128.868980824351297, 36.615990444125181 ], [ 128.870826066042866, 36.616297905055859 ], [ 128.876865542329341, 36.627439305571592 ], [ 128.876685253305538, 36.628779239193662 ], [ 128.875981309631413, 36.628754086438327 ], [ 128.875804329609963, 36.628855784779134 ], [ 128.875604381454337, 36.629975700681676 ], [ 128.875869092070047, 36.628852815688319 ], [ 128.876669294601982, 36.628823539300143 ], [ 128.877102986877759, 36.628256919691481 ], [ 128.877837495066046, 36.629611679886104 ], [ 128.878613947161568, 36.629746617759238 ], [ 128.877141057623959, 36.623743379194686 ], [ 128.87456046242184, 36.62082640688439 ], [ 128.875759830681829, 36.619693802172257 ], [ 128.874000451452901, 36.618973022864182 ], [ 128.871928903477567, 36.612728698151273 ], [ 128.874309316170013, 36.613627497654107 ], [ 128.872044095934115, 36.610969795225643 ], [ 128.877683323560007, 36.612888173375318 ], [ 128.879570049079348, 36.612155149364206 ], [ 128.879805270156282, 36.615129938637303 ], [ 128.880848605407181, 36.612881721015142 ], [ 128.882469208923794, 36.614074837914302 ], [ 128.881709502231701, 36.615314656839701 ], [ 128.884739100187574, 36.615426806552428 ], [ 128.88331487426106, 36.618246358620304 ], [ 128.884343491957225, 36.62087219067066 ], [ 128.891626451676132, 36.618991593970932 ], [ 128.891118517694252, 36.620317089191055 ], [ 128.899730749307736, 36.627697347737168 ], [ 128.900424835171265, 36.626857192658917 ], [ 128.899046958108272, 36.629598945589755 ], [ 128.901806138918943, 36.625469837524506 ], [ 128.898789379597503, 36.625299808549705 ], [ 128.895488424342346, 36.620564747708798 ], [ 128.893522828583713, 36.620653512810428 ], [ 128.894409343366618, 36.616538224348346 ], [ 128.891331050337641, 36.615891997605118 ], [ 128.886932259431489, 36.618000761917486 ], [ 128.887247351302165, 36.613528256587401 ], [ 128.888860660040308, 36.612525348629738 ], [ 128.885261947101242, 36.612968605871551 ], [ 128.884137974576475, 36.611163304744011 ], [ 128.883956421589033, 36.608817275769582 ], [ 128.888308055061799, 36.608684092386468 ], [ 128.887517931866682, 36.607589271766273 ], [ 128.891209647637595, 36.60477737883518 ], [ 128.896265918962627, 36.60485619676777 ], [ 128.898152193814326, 36.607395677808825 ], [ 128.898058833652499, 36.604883999992389 ], [ 128.903469214361081, 36.602871932484199 ], [ 128.89408141366556, 36.603015019031908 ], [ 128.895265044319416, 36.594961240910223 ], [ 128.894434231794747, 36.595397356697006 ], [ 128.894256757979264, 36.595570951347682 ], [ 128.894052718021555, 36.596640279474826 ], [ 128.893626841877733, 36.596559800269674 ], [ 128.893920232930583, 36.597557292648062 ], [ 128.892645831221898, 36.597954654172554 ], [ 128.892743003740151, 36.599526665900221 ], [ 128.891963132065712, 36.599485889988202 ], [ 128.892648364389174, 36.603466633387832 ], [ 128.885767637828593, 36.605044680755007 ], [ 128.884959833697025, 36.606917183555126 ], [ 128.872861389721237, 36.605308719553413 ], [ 128.871890436143048, 36.603083853501829 ], [ 128.868984247358554, 36.605723506780464 ], [ 128.866481138293068, 36.605698627968515 ], [ 128.867134489905226, 36.604516080281037 ], [ 128.864761489026847, 36.601779515876984 ], [ 128.865557087010757, 36.600638377516468 ], [ 128.868686605574794, 36.602195474981492 ], [ 128.866721258452486, 36.600306220345921 ], [ 128.869119032280736, 36.599406176467042 ], [ 128.870136659218304, 36.60124524423086 ], [ 128.870861237129787, 36.599583166153472 ], [ 128.87826751985213, 36.599434669437557 ], [ 128.875887670375818, 36.598718845619508 ], [ 128.880447572642339, 36.593891833415661 ], [ 128.881147772499361, 36.590326946632523 ], [ 128.875426423546571, 36.586643175532686 ], [ 128.874616594545671, 36.585064826699075 ], [ 128.877535421256596, 36.585778601269794 ], [ 128.877196334508199, 36.586981246845156 ], [ 128.8838136436122, 36.5872275122804 ], [ 128.883237371876987, 36.584861972648348 ], [ 128.887574302378653, 36.584370980357612 ], [ 128.886163192397902, 36.583111332834179 ], [ 128.891950692282649, 36.580479207836035 ], [ 128.889351809747467, 36.580599855224591 ], [ 128.888996331176855, 36.57876312839241 ], [ 128.888437806408177, 36.580774269159129 ], [ 128.884179799236847, 36.583577386853037 ], [ 128.882908118986052, 36.582677295994628 ], [ 128.883224147057433, 36.584028686215859 ], [ 128.882433620769433, 36.583278964948107 ], [ 128.881839503574781, 36.583081325960613 ], [ 128.882437622306583, 36.584262179817991 ], [ 128.879877107704516, 36.585686256902228 ], [ 128.879659281214344, 36.583317863571978 ], [ 128.877827212916714, 36.584125984732012 ], [ 128.876039714068099, 36.583090665080697 ], [ 128.876786037138402, 36.581866450804519 ], [ 128.874954380870975, 36.582761518416923 ], [ 128.875574927093425, 36.581436030055002 ], [ 128.873565429293819, 36.581041138785309 ], [ 128.872401591140857, 36.584253190322926 ], [ 128.868163141116071, 36.581552510458089 ], [ 128.865985242412961, 36.584897768357358 ], [ 128.861384054599199, 36.584024752710242 ], [ 128.863432008440185, 36.583059740248956 ], [ 128.86294687612687, 36.58055212396475 ], [ 128.865522261589462, 36.581663639448038 ], [ 128.863900816144508, 36.579282548801714 ], [ 128.869661722558448, 36.581601455863975 ], [ 128.873883510773567, 36.579948765720943 ], [ 128.874477220768654, 36.579006792037291 ], [ 128.874676428820919, 36.578321914702535 ], [ 128.870808842427692, 36.580626209673355 ], [ 128.86971091292034, 36.578245443516508 ], [ 128.868132382328497, 36.578775222841003 ], [ 128.868520863569273, 36.577487671961769 ], [ 128.864610831703999, 36.577364849173705 ], [ 128.868690121079879, 36.575831297729387 ], [ 128.864563331519747, 36.575155231812388 ], [ 128.869794413420578, 36.574675916699242 ], [ 128.867275227268749, 36.57331561496035 ], [ 128.871494995788737, 36.573640064614928 ], [ 128.869651627487997, 36.572189252574091 ], [ 128.873540759689377, 36.571766162986656 ], [ 128.871271969257123, 36.571065563502053 ], [ 128.881308809754017, 36.567605686245287 ], [ 128.880163913025001, 36.566939726125007 ], [ 128.872474131153751, 36.569119128013071 ], [ 128.871604195315285, 36.565008560972444 ], [ 128.869715990772164, 36.565349812666902 ], [ 128.870289965336497, 36.570419198518998 ], [ 128.866430921249588, 36.570869952380768 ], [ 128.865531292225654, 36.569031398826937 ], [ 128.864595413787015, 36.571729464346014 ], [ 128.863504119989699, 36.568817738615159 ], [ 128.860586180964958, 36.575215299462918 ], [ 128.858800275411625, 36.572922224557779 ], [ 128.861808312409778, 36.572341148843172 ], [ 128.861883931826952, 36.570969869749902 ], [ 128.858480397535402, 36.571048254343488 ], [ 128.862059955659902, 36.569949714368079 ], [ 128.859782502115678, 36.568308559582334 ], [ 128.862710603506287, 36.566551927078358 ], [ 128.859288864793996, 36.567107737078857 ], [ 128.860283328448617, 36.56535011947976 ], [ 128.858681350099744, 36.563161718407578 ], [ 128.856455192393213, 36.564741372258723 ], [ 128.857678133637364, 36.566391720291556 ], [ 128.85542426608211, 36.566355650443079 ], [ 128.857955858201819, 36.568098037282752 ], [ 128.856718983957308, 36.569522387044344 ], [ 128.855043785617852, 36.568760917255879 ], [ 128.854936561670968, 36.570208267949113 ], [ 128.853679676278716, 36.569166817084657 ], [ 128.852825190593734, 36.570487346545924 ], [ 128.852170470160701, 36.569115623454877 ], [ 128.848330641886747, 36.57157322279005 ], [ 128.846863532710074, 36.570944185412145 ], [ 128.848013112194366, 36.569027303040222 ], [ 128.846569607648007, 36.568727842285298 ], [ 128.846452929402176, 36.570179557420843 ], [ 128.844849183681674, 36.569742906244471 ], [ 128.8435853894876, 36.571390817451814 ], [ 128.844366322979624, 36.564307993485954 ], [ 128.842361834347372, 36.563921709098381 ], [ 128.842330623972032, 36.567185567198059 ], [ 128.84089479455389, 36.56786337453017 ], [ 128.842180979242528, 36.569983191503134 ], [ 128.840362565407275, 36.570715607301473 ], [ 128.841478874786048, 36.571742082024038 ], [ 128.838960068009271, 36.571538331971063 ], [ 128.840475750726654, 36.572440930283456 ], [ 128.839461956584785, 36.57343537891574 ], [ 128.837426665048582, 36.572642266259962 ], [ 128.837403096473452, 36.575146843879878 ], [ 128.836328012147646, 36.573475499419544 ], [ 128.833838069224413, 36.574677796391356 ], [ 128.834726622014387, 36.570595167580073 ], [ 128.836885980723736, 36.568982574195928 ], [ 128.833345419217295, 36.567014443747532 ], [ 128.834744182080897, 36.564920282552862 ], [ 128.832575437534643, 36.565574644092543 ], [ 128.831574380877214, 36.564145933467906 ], [ 128.835655471553821, 36.561331957655973 ], [ 128.837595183519937, 36.562944751128931 ], [ 128.836361286144268, 36.56006578980864 ], [ 128.839610409357391, 36.560501713735917 ], [ 128.84051051055863, 36.559744229952791 ], [ 128.839117904570998, 36.559235964068549 ], [ 128.843953130373109, 36.554709223915232 ], [ 128.847767317144786, 36.554962983089702 ], [ 128.843416262095332, 36.553809538840191 ], [ 128.843397738838803, 36.551642042831311 ], [ 128.841806038189645, 36.552451263028068 ], [ 128.842119804365979, 36.554806360595975 ], [ 128.839499522964473, 36.555178968255369 ], [ 128.839989940417695, 36.556609011663873 ], [ 128.837514296157394, 36.555705651898712 ], [ 128.838660036024692, 36.557176014885059 ], [ 128.836704558449526, 36.558511927557596 ], [ 128.835244247814842, 36.556341942167073 ], [ 128.832472474584819, 36.555788980769826 ], [ 128.834987192836934, 36.558474276441615 ], [ 128.833719624951783, 36.560308745988358 ], [ 128.831694950961236, 36.559849367167317 ], [ 128.83268162235106, 36.561767779460567 ], [ 128.828593093950019, 36.558203300353817 ], [ 128.824099389918956, 36.557974766116601 ], [ 128.828437704050629, 36.560582364336504 ], [ 128.826911239789638, 36.561639901155345 ], [ 128.829099079140519, 36.561474186366709 ], [ 128.8293196481645, 36.563460427972103 ], [ 128.827972509618093, 36.563585286686582 ], [ 128.829273164769489, 36.566741803745742 ], [ 128.825141985828168, 36.568433220606799 ], [ 128.823931645560435, 36.57058446396131 ], [ 128.819015086795588, 36.567354238805883 ], [ 128.822457128788017, 36.571693025191991 ], [ 128.819837509215063, 36.571635041011064 ], [ 128.821093756671644, 36.573412326208199 ], [ 128.819269073076299, 36.574750104595495 ], [ 128.820301542565005, 36.577216770592777 ], [ 128.818425160348511, 36.579954157267665 ], [ 128.817441309646057, 36.578931549531298 ], [ 128.816804357079945, 36.578708527150368 ], [ 128.81619386064142, 36.580518736332756 ], [ 128.817839318072771, 36.581470171838454 ], [ 128.815418675343153, 36.582342763428173 ], [ 128.815831246262263, 36.584405627419798 ], [ 128.814375372398672, 36.582842958951375 ], [ 128.813709144071424, 36.584584254437502 ], [ 128.812424259419345, 36.583923733636759 ], [ 128.811521631974159, 36.579976990564731 ], [ 128.809036409575725, 36.579020565305449 ], [ 128.808843829395329, 36.583965254620828 ], [ 128.807660434945603, 36.583176686354463 ], [ 128.807970151941618, 36.582470786564151 ], [ 128.807981588441095, 36.582000308854767 ], [ 128.807767192998057, 36.581850015656279 ], [ 128.805834183643299, 36.584169743369458 ], [ 128.799743101274174, 36.581306466495377 ], [ 128.797278554716115, 36.58226193477541 ], [ 128.79811464047927, 36.5755432979727 ], [ 128.800311497261731, 36.573801519880234 ], [ 128.798207190690022, 36.570320991893993 ], [ 128.798071923482183, 36.573737030639137 ], [ 128.794477926380921, 36.580630146080644 ], [ 128.791030752427474, 36.578915024895032 ], [ 128.792979129139297, 36.578138350037207 ], [ 128.793631257256465, 36.574717154245604 ], [ 128.789198759885664, 36.572376251738334 ], [ 128.790975784002711, 36.575380387873551 ], [ 128.789143576965756, 36.577627396728531 ], [ 128.782138133565638, 36.573413561581965 ], [ 128.781721492836994, 36.574960169373995 ], [ 128.784255340201241, 36.577142363607528 ], [ 128.781380402126132, 36.577225230523709 ], [ 128.77690327233762, 36.582193799686841 ], [ 128.775329706063104, 36.581323548603052 ], [ 128.768310174312916, 36.582989797287382 ], [ 128.770667678992254, 36.581274351666337 ], [ 128.766718741054206, 36.581275205114359 ], [ 128.76176010668155, 36.574561732460495 ], [ 128.73609456917103, 36.555200660980923 ], [ 128.705841220190393, 36.551493691502948 ], [ 128.69167567378986, 36.542751407276754 ], [ 128.686955620155459, 36.542211199422148 ], [ 128.678199834347026, 36.546781042433572 ], [ 128.677409065350105, 36.551252135470257 ], [ 128.680811757762456, 36.562109047517289 ], [ 128.678788081224184, 36.56458188822765 ], [ 128.675279434884459, 36.565039769113092 ], [ 128.672570735696524, 36.562017944104106 ], [ 128.669604515262762, 36.551392393828273 ], [ 128.663025879056761, 36.546605597224016 ], [ 128.658417019440719, 36.545392769928142 ], [ 128.654621530375579, 36.541542257116909 ], [ 128.651729007830909, 36.5410718899278 ], [ 128.634137331269812, 36.545776251782932 ], [ 128.631226642133953, 36.555462157343605 ], [ 128.622726002308696, 36.562639485175772 ], [ 128.60885211970313, 36.563367453454418 ], [ 128.603369598399098, 36.561979991951603 ], [ 128.599719888717345, 36.55917159414043 ], [ 128.596538178646483, 36.55075536529943 ], [ 128.59116476534777, 36.549335072015175 ], [ 128.585462947174904, 36.55054470271466 ], [ 128.571326466454934, 36.559498366849709 ], [ 128.559104627271154, 36.561902235289899 ], [ 128.55567634328898, 36.560399813349399 ], [ 128.553565172099724, 36.556877484503367 ], [ 128.558634336618127, 36.551188295698687 ], [ 128.559776108585908, 36.541694538247043 ], [ 128.548683337459039, 36.534681729646941 ], [ 128.533824141282622, 36.533684886865593 ], [ 128.52527623955703, 36.531455350331669 ], [ 128.516373532848633, 36.533513687483982 ], [ 128.512863259149583, 36.536056125818327 ], [ 128.51123004717806, 36.540442036609782 ], [ 128.513709785804423, 36.542563470553489 ], [ 128.518675424397145, 36.543497602253638 ], [ 128.518747270748975, 36.547517604887304 ], [ 128.505542469441082, 36.548448717668904 ], [ 128.486580367212611, 36.541640942982845 ], [ 128.478145247476647, 36.539508635495636 ], [ 128.447060587958418, 36.534009007132411 ], [ 128.437758835861615, 36.524243533277392 ], [ 128.427538896805544, 36.520149485891721 ], [ 128.417611731394913, 36.519779071307951 ], [ 128.402370657788708, 36.508183567201556 ], [ 128.376657448743828, 36.502959547217486 ], [ 128.371174109076236, 36.504231307160651 ], [ 128.368436291161601, 36.50766681791454 ], [ 128.367704934400109, 36.519766138426235 ], [ 128.36050683380904, 36.530042071790866 ], [ 128.34860172963792, 36.535901837730826 ], [ 128.34276520751456, 36.543402672022594 ], [ 128.334731175120226, 36.546101875313632 ], [ 128.320206849660877, 36.546416476486741 ], [ 128.315183433052425, 36.560003035417296 ], [ 128.306130267152753, 36.563960104949338 ], [ 128.298063010970367, 36.564215894543239 ], [ 128.29638708922414, 36.561203699447965 ], [ 128.299645410431964, 36.556397134333025 ], [ 128.29834698171976, 36.556300621465539 ], [ 128.298877533737368, 36.554331854303001 ], [ 128.297222362585956, 36.552013053200227 ], [ 128.270838689673695, 36.551073404600857 ], [ 128.266175749175574, 36.546768850645805 ], [ 128.265531429575248, 36.543544677705682 ], [ 128.269096213888048, 36.53764883851521 ], [ 128.271118416271094, 36.528759250696091 ], [ 128.270245558080546, 36.509475242789833 ], [ 128.275334269370916, 36.488501739417501 ], [ 128.2739686980062, 36.488320968406221 ], [ 128.271725098449394, 36.481813372252191 ], [ 128.267418402371078, 36.480305843166825 ], [ 128.261653255781312, 36.474561419359773 ], [ 128.25813733101711, 36.473271755110801 ], [ 128.257250745099668, 36.471064618814992 ], [ 128.250023445057337, 36.467313110773731 ], [ 128.246585871321173, 36.462508835531381 ], [ 128.248375833838907, 36.460043406667495 ], [ 128.255898513813975, 36.458492512879445 ], [ 128.25794670210027, 36.456674262327752 ], [ 128.264578126090555, 36.444806032678983 ], [ 128.265280870909038, 36.44010862743864 ], [ 128.258128137538137, 36.433014153977538 ], [ 128.241079508561995, 36.429647300623088 ], [ 128.239187556691007, 36.4215716422922 ], [ 128.241106951791153, 36.417002390792454 ], [ 128.245940488826648, 36.41377181197862 ], [ 128.264596795469515, 36.412114228005329 ], [ 128.273501004120561, 36.406235719710828 ], [ 128.275254625830911, 36.400333605987214 ], [ 128.277320037055574, 36.398907414515413 ], [ 128.283049403223572, 36.398916199784018 ], [ 128.290346646150766, 36.401322805500577 ], [ 128.295902401180115, 36.405667963913231 ], [ 128.301261973220903, 36.407092869130416 ], [ 128.304699439165574, 36.404861150511934 ], [ 128.310242725426264, 36.404384494892206 ], [ 128.32033280024973, 36.39238169862621 ], [ 128.31526652856823, 36.377399214853916 ], [ 128.316235790318075, 36.36816937084982 ], [ 128.314148219701053, 36.36699417903494 ], [ 128.312566434931625, 36.361354653050832 ], [ 128.302845817776841, 36.35744371228639 ], [ 128.288282933548459, 36.346013861023081 ], [ 128.289827209048809, 36.333720559775578 ], [ 128.286690934626193, 36.328069380680034 ], [ 128.287478522348295, 36.32080915555197 ], [ 128.306168846934099, 36.30851277765867 ], [ 128.314912924178145, 36.30622425203709 ], [ 128.326307659014901, 36.300755891552427 ], [ 128.343126425023257, 36.287648571505137 ], [ 128.346105613197238, 36.28134984888932 ], [ 128.345645636250993, 36.273052826517137 ], [ 128.347354854514776, 36.267193765491783 ], [ 128.340346591448196, 36.254439277767837 ], [ 128.344399735365869, 36.245707471536825 ], [ 128.343045940771816, 36.244736657131654 ], [ 128.343662626014662, 36.242833363507934 ], [ 128.346799938586116, 36.239038058199391 ], [ 128.348174524149613, 36.239415985006147 ], [ 128.34696831383684, 36.238868915131995 ], [ 128.348061865446994, 36.236634852422817 ], [ 128.363650315130798, 36.222868076649803 ], [ 128.367079834331946, 36.212620219405537 ], [ 128.365111483872795, 36.203220503329227 ], [ 128.366853032342391, 36.198769737848721 ], [ 128.376892207348789, 36.188828622560607 ], [ 128.387605243303767, 36.181809630074824 ], [ 128.388862054160398, 36.156128845763661 ], [ 128.382131186694778, 36.146326288969384 ], [ 128.377975507281576, 36.13688634112988 ], [ 128.379391922329688, 36.133766379971981 ], [ 128.394038616816687, 36.125127955213635 ], [ 128.399561412923845, 36.115556502631449 ], [ 128.399065902334684, 36.092397576580318 ], [ 128.399500417617389, 36.090822143234611 ], [ 128.401930399733828, 36.091451575527898 ], [ 128.399598565252631, 36.090601081113554 ], [ 128.399057171912972, 36.087496995325608 ], [ 128.389941302606047, 36.079607241283696 ], [ 128.388875819726337, 36.072740180131134 ], [ 128.390131550534335, 36.069804955690046 ], [ 128.39317884858616, 36.069127214023084 ], [ 128.405806030750938, 36.049532115416028 ], [ 128.409951235577921, 36.038601036901817 ], [ 128.407175239882775, 36.029850960790824 ], [ 128.400398778907572, 36.018561266403374 ], [ 128.392981806340629, 35.983194096097236 ], [ 128.399054719708971, 35.945503249870818 ], [ 128.404131686356237, 35.930269746504614 ], [ 128.405266357977723, 35.92172588590703 ], [ 128.410522282149145, 35.909032563681265 ], [ 128.396690294541372, 35.883243702198307 ], [ 128.394384222655532, 35.872796303170439 ], [ 128.395484399114707, 35.872996232504434 ], [ 128.390829001574843, 35.862198644454878 ], [ 128.391299912842896, 35.85919750891513 ], [ 128.395167098093197, 35.856270103688445 ], [ 128.404809847663273, 35.854953583774488 ], [ 128.408774746544822, 35.856109974722379 ], [ 128.411825930915739, 35.855577193726923 ], [ 128.413467896286193, 35.85326890520831 ], [ 128.448676824387093, 35.849121240761463 ], [ 128.468083414060516, 35.838052124499221 ], [ 128.468360457226908, 35.841814464048952 ], [ 128.472329702031146, 35.841474925433431 ], [ 128.485730339257344, 35.831662182075497 ], [ 128.489197026270404, 35.824467312684902 ], [ 128.489628165863451, 35.820321100775551 ], [ 128.487728211632685, 35.817645191312835 ], [ 128.467610165592703, 35.804117404816445 ], [ 128.460319293760648, 35.805854114845474 ], [ 128.445979988232466, 35.802242444234473 ], [ 128.441289753455465, 35.804878354783263 ], [ 128.427928130431923, 35.805738701238511 ], [ 128.422397377144961, 35.804519607139355 ], [ 128.414275938705941, 35.797066883918681 ], [ 128.407544550014421, 35.78519882495489 ], [ 128.405300760147867, 35.777886641701386 ], [ 128.392103061493174, 35.763561874143399 ], [ 128.389858211485091, 35.758888753636548 ], [ 128.393029716495676, 35.756248380743692 ], [ 128.396566578110651, 35.748932095612709 ], [ 128.422086506319857, 35.734798004267404 ], [ 128.434128184883406, 35.726267635762788 ], [ 128.433667241300043, 35.724052232695122 ], [ 128.436125931541397, 35.719862999125603 ], [ 128.436156581273792, 35.705243683302363 ], [ 128.427063267861342, 35.69555032745626 ], [ 128.417171642529723, 35.69209798800469 ], [ 128.404948728934244, 35.693178982272791 ], [ 128.377957395201861, 35.699618472906351 ], [ 128.367410586241874, 35.704185057029484 ], [ 128.359236911335586, 35.703248445411255 ], [ 128.355761686578603, 35.699602052512631 ], [ 128.356432650346846, 35.688935968098647 ], [ 128.359157107429496, 35.6838417293297 ], [ 128.368658863821679, 35.673910575623161 ], [ 128.388097093766845, 35.658922851832372 ], [ 128.392063033406458, 35.653300002012251 ], [ 128.401853813101667, 35.645454887530704 ], [ 128.403822025980588, 35.63698653774987 ], [ 128.403237734108217, 35.632149476804358 ], [ 128.3975365176114, 35.628252725217664 ], [ 128.394265964012845, 35.622769368995975 ], [ 128.394695708139722, 35.620434912134776 ], [ 128.388325430711575, 35.613007095147537 ], [ 128.378509348532106, 35.60922965022467 ], [ 128.360216539371379, 35.610624454872614 ], [ 128.355425960009512, 35.60608874064885 ], [ 128.355591351982042, 35.602301638993453 ], [ 128.354405180349744, 35.602197684450253 ], [ 128.357487167885012, 35.592267793034459 ], [ 128.359486513823612, 35.592243735606893 ], [ 128.358375341161775, 35.589660163563217 ], [ 128.362636999389963, 35.578325040716642 ], [ 128.361511880131502, 35.570238791108963 ], [ 128.351595783628284, 35.548874439470744 ], [ 128.353413128256989, 35.538925322284577 ], [ 128.360936839265861, 35.528752277500857 ], [ 128.370796017122871, 35.520840979712688 ], [ 128.402673273648105, 35.506613557381577 ], [ 128.406075705340356, 35.503540500712887 ], [ 128.423879335473544, 35.494715846354438 ], [ 128.427242886602102, 35.48830999653152 ], [ 128.424265441153608, 35.478672037035111 ], [ 128.415241480960248, 35.469722543168324 ], [ 128.380317880066997, 35.454087236185991 ], [ 128.376903658534758, 35.447283587410212 ], [ 128.379104481757139, 35.438767835800363 ], [ 128.38709317226207, 35.428981048405291 ], [ 128.393535814718604, 35.425211629837783 ], [ 128.422372328582412, 35.418488969756403 ], [ 128.427045815372537, 35.415029171418276 ], [ 128.434307273554879, 35.40055528750532 ], [ 128.440621310382483, 35.39195198997853 ], [ 128.448665482831757, 35.387312956151682 ], [ 128.460569885468317, 35.383882903908244 ], [ 128.473500936640562, 35.382500349400537 ], [ 128.478508627985661, 35.383642879208885 ], [ 128.494525168412224, 35.396924025233105 ], [ 128.500192257581233, 35.399691932384243 ], [ 128.496639851607029, 35.39903484374868 ], [ 128.498135767780497, 35.399750859146103 ], [ 128.498039790993772, 35.39986962448139 ], [ 128.49704213996219, 35.399544643083843 ], [ 128.496842426069776, 35.399635970292195 ], [ 128.501497888219376, 35.400955288208813 ], [ 128.508227433745759, 35.401775135860824 ], [ 128.512852883008037, 35.400897486984384 ], [ 128.51366876540223, 35.40299587576537 ], [ 128.514066171133152, 35.39868082637792 ], [ 128.517030843167987, 35.396383856486857 ], [ 128.529208512369479, 35.393644856371139 ], [ 128.553104802806217, 35.381933159039356 ], [ 128.564051083585582, 35.379907509534632 ], [ 128.570334773130583, 35.37964993317928 ], [ 128.580012906965266, 35.382047453013577 ], [ 128.588027160962014, 35.388389276099154 ], [ 128.590354664286764, 35.392471803997395 ], [ 128.598053102720201, 35.396238003631659 ], [ 128.615245037814248, 35.384550035976325 ], [ 128.627911438463343, 35.378175734320713 ], [ 128.637303312162203, 35.376627464927523 ], [ 128.648542490378702, 35.377426693510763 ], [ 128.657347890770808, 35.37537973769323 ], [ 128.677095594807753, 35.380532712639315 ], [ 128.689027455006254, 35.380686753478123 ], [ 128.721344244514512, 35.36792314338004 ], [ 128.746578629552772, 35.353097574369066 ], [ 128.761103801353187, 35.348403977821768 ], [ 128.776529477401027, 35.350434476397567 ], [ 128.783531922104913, 35.353136325572748 ], [ 128.795643918786055, 35.36592145834372 ], [ 128.792976748623289, 35.367476494000599 ], [ 128.794346009469933, 35.370403952358451 ], [ 128.809021801307125, 35.381845961231861 ], [ 128.81449719685142, 35.383133936923734 ], [ 128.817998269278519, 35.382006593594227 ], [ 128.82487171980128, 35.38393305976853 ], [ 128.847539611769378, 35.395278011686678 ], [ 128.849809314126901, 35.399387933713065 ], [ 128.863455211737289, 35.39950363516116 ], [ 128.869733410225166, 35.394116076554454 ], [ 128.877171995319401, 35.375496513772624 ], [ 128.881641300526951, 35.371266317133127 ], [ 128.895616604583694, 35.365816058967006 ], [ 128.905582795734006, 35.367996385530986 ], [ 128.914682825262958, 35.366845965135397 ], [ 128.943426571856776, 35.341415105718269 ], [ 128.965744407693279, 35.333828253692047 ], [ 128.972187490618381, 35.33018604955457 ], [ 128.974202859603196, 35.326209905460388 ], [ 128.974254445947281, 35.31454339363416 ], [ 128.982602179214894, 35.301738764928345 ], [ 128.986841463590793, 35.297084103124917 ], [ 129.006400909908137, 35.285858720193573 ], [ 129.014667382979923, 35.278316008667147 ], [ 129.01794440733434, 35.270497258008874 ], [ 129.010096911459982, 35.254277474860871 ], [ 129.002990579861176, 35.217536252323661 ], [ 129.003986576055183, 35.215818202644201 ], [ 129.000807680081493, 35.211975974637198 ] ], [ [ 128.870335523507777, 36.725628150169364 ], [ 128.869743153446052, 36.724752052450171 ], [ 128.870536255466419, 36.725198184170964 ], [ 128.870664660406021, 36.726402673581589 ], [ 128.869241373037028, 36.728956678061536 ], [ 128.870335523507777, 36.725628150169364 ] ], [ [ 128.850558147035628, 36.619164951131623 ], [ 128.849091162722232, 36.619819233323447 ], [ 128.84875600053789, 36.619050401575237 ], [ 128.850558147035628, 36.619164951131623 ] ], [ [ 128.866320609847094, 36.734814944588109 ], [ 128.864723133686027, 36.734039446266557 ], [ 128.865016029703895, 36.733637281356891 ], [ 128.866320609847094, 36.734814944588109 ] ], [ [ 128.864098912368092, 36.605375892369111 ], [ 128.863427068401052, 36.606118056819788 ], [ 128.863079810458345, 36.605983087308857 ], [ 128.864098912368092, 36.605375892369111 ] ], [ [ 128.863727127791265, 36.576131026314926 ], [ 128.863692780730673, 36.576559071562045 ], [ 128.863554315196751, 36.576538909561997 ], [ 128.863727127791265, 36.576131026314926 ] ], [ [ 128.831456660822056, 36.576243817337208 ], [ 128.832158161815471, 36.576367166728772 ], [ 128.831371356868289, 36.576530390259762 ], [ 128.831456660822056, 36.576243817337208 ] ], [ [ 128.833027775391088, 36.576236684164492 ], [ 128.832390805177056, 36.576349479879731 ], [ 128.832241965023542, 36.576322176875166 ], [ 128.833027775391088, 36.576236684164492 ] ], [ [ 128.864471074049789, 36.734274963678232 ], [ 128.864670792284699, 36.734652294982432 ], [ 128.864372054268642, 36.734775568501959 ], [ 128.864471074049789, 36.734274963678232 ] ], [ [ 128.877895944038528, 36.734739549965788 ], [ 128.876687241046142, 36.735238835002754 ], [ 128.876636850986927, 36.735222668005377 ], [ 128.876925229136162, 36.735007723951327 ], [ 128.877895944038528, 36.734739549965788 ] ], [ [ 128.832692840825757, 36.669702787459279 ], [ 128.832964957953862, 36.669567951812866 ], [ 128.832833966027806, 36.669978151950566 ], [ 128.832692840825757, 36.669702787459279 ] ], [ [ 128.866908132378569, 36.723168419115616 ], [ 128.866387192027901, 36.722795705873473 ], [ 128.867104042717074, 36.723211596283079 ], [ 128.866908132378569, 36.723168419115616 ] ], [ [ 128.894448848330597, 36.595726377598972 ], [ 128.894268306452233, 36.595596200397488 ], [ 128.894451401271539, 36.595436030702977 ], [ 128.894448848330597, 36.595726377598972 ] ], [ [ 128.881806759509033, 36.681441317003085 ], [ 128.881699372584819, 36.681612370170306 ], [ 128.881707786284608, 36.681218602680353 ], [ 128.881806759509033, 36.681441317003085 ] ], [ [ 128.787456759421644, 36.582686277248101 ], [ 128.787568325282393, 36.582826662988381 ], [ 128.787436734932896, 36.582717288544004 ], [ 128.787456759421644, 36.582686277248101 ] ], [ [ 128.812191188465988, 36.584298791798169 ], [ 128.812168456296746, 36.58415198524451 ], [ 128.812341110581883, 36.584117347635996 ], [ 128.812191188465988, 36.584298791798169 ] ], [ [ 128.88188645897668, 36.681232774322083 ], [ 128.881817188735397, 36.681279474782528 ], [ 128.881775021730363, 36.681146992740857 ], [ 128.88188645897668, 36.681232774322083 ] ], [ [ 128.881835397218452, 36.681370551615949 ], [ 128.881861618999949, 36.681548460749212 ], [ 128.881855790061479, 36.681556195844173 ], [ 128.881835397218452, 36.681370551615949 ] ], [ [ 128.480297892070752, 35.821794345768517 ], [ 128.479946941453903, 35.826231295844359 ], [ 128.477007360254674, 35.832468025435929 ], [ 128.47119998904202, 35.836987396312267 ], [ 128.46923874917897, 35.835007825579261 ], [ 128.469556384030767, 35.83323655399267 ], [ 128.479461354759081, 35.824788485229107 ], [ 128.480725775999673, 35.816846650141748 ], [ 128.482155005101163, 35.819273571080949 ], [ 128.480297892070752, 35.821794345768517 ] ], [ [ 128.478781749413031, 36.54467671356975 ], [ 128.485657426349434, 36.546769099172174 ], [ 128.485136069696381, 36.546638482528017 ], [ 128.478781749413031, 36.54467671356975 ] ], [ [ 128.486093578130323, 36.541718643324089 ], [ 128.486157369498216, 36.542155467366292 ], [ 128.485839884244882, 36.542052268639502 ], [ 128.486093578130323, 36.541718643324089 ] ] ] } },
{ "type": "Feature", "properties": { "fid": 38.0, "ObjectID": 1704.0, "RIVCD_2": 2100010.0, "RIVNM_2": "형산강", "CLAS1": 3.0, "CLAS2": "국가" }, "geometry": { "type": "Polygon", "coordinates": [ [ [ 129.199681188568405, 35.814611950863402 ], [ 129.197433356230448, 35.817656531040903 ], [ 129.196645167218605, 35.824859473635726 ], [ 129.200332998201105, 35.835986201258564 ], [ 129.197528003731264, 35.841564130766763 ], [ 129.199226351338552, 35.859776222057668 ], [ 129.201682796919812, 35.861017924988772 ], [ 129.217769878064331, 35.887364953266498 ], [ 129.226693672127197, 35.891137316126816 ], [ 129.231250201601483, 35.895290393807294 ], [ 129.236641281291043, 35.906772575519227 ], [ 129.238843296330515, 35.936855785096355 ], [ 129.238228924675354, 35.942000040238561 ], [ 129.232690891518985, 35.953052501379801 ], [ 129.235435560672101, 35.971206272956344 ], [ 129.237769729421842, 35.975891547351232 ], [ 129.245545512110596, 35.981477545797269 ], [ 129.249107628656333, 35.987540180392024 ], [ 129.255254847363091, 35.988318047733109 ], [ 129.269265638964157, 35.981542746008351 ], [ 129.282084133550285, 35.987253325950753 ], [ 129.285653480102297, 35.993277816864875 ], [ 129.291953511057528, 35.995518431536588 ], [ 129.291799097320336, 35.9966224532292 ], [ 129.293674483668383, 35.995275314120278 ], [ 129.299342935500704, 35.9957185886975 ], [ 129.326477917742295, 36.004398566066492 ], [ 129.344722088157027, 36.003106982443519 ], [ 129.34528698668106, 36.006077327874728 ], [ 129.345365701069511, 36.003265955034067 ], [ 129.351533610804665, 36.003158112870594 ], [ 129.361447743924799, 36.00525430250859 ], [ 129.372782083407856, 36.012818593939421 ], [ 129.377819007094729, 36.024550830151576 ], [ 129.383132752978412, 36.030839832117259 ], [ 129.385236082144189, 36.028133632356095 ], [ 129.376902326221739, 36.012514611827562 ], [ 129.36616501670548, 36.00360397094282 ], [ 129.355785706300281, 36.000529681076806 ], [ 129.326461157128989, 36.001594069446107 ], [ 129.306598439570593, 35.995578958430748 ], [ 129.291292505017992, 35.993520837522411 ], [ 129.287922680589446, 35.9905546384066 ], [ 129.286477167770187, 35.985926938084312 ], [ 129.269406448593458, 35.978612166791137 ], [ 129.252418045077377, 35.985873389518026 ], [ 129.248134848306222, 35.979913300452971 ], [ 129.240231894943918, 35.97345100978972 ], [ 129.236782822529847, 35.953283137075836 ], [ 129.241906959302554, 35.942177637204658 ], [ 129.242811786921578, 35.930999432749459 ], [ 129.238145124437779, 35.898766961684558 ], [ 129.228481239917272, 35.888480195027732 ], [ 129.223529441135497, 35.887442962094212 ], [ 129.218745024777547, 35.88361805271235 ], [ 129.201649581387557, 35.857209763402082 ], [ 129.199595093303145, 35.843105015305262 ], [ 129.202831562749168, 35.835207422764626 ], [ 129.198975566765995, 35.827859932228584 ], [ 129.19885074720483, 35.822053331128181 ], [ 129.201053292459761, 35.815247396870767 ], [ 129.199681188568405, 35.814611950863402 ] ] ] } },
{ "type": "Feature", "properties": { "fid": 39.0, "ObjectID": 1734.0, "RIVCD_2": 2200010.0, "RIVNM_2": "태화강", "CLAS1": 3.0, "CLAS2": "국가" }, "geometry": { "type": "Polygon", "coordinates": [ [ [ 129.368071705696821, 35.545258725547441 ], [ 129.385563687316676, 35.528931297312099 ], [ 129.38041266063766, 35.526348023752192 ], [ 129.365127867072999, 35.540379674095831 ], [ 129.348512531176567, 35.547796601160059 ], [ 129.306468639514378, 35.551647735965737 ], [ 129.303980476143408, 35.550467674577071 ], [ 129.302950554328817, 35.546005211627019 ], [ 129.296777549325867, 35.544358865454562 ], [ 129.282440817710608, 35.551425548375462 ], [ 129.274887003122188, 35.552956601815588 ], [ 129.275339285796917, 35.554351174814563 ], [ 129.282275216278464, 35.552796268784007 ], [ 129.295946860027925, 35.545494280885109 ], [ 129.302019049130394, 35.54652266753947 ], [ 129.302839128655336, 35.55166298097658 ], [ 129.30603962652313, 35.554020966775084 ], [ 129.312704777413785, 35.55215141257608 ], [ 129.350269358837068, 35.550163623890619 ], [ 129.361843865635905, 35.545603120798674 ], [ 129.368071705696821, 35.545258725547441 ] ] ] } },
{ "type": "Feature", "properties": { "fid": 40.0, "ObjectID": 1932.0, "RIVCD_2": 2600970.0, "RIVNM_2": "수영강", "CLAS1": 3.0, "CLAS2": "국가" }, "geometry": { "type": "Polygon", "coordinates": [ [ [ 129.130638452817891, 35.164212689027885 ], [ 129.129168656138319, 35.163468741393146 ], [ 129.125228589782637, 35.166011257209384 ], [ 129.118756602565782, 35.175414514786688 ], [ 129.113911583090072, 35.192123925778915 ], [ 129.113791179069437, 35.196873678744936 ], [ 129.120960397773985, 35.210041951995066 ], [ 129.117168609507161, 35.218794941284983 ], [ 129.117267572993171, 35.222949382549707 ], [ 129.125182269059138, 35.229890390048652 ], [ 129.118828941889603, 35.232773626983452 ], [ 129.116997038594207, 35.23819608142712 ], [ 129.114082632467728, 35.236697173351779 ], [ 129.11170278137422, 35.239020215261952 ], [ 129.115046984125911, 35.238276949867377 ], [ 129.115585971885878, 35.241261393908751 ], [ 129.117508555793876, 35.242255544214302 ], [ 129.114306008778186, 35.246443605492075 ], [ 129.119267483267009, 35.244695143747798 ], [ 129.11871295868653, 35.247636379452828 ], [ 129.120544322446023, 35.248130456375961 ], [ 129.11656251222837, 35.251163798810495 ], [ 129.110498395958359, 35.251381093631075 ], [ 129.109033235349699, 35.251743631163109 ], [ 129.108387388683752, 35.252491976338234 ], [ 129.108218223680268, 35.256310472192979 ], [ 129.109059010775127, 35.256237158650755 ], [ 129.108563763382818, 35.258767091521328 ], [ 129.109307535490842, 35.262493253496807 ], [ 129.110029185315312, 35.263868150494524 ], [ 129.10978283049792, 35.263788104619913 ], [ 129.112213751566031, 35.265935405374556 ], [ 129.111513848898568, 35.263078726885773 ], [ 129.115739922887371, 35.266780191435188 ], [ 129.111322952956982, 35.270883553422962 ], [ 129.101472675683851, 35.290738187826811 ], [ 129.101182306481718, 35.292856208038813 ], [ 129.105547311182846, 35.29768047311368 ], [ 129.10738105436667, 35.304094312968566 ], [ 129.110417890087774, 35.306689909641129 ], [ 129.112117156878497, 35.317424685884923 ], [ 129.113781115192637, 35.320807016041336 ], [ 129.118464351072021, 35.322911371248018 ], [ 129.120909207402235, 35.329332172557798 ], [ 129.1254180142449, 35.331938958727356 ], [ 129.12481242033715, 35.336249318824478 ], [ 129.125569606741777, 35.341080314789636 ], [ 129.128125163176776, 35.343568745522226 ], [ 129.127101248628605, 35.345000283997173 ], [ 129.127187665288602, 35.345637369882198 ], [ 129.129893347394784, 35.349104433267513 ], [ 129.133539391081342, 35.350346355295457 ], [ 129.135367338709443, 35.35001237802993 ], [ 129.13813809074955, 35.354440544440102 ], [ 129.139378065116261, 35.355213146316729 ], [ 129.143097157284473, 35.356771317458687 ], [ 129.145939487971219, 35.356045205854571 ], [ 129.149764796998511, 35.353575872448936 ], [ 129.143055469009312, 35.356633868795178 ], [ 129.138329527213443, 35.354364280018864 ], [ 129.135581603991028, 35.349967892320322 ], [ 129.129546424403685, 35.348520566758026 ], [ 129.127290261861134, 35.345308898297731 ], [ 129.128477343718629, 35.343197868539477 ], [ 129.126165872755195, 35.341286191071774 ], [ 129.126002980974278, 35.331818833961883 ], [ 129.121110133385031, 35.328922811912321 ], [ 129.118953750320742, 35.322927852958209 ], [ 129.113132049873656, 35.318675876394749 ], [ 129.111528990435971, 35.307214081497719 ], [ 129.107217701904403, 35.301686560646047 ], [ 129.1068010987847, 35.297455263314653 ], [ 129.101950364425932, 35.292408860177446 ], [ 129.107802235635205, 35.279849702237662 ], [ 129.116628691266783, 35.26702733082314 ], [ 129.109712188162717, 35.261650680771005 ], [ 129.109187644837078, 35.256384222072121 ], [ 129.115438285106904, 35.258442609650217 ], [ 129.11267480389202, 35.256785702712897 ], [ 129.11352640310912, 35.252728989504995 ], [ 129.123466100751841, 35.251226402968186 ], [ 129.125445983802024, 35.24965698082152 ], [ 129.123939256288281, 35.244691495603924 ], [ 129.125850167056711, 35.245152554128531 ], [ 129.120110258754977, 35.239388897829521 ], [ 129.122468939796789, 35.238937964809537 ], [ 129.12583173159544, 35.237518304268377 ], [ 129.118446332730201, 35.236413379098288 ], [ 129.119309192720976, 35.233124500915004 ], [ 129.12475826415357, 35.231625652782483 ], [ 129.126190806551818, 35.228892090176799 ], [ 129.118177935564688, 35.222444778571962 ], [ 129.121599293795867, 35.209690002249886 ], [ 129.115050395345179, 35.197493953194879 ], [ 129.11456695614001, 35.193896451364367 ], [ 129.120659428893163, 35.175882123560626 ], [ 129.130638452817891, 35.164212689027885 ] ], [ [ 129.109301589066973, 35.261205464556809 ], [ 129.109974437866725, 35.261990979786894 ], [ 129.109861528034031, 35.262468056104503 ], [ 129.109346011964789, 35.262453931976488 ], [ 129.109301589066973, 35.261205464556809 ] ] ] } },
{ "type": "Feature", "properties": { "fid": 41.0, "ObjectID": 1956.0, "RIVCD_2": 2701140.0, "RIVNM_2": "가화천", "CLAS1": 3.0, "CLAS2": "국가" }, "geometry": { "type": "Polygon", "coordinates": [ [ [ 128.028763430668505, 35.15846279685519 ], [ 128.03130214683506, 35.155914949214058 ], [ 128.030375190976116, 35.15163184652058 ], [ 128.032215629438468, 35.144183209889455 ], [ 128.020702465480724, 35.132501746323726 ], [ 128.020890568507582, 35.129411813473297 ], [ 128.017637431827779, 35.122675433442772 ], [ 128.022258635834532, 35.114797219814761 ], [ 128.02679597538625, 35.112235944159551 ], [ 128.029606038774631, 35.107741024021827 ], [ 128.03097262087843, 35.099453034541135 ], [ 128.039142720908274, 35.092538835312212 ], [ 128.03588789940693, 35.088576480206243 ], [ 128.038665443600109, 35.08479606854479 ], [ 128.038603035609697, 35.082451943671735 ], [ 128.035142210852115, 35.0812139721642 ], [ 128.035745197557077, 35.078397323186394 ], [ 128.034351823450407, 35.077694097202567 ], [ 128.032791845327523, 35.080646068737117 ], [ 128.036461830407717, 35.084092850480289 ], [ 128.033746525402279, 35.08713438298377 ], [ 128.035480389668862, 35.092816197967409 ], [ 128.02883866426177, 35.09942378947995 ], [ 128.028369690582622, 35.106935522702855 ], [ 128.021606626122036, 35.113613933682807 ], [ 128.016255629653102, 35.121334327316831 ], [ 128.015537389174909, 35.124750625604328 ], [ 128.01910830126414, 35.12810383493045 ], [ 128.01999918211277, 35.133176699873353 ], [ 128.03085419222063, 35.144568844830857 ], [ 128.027309699412967, 35.156745789466328 ], [ 128.028763430668505, 35.15846279685519 ] ] ] } },
{ "type": "Feature", "properties": { "fid": 73.0, "ObjectID": 1222.0, "RIVCD_2": 2002860.0, "RIVNM_2": "황강", "CLAS1": 3.0, "CLAS2": "국가" }, "geometry": { "type": "Polygon", "coordinates": [ [ [ 128.176035736619554, 35.564703194820815 ], [ 128.172661750700996, 35.559662569602501 ], [ 128.156379479603061, 35.556211642810524 ], [ 128.145217680575996, 35.55925085169806 ], [ 128.135211532388098, 35.567451230867675 ], [ 128.131259762600791, 35.567230739756447 ], [ 128.125403180824151, 35.560352422046769 ], [ 128.122339438002058, 35.553269622725132 ], [ 128.111316838499789, 35.545288483354476 ], [ 128.110258245225282, 35.531457810086955 ], [ 128.102552021039514, 35.528003587782656 ], [ 128.095382529020185, 35.529466326370461 ], [ 128.076245553874259, 35.545094482248189 ], [ 128.070423045192797, 35.545196823853438 ], [ 128.06353898362039, 35.540172153432216 ], [ 128.059245316739663, 35.539311951167775 ], [ 128.05723781596879, 35.540711706649113 ], [ 128.05429504980404, 35.545521763228088 ], [ 128.050013717865653, 35.546696673396099 ], [ 128.038961440457598, 35.538646908242413 ], [ 128.036212008591974, 35.533679822898421 ], [ 128.032216096016157, 35.533342933820876 ], [ 128.031736881841539, 35.531565495030677 ], [ 128.028599233084435, 35.531843118287298 ], [ 128.028519207667046, 35.528163006607883 ], [ 128.025254717989981, 35.528436158986075 ], [ 128.026582626222222, 35.525968450367039 ], [ 128.02359181255278, 35.52541293493865 ], [ 128.022616513709409, 35.523075801200662 ], [ 128.019647779329148, 35.52355804119275 ], [ 128.01937893748368, 35.526792069114613 ], [ 128.014267888627757, 35.526926101135174 ], [ 128.018323185533603, 35.530009805087381 ], [ 128.015525725080323, 35.531487999785838 ], [ 128.015133675001891, 35.534393427467776 ], [ 128.01713393225748, 35.533633323631065 ], [ 128.019491171907646, 35.534973525496987 ], [ 128.016798311672574, 35.537205546642831 ], [ 128.016424419562611, 35.54145969088497 ], [ 128.010918922801466, 35.541751170407089 ], [ 128.010980194831973, 35.540016365623309 ], [ 128.008530221907989, 35.541275597790651 ], [ 128.00761571613512, 35.539658965887973 ], [ 128.010356988789027, 35.537207442624094 ], [ 128.006351542560026, 35.53367140384605 ], [ 128.003670397401152, 35.534508368162655 ], [ 128.004161884081412, 35.536623849704107 ], [ 128.002676866335321, 35.535034602844583 ], [ 128.000000003864159, 35.535302438286266 ], [ 127.99999999804686, 35.539466732044104 ], [ 128.003300414705279, 35.540352965547847 ], [ 128.002476557641785, 35.542114005763196 ], [ 128.005156051683485, 35.541777259022105 ], [ 128.003923910779804, 35.542416004830784 ], [ 128.003857772303633, 35.542615618357821 ], [ 128.006535997431769, 35.543211179228294 ], [ 128.00543026159707, 35.544264780276578 ], [ 128.008578325901937, 35.547844221664704 ], [ 128.010010682252471, 35.54656999297972 ], [ 128.00970874983085, 35.548138735357298 ], [ 128.011440892437463, 35.546828119170804 ], [ 128.011626173856598, 35.548445390327785 ], [ 128.015253431964851, 35.548054200757655 ], [ 128.015299424169484, 35.546969131154007 ], [ 128.016732781302522, 35.546238299400464 ], [ 128.016681856669521, 35.548504731226899 ], [ 128.013539851463435, 35.548622483362124 ], [ 128.015128535690565, 35.550021891797947 ], [ 128.009933555003812, 35.548884811410431 ], [ 128.010875392704008, 35.55090977243686 ], [ 128.008618632972087, 35.553377761020784 ], [ 128.013442495201531, 35.554208121890824 ], [ 128.015193627325829, 35.556608331896896 ], [ 128.015830321234375, 35.553210551799154 ], [ 128.017761349417782, 35.552919674887377 ], [ 128.016564908821778, 35.556057486328747 ], [ 128.017811151278181, 35.556776186442988 ], [ 128.012543695862547, 35.557468157015585 ], [ 128.013347430739088, 35.561636048027232 ], [ 128.014383382269529, 35.559737963252587 ], [ 128.018180988471613, 35.558529130451042 ], [ 128.018052155541255, 35.562862860187678 ], [ 128.019467346962699, 35.564397862009741 ], [ 128.018073539284558, 35.565157249413055 ], [ 128.020045922715923, 35.566049763021674 ], [ 128.019165554833165, 35.567448878478302 ], [ 128.021255098017861, 35.567741839760046 ], [ 128.020088527780047, 35.56969773949865 ], [ 128.023763416176706, 35.568723407480697 ], [ 128.024221156926188, 35.571072946840786 ], [ 128.021858808916761, 35.570529278874517 ], [ 128.02272996526699, 35.571960770857878 ], [ 128.020826197224551, 35.572180668944448 ], [ 128.019756764966672, 35.575439788003948 ], [ 128.01787417984383, 35.57645522042052 ], [ 128.017296780656835, 35.575433294366086 ], [ 128.016896555892998, 35.57791941580065 ], [ 128.015323654815717, 35.577255944270746 ], [ 128.016099258511133, 35.575085746634869 ], [ 128.014673243483458, 35.571819690286226 ], [ 128.012482266839811, 35.570378250889725 ], [ 128.005408184258613, 35.570883210582657 ], [ 128.001078354709591, 35.57299907486852 ], [ 128.000000028322518, 35.57815470039057 ], [ 128.003897068385953, 35.574202327400265 ], [ 128.007951741375734, 35.573988762008298 ], [ 128.01086550004149, 35.575177433297831 ], [ 128.015440858970294, 35.581535375124027 ], [ 128.020392013530454, 35.582014263444442 ], [ 128.021595149536239, 35.58021164420142 ], [ 128.026321813428694, 35.582284539138342 ], [ 128.024788872905134, 35.578377944239826 ], [ 128.028181063797632, 35.57781444625725 ], [ 128.026831131484272, 35.576518970915835 ], [ 128.028457112937787, 35.575793355660771 ], [ 128.026848462948919, 35.574528797036209 ], [ 128.030058601934968, 35.57205391604456 ], [ 128.029928244461075, 35.567253062843136 ], [ 128.032021319697179, 35.568414552981885 ], [ 128.031949976636213, 35.565687905605543 ], [ 128.035967827474792, 35.568233513255862 ], [ 128.036711899492758, 35.571177904253375 ], [ 128.038239985295348, 35.571346623656993 ], [ 128.032926638461845, 35.577862105525085 ], [ 128.034541289205521, 35.580567374359227 ], [ 128.03016524622501, 35.581782846653951 ], [ 128.033226137377284, 35.582594576587326 ], [ 128.032669280838405, 35.583806906638351 ], [ 128.034250312194786, 35.58329503711645 ], [ 128.033124248300027, 35.584476466784565 ], [ 128.034592880604578, 35.584960531994504 ], [ 128.034456187382858, 35.587715357077876 ], [ 128.032490488808264, 35.587596345207437 ], [ 128.030989035581086, 35.59055901495713 ], [ 128.032978744247004, 35.593432758174075 ], [ 128.030589004754518, 35.595503199528778 ], [ 128.031628590192042, 35.596042775607764 ], [ 128.030518435356612, 35.599803963544055 ], [ 128.023440934492271, 35.601244069748887 ], [ 128.025450875128513, 35.604254125660574 ], [ 128.024157336356581, 35.605462038643587 ], [ 128.02620937648166, 35.607633225752792 ], [ 128.026034405730996, 35.610100334509113 ], [ 128.028520117295585, 35.608891923348786 ], [ 128.028781211918044, 35.612241501080469 ], [ 128.032959492642078, 35.612936334462873 ], [ 128.030495914134065, 35.614282639612057 ], [ 128.032785251985757, 35.614432400756563 ], [ 128.033812403817763, 35.618324864248891 ], [ 128.035585807493845, 35.618044201271978 ], [ 128.044282928052837, 35.62513691831596 ], [ 128.046099645732085, 35.624819651656871 ], [ 128.047270416050793, 35.627704189141156 ], [ 128.044264395106978, 35.628498697283128 ], [ 128.043798918974829, 35.630028064200324 ], [ 128.032682788670598, 35.630245465938636 ], [ 128.023025807174548, 35.633604777050429 ], [ 128.011682658300856, 35.632389638401101 ], [ 128.00163375326278, 35.627904401383674 ], [ 127.996629182839229, 35.627594517773815 ], [ 127.991763739157278, 35.629027124203304 ], [ 127.991920143007349, 35.630351740347699 ], [ 127.988664570883017, 35.63221055743756 ], [ 127.982897057872179, 35.63182088799136 ], [ 127.981366594747712, 35.633372118370431 ], [ 127.982080382072894, 35.637177757845969 ], [ 127.979908980890158, 35.638359817312924 ], [ 127.969128615227689, 35.631568606130827 ], [ 127.961152821869462, 35.630886953092947 ], [ 127.957284351401498, 35.633552919210409 ], [ 127.955160393102943, 35.644910419894167 ], [ 127.949720146738144, 35.64585052510138 ], [ 127.94448930111659, 35.652376130848864 ], [ 127.938398295490359, 35.682342225067394 ], [ 127.933182887053789, 35.68816373116573 ], [ 127.926710196642674, 35.690778229485971 ], [ 127.932718705739276, 35.69014578123263 ], [ 127.939531210263453, 35.683832065057523 ], [ 127.942494192536913, 35.678776527592028 ], [ 127.941899426691393, 35.671148282692037 ], [ 127.946827309376602, 35.652438982839833 ], [ 127.951777742105904, 35.646660931978374 ], [ 127.955423887054309, 35.645888552803598 ], [ 127.959400561275871, 35.634365518476571 ], [ 127.962387412045601, 35.631671428256631 ], [ 127.968458025663637, 35.632764195388397 ], [ 127.978611993914114, 35.639677157422604 ], [ 127.98255798359456, 35.638150596086753 ], [ 127.984125395743931, 35.632817188513357 ], [ 127.988410199241301, 35.633212792431806 ], [ 127.993780527451847, 35.630813327748385 ], [ 128.000000069237615, 35.634015081759642 ], [ 128.00000006850118, 35.632491965618215 ], [ 128.002550785962995, 35.631569593042798 ], [ 128.009413952604717, 35.634622442172208 ], [ 128.026720801144847, 35.634906014113469 ], [ 128.046566134568963, 35.630701269863451 ], [ 128.050298282854669, 35.626626689862945 ], [ 128.048498422411484, 35.621742593030667 ], [ 128.044833336355623, 35.620355224776098 ], [ 128.045176221199455, 35.618795419021524 ], [ 128.039205386313625, 35.613265892331363 ], [ 128.038435380658115, 35.608469372379282 ], [ 128.036185549640066, 35.607545725237649 ], [ 128.035876152948418, 35.605832207980754 ], [ 128.037495560337248, 35.605169031946566 ], [ 128.035257241986585, 35.602295483506701 ], [ 128.036898013572767, 35.60240237550488 ], [ 128.036169596533171, 35.599843331974483 ], [ 128.03805264971723, 35.596641828617294 ], [ 128.036917550342309, 35.59586807959974 ], [ 128.039430754514314, 35.592288145065893 ], [ 128.041932446263758, 35.591864689081085 ], [ 128.040812863959957, 35.587149954136798 ], [ 128.038859779918823, 35.587307981608831 ], [ 128.041063619470123, 35.585939679760386 ], [ 128.039535375614861, 35.585087720268689 ], [ 128.042162866771093, 35.581026095389923 ], [ 128.040331633659918, 35.580470601175676 ], [ 128.04010163486231, 35.579066433427556 ], [ 128.043064057259187, 35.579950986126718 ], [ 128.042492216278731, 35.577888546304543 ], [ 128.043837884956758, 35.580365411200063 ], [ 128.045634841282805, 35.577200828048966 ], [ 128.046516278092923, 35.579664839464748 ], [ 128.049334420128844, 35.577802616175362 ], [ 128.051232341093993, 35.580383902864831 ], [ 128.054025591265571, 35.580103326394124 ], [ 128.057256729660168, 35.582501456855297 ], [ 128.063177575693004, 35.589462280039605 ], [ 128.064801658895846, 35.589282744266505 ], [ 128.063886648376638, 35.58777573962945 ], [ 128.065100403201598, 35.587063580426438 ], [ 128.062312653003488, 35.585484301965458 ], [ 128.062569425731652, 35.584023021494119 ], [ 128.059279787672807, 35.583099640969024 ], [ 128.058371750456871, 35.581726089562942 ], [ 128.059945758709716, 35.579888981866347 ], [ 128.055658377951318, 35.57840636624762 ], [ 128.05408357981625, 35.574560030876583 ], [ 128.051593520235997, 35.575751021866154 ], [ 128.05025013678781, 35.572497078844968 ], [ 128.0428081574548, 35.56965727923302 ], [ 128.044547162690208, 35.567665644104409 ], [ 128.041852518054753, 35.568482979172011 ], [ 128.0409703745228, 35.565704925511838 ], [ 128.043885439644185, 35.564521777298403 ], [ 128.043040697755487, 35.562175830562069 ], [ 128.044177248526466, 35.560201281510651 ], [ 128.042782942556556, 35.560477258412078 ], [ 128.041513664247844, 35.557251978732282 ], [ 128.033853679989278, 35.557810753512172 ], [ 128.033303163859387, 35.555493784390109 ], [ 128.036684676164668, 35.553519792127609 ], [ 128.035192263323381, 35.552657167788887 ], [ 128.030187201353726, 35.553865432855055 ], [ 128.031899447004008, 35.555353806121992 ], [ 128.032134204579364, 35.558490286320122 ], [ 128.029579662105988, 35.558192126071638 ], [ 128.025978628535768, 35.565879839280619 ], [ 128.023174449944349, 35.563274375907177 ], [ 128.022218002798382, 35.559539690914818 ], [ 128.024127878290244, 35.558975263144617 ], [ 128.024530982100373, 35.556362536107073 ], [ 128.027559601336975, 35.555437773667897 ], [ 128.025171799192378, 35.553630293071862 ], [ 128.024294994693065, 35.554417028790638 ], [ 128.023019746336473, 35.554094716796449 ], [ 128.024198445720799, 35.553639213603844 ], [ 128.022478955851398, 35.553060644432769 ], [ 128.023348616292509, 35.550944970074077 ], [ 128.020665400423894, 35.54565066738639 ], [ 128.025242271644316, 35.537461343946816 ], [ 128.032175436631974, 35.534084436870671 ], [ 128.034859598115958, 35.534396695723963 ], [ 128.038264677878999, 35.539175622984459 ], [ 128.048204729546939, 35.546767323163046 ], [ 128.051190725366041, 35.547172974303557 ], [ 128.054625708298772, 35.546344908897531 ], [ 128.059981491538736, 35.539977046787151 ], [ 128.075820337805965, 35.548843329887148 ], [ 128.093651935841137, 35.533154793029574 ], [ 128.103069860935108, 35.530655763762297 ], [ 128.107269167667113, 35.534286333342465 ], [ 128.10768840886513, 35.545338781223762 ], [ 128.115059456125664, 35.552532512411467 ], [ 128.121187105878505, 35.555765631665309 ], [ 128.123720774943791, 35.565740550197908 ], [ 128.127000214127804, 35.568872263221678 ], [ 128.13517062587448, 35.570361806890702 ], [ 128.151640617465148, 35.561430953620025 ], [ 128.15374776347997, 35.558504548517931 ], [ 128.16564923398667, 35.559730892885113 ], [ 128.170541080613873, 35.562200740798765 ], [ 128.171885380735944, 35.56449539356182 ], [ 128.170819073003827, 35.577826857287874 ], [ 128.172237346835203, 35.581988352393225 ], [ 128.178271532926061, 35.588726983573558 ], [ 128.184948484249276, 35.591089261469435 ], [ 128.193485095549875, 35.591797190111762 ], [ 128.198450285902425, 35.588868455948067 ], [ 128.20052579643928, 35.584312339420443 ], [ 128.200464546312645, 35.579646842800351 ], [ 128.198708921399117, 35.577153182256481 ], [ 128.199567250030725, 35.574820660609184 ], [ 128.202102696277393, 35.573217320985655 ], [ 128.206206124766823, 35.574081376103798 ], [ 128.218811450056052, 35.588437580161518 ], [ 128.222819450564174, 35.596909679536722 ], [ 128.222899433882361, 35.599258564690111 ], [ 128.217778558463777, 35.607826675677913 ], [ 128.217148744638649, 35.612586464833036 ], [ 128.232268754152585, 35.624144285229356 ], [ 128.240684698979862, 35.618500491867479 ], [ 128.246415135069071, 35.600530768086919 ], [ 128.257039662766033, 35.600494680904809 ], [ 128.269598163427446, 35.594706771711849 ], [ 128.269917901015617, 35.591402233404281 ], [ 128.261383122080701, 35.584182255694145 ], [ 128.261438162504504, 35.581510401882504 ], [ 128.279169917849117, 35.578465742895283 ], [ 128.287132675189213, 35.57149795413298 ], [ 128.289287403904439, 35.571680584657685 ], [ 128.294960360894748, 35.576809403700949 ], [ 128.315368928847249, 35.571735268399117 ], [ 128.319169801411476, 35.572383271894751 ], [ 128.322824493926902, 35.576367660889673 ], [ 128.331610803694275, 35.574098152430274 ], [ 128.339446709673268, 35.575134283359326 ], [ 128.342433056113094, 35.573161057841865 ], [ 128.355618829885913, 35.577541855897486 ], [ 128.351706659703638, 35.572922192331859 ], [ 128.347828046931426, 35.571423849270253 ], [ 128.341726881849524, 35.572252282318999 ], [ 128.341483605282349, 35.569987771632867 ], [ 128.3245100812982, 35.57271377522639 ], [ 128.310966296627441, 35.565172183781193 ], [ 128.305815093884263, 35.571824177291383 ], [ 128.298688966975817, 35.573797191085305 ], [ 128.286731227691519, 35.567701740402015 ], [ 128.277401698564461, 35.576169435840697 ], [ 128.262058941673047, 35.578372376681436 ], [ 128.256789121748824, 35.581474057348146 ], [ 128.2564932551916, 35.585071902154588 ], [ 128.266872527647195, 35.591268450593624 ], [ 128.267209067764725, 35.593819513802046 ], [ 128.260535633504588, 35.596757646432081 ], [ 128.2454807846878, 35.598644577369804 ], [ 128.242460331010307, 35.602703281683716 ], [ 128.239406428596112, 35.616169480260488 ], [ 128.236433764679731, 35.619329927923559 ], [ 128.231492116750076, 35.620245537549209 ], [ 128.226518309444259, 35.61793254580067 ], [ 128.22055423848326, 35.611602397129985 ], [ 128.220826125120823, 35.608527596210948 ], [ 128.226528000652138, 35.600494853626898 ], [ 128.226677764568876, 35.598193388492518 ], [ 128.225111911285751, 35.592196883674333 ], [ 128.216795337490566, 35.579055616391855 ], [ 128.216984236038797, 35.577206572547418 ], [ 128.215211928669191, 35.577218262801047 ], [ 128.213502117379221, 35.575402804299294 ], [ 128.214510108085705, 35.574743420256013 ], [ 128.199294781595853, 35.570153402334142 ], [ 128.195757027214626, 35.572896171162469 ], [ 128.19631937657141, 35.583750083205672 ], [ 128.188228379274619, 35.587747829633543 ], [ 128.181272981579525, 35.586798154547068 ], [ 128.173573802080909, 35.579531866341298 ], [ 128.176035736619554, 35.564703194820815 ] ], [ [ 128.031518270909913, 35.533365928734945 ], [ 128.031538052596886, 35.533050780956742 ], [ 128.031506176435187, 35.53356753728049 ], [ 128.031518270909913, 35.533365928734945 ] ], [ [ 128.039722478127345, 35.621212646285706 ], [ 128.039665465720134, 35.620788733101385 ], [ 128.040280897772703, 35.621007339667514 ], [ 128.039722478127345, 35.621212646285706 ] ] ] } }
]
}
