{
"type": "FeatureCollection",
"name": "유역도_낙동강동해",
"crs": { "type": "name", "properties": { "name": "urn:ogc:def:crs:OGC:1.3:CRS84" } },
"features": [
{ "type": "Feature", "properties": { "Name": "240102#01", "desc": "울진군(올미골교)", "area": 50.58, "perim": 37.74 }, "geometry": { "type": "Polygon", "coordinates": [ [ [ 129.297083333333006, 37.073611111111092, 0.0 ], [ 129.305, 37.069861111111095, 0.0 ], [ 129.306111111110994, 37.067361111111104, 0.0 ], [ 129.308611111110991, 37.068472222222198, 0.0 ], [ 129.308194444444013, 37.063611111111101, 0.0 ], [ 129.314166666667006, 37.05875, 0.0 ], [ 129.318888888889006, 37.0584722222222, 0.0 ], [ 129.321944444444, 37.052361111111097, 0.0 ], [ 129.330694444443992, 37.046666666666702, 0.0 ], [ 129.332361111110998, 37.04083333333331, 0.0 ], [ 129.329027777778009, 37.038888888888899, 0.0 ], [ 129.32875, 37.035277777777807, 0.0 ], [ 129.325555555556008, 37.0306944444444, 0.0 ], [ 129.319444444444002, 37.034305555555605, 0.0 ], [ 129.314166666667006, 37.033194444444398, 0.0 ], [ 129.310277777777998, 37.034305555555605, 0.0 ], [ 129.308055555555995, 37.032361111111108, 0.0 ], [ 129.304166666666987, 37.032916666666694, 0.0 ], [ 129.297916666666993, 37.031111111111109, 0.0 ], [ 129.297361111111002, 37.024444444444406, 0.0 ], [ 129.287916666667002, 37.011111111111099, 0.0 ], [ 129.288472222221998, 37.008055555555607, 0.0 ], [ 129.294305555556008, 37.0025, 0.0 ], [ 129.294166666666996, 37.000694444444406, 0.0 ], [ 129.289722222221997, 36.999305555555601, 0.0 ], [ 129.288333333332986, 36.99625, 0.0 ], [ 129.278333333332995, 36.99125, 0.0 ], [ 129.273333333332999, 36.994027777777795, 0.0 ], [ 129.271388888888993, 36.997916666666697, 0.0 ], [ 129.262222222221993, 36.997916666666697, 0.0 ], [ 129.254722222222, 37.00375, 0.0 ], [ 129.2475, 37.004861111111097, 0.0 ], [ 129.245555555555995, 37.003194444444389, 0.0 ], [ 129.240555555556, 37.003194444444397, 0.0 ], [ 129.234444444443994, 37.00625, 0.0 ], [ 129.229444444443999, 37.00625, 0.0 ], [ 129.225416666667002, 37.009166666666701, 0.0 ], [ 129.225138888889006, 37.0125, 0.0 ], [ 129.239027777778006, 37.023333333333291, 0.0 ], [ 129.234861111111002, 37.031388888888898, 0.0 ], [ 129.23875, 37.039722222222203, 0.0 ], [ 129.232638888888999, 37.043888888888908, 0.0 ], [ 129.231944444443997, 37.054305555555601, 0.0 ], [ 129.234166666666994, 37.054027777777804, 0.0 ], [ 129.244166666667013, 37.060972222222205, 0.0 ], [ 129.252222222222002, 37.064305555555599, 0.0 ], [ 129.262222222221993, 37.071805555555599, 0.0 ], [ 129.27388888888899, 37.0723611111111, 0.0 ], [ 129.278888888889014, 37.06875, 0.0 ], [ 129.282222222222003, 37.068472222222191, 0.0 ], [ 129.285555555555987, 37.072361111111093, 0.0 ], [ 129.289722222221997, 37.069027777777805, 0.0 ], [ 129.297083333333006, 37.073611111111092, 0.0 ] ] ] } },
{ "type": "Feature", "properties": { "Name": "240102#02", "desc": "울진군(월변교)", "area": 59.45, "perim": 51.67 }, "geometry": { "type": "Polygon", "coordinates": [ [ [ 129.33375, 37.077777777777797, 0.0 ], [ 129.3375, 37.077638888888892, 0.0 ], [ 129.338333333332997, 37.074305555555597, 0.0 ], [ 129.346944444444006, 37.07375, 0.0 ], [ 129.353333333333012, 37.069861111111102, 0.0 ], [ 129.356388888889001, 37.070138888888906, 0.0 ], [ 129.361666666666991, 37.065416666666707, 0.0 ], [ 129.366111111110996, 37.06402777777781, 0.0 ], [ 129.372777777777998, 37.0654166666667, 0.0 ], [ 129.374444444444009, 37.063472222222202, 0.0 ], [ 129.383888888889004, 37.062916666666702, 0.0 ], [ 129.388611111111004, 37.060138888888908, 0.0 ], [ 129.3975, 37.061527777777798, 0.0 ], [ 129.397222222222013, 37.060416666666704, 0.0 ], [ 129.399861111110994, 37.059444444444502, 0.0 ], [ 129.397361111110996, 37.054166666666703, 0.0 ], [ 129.400138888888989, 37.052777777777798, 0.0 ], [ 129.400416666667013, 37.049444444444397, 0.0 ], [ 129.39875, 37.046944444444399, 0.0 ], [ 129.407638888889011, 37.0427777777778, 0.0 ], [ 129.406527777777995, 37.04, 0.0 ], [ 129.407638888889011, 37.038055555555601, 0.0 ], [ 129.397916666666987, 37.0272222222222, 0.0 ], [ 129.395972222222014, 37.022222222222197, 0.0 ], [ 129.407222222222003, 37.017638888888897, 0.0 ], [ 129.407638888889011, 37.014166666666711, 0.0 ], [ 129.412638888889006, 37.012777777777792, 0.0 ], [ 129.411805555555986, 37.009444444444391, 0.0 ], [ 129.415694444444, 37.0058333333333, 0.0 ], [ 129.415416666666999, 37.0025, 0.0 ], [ 129.413472222221998, 37.001111111111108, 0.0 ], [ 129.415972222221995, 36.998888888888892, 0.0 ], [ 129.416527777777986, 36.993611111111107, 0.0 ], [ 129.414444444444001, 36.993194444444399, 0.0 ], [ 129.41, 36.98763888888891, 0.0 ], [ 129.406944444444008, 36.9890277777778, 0.0 ], [ 129.4, 36.988194444444396, 0.0 ], [ 129.395, 36.99375, 0.0 ], [ 129.391944444443993, 36.992638888888905, 0.0 ], [ 129.3825, 36.998472222222198, 0.0 ], [ 129.379444444444005, 37.002083333333303, 0.0 ], [ 129.378055555555989, 37.00152777777781, 0.0 ], [ 129.377361111110986, 37.004722222222206, 0.0 ], [ 129.373333333332994, 37.008194444444392, 0.0 ], [ 129.368333333333027, 37.007638888888899, 0.0 ], [ 129.363055555556002, 37.009583333333303, 0.0 ], [ 129.35972222222199, 37.00875, 0.0 ], [ 129.358055555556007, 37.00625, 0.0 ], [ 129.349444444444003, 37.008194444444399, 0.0 ], [ 129.345277777777994, 37.00625, 0.0 ], [ 129.343055555555992, 37.009305555555606, 0.0 ], [ 129.341388888889014, 37.00902777777781, 0.0 ], [ 129.334722222222013, 37.014583333333299, 0.0 ], [ 129.333055555556001, 37.012361111111098, 0.0 ], [ 129.328888888888997, 37.012083333333301, 0.0 ], [ 129.321111111111009, 37.0173611111111, 0.0 ], [ 129.318472222221999, 37.016666666666701, 0.0 ], [ 129.316527777777992, 37.009722222222209, 0.0 ], [ 129.313194444444008, 37.0075, 0.0 ], [ 129.311111111110989, 37.003472222222207, 0.0 ], [ 129.306944444444014, 37.00375, 0.0 ], [ 129.2975, 36.999861111111102, 0.0 ], [ 129.288472222221998, 37.008055555555607, 0.0 ], [ 129.287916666667002, 37.011111111111099, 0.0 ], [ 129.297361111111002, 37.024444444444406, 0.0 ], [ 129.298333333333005, 37.031527777777804, 0.0 ], [ 129.308055555555995, 37.032361111111108, 0.0 ], [ 129.310277777777998, 37.034305555555605, 0.0 ], [ 129.313888888889011, 37.033194444444398, 0.0 ], [ 129.319444444444002, 37.034305555555605, 0.0 ], [ 129.325555555556008, 37.0306944444444, 0.0 ], [ 129.32875, 37.035277777777807, 0.0 ], [ 129.329027777778009, 37.038888888888899, 0.0 ], [ 129.332083333333003, 37.03972222222221, 0.0 ], [ 129.330694444443992, 37.046666666666702, 0.0 ], [ 129.321944444444, 37.052361111111097, 0.0 ], [ 129.318888888889006, 37.0584722222222, 0.0 ], [ 129.314166666667006, 37.05875, 0.0 ], [ 129.308194444444013, 37.063888888888897, 0.0 ], [ 129.320277777777989, 37.064861111111099, 0.0 ], [ 129.32375, 37.067222222222206, 0.0 ], [ 129.327222222221991, 37.07430555555559, 0.0 ], [ 129.33375, 37.077777777777797, 0.0 ] ] ] } },
{ "type": "Feature", "properties": { "Name": "240102#03", "desc": "남대천 n to 000000#01", "area": 18.64, "perim": 28.49 }, "geometry": { "type": "Polygon", "coordinates": [ [ [ 129.320138888889005, 37.017222222222202, 0.0 ], [ 129.328888888888997, 37.012083333333301, 0.0 ], [ 129.333055555556001, 37.012361111111098, 0.0 ], [ 129.334722222222013, 37.014583333333299, 0.0 ], [ 129.341388888889014, 37.00902777777781, 0.0 ], [ 129.343055555555992, 37.009305555555606, 0.0 ], [ 129.345277777777994, 37.00625, 0.0 ], [ 129.349444444444003, 37.008194444444399, 0.0 ], [ 129.358055555556007, 37.00625, 0.0 ], [ 129.35972222222199, 37.00875, 0.0 ], [ 129.363055555556002, 37.009583333333303, 0.0 ], [ 129.368333333333027, 37.007638888888899, 0.0 ], [ 129.373333333332994, 37.008194444444392, 0.0 ], [ 129.377361111110986, 37.004722222222206, 0.0 ], [ 129.378055555555989, 37.00152777777781, 0.0 ], [ 129.379444444444005, 37.002083333333303, 0.0 ], [ 129.3825, 36.998472222222198, 0.0 ], [ 129.391944444443993, 36.992638888888905, 0.0 ], [ 129.395, 36.99375, 0.0 ], [ 129.4, 36.988194444444396, 0.0 ], [ 129.406944444444008, 36.9890277777778, 0.0 ], [ 129.408194444444007, 36.9825, 0.0 ], [ 129.406527777777995, 36.978611111111107, 0.0 ], [ 129.410138888889009, 36.973055555555597, 0.0 ], [ 129.39972222222201, 36.972083333333309, 0.0 ], [ 129.398055555555999, 36.975138888888893, 0.0 ], [ 129.392777777778008, 36.97319444444441, 0.0 ], [ 129.388333333333009, 36.9745833333333, 0.0 ], [ 129.381944444444002, 36.972916666666691, 0.0 ], [ 129.3775, 36.978194444444398, 0.0 ], [ 129.368888888889018, 36.977361111111101, 0.0 ], [ 129.36444444444399, 36.984583333333305, 0.0 ], [ 129.360694444443993, 36.985, 0.0 ], [ 129.359166666666994, 36.990416666666697, 0.0 ], [ 129.356388888889001, 36.990416666666704, 0.0 ], [ 129.355, 36.98875, 0.0 ], [ 129.352777777777987, 36.990972222222204, 0.0 ], [ 129.34638888888901, 36.990972222222197, 0.0 ], [ 129.34194444444401, 36.990138888888907, 0.0 ], [ 129.339444444444013, 36.986805555555598, 0.0 ], [ 129.333055555556001, 36.99152777777779, 0.0 ], [ 129.331388888888995, 36.990972222222197, 0.0 ], [ 129.330416666666991, 36.994722222222208, 0.0 ], [ 129.3225, 37.001527777777802, 0.0 ], [ 129.320277777777989, 37.000972222222202, 0.0 ], [ 129.315, 37.0040277777778, 0.0 ], [ 129.312083333332993, 37.0040277777778, 0.0 ], [ 129.313194444444008, 37.0075, 0.0 ], [ 129.316527777777992, 37.009722222222209, 0.0 ], [ 129.318472222221999, 37.016666666666701, 0.0 ], [ 129.320138888889005, 37.017222222222202, 0.0 ] ] ] } },
{ "type": "Feature", "properties": { "Name": "240103#01", "desc": "신원천합류전 n to 240103#03", "area": 24.35, "perim": 32.42 }, "geometry": { "type": "Polygon", "coordinates": [ [ [ 129.21375, 36.814722222222201, 0.0 ], [ 129.224722222221999, 36.810972222222198, 0.0 ], [ 129.225416666667002, 36.806388888888897, 0.0 ], [ 129.21875, 36.794722222222198, 0.0 ], [ 129.213055555555997, 36.791805555555605, 0.0 ], [ 129.211527777778002, 36.788333333333298, 0.0 ], [ 129.20819444444399, 36.785833333333301, 0.0 ], [ 129.20625, 36.78, 0.0 ], [ 129.200972222221992, 36.7725, 0.0 ], [ 129.204722222221989, 36.7679166666667, 0.0 ], [ 129.209027777778005, 36.768472222222201, 0.0 ], [ 129.210138888888991, 36.766666666666701, 0.0 ], [ 129.209027777778005, 36.76, 0.0 ], [ 129.210972222222011, 36.754444444444395, 0.0 ], [ 129.219027777777995, 36.749166666666703, 0.0 ], [ 129.220416666667006, 36.73986111111109, 0.0 ], [ 129.219722222222003, 36.737916666666699, 0.0 ], [ 129.217361111110989, 36.737222222222208, 0.0 ], [ 129.21666666666701, 36.732916666666704, 0.0 ], [ 129.2125, 36.732638888888893, 0.0 ], [ 129.210138888888991, 36.730833333333308, 0.0 ], [ 129.210694444443988, 36.725833333333298, 0.0 ], [ 129.201666666667023, 36.71736111111111, 0.0 ], [ 129.197222222221995, 36.715972222222206, 0.0 ], [ 129.189166666667006, 36.717083333333299, 0.0 ], [ 129.187361111110988, 36.719722222222202, 0.0 ], [ 129.18930555555599, 36.721111111111107, 0.0 ], [ 129.188194444444008, 36.725277777777798, 0.0 ], [ 129.18097222222201, 36.731111111111105, 0.0 ], [ 129.18125, 36.733333333333299, 0.0 ], [ 129.179166666666987, 36.735694444444405, 0.0 ], [ 129.175694444443991, 36.736388888888897, 0.0 ], [ 129.17694444444399, 36.7390277777778, 0.0 ], [ 129.182083333332997, 36.740833333333292, 0.0 ], [ 129.181527777778001, 36.746944444444502, 0.0 ], [ 129.178472222222013, 36.750555555555614, 0.0 ], [ 129.185555555555993, 36.752916666666707, 0.0 ], [ 129.189861111110986, 36.75888888888889, 0.0 ], [ 129.188194444444008, 36.763611111111111, 0.0 ], [ 129.190694444444034, 36.767222222222202, 0.0 ], [ 129.186805555555992, 36.76888888888891, 0.0 ], [ 129.182638888888988, 36.776111111111099, 0.0 ], [ 129.18541666666701, 36.779166666666697, 0.0 ], [ 129.188194444444008, 36.790555555555599, 0.0 ], [ 129.191527777777992, 36.791944444444503, 0.0 ], [ 129.19375, 36.796666666666702, 0.0 ], [ 129.193194444444003, 36.799166666666693, 0.0 ], [ 129.19625, 36.805277777777803, 0.0 ], [ 129.201388888888999, 36.810972222222198, 0.0 ], [ 129.21375, 36.814722222222201, 0.0 ] ] ] } },
{ "type": "Feature", "properties": { "Name": "240103#02", "desc": "신원천 n to 240103#03", "area": 22.94, "perim": 26.96 }, "geometry": { "type": "Polygon", "coordinates": [ [ [ 129.259583333333012, 36.776944444444503, 0.0 ], [ 129.264722222221991, 36.77513888888889, 0.0 ], [ 129.26916666666699, 36.775972222222201, 0.0 ], [ 129.2725, 36.772638888888892, 0.0 ], [ 129.277777777777999, 36.7731944444444, 0.0 ], [ 129.284166666667005, 36.77125, 0.0 ], [ 129.290277777777987, 36.774583333333297, 0.0 ], [ 129.292777777778014, 36.77375, 0.0 ], [ 129.296111111111003, 36.776805555555597, 0.0 ], [ 129.3025, 36.776527777777808, 0.0 ], [ 129.29652777777801, 36.768055555555605, 0.0 ], [ 129.296805555556006, 36.759166666666701, 0.0 ], [ 129.298194444443993, 36.757222222222197, 0.0 ], [ 129.295, 36.753472222222207, 0.0 ], [ 129.285833333332988, 36.7529166666667, 0.0 ], [ 129.272777777778003, 36.74375, 0.0 ], [ 129.27, 36.7465277777778, 0.0 ], [ 129.259444444444, 36.74875, 0.0 ], [ 129.254444444444005, 36.747361111111097, 0.0 ], [ 129.248055555555993, 36.740972222222197, 0.0 ], [ 129.245, 36.740972222222197, 0.0 ], [ 129.242777777778002, 36.737361111111106, 0.0 ], [ 129.2375, 36.74125, 0.0 ], [ 129.233888888888998, 36.7395833333333, 0.0 ], [ 129.228611111111007, 36.740416666666697, 0.0 ], [ 129.225833333332986, 36.73819444444441, 0.0 ], [ 129.220416666667006, 36.73986111111109, 0.0 ], [ 129.219027777777995, 36.749166666666703, 0.0 ], [ 129.210972222222011, 36.754444444444395, 0.0 ], [ 129.209027777778005, 36.76, 0.0 ], [ 129.210138888888991, 36.762777777777799, 0.0 ], [ 129.209027777778005, 36.768472222222201, 0.0 ], [ 129.214166666667012, 36.76875, 0.0 ], [ 129.217777777777997, 36.766805555555599, 0.0 ], [ 129.225555555556014, 36.7673611111111, 0.0 ], [ 129.235277777778009, 36.771527777777798, 0.0 ], [ 129.238888888888994, 36.769305555555597, 0.0 ], [ 129.248055555555993, 36.7748611111111, 0.0 ], [ 129.255277777777991, 36.775138888888897, 0.0 ], [ 129.259583333333012, 36.776944444444503, 0.0 ] ] ] } },
{ "type": "Feature", "properties": { "Name": "240103#03", "desc": "본돈천합류전 n to 240103#05", "area": 10.9, "perim": 15.59 }, "geometry": { "type": "Polygon", "coordinates": [ [ [ 129.222083333332989, 36.801111111111091, 0.0 ], [ 129.227222222221997, 36.797638888888905, 0.0 ], [ 129.231388888889001, 36.797083333333298, 0.0 ], [ 129.24, 36.80069444444441, 0.0 ], [ 129.245555555555995, 36.799305555555591, 0.0 ], [ 129.244305555556025, 36.7825, 0.0 ], [ 129.249305555555992, 36.775138888888897, 0.0 ], [ 129.238888888888994, 36.769305555555597, 0.0 ], [ 129.235277777778009, 36.771527777777798, 0.0 ], [ 129.225555555556014, 36.7673611111111, 0.0 ], [ 129.203888888888997, 36.768472222222194, 0.0 ], [ 129.200972222221992, 36.7725, 0.0 ], [ 129.202638888888998, 36.776111111111099, 0.0 ], [ 129.20625, 36.78, 0.0 ], [ 129.20819444444399, 36.785833333333301, 0.0 ], [ 129.211527777778002, 36.788333333333298, 0.0 ], [ 129.213055555555997, 36.791805555555605, 0.0 ], [ 129.21875, 36.794722222222198, 0.0 ], [ 129.222083333332989, 36.801111111111091, 0.0 ] ] ] } },
{ "type": "Feature", "properties": { "Name": "240103#04", "desc": "본돈천 n to 240103#05", "area": 17.21, "perim": 19.95 }, "geometry": { "type": "Polygon", "coordinates": [ [ [ 129.287916666667002, 36.808333333333302, 0.0 ], [ 129.29375, 36.805277777777803, 0.0 ], [ 129.29375, 36.802777777777798, 0.0 ], [ 129.297638888888997, 36.799444444444404, 0.0 ], [ 129.300833333333003, 36.793472222222199, 0.0 ], [ 129.306388888888989, 36.792638888888902, 0.0 ], [ 129.307638888888988, 36.789166666666702, 0.0 ], [ 129.311805555555992, 36.786111111111097, 0.0 ], [ 129.31375, 36.781111111111109, 0.0 ], [ 129.310277777777998, 36.77375, 0.0 ], [ 129.305833333332998, 36.776805555555597, 0.0 ], [ 129.296111111111003, 36.776805555555597, 0.0 ], [ 129.292777777778014, 36.77375, 0.0 ], [ 129.290277777777987, 36.774583333333297, 0.0 ], [ 129.284166666667005, 36.77125, 0.0 ], [ 129.277777777777999, 36.7731944444444, 0.0 ], [ 129.2725, 36.772638888888892, 0.0 ], [ 129.26916666666699, 36.775972222222201, 0.0 ], [ 129.264722222221991, 36.77513888888889, 0.0 ], [ 129.259722222221995, 36.777083333333302, 0.0 ], [ 129.250833333332992, 36.774583333333297, 0.0 ], [ 129.245694444444013, 36.779444444444508, 0.0 ], [ 129.244027777778001, 36.791388888888903, 0.0 ], [ 129.245972222222008, 36.79625, 0.0 ], [ 129.252222222222002, 36.797083333333298, 0.0 ], [ 129.253888888889009, 36.799305555555591, 0.0 ], [ 129.260277777777986, 36.799305555555598, 0.0 ], [ 129.261666666666997, 36.802361111111097, 0.0 ], [ 129.267777777778008, 36.803472222222197, 0.0 ], [ 129.275833333332997, 36.807638888888903, 0.0 ], [ 129.281944444444008, 36.806805555555606, 0.0 ], [ 129.287916666667002, 36.808333333333302, 0.0 ] ] ] } },
{ "type": "Feature", "properties": { "Name": "240103#05", "desc": "신암천합류전 n to 240103#07", "area": 20.73, "perim": 23.99 }, "geometry": { "type": "Polygon", "coordinates": [ [ [ 129.232638888888999, 36.838611111111099, 0.0 ], [ 129.23472222222199, 36.83652777777781, 0.0 ], [ 129.248055555555993, 36.83486111111111, 0.0 ], [ 129.251944444444007, 36.83125, 0.0 ], [ 129.26055555555601, 36.830972222222194, 0.0 ], [ 129.264444444443996, 36.823194444444397, 0.0 ], [ 129.289444444444001, 36.813194444444399, 0.0 ], [ 129.290416666666999, 36.811944444444407, 0.0 ], [ 129.289305555556012, 36.808888888888902, 0.0 ], [ 129.281944444444008, 36.806805555555606, 0.0 ], [ 129.275833333332997, 36.807638888888903, 0.0 ], [ 129.267777777778008, 36.803472222222197, 0.0 ], [ 129.261666666666997, 36.802361111111097, 0.0 ], [ 129.260277777777986, 36.799305555555598, 0.0 ], [ 129.253888888889009, 36.799305555555591, 0.0 ], [ 129.248888888889013, 36.795972222222197, 0.0 ], [ 129.245972222222008, 36.79625, 0.0 ], [ 129.245555555555995, 36.799305555555591, 0.0 ], [ 129.241388888888991, 36.80069444444441, 0.0 ], [ 129.231666666666996, 36.797083333333298, 0.0 ], [ 129.226666666667001, 36.797916666666694, 0.0 ], [ 129.222916666667004, 36.801111111111091, 0.0 ], [ 129.225416666667002, 36.806388888888897, 0.0 ], [ 129.224861111111011, 36.810833333333299, 0.0 ], [ 129.214444444444013, 36.814861111111099, 0.0 ], [ 129.211111111110995, 36.812916666666702, 0.0 ], [ 129.208472222222014, 36.81375, 0.0 ], [ 129.209861111110996, 36.818055555555603, 0.0 ], [ 129.209027777778005, 36.821944444444405, 0.0 ], [ 129.202638888888998, 36.8269444444445, 0.0 ], [ 129.206527777778007, 36.833194444444494, 0.0 ], [ 129.214444444444013, 36.833472222222206, 0.0 ], [ 129.218611111110988, 36.83652777777781, 0.0 ], [ 129.232638888888999, 36.838611111111099, 0.0 ] ] ] } },
{ "type": "Feature", "properties": { "Name": "240103#06", "desc": "신암천 n to 240103#07", "area": 26.92, "perim": 31.68 }, "geometry": { "type": "Polygon", "coordinates": [ [ [ 129.16875, 36.881111111111103, 0.0 ], [ 129.182222222222009, 36.8784722222222, 0.0 ], [ 129.191944444444005, 36.879583333333308, 0.0 ], [ 129.195972222221997, 36.874722222222204, 0.0 ], [ 129.195694444444001, 36.870277777777801, 0.0 ], [ 129.200694444443997, 36.866666666666696, 0.0 ], [ 129.202083333333007, 36.862222222222194, 0.0 ], [ 129.206944444443991, 36.85625, 0.0 ], [ 129.209166666666988, 36.857361111111103, 0.0 ], [ 129.21222222222201, 36.855416666666706, 0.0 ], [ 129.221944444444006, 36.854583333333302, 0.0 ], [ 129.225833333332986, 36.85625, 0.0 ], [ 129.228055555556011, 36.854027777777802, 0.0 ], [ 129.233333333333007, 36.852916666666701, 0.0 ], [ 129.236666666666991, 36.854861111111106, 0.0 ], [ 129.239722222222014, 36.8518055555556, 0.0 ], [ 129.2475, 36.852361111111101, 0.0 ], [ 129.250138888889012, 36.850833333333298, 0.0 ], [ 129.25180555555599, 36.840833333333293, 0.0 ], [ 129.256111111111011, 36.837638888888897, 0.0 ], [ 129.259722222221995, 36.839305555555597, 0.0 ], [ 129.26375, 36.835833333333291, 0.0 ], [ 129.260972222221994, 36.833611111111097, 0.0 ], [ 129.26055555555601, 36.83125, 0.0 ], [ 129.251944444444007, 36.83125, 0.0 ], [ 129.248055555555993, 36.83486111111111, 0.0 ], [ 129.23472222222199, 36.83652777777781, 0.0 ], [ 129.233055555556007, 36.83875, 0.0 ], [ 129.218611111110988, 36.83652777777781, 0.0 ], [ 129.214444444444013, 36.833472222222206, 0.0 ], [ 129.206388888888995, 36.833194444444501, 0.0 ], [ 129.194444444444002, 36.840416666666684, 0.0 ], [ 129.191666666667004, 36.838472222222201, 0.0 ], [ 129.182222222222009, 36.840138888888902, 0.0 ], [ 129.175, 36.83763888888889, 0.0 ], [ 129.170277777778011, 36.840138888888902, 0.0 ], [ 129.161111111111012, 36.840694444444495, 0.0 ], [ 129.154861111110989, 36.848333333333301, 0.0 ], [ 129.15875, 36.8525, 0.0 ], [ 129.15625, 36.855277777777808, 0.0 ], [ 129.155694444444009, 36.86, 0.0 ], [ 129.153194444444011, 36.861944444444404, 0.0 ], [ 129.155416666667008, 36.8691666666667, 0.0 ], [ 129.160555555555987, 36.874861111111095, 0.0 ], [ 129.165277777777987, 36.874305555555601, 0.0 ], [ 129.165694444444, 36.879166666666706, 0.0 ], [ 129.16875, 36.881111111111103, 0.0 ] ] ] } },
{ "type": "Feature", "properties": { "Name": "240103#07", "desc": "장수포천 n to 240106#01", "area": 22.94, "perim": 23.69 }, "geometry": { "type": "Polygon", "coordinates": [ [ [ 129.26125, 36.88, 0.0 ], [ 129.268611111110999, 36.876805555555599, 0.0 ], [ 129.27472222222201, 36.878194444444397, 0.0 ], [ 129.28527777777802, 36.87763888888891, 0.0 ], [ 129.287916666667002, 36.873888888888899, 0.0 ], [ 129.287361111111011, 36.870833333333309, 0.0 ], [ 129.29125, 36.865, 0.0 ], [ 129.295, 36.8640277777778, 0.0 ], [ 129.298194444443993, 36.86, 0.0 ], [ 129.298472222221989, 36.853611111111107, 0.0 ], [ 129.294027777778012, 36.850555555555594, 0.0 ], [ 129.294027777778012, 36.848611111111104, 0.0 ], [ 129.299305555556003, 36.843611111111102, 0.0 ], [ 129.298472222221989, 36.838888888888903, 0.0 ], [ 129.301805555556001, 36.836944444444406, 0.0 ], [ 129.301805555556001, 36.83, 0.0 ], [ 129.29180555555601, 36.820833333333297, 0.0 ], [ 129.289305555556012, 36.813194444444406, 0.0 ], [ 129.264444444443996, 36.823194444444397, 0.0 ], [ 129.259583333333012, 36.831111111111099, 0.0 ], [ 129.26375, 36.836388888888898, 0.0 ], [ 129.259722222221995, 36.839305555555597, 0.0 ], [ 129.256111111111011, 36.837638888888897, 0.0 ], [ 129.251527777777994, 36.841388888888901, 0.0 ], [ 129.250138888889012, 36.850833333333298, 0.0 ], [ 129.24736111111099, 36.8525, 0.0 ], [ 129.254861111111012, 36.859444444444406, 0.0 ], [ 129.255972222221999, 36.871666666666705, 0.0 ], [ 129.260416666666998, 36.876388888888897, 0.0 ], [ 129.26125, 36.88, 0.0 ] ] ] } },
{ "type": "Feature", "properties": { "Name": "240104#01", "desc": "매화저수지 f to 240104#02", "area": 56.04, "perim": 39.89 }, "geometry": { "type": "Polygon", "coordinates": [ [ [ 129.323472222221994, 36.8883333333333, 0.0 ], [ 129.329027777778009, 36.887222222222199, 0.0 ], [ 129.330138888888996, 36.882222222222197, 0.0 ], [ 129.3325, 36.880416666666697, 0.0 ], [ 129.336111111110995, 36.882361111111102, 0.0 ], [ 129.340555555555994, 36.881527777777805, 0.0 ], [ 129.343888888889012, 36.883472222222196, 0.0 ], [ 129.3525, 36.882638888888899, 0.0 ], [ 129.3575, 36.88625, 0.0 ], [ 129.360277777778009, 36.88569444444439, 0.0 ], [ 129.363472222221986, 36.88166666666671, 0.0 ], [ 129.362083333333004, 36.866666666666703, 0.0 ], [ 129.370555555556024, 36.862638888888902, 0.0 ], [ 129.374305555555992, 36.86375, 0.0 ], [ 129.375416666667007, 36.861944444444397, 0.0 ], [ 129.37375, 36.860277777777803, 0.0 ], [ 129.374305555555992, 36.856666666666698, 0.0 ], [ 129.368055555555998, 36.852638888888904, 0.0 ], [ 129.365277777778005, 36.852916666666701, 0.0 ], [ 129.36375, 36.846111111111099, 0.0 ], [ 129.36125, 36.844166666666702, 0.0 ], [ 129.367083333332999, 36.838888888888896, 0.0 ], [ 129.35972222222199, 36.835416666666703, 0.0 ], [ 129.358472222221991, 36.832777777777807, 0.0 ], [ 129.359583333333006, 36.826388888888893, 0.0 ], [ 129.363472222221986, 36.820277777777797, 0.0 ], [ 129.362638888888995, 36.816666666666706, 0.0 ], [ 129.356388888889001, 36.813472222222195, 0.0 ], [ 129.351805555556012, 36.8066666666667, 0.0 ], [ 129.346527777777993, 36.80361111111111, 0.0 ], [ 129.345972222222002, 36.798888888888897, 0.0 ], [ 129.34375, 36.796944444444414, 0.0 ], [ 129.344305555555991, 36.7925, 0.0 ], [ 129.341527777777998, 36.79138888888891, 0.0 ], [ 129.338611111110993, 36.785694444444403, 0.0 ], [ 129.329166666666993, 36.782638888888904, 0.0 ], [ 129.326666666666995, 36.784305555555605, 0.0 ], [ 129.318611111111011, 36.784305555555598, 0.0 ], [ 129.314166666667006, 36.780972222222196, 0.0 ], [ 129.311805555555992, 36.786111111111097, 0.0 ], [ 129.307638888888988, 36.789166666666702, 0.0 ], [ 129.307083333332997, 36.791944444444397, 0.0 ], [ 129.300833333333003, 36.793472222222199, 0.0 ], [ 129.297638888888997, 36.799444444444404, 0.0 ], [ 129.29375, 36.802777777777798, 0.0 ], [ 129.29375, 36.805277777777803, 0.0 ], [ 129.289027777777989, 36.808333333333302, 0.0 ], [ 129.290416666666999, 36.811944444444407, 0.0 ], [ 129.289305555556012, 36.813888888888897, 0.0 ], [ 129.29180555555601, 36.820833333333297, 0.0 ], [ 129.301805555556001, 36.83, 0.0 ], [ 129.301805555556001, 36.836944444444406, 0.0 ], [ 129.298472222221989, 36.838888888888903, 0.0 ], [ 129.299305555556003, 36.843611111111102, 0.0 ], [ 129.294027777778012, 36.848611111111104, 0.0 ], [ 129.294027777778012, 36.850555555555594, 0.0 ], [ 129.300277777778007, 36.85375, 0.0 ], [ 129.301527777778006, 36.857222222222205, 0.0 ], [ 129.3075, 36.862638888888902, 0.0 ], [ 129.31263888888904, 36.864722222222198, 0.0 ], [ 129.311527777778025, 36.869722222222208, 0.0 ], [ 129.315, 36.874027777777798, 0.0 ], [ 129.318055555555986, 36.87375, 0.0 ], [ 129.321805555556011, 36.876388888888904, 0.0 ], [ 129.323472222221994, 36.8883333333333, 0.0 ] ] ] } },
{ "type": "Feature", "properties": { "Name": "240104#02", "desc": "매화리(매화교) n to 240104#03", "area": 19.61, "perim": 25.27 }, "geometry": { "type": "Polygon", "coordinates": [ [ [ 129.353888888889003, 36.915138888888897, 0.0 ], [ 129.363611111110998, 36.915972222222194, 0.0 ], [ 129.367222222222011, 36.91375, 0.0 ], [ 129.374166666667008, 36.9131944444444, 0.0 ], [ 129.38, 36.915416666666701, 0.0 ], [ 129.385277777778015, 36.9131944444444, 0.0 ], [ 129.39027777777801, 36.915138888888897, 0.0 ], [ 129.39375, 36.9131944444444, 0.0 ], [ 129.394027777778007, 36.908611111111099, 0.0 ], [ 129.389166666666995, 36.901805555555597, 0.0 ], [ 129.381805555556014, 36.897777777777812, 0.0 ], [ 129.382916666667001, 36.894444444444396, 0.0 ], [ 129.37986111111104, 36.890277777777797, 0.0 ], [ 129.37986111111104, 36.886944444444396, 0.0 ], [ 129.37625, 36.885555555555612, 0.0 ], [ 129.37680555555599, 36.8808333333333, 0.0 ], [ 129.380277777777991, 36.880138888888894, 0.0 ], [ 129.38236111111101, 36.877777777777801, 0.0 ], [ 129.380138888889007, 36.875277777777789, 0.0 ], [ 129.382916666667001, 36.8725, 0.0 ], [ 129.383194444444001, 36.867777777777803, 0.0 ], [ 129.380694444444003, 36.866666666666696, 0.0 ], [ 129.380555555555986, 36.8645833333333, 0.0 ], [ 129.370555555556024, 36.862638888888902, 0.0 ], [ 129.362083333333004, 36.866666666666703, 0.0 ], [ 129.363472222221986, 36.88166666666671, 0.0 ], [ 129.360277777778009, 36.88569444444439, 0.0 ], [ 129.3575, 36.88625, 0.0 ], [ 129.3525, 36.882638888888899, 0.0 ], [ 129.343888888889012, 36.883472222222196, 0.0 ], [ 129.340555555555994, 36.881527777777805, 0.0 ], [ 129.336111111110995, 36.882361111111102, 0.0 ], [ 129.3325, 36.880416666666697, 0.0 ], [ 129.330138888888996, 36.882222222222197, 0.0 ], [ 129.329027777778009, 36.887222222222199, 0.0 ], [ 129.32625, 36.88875, 0.0 ], [ 129.326805555556007, 36.894166666666699, 0.0 ], [ 129.329305555556004, 36.898055555555601, 0.0 ], [ 129.32847222222199, 36.899166666666702, 0.0 ], [ 129.337777777778001, 36.905138888888906, 0.0 ], [ 129.339444444444013, 36.90875, 0.0 ], [ 129.349444444444003, 36.910694444444403, 0.0 ], [ 129.353888888889003, 36.915138888888897, 0.0 ] ] ] } },
{ "type": "Feature", "properties": { "Name": "240104#03", "desc": "매화천 n to 240106#03", "area": 10.78, "perim": 16.61 }, "geometry": { "type": "Polygon", "coordinates": [ [ [ 129.374861111110988, 36.951388888888907, 0.0 ], [ 129.383472222221997, 36.955277777777795, 0.0 ], [ 129.385, 36.950694444444409, 0.0 ], [ 129.391805555556004, 36.947777777777802, 0.0 ], [ 129.39097222222199, 36.946666666666708, 0.0 ], [ 129.394305555556002, 36.94305555555561, 0.0 ], [ 129.39375, 36.94, 0.0 ], [ 129.40125, 36.935555555555602, 0.0 ], [ 129.399861111110994, 36.933888888888902, 0.0 ], [ 129.401805555555995, 36.925, 0.0 ], [ 129.400694444444014, 36.922222222222203, 0.0 ], [ 129.402638888888987, 36.92, 0.0 ], [ 129.4, 36.916527777777802, 0.0 ], [ 129.394722222221986, 36.915694444444405, 0.0 ], [ 129.39375, 36.9131944444444, 0.0 ], [ 129.39027777777801, 36.915138888888897, 0.0 ], [ 129.385277777778015, 36.9131944444444, 0.0 ], [ 129.38, 36.915416666666701, 0.0 ], [ 129.374166666667008, 36.9131944444444, 0.0 ], [ 129.367222222222011, 36.91375, 0.0 ], [ 129.359861111111002, 36.916527777777802, 0.0 ], [ 129.363472222221986, 36.919722222222198, 0.0 ], [ 129.36375, 36.923333333333296, 0.0 ], [ 129.36625, 36.925833333333301, 0.0 ], [ 129.366805555555999, 36.934166666666698, 0.0 ], [ 129.370833333332996, 36.93625, 0.0 ], [ 129.375138888889012, 36.941388888888888, 0.0 ], [ 129.374861111110988, 36.946111111111094, 0.0 ], [ 129.37319444444401, 36.947777777777809, 0.0 ], [ 129.375138888889012, 36.949444444444403, 0.0 ], [ 129.374861111110988, 36.951388888888907, 0.0 ] ] ] } },
{ "type": "Feature", "properties": { "Name": "240105#01", "desc": "후곡천합류전 n to 240105#03", "area": 28.89, "perim": 25.45 }, "geometry": { "type": "Polygon", "coordinates": [ [ [ 129.166527777777986, 36.962777777777802, 0.0 ], [ 129.172777777778009, 36.959583333333292, 0.0 ], [ 129.18, 36.96152777777781, 0.0 ], [ 129.184305555555994, 36.958888888888893, 0.0 ], [ 129.185, 36.955694444444397, 0.0 ], [ 129.1925, 36.954305555555599, 0.0 ], [ 129.19805555555601, 36.95125, 0.0 ], [ 129.200555555556008, 36.951805555555609, 0.0 ], [ 129.206111111110999, 36.945138888888899, 0.0 ], [ 129.215833333333023, 36.9415277777778, 0.0 ], [ 129.219027777777995, 36.938333333333297, 0.0 ], [ 129.210694444443988, 36.928333333333306, 0.0 ], [ 129.211805555555998, 36.925555555555597, 0.0 ], [ 129.210694444443988, 36.92, 0.0 ], [ 129.213194444444014, 36.91805555555559, 0.0 ], [ 129.21375, 36.913333333333291, 0.0 ], [ 129.209305555556, 36.910555555555604, 0.0 ], [ 129.207638888888994, 36.906666666666709, 0.0 ], [ 129.204305555556004, 36.904722222222198, 0.0 ], [ 129.204305555556004, 36.901944444444503, 0.0 ], [ 129.200277777778012, 36.8993055555556, 0.0 ], [ 129.193611111111011, 36.89736111111111, 0.0 ], [ 129.189861111110986, 36.900833333333303, 0.0 ], [ 129.186805555555992, 36.907777777777802, 0.0 ], [ 129.18, 36.91236111111111, 0.0 ], [ 129.175555555556002, 36.9120833333333, 0.0 ], [ 129.168888888889001, 36.915694444444405, 0.0 ], [ 129.15805555555599, 36.915972222222202, 0.0 ], [ 129.149305555555998, 36.922222222222203, 0.0 ], [ 129.148194444443988, 36.9275, 0.0 ], [ 129.150416666667013, 36.933333333333309, 0.0 ], [ 129.14875, 36.935555555555602, 0.0 ], [ 129.152083333332996, 36.942222222222199, 0.0 ], [ 129.149861111110994, 36.946944444444497, 0.0 ], [ 129.152361111110991, 36.955277777777802, 0.0 ], [ 129.15125, 36.95805555555561, 0.0 ], [ 129.15833333333299, 36.961527777777818, 0.0 ], [ 129.166527777777986, 36.962777777777802, 0.0 ] ] ] } },
{ "type": "Feature", "properties": { "Name": "240105#02", "desc": "후곡천 n to 240105#03", "area": 62.05, "perim": 43.29 }, "geometry": { "type": "Polygon", "coordinates": [ [ [ 129.204027777778009, 37.045, 0.0 ], [ 129.213055555555997, 37.042916666666699, 0.0 ], [ 129.225555555556014, 37.044305555555603, 0.0 ], [ 129.23791666666699, 37.039444444444399, 0.0 ], [ 129.234861111111002, 37.031388888888898, 0.0 ], [ 129.239027777778006, 37.023333333333291, 0.0 ], [ 129.225138888889006, 37.0125, 0.0 ], [ 129.225416666667002, 37.009166666666701, 0.0 ], [ 129.230277777778014, 37.005972222222198, 0.0 ], [ 129.234444444443994, 37.00625, 0.0 ], [ 129.240555555556, 37.003194444444397, 0.0 ], [ 129.244027777778001, 37.003194444444389, 0.0 ], [ 129.241527777778003, 37.000833333333297, 0.0 ], [ 129.24263888888899, 36.999444444444407, 0.0 ], [ 129.23402777777801, 36.9925, 0.0 ], [ 129.231527777778012, 36.985555555555599, 0.0 ], [ 129.231527777778012, 36.982777777777798, 0.0 ], [ 129.233472222221991, 36.98111111111109, 0.0 ], [ 129.232083333333009, 36.976111111111116, 0.0 ], [ 129.233472222221991, 36.973611111111104, 0.0 ], [ 129.233194444443996, 36.968333333333298, 0.0 ], [ 129.237361111110999, 36.965277777777793, 0.0 ], [ 129.235416666666993, 36.960277777777797, 0.0 ], [ 129.236527777778008, 36.955694444444397, 0.0 ], [ 129.2325, 36.954583333333304, 0.0 ], [ 129.231527777778012, 36.950833333333307, 0.0 ], [ 129.225, 36.944861111111116, 0.0 ], [ 129.216944444444039, 36.9409722222222, 0.0 ], [ 129.206111111110999, 36.945138888888899, 0.0 ], [ 129.200555555556008, 36.951805555555609, 0.0 ], [ 129.19805555555601, 36.95125, 0.0 ], [ 129.1925, 36.954305555555599, 0.0 ], [ 129.185, 36.955694444444397, 0.0 ], [ 129.184305555555994, 36.958888888888893, 0.0 ], [ 129.18, 36.96152777777781, 0.0 ], [ 129.172777777778009, 36.959583333333292, 0.0 ], [ 129.166666666666998, 36.9629166666667, 0.0 ], [ 129.15625, 36.960138888888899, 0.0 ], [ 129.155416666667008, 36.9652777777778, 0.0 ], [ 129.151388888888988, 36.967361111111103, 0.0 ], [ 129.150416666667013, 36.969722222222209, 0.0 ], [ 129.157083333332992, 36.973055555555597, 0.0 ], [ 129.157638888889011, 36.975555555555609, 0.0 ], [ 129.15625, 36.9775, 0.0 ], [ 129.158472222222002, 36.982777777777798, 0.0 ], [ 129.160972222222, 36.984166666666702, 0.0 ], [ 129.160972222222, 36.989444444444402, 0.0 ], [ 129.159305555555989, 36.991666666666703, 0.0 ], [ 129.160138888889037, 36.995, 0.0 ], [ 129.169722222221992, 37.002638888888903, 0.0 ], [ 129.178194444443989, 37.005, 0.0 ], [ 129.169722222221992, 37.008194444444392, 0.0 ], [ 129.164722222221997, 37.015694444444399, 0.0 ], [ 129.159861111111013, 37.016666666666701, 0.0 ], [ 129.159305555555989, 37.019444444444396, 0.0 ], [ 129.17, 37.023194444444407, 0.0 ], [ 129.176388888888994, 37.028472222222199, 0.0 ], [ 129.17875, 37.0352777777778, 0.0 ], [ 129.183055555555995, 37.036805555555603, 0.0 ], [ 129.185277777777998, 37.041805555555605, 0.0 ], [ 129.194444444444002, 37.040694444444391, 0.0 ], [ 129.195555555556012, 37.042638888888902, 0.0 ], [ 129.204027777778009, 37.045, 0.0 ] ] ] } },
{ "type": "Feature", "properties": { "Name": "240105#03", "desc": "보부천합류전 n to 240105#05", "area": 19.36, "perim": 22.39 }, "geometry": { "type": "Polygon", "coordinates": [ [ [ 129.231805555556008, 36.953888888888898, 0.0 ], [ 129.237638888888995, 36.955, 0.0 ], [ 129.238472222221986, 36.951388888888907, 0.0 ], [ 129.243055555555998, 36.947083333333303, 0.0 ], [ 129.255, 36.943194444444501, 0.0 ], [ 129.259722222221995, 36.944583333333298, 0.0 ], [ 129.275277777778001, 36.943194444444501, 0.0 ], [ 129.276527777778, 36.94597222222221, 0.0 ], [ 129.27944444444401, 36.947083333333303, 0.0 ], [ 129.28875, 36.938333333333304, 0.0 ], [ 129.286805555555986, 36.932777777777801, 0.0 ], [ 129.287916666667002, 36.929027777777797, 0.0 ], [ 129.277777777777999, 36.924861111111106, 0.0 ], [ 129.269444444443991, 36.9265277777778, 0.0 ], [ 129.267777777778008, 36.924305555555598, 0.0 ], [ 129.264722222221991, 36.924583333333302, 0.0 ], [ 129.261111111111006, 36.92125, 0.0 ], [ 129.255833333332987, 36.919861111111096, 0.0 ], [ 129.248611111110989, 36.9131944444444, 0.0 ], [ 129.237777777778007, 36.91375, 0.0 ], [ 129.233611111111003, 36.91625, 0.0 ], [ 129.213472222222009, 36.916527777777802, 0.0 ], [ 129.210694444443988, 36.92, 0.0 ], [ 129.211805555555998, 36.9241666666667, 0.0 ], [ 129.210694444443988, 36.928333333333306, 0.0 ], [ 129.219027777777995, 36.9380555555556, 0.0 ], [ 129.216805555555993, 36.9409722222222, 0.0 ], [ 129.225, 36.944861111111116, 0.0 ], [ 129.231527777778012, 36.950833333333307, 0.0 ], [ 129.231805555556008, 36.953888888888898, 0.0 ] ] ] } },
{ "type": "Feature", "properties": { "Name": "240105#04", "desc": "보부천 n to 240105#05", "area": 20.34, "perim": 22.47 }, "geometry": { "type": "Polygon", "coordinates": [ [ [ 129.24736111111099, 37.004722222222206, 0.0 ], [ 129.254722222222, 37.00375, 0.0 ], [ 129.262222222221993, 36.997916666666697, 0.0 ], [ 129.270833333333002, 36.998194444444501, 0.0 ], [ 129.273194444444016, 36.996388888888902, 0.0 ], [ 129.273333333332999, 36.994027777777795, 0.0 ], [ 129.279305555555993, 36.99125, 0.0 ], [ 129.278194444444011, 36.985833333333296, 0.0 ], [ 129.27375, 36.982777777777805, 0.0 ], [ 129.272083333333001, 36.978333333333296, 0.0 ], [ 129.271805555556, 36.970555555555606, 0.0 ], [ 129.265416666666994, 36.964444444444496, 0.0 ], [ 129.27069444444399, 36.95916666666669, 0.0 ], [ 129.267361111111001, 36.956666666666699, 0.0 ], [ 129.268194444443992, 36.953055555555608, 0.0 ], [ 129.274861111110994, 36.948611111111099, 0.0 ], [ 129.276527777778, 36.946111111111094, 0.0 ], [ 129.275277777778001, 36.943194444444501, 0.0 ], [ 129.266111111111002, 36.944583333333298, 0.0 ], [ 129.255, 36.943194444444501, 0.0 ], [ 129.243055555555998, 36.947083333333303, 0.0 ], [ 129.238472222221986, 36.951388888888907, 0.0 ], [ 129.235416666666993, 36.959722222222204, 0.0 ], [ 129.237361111110999, 36.965277777777793, 0.0 ], [ 129.23375, 36.96722222222219, 0.0 ], [ 129.232638888888999, 36.970833333333296, 0.0 ], [ 129.233472222221991, 36.98111111111109, 0.0 ], [ 129.231527777778012, 36.982777777777798, 0.0 ], [ 129.231527777778012, 36.985555555555599, 0.0 ], [ 129.23402777777801, 36.9925, 0.0 ], [ 129.24263888888899, 36.999444444444407, 0.0 ], [ 129.241527777778003, 37.000833333333297, 0.0 ], [ 129.2425, 37.002361111111099, 0.0 ], [ 129.24736111111099, 37.004722222222206, 0.0 ] ] ] } },
{ "type": "Feature", "properties": { "Name": "240105#05", "desc": "광천 n to 240106#04", "area": 46.18, "perim": 41.68 }, "geometry": { "type": "Polygon", "coordinates": [ [ [ 129.31263888888904, 37.004166666666698, 0.0 ], [ 129.320277777777989, 37.000972222222202, 0.0 ], [ 129.3225, 37.001527777777802, 0.0 ], [ 129.330416666666991, 36.994722222222208, 0.0 ], [ 129.331388888888995, 36.990972222222197, 0.0 ], [ 129.333055555556001, 36.99152777777779, 0.0 ], [ 129.339444444444013, 36.986805555555598, 0.0 ], [ 129.34194444444401, 36.990138888888907, 0.0 ], [ 129.34638888888901, 36.990972222222197, 0.0 ], [ 129.352777777777987, 36.990972222222204, 0.0 ], [ 129.355, 36.98875, 0.0 ], [ 129.356388888889001, 36.990416666666704, 0.0 ], [ 129.359166666666994, 36.990416666666697, 0.0 ], [ 129.360694444443993, 36.985, 0.0 ], [ 129.36444444444399, 36.984583333333305, 0.0 ], [ 129.368888888889018, 36.977361111111101, 0.0 ], [ 129.3775, 36.978194444444398, 0.0 ], [ 129.384027777777987, 36.97138888888891, 0.0 ], [ 129.377916666667005, 36.966944444444501, 0.0 ], [ 129.379722222222, 36.963472222222208, 0.0 ], [ 129.370833333332996, 36.959027777777806, 0.0 ], [ 129.366388888888991, 36.965694444444502, 0.0 ], [ 129.364166666666989, 36.964583333333309, 0.0 ], [ 129.360277777778009, 36.967083333333299, 0.0 ], [ 129.353055555556011, 36.962916666666707, 0.0 ], [ 129.346944444444006, 36.964861111111098, 0.0 ], [ 129.343888888889012, 36.96430555555559, 0.0 ], [ 129.340277777777999, 36.966805555555602, 0.0 ], [ 129.329444444443993, 36.96375, 0.0 ], [ 129.323472222221994, 36.95583333333331, 0.0 ], [ 129.319722222221998, 36.952916666666702, 0.0 ], [ 129.317222222222, 36.952916666666709, 0.0 ], [ 129.315416666667005, 36.949444444444509, 0.0 ], [ 129.317361111111012, 36.9455555555556, 0.0 ], [ 129.31458333333299, 36.94361111111111, 0.0 ], [ 129.32305555555601, 36.93902777777781, 0.0 ], [ 129.32375, 36.935833333333299, 0.0 ], [ 129.31625, 36.928888888888899, 0.0 ], [ 129.3175, 36.923472222222202, 0.0 ], [ 129.311388888889013, 36.923472222222202, 0.0 ], [ 129.309444444444011, 36.922083333333291, 0.0 ], [ 129.307222222222009, 36.925416666666706, 0.0 ], [ 129.302638888888993, 36.927222222222198, 0.0 ], [ 129.301666666667018, 36.930138888888898, 0.0 ], [ 129.298888888888996, 36.930972222222209, 0.0 ], [ 129.293888888889001, 36.9270833333333, 0.0 ], [ 129.287916666667002, 36.929027777777797, 0.0 ], [ 129.286805555555986, 36.932777777777801, 0.0 ], [ 129.28875, 36.938333333333304, 0.0 ], [ 129.28388888888901, 36.944027777777791, 0.0 ], [ 129.27944444444401, 36.947083333333303, 0.0 ], [ 129.276527777778, 36.94597222222221, 0.0 ], [ 129.268194444443992, 36.953055555555608, 0.0 ], [ 129.267361111111001, 36.956666666666699, 0.0 ], [ 129.27069444444399, 36.95916666666669, 0.0 ], [ 129.265416666666994, 36.964444444444496, 0.0 ], [ 129.271805555556, 36.970555555555606, 0.0 ], [ 129.270972222222014, 36.974722222222212, 0.0 ], [ 129.27375, 36.982777777777805, 0.0 ], [ 129.278194444444011, 36.985833333333296, 0.0 ], [ 129.279305555555993, 36.991388888888892, 0.0 ], [ 129.281666666667007, 36.993472222222216, 0.0 ], [ 129.28388888888901, 36.993472222222209, 0.0 ], [ 129.289027777777989, 36.996944444444502, 0.0 ], [ 129.289722222221997, 36.999305555555601, 0.0 ], [ 129.295, 37.00152777777781, 0.0 ], [ 129.298333333333005, 36.999861111111102, 0.0 ], [ 129.303055555556, 37.002638888888896, 0.0 ], [ 129.31263888888904, 37.004166666666698, 0.0 ] ] ] } },
{ "type": "Feature", "properties": { "Name": "240106#01", "desc": "울진군(구산리)", "area": 96.25, "perim": 65.16 }, "geometry": { "type": "Polygon", "coordinates": [ [ [ 129.359305555556006, 36.966944444444501, 0.0 ], [ 129.364166666666989, 36.964583333333309, 0.0 ], [ 129.366388888888991, 36.965694444444402, 0.0 ], [ 129.36847222222201, 36.963611111111092, 0.0 ], [ 129.37125, 36.9583333333333, 0.0 ], [ 129.370972222222008, 36.953611111111101, 0.0 ], [ 129.37319444444401, 36.952222222222197, 0.0 ], [ 129.371527777777999, 36.948888888888909, 0.0 ], [ 129.374861111110988, 36.946111111111094, 0.0 ], [ 129.374861111110988, 36.940833333333309, 0.0 ], [ 129.365694444443989, 36.932222222222208, 0.0 ], [ 129.36625, 36.925833333333301, 0.0 ], [ 129.36375, 36.923333333333296, 0.0 ], [ 129.362777777778007, 36.919027777777806, 0.0 ], [ 129.35972222222199, 36.916527777777802, 0.0 ], [ 129.353888888889003, 36.915138888888897, 0.0 ], [ 129.349444444444003, 36.910694444444403, 0.0 ], [ 129.339444444444013, 36.90875, 0.0 ], [ 129.337777777778001, 36.905138888888906, 0.0 ], [ 129.32847222222199, 36.899166666666702, 0.0 ], [ 129.329305555556004, 36.898055555555601, 0.0 ], [ 129.326805555556007, 36.894166666666699, 0.0 ], [ 129.327361111111031, 36.890555555555601, 0.0 ], [ 129.323472222221994, 36.8883333333333, 0.0 ], [ 129.321805555556011, 36.876388888888904, 0.0 ], [ 129.312916666667007, 36.872222222222199, 0.0 ], [ 129.311527777778025, 36.869722222222208, 0.0 ], [ 129.31263888888904, 36.864722222222198, 0.0 ], [ 129.302777777778005, 36.858472222222197, 0.0 ], [ 129.300277777778007, 36.85375, 0.0 ], [ 129.298194444443993, 36.85333333333331, 0.0 ], [ 129.298194444443993, 36.86, 0.0 ], [ 129.295, 36.8640277777778, 0.0 ], [ 129.29125, 36.865, 0.0 ], [ 129.287361111111011, 36.870833333333309, 0.0 ], [ 129.287916666667002, 36.873888888888899, 0.0 ], [ 129.28527777777802, 36.87763888888891, 0.0 ], [ 129.27472222222201, 36.878194444444397, 0.0 ], [ 129.268611111110999, 36.876805555555599, 0.0 ], [ 129.261388888889002, 36.880138888888894, 0.0 ], [ 129.260416666666998, 36.876388888888897, 0.0 ], [ 129.255972222221999, 36.871666666666705, 0.0 ], [ 129.254861111111012, 36.859444444444406, 0.0 ], [ 129.247777777777998, 36.852638888888904, 0.0 ], [ 129.245, 36.852083333333304, 0.0 ], [ 129.239722222222014, 36.8518055555556, 0.0 ], [ 129.236666666666991, 36.854861111111106, 0.0 ], [ 129.23472222222199, 36.852916666666701, 0.0 ], [ 129.228055555556011, 36.854027777777802, 0.0 ], [ 129.225833333332986, 36.85625, 0.0 ], [ 129.221944444444006, 36.854583333333302, 0.0 ], [ 129.21222222222201, 36.855416666666706, 0.0 ], [ 129.209166666666988, 36.857361111111103, 0.0 ], [ 129.206944444443991, 36.85625, 0.0 ], [ 129.202083333333007, 36.862222222222194, 0.0 ], [ 129.200694444443997, 36.866666666666696, 0.0 ], [ 129.195694444444001, 36.870277777777801, 0.0 ], [ 129.195972222221997, 36.874722222222204, 0.0 ], [ 129.192361111111012, 36.87944444444441, 0.0 ], [ 129.197361111111007, 36.8875, 0.0 ], [ 129.19375, 36.897222222222197, 0.0 ], [ 129.204166666666993, 36.90180555555559, 0.0 ], [ 129.204305555556004, 36.904722222222198, 0.0 ], [ 129.207638888888994, 36.906666666666709, 0.0 ], [ 129.209722222222013, 36.910972222222199, 0.0 ], [ 129.213472222222009, 36.912777777777798, 0.0 ], [ 129.213611111110993, 36.916527777777802, 0.0 ], [ 129.233611111111003, 36.91625, 0.0 ], [ 129.237777777778007, 36.91375, 0.0 ], [ 129.248611111110989, 36.9131944444444, 0.0 ], [ 129.255833333332987, 36.919861111111096, 0.0 ], [ 129.261111111111006, 36.92125, 0.0 ], [ 129.264722222221991, 36.924583333333302, 0.0 ], [ 129.267777777778008, 36.924305555555598, 0.0 ], [ 129.269444444443991, 36.9265277777778, 0.0 ], [ 129.277777777777999, 36.924861111111106, 0.0 ], [ 129.28777777777799, 36.92902777777779, 0.0 ], [ 129.293888888889001, 36.9270833333333, 0.0 ], [ 129.298888888888996, 36.930972222222209, 0.0 ], [ 129.302222222222014, 36.929861111111109, 0.0 ], [ 129.302638888888993, 36.927222222222198, 0.0 ], [ 129.307222222222009, 36.925416666666706, 0.0 ], [ 129.309444444444011, 36.922083333333291, 0.0 ], [ 129.311388888889013, 36.923472222222202, 0.0 ], [ 129.316388888889009, 36.922916666666708, 0.0 ], [ 129.317916666667003, 36.923888888888897, 0.0 ], [ 129.31625, 36.928888888888899, 0.0 ], [ 129.322916666666998, 36.934444444444395, 0.0 ], [ 129.324027777778014, 36.9375, 0.0 ], [ 129.31458333333299, 36.94361111111111, 0.0 ], [ 129.317361111111012, 36.9455555555556, 0.0 ], [ 129.315416666667005, 36.948333333333309, 0.0 ], [ 129.316527777777992, 36.952222222222204, 0.0 ], [ 129.321944444444, 36.954305555555607, 0.0 ], [ 129.327638888888998, 36.961944444444391, 0.0 ], [ 129.3325, 36.965138888888902, 0.0 ], [ 129.340277777777999, 36.966805555555602, 0.0 ], [ 129.343888888889012, 36.96430555555559, 0.0 ], [ 129.346944444444006, 36.964861111111098, 0.0 ], [ 129.353055555556011, 36.962916666666707, 0.0 ], [ 129.359305555556006, 36.966944444444501, 0.0 ] ] ] } },
{ "type": "Feature", "properties": { "Name": "240106#02", "desc": "매화천합류전 n to 240106#03", "area": 0.25, "perim": 2.84 }, "geometry": { "type": "Polygon", "coordinates": [ [ [ 129.370972222222008, 36.955277777777802, 0.0 ], [ 129.374166666667008, 36.955138888888897, 0.0 ], [ 129.37875, 36.953611111111101, 0.0 ], [ 129.374861111110988, 36.951388888888907, 0.0 ], [ 129.375138888889012, 36.949444444444403, 0.0 ], [ 129.373055555555993, 36.947916666666693, 0.0 ], [ 129.371527777777999, 36.948888888888909, 0.0 ], [ 129.37319444444401, 36.952222222222197, 0.0 ], [ 129.370972222222008, 36.955277777777802, 0.0 ] ] ] } },
{ "type": "Feature", "properties": { "Name": "240106#03", "desc": "광천합류전 n to 240106#04", "area": 0.88, "perim": 3.9 }, "geometry": { "type": "Polygon", "coordinates": [ [ [ 129.379027777777992, 36.96333333333331, 0.0 ], [ 129.384861111111007, 36.960138888888899, 0.0 ], [ 129.382638888889005, 36.955694444444397, 0.0 ], [ 129.379166666667004, 36.95375, 0.0 ], [ 129.37125, 36.9554166666667, 0.0 ], [ 129.370972222222008, 36.959166666666697, 0.0 ], [ 129.379027777777992, 36.96333333333331, 0.0 ] ] ] } },
{ "type": "Feature", "properties": { "Name": "240106#04", "desc": "울진군(수산교)", "area": 1.43, "perim": 6.51 }, "geometry": { "type": "Polygon", "coordinates": [ [ [ 129.383888888889004, 36.973194444444403, 0.0 ], [ 129.390416666666994, 36.974027777777799, 0.0 ], [ 129.392222222221989, 36.9693055555556, 0.0 ], [ 129.397777777778003, 36.967361111111103, 0.0 ], [ 129.398194444443988, 36.965, 0.0 ], [ 129.395, 36.9618055555556, 0.0 ], [ 129.386944444443998, 36.964861111111098, 0.0 ], [ 129.384722222222024, 36.960138888888899, 0.0 ], [ 129.37986111111104, 36.963333333333303, 0.0 ], [ 129.377916666667005, 36.966944444444501, 0.0 ], [ 129.383194444444001, 36.969722222222202, 0.0 ], [ 129.383888888889004, 36.973194444444403, 0.0 ] ] ] } },
{ "type": "Feature", "properties": { "Name": "240106#05", "desc": "왕피천 n to 000000#02", "area": 5.07, "perim": 13.18 }, "geometry": { "type": "Polygon", "coordinates": [ [ [ 129.397916666666987, 36.975, 0.0 ], [ 129.39972222222201, 36.972083333333309, 0.0 ], [ 129.41, 36.972916666666698, 0.0 ], [ 129.412638888889006, 36.969722222222202, 0.0 ], [ 129.409861111111013, 36.964166666666699, 0.0 ], [ 129.412638888889006, 36.962777777777802, 0.0 ], [ 129.410138888889009, 36.960833333333298, 0.0 ], [ 129.411805555555986, 36.958888888888907, 0.0 ], [ 129.409861111111013, 36.955, 0.0 ], [ 129.4025, 36.953194444444399, 0.0 ], [ 129.400416666667013, 36.95055555555561, 0.0 ], [ 129.401527777778, 36.948611111111099, 0.0 ], [ 129.399166666667014, 36.94625, 0.0 ], [ 129.385, 36.950694444444409, 0.0 ], [ 129.382638888889005, 36.955694444444397, 0.0 ], [ 129.386944444443998, 36.964861111111098, 0.0 ], [ 129.391944444443993, 36.964027777777801, 0.0 ], [ 129.394444444443991, 36.961805555555593, 0.0 ], [ 129.397916666666987, 36.963888888888903, 0.0 ], [ 129.397916666666987, 36.967222222222198, 0.0 ], [ 129.392222222221989, 36.9693055555556, 0.0 ], [ 129.390416666666994, 36.9722222222222, 0.0 ], [ 129.390416666666994, 36.974027777777799, 0.0 ], [ 129.392777777778008, 36.97319444444441, 0.0 ], [ 129.397916666666987, 36.975, 0.0 ] ] ] } },
{ "type": "Feature", "properties": { "Name": "240110#01", "desc": "영덕군(인량교)", "area": 150.9, "perim": 68.49 }, "geometry": { "type": "Polygon", "coordinates": [ [ [ 129.267916666666991, 36.6736111111111, 0.0 ], [ 129.275555555555997, 36.669861111111103, 0.0 ], [ 129.27944444444401, 36.670416666666704, 0.0 ], [ 129.284166666667005, 36.667361111111106, 0.0 ], [ 129.293888888889001, 36.670972222222197, 0.0 ], [ 129.300277777778007, 36.668194444444403, 0.0 ], [ 129.306666666667013, 36.6695833333333, 0.0 ], [ 129.3175, 36.665416666666694, 0.0 ], [ 129.326111111111004, 36.667361111111099, 0.0 ], [ 129.330555555556003, 36.661527777777799, 0.0 ], [ 129.348333333332988, 36.657638888888897, 0.0 ], [ 129.352083333333013, 36.655, 0.0 ], [ 129.354583333333011, 36.651111111111092, 0.0 ], [ 129.353194444444, 36.648888888888898, 0.0 ], [ 129.35375, 36.645555555555596, 0.0 ], [ 129.35125, 36.641944444444405, 0.0 ], [ 129.354583333333011, 36.639722222222197, 0.0 ], [ 129.357083333333009, 36.634444444444398, 0.0 ], [ 129.350972222221998, 36.628055555555591, 0.0 ], [ 129.35375, 36.62, 0.0 ], [ 129.352083333333013, 36.61777777777781, 0.0 ], [ 129.35125, 36.611111111111093, 0.0 ], [ 129.347638888889009, 36.609166666666702, 0.0 ], [ 129.35125, 36.594166666666702, 0.0 ], [ 129.34875, 36.59, 0.0 ], [ 129.350138888889006, 36.588333333333303, 0.0 ], [ 129.349305555555986, 36.584722222222204, 0.0 ], [ 129.351805555556012, 36.582222222222207, 0.0 ], [ 129.354166666667027, 36.574583333333301, 0.0 ], [ 129.363888888888994, 36.574305555555597, 0.0 ], [ 129.369583333332997, 36.5688888888889, 0.0 ], [ 129.369583333332997, 36.565, 0.0 ], [ 129.373472222222006, 36.562222222222204, 0.0 ], [ 129.37236111111099, 36.561111111111096, 0.0 ], [ 129.37319444444401, 36.5575, 0.0 ], [ 129.379583333332988, 36.551944444444402, 0.0 ], [ 129.3775, 36.547361111111094, 0.0 ], [ 129.37, 36.547083333333305, 0.0 ], [ 129.365972222222013, 36.5425, 0.0 ], [ 129.36625, 36.54027777777781, 0.0 ], [ 129.364027777778006, 36.54, 0.0 ], [ 129.36375, 36.5376388888889, 0.0 ], [ 129.358611111111003, 36.535972222222199, 0.0 ], [ 129.340277777777999, 36.53625, 0.0 ], [ 129.327222222221991, 36.540972222222194, 0.0 ], [ 129.318888888889006, 36.537361111111103, 0.0 ], [ 129.309166666667011, 36.540416666666701, 0.0 ], [ 129.304861111110995, 36.5352777777778, 0.0 ], [ 129.305416666667014, 36.53277777777781, 0.0 ], [ 129.301388888888994, 36.528472222222192, 0.0 ], [ 129.296111111111003, 36.526527777777801, 0.0 ], [ 129.291388888889003, 36.529027777777792, 0.0 ], [ 129.2875, 36.527916666666698, 0.0 ], [ 129.276111111110993, 36.532916666666701, 0.0 ], [ 129.272916666666987, 36.535833333333301, 0.0 ], [ 129.27625, 36.544722222222198, 0.0 ], [ 129.275416666667013, 36.5475, 0.0 ], [ 129.280416666667008, 36.552222222222198, 0.0 ], [ 129.27944444444401, 36.554305555555601, 0.0 ], [ 129.2775, 36.554305555555608, 0.0 ], [ 129.276944444444013, 36.55625, 0.0 ], [ 129.271666666666988, 36.554861111111101, 0.0 ], [ 129.26055555555601, 36.5590277777778, 0.0 ], [ 129.24736111111099, 36.559861111111097, 0.0 ], [ 129.243055555555998, 36.567361111111097, 0.0 ], [ 129.236527777778008, 36.567777777777785, 0.0 ], [ 129.236805555556003, 36.569722222222197, 0.0 ], [ 129.232361111111004, 36.5775, 0.0 ], [ 129.233194444443996, 36.580833333333302, 0.0 ], [ 129.230555555556009, 36.584305555555602, 0.0 ], [ 129.226666666667001, 36.585972222222203, 0.0 ], [ 129.221111111110986, 36.5856944444444, 0.0 ], [ 129.217083333332994, 36.588055555555592, 0.0 ], [ 129.21625, 36.591111111111097, 0.0 ], [ 129.224027777777991, 36.5977777777778, 0.0 ], [ 129.221805555555989, 36.599722222222191, 0.0 ], [ 129.222222222222001, 36.604583333333302, 0.0 ], [ 129.225555555556014, 36.602916666666715, 0.0 ], [ 129.2325, 36.605416666666699, 0.0 ], [ 129.238611111110998, 36.612361111111092, 0.0 ], [ 129.243333333332998, 36.6151388888889, 0.0 ], [ 129.252777777777993, 36.614583333333286, 0.0 ], [ 129.255694444444003, 36.618055555555593, 0.0 ], [ 129.254722222222, 36.623194444444493, 0.0 ], [ 129.252777777777993, 36.624027777777805, 0.0 ], [ 129.251388888889011, 36.6220833333333, 0.0 ], [ 129.248611111110989, 36.622083333333308, 0.0 ], [ 129.245694444444013, 36.623611111111103, 0.0 ], [ 129.243888888888989, 36.627361111111099, 0.0 ], [ 129.239861111110997, 36.628888888888895, 0.0 ], [ 129.23875, 36.635833333333295, 0.0 ], [ 129.234583333333006, 36.639722222222197, 0.0 ], [ 129.235138888888997, 36.641944444444405, 0.0 ], [ 129.230694444443998, 36.643611111111099, 0.0 ], [ 129.230138888889002, 36.649166666666709, 0.0 ], [ 129.233194444443996, 36.658611111111099, 0.0 ], [ 129.232638888888999, 36.661666666666697, 0.0 ], [ 129.249722222222005, 36.667916666666699, 0.0 ], [ 129.254444444444005, 36.67125, 0.0 ], [ 129.260833333333011, 36.66819444444441, 0.0 ], [ 129.262222222221993, 36.670138888888907, 0.0 ], [ 129.265833333333006, 36.670694444444493, 0.0 ], [ 129.267916666666991, 36.6736111111111, 0.0 ] ] ] } },
{ "type": "Feature", "properties": { "Name": "240110#02", "desc": "남천합류전 n to 240110#05", "area": 1.42, "perim": 7.18 }, "geometry": { "type": "Polygon", "coordinates": [ [ [ 129.379583333332988, 36.551666666666698, 0.0 ], [ 129.384583333333012, 36.546666666666702, 0.0 ], [ 129.3825, 36.544583333333307, 0.0 ], [ 129.379305555555987, 36.545833333333299, 0.0 ], [ 129.377222222222002, 36.5370833333333, 0.0 ], [ 129.373055555555993, 36.539027777777797, 0.0 ], [ 129.369444444444042, 36.537361111111103, 0.0 ], [ 129.36375, 36.5376388888889, 0.0 ], [ 129.364027777778006, 36.54, 0.0 ], [ 129.36625, 36.54027777777781, 0.0 ], [ 129.365972222222013, 36.5425, 0.0 ], [ 129.37, 36.547083333333305, 0.0 ], [ 129.3775, 36.547361111111094, 0.0 ], [ 129.379583333332988, 36.551666666666698, 0.0 ] ] ] } },
{ "type": "Feature", "properties": { "Name": "240110#03", "desc": "묘곡저수지 f to 240110#04", "area": 35.87, "perim": 39.13 }, "geometry": { "type": "Polygon", "coordinates": [ [ [ 129.241805555555999, 36.559722222222192, 0.0 ], [ 129.258888888889004, 36.559305555555603, 0.0 ], [ 129.271666666666988, 36.554861111111101, 0.0 ], [ 129.276944444444013, 36.55625, 0.0 ], [ 129.280416666667008, 36.552222222222198, 0.0 ], [ 129.275416666667013, 36.5475, 0.0 ], [ 129.27625, 36.544722222222198, 0.0 ], [ 129.272916666666987, 36.535833333333301, 0.0 ], [ 129.283611111110986, 36.529027777777799, 0.0 ], [ 129.288055555556014, 36.527916666666691, 0.0 ], [ 129.291388888889003, 36.529027777777792, 0.0 ], [ 129.296111111111003, 36.526527777777801, 0.0 ], [ 129.311388888889013, 36.53041666666671, 0.0 ], [ 129.319444444444002, 36.529027777777799, 0.0 ], [ 129.3225, 36.52625, 0.0 ], [ 129.326388888888999, 36.528472222222192, 0.0 ], [ 129.329166666666993, 36.527361111111098, 0.0 ], [ 129.339444444444013, 36.529027777777806, 0.0 ], [ 129.352777777777987, 36.52625, 0.0 ], [ 129.360416666666993, 36.522361111111103, 0.0 ], [ 129.360138888888997, 36.516944444444398, 0.0 ], [ 129.35625, 36.510555555555598, 0.0 ], [ 129.356805555556008, 36.507222222222197, 0.0 ], [ 129.348333333332988, 36.510416666666693, 0.0 ], [ 129.347222222222001, 36.505416666666697, 0.0 ], [ 129.338333333332997, 36.50430555555559, 0.0 ], [ 129.323611111111006, 36.50958333333331, 0.0 ], [ 129.311111111110989, 36.507638888888899, 0.0 ], [ 129.306388888888989, 36.50375, 0.0 ], [ 129.299166666666991, 36.502638888888903, 0.0 ], [ 129.295555555556007, 36.499861111111102, 0.0 ], [ 129.2875, 36.505694444444508, 0.0 ], [ 129.286388888889036, 36.508194444444399, 0.0 ], [ 129.280555555555992, 36.5104166666667, 0.0 ], [ 129.27055555555603, 36.506527777777798, 0.0 ], [ 129.266388888888997, 36.50847222222221, 0.0 ], [ 129.261666666666997, 36.508472222222203, 0.0 ], [ 129.254444444444005, 36.50375, 0.0 ], [ 129.253472222222001, 36.5063888888889, 0.0 ], [ 129.24819444444401, 36.510555555555598, 0.0 ], [ 129.245972222222008, 36.516111111111101, 0.0 ], [ 129.238194444443991, 36.522222222222197, 0.0 ], [ 129.23791666666699, 36.5275, 0.0 ], [ 129.235694444443993, 36.529444444444501, 0.0 ], [ 129.237361111110999, 36.537222222222198, 0.0 ], [ 129.23625, 36.54, 0.0 ], [ 129.240416666666988, 36.545833333333306, 0.0 ], [ 129.239305555556001, 36.553888888888906, 0.0 ], [ 129.241805555555999, 36.559722222222192, 0.0 ] ] ] } },
{ "type": "Feature", "properties": { "Name": "240110#04", "desc": "남천 n to 240110#05", "area": 8.19, "perim": 22.16 }, "geometry": { "type": "Polygon", "coordinates": [ [ [ 129.379305555555987, 36.545833333333299, 0.0 ], [ 129.384027777777987, 36.543333333333301, 0.0 ], [ 129.382638888889005, 36.535, 0.0 ], [ 129.373333333332994, 36.529027777777799, 0.0 ], [ 129.373611111110989, 36.52680555555559, 0.0 ], [ 129.368888888889018, 36.5254166666667, 0.0 ], [ 129.365833333333001, 36.527916666666698, 0.0 ], [ 129.360555555556004, 36.522361111111096, 0.0 ], [ 129.348888888889007, 36.527638888888895, 0.0 ], [ 129.344722222222003, 36.527083333333309, 0.0 ], [ 129.343333333332993, 36.52875, 0.0 ], [ 129.329166666666993, 36.527361111111098, 0.0 ], [ 129.326388888888999, 36.528472222222192, 0.0 ], [ 129.3225, 36.52625, 0.0 ], [ 129.319444444444002, 36.529027777777799, 0.0 ], [ 129.311388888889013, 36.53041666666671, 0.0 ], [ 129.305277777778002, 36.527916666666691, 0.0 ], [ 129.301805555556001, 36.52875, 0.0 ], [ 129.305416666667014, 36.53277777777781, 0.0 ], [ 129.305416666667014, 36.536388888888908, 0.0 ], [ 129.309166666667011, 36.540416666666701, 0.0 ], [ 129.321111111111009, 36.53736111111111, 0.0 ], [ 129.327222222221991, 36.540972222222194, 0.0 ], [ 129.3425, 36.535972222222199, 0.0 ], [ 129.349444444444003, 36.5370833333333, 0.0 ], [ 129.358611111111003, 36.535972222222199, 0.0 ], [ 129.372777777777998, 36.539027777777804, 0.0 ], [ 129.377222222222002, 36.5370833333333, 0.0 ], [ 129.379305555555987, 36.545833333333299, 0.0 ] ] ] } },
{ "type": "Feature", "properties": { "Name": "240110#05", "desc": "송천 n to 000000#03", "area": 25.67, "perim": 36.03 }, "geometry": { "type": "Polygon", "coordinates": [ [ [ 129.35125, 36.593333333333305, 0.0 ], [ 129.365555555556, 36.587361111111107, 0.0 ], [ 129.370277777778, 36.5804166666667, 0.0 ], [ 129.374722222222005, 36.579305555555607, 0.0 ], [ 129.379305555555987, 36.5758333333333, 0.0 ], [ 129.385833333333011, 36.5584722222222, 0.0 ], [ 129.386666666666997, 36.562083333333298, 0.0 ], [ 129.4, 36.561527777777798, 0.0 ], [ 129.401111111110993, 36.563194444444406, 0.0 ], [ 129.40444444444401, 36.558472222222193, 0.0 ], [ 129.422777777778009, 36.5665277777778, 0.0 ], [ 129.425833333333003, 36.56625, 0.0 ], [ 129.42541666666699, 36.560277777777792, 0.0 ], [ 129.42375, 36.558888888888895, 0.0 ], [ 129.431527777778001, 36.552777777777798, 0.0 ], [ 129.432361111110993, 36.55, 0.0 ], [ 129.430694444443986, 36.548333333333296, 0.0 ], [ 129.432916666667012, 36.545833333333299, 0.0 ], [ 129.431527777778001, 36.543611111111098, 0.0 ], [ 129.434027777777999, 36.541944444444503, 0.0 ], [ 129.432638888888988, 36.539444444444413, 0.0 ], [ 129.43541666666701, 36.536944444444394, 0.0 ], [ 129.432361111110993, 36.5347222222222, 0.0 ], [ 129.43486111111099, 36.5325, 0.0 ], [ 129.433194444444013, 36.529166666666704, 0.0 ], [ 129.419444444443997, 36.521805555555602, 0.0 ], [ 129.416944444443999, 36.522916666666703, 0.0 ], [ 129.416111111111007, 36.520694444444501, 0.0 ], [ 129.4125, 36.519583333333308, 0.0 ], [ 129.410277777777992, 36.520972222222191, 0.0 ], [ 129.4075, 36.519583333333308, 0.0 ], [ 129.4025, 36.524583333333304, 0.0 ], [ 129.398055555555999, 36.52375, 0.0 ], [ 129.395277777778006, 36.520138888888901, 0.0 ], [ 129.383333333333013, 36.522083333333299, 0.0 ], [ 129.378055555555989, 36.520416666666691, 0.0 ], [ 129.374444444444009, 36.522083333333299, 0.0 ], [ 129.370972222222008, 36.525555555555599, 0.0 ], [ 129.374305555555992, 36.5275, 0.0 ], [ 129.37319444444401, 36.528888888888908, 0.0 ], [ 129.375833333332992, 36.53125, 0.0 ], [ 129.382638888889005, 36.535, 0.0 ], [ 129.384027777777987, 36.543333333333301, 0.0 ], [ 129.38236111111101, 36.544583333333307, 0.0 ], [ 129.384583333333012, 36.547222222222203, 0.0 ], [ 129.37319444444401, 36.5575, 0.0 ], [ 129.37236111111099, 36.561111111111096, 0.0 ], [ 129.373472222222006, 36.562222222222204, 0.0 ], [ 129.369583333332997, 36.565, 0.0 ], [ 129.369583333332997, 36.5688888888889, 0.0 ], [ 129.363888888888994, 36.574305555555597, 0.0 ], [ 129.358333333333007, 36.57375, 0.0 ], [ 129.353472222221995, 36.575277777777799, 0.0 ], [ 129.351805555556012, 36.582222222222207, 0.0 ], [ 129.349305555555986, 36.584722222222204, 0.0 ], [ 129.350138888889006, 36.588333333333303, 0.0 ], [ 129.34875, 36.59, 0.0 ], [ 129.35125, 36.593333333333305, 0.0 ] ] ] } },
{ "type": "Feature", "properties": { "Name": "240202#01", "desc": "신안천합류전 n to 240202#03", "area": 58.11, "perim": 41.97 }, "geometry": { "type": "Polygon", "coordinates": [ [ [ 129.173472222221989, 36.507777777777804, 0.0 ], [ 129.181666666667013, 36.507638888888891, 0.0 ], [ 129.181527777778001, 36.5058333333333, 0.0 ], [ 129.184722222222007, 36.505138888888901, 0.0 ], [ 129.188055555555991, 36.499861111111109, 0.0 ], [ 129.191111111111013, 36.503472222222193, 0.0 ], [ 129.197777777777986, 36.500972222222202, 0.0 ], [ 129.2025, 36.500694444444399, 0.0 ], [ 129.205277777778008, 36.502361111111099, 0.0 ], [ 129.211111111110995, 36.499861111111102, 0.0 ], [ 129.213611111110993, 36.500416666666709, 0.0 ], [ 129.218194444444009, 36.495, 0.0 ], [ 129.218333333332993, 36.490416666666697, 0.0 ], [ 129.22083333333299, 36.49125, 0.0 ], [ 129.225555555556014, 36.48930555555561, 0.0 ], [ 129.233194444443996, 36.483055555555602, 0.0 ], [ 129.234861111111002, 36.475, 0.0 ], [ 129.240277777778005, 36.4693055555556, 0.0 ], [ 129.247222222222007, 36.469861111111101, 0.0 ], [ 129.248333333332994, 36.4681944444444, 0.0 ], [ 129.254166666667004, 36.466805555555602, 0.0 ], [ 129.256388888889006, 36.4606944444444, 0.0 ], [ 129.261111111111006, 36.459583333333306, 0.0 ], [ 129.2675, 36.454027777777803, 0.0 ], [ 129.27916666666701, 36.449583333333301, 0.0 ], [ 129.279861111110989, 36.448611111111099, 0.0 ], [ 129.277361111110991, 36.4475, 0.0 ], [ 129.277916666667011, 36.4455555555556, 0.0 ], [ 129.276527777778, 36.444166666666696, 0.0 ], [ 129.277638888888987, 36.439444444444405, 0.0 ], [ 129.273333333332999, 36.437083333333305, 0.0 ], [ 129.267777777778008, 36.439583333333303, 0.0 ], [ 129.261666666666997, 36.43875, 0.0 ], [ 129.256388888889006, 36.4415277777778, 0.0 ], [ 129.243611111110994, 36.439583333333303, 0.0 ], [ 129.23472222222199, 36.442083333333301, 0.0 ], [ 129.232777777778011, 36.444583333333298, 0.0 ], [ 129.228888888889003, 36.44597222222221, 0.0 ], [ 129.2225, 36.445694444444392, 0.0 ], [ 129.21805555555602, 36.44763888888891, 0.0 ], [ 129.205833333333004, 36.437083333333298, 0.0 ], [ 129.20347222222199, 36.4375, 0.0 ], [ 129.201944444443996, 36.42875, 0.0 ], [ 129.195833333333013, 36.430138888888905, 0.0 ], [ 129.187777777777995, 36.42625, 0.0 ], [ 129.186388888889041, 36.429027777777797, 0.0 ], [ 129.179166666666987, 36.430416666666702, 0.0 ], [ 129.171944444443994, 36.4340277777778, 0.0 ], [ 129.168194444443998, 36.441944444444403, 0.0 ], [ 129.169027777778012, 36.446666666666701, 0.0 ], [ 129.160416666667004, 36.453333333333298, 0.0 ], [ 129.161805555555986, 36.458333333333307, 0.0 ], [ 129.151805555555995, 36.468333333333305, 0.0 ], [ 129.148194444443988, 36.477777777777803, 0.0 ], [ 129.150972222222009, 36.478888888888896, 0.0 ], [ 129.150416666667013, 36.484444444444399, 0.0 ], [ 129.154027777777998, 36.492222222222203, 0.0 ], [ 129.151805555555995, 36.494722222222201, 0.0 ], [ 129.151805555555995, 36.5, 0.0 ], [ 129.161388888889007, 36.50430555555559, 0.0 ], [ 129.170277777778011, 36.505416666666697, 0.0 ], [ 129.173472222221989, 36.507777777777804, 0.0 ] ] ] } },
{ "type": "Feature", "properties": { "Name": "240202#02", "desc": "신안천 n to 240202#03", "area": 30.49, "perim": 28.81 }, "geometry": { "type": "Polygon", "coordinates": [ [ [ 129.22625, 36.513611111111103, 0.0 ], [ 129.231111111111005, 36.513194444444402, 0.0 ], [ 129.231666666666996, 36.511805555555597, 0.0 ], [ 129.235, 36.512916666666698, 0.0 ], [ 129.236944444443992, 36.510694444444397, 0.0 ], [ 129.238333333333003, 36.5115277777778, 0.0 ], [ 129.24, 36.509305555555606, 0.0 ], [ 129.243611111110994, 36.508472222222203, 0.0 ], [ 129.248888888889013, 36.510416666666693, 0.0 ], [ 129.254444444444005, 36.50375, 0.0 ], [ 129.261666666666997, 36.508472222222203, 0.0 ], [ 129.266388888888997, 36.50847222222221, 0.0 ], [ 129.27055555555603, 36.506527777777798, 0.0 ], [ 129.281666666667007, 36.510416666666707, 0.0 ], [ 129.29333333333301, 36.502083333333303, 0.0 ], [ 129.295416666666995, 36.5, 0.0 ], [ 129.290694444444, 36.498055555555595, 0.0 ], [ 129.29180555555601, 36.492777777777803, 0.0 ], [ 129.290416666666999, 36.491111111111103, 0.0 ], [ 129.292916666666997, 36.487777777777801, 0.0 ], [ 129.290416666666999, 36.4825, 0.0 ], [ 129.29180555555601, 36.481388888888901, 0.0 ], [ 129.292638888889002, 36.475, 0.0 ], [ 129.297083333333006, 36.471111111111099, 0.0 ], [ 129.29180555555601, 36.463611111111092, 0.0 ], [ 129.28625, 36.459444444444408, 0.0 ], [ 129.290138888889004, 36.452638888888899, 0.0 ], [ 129.28388888888901, 36.44875, 0.0 ], [ 129.279722222222006, 36.44875, 0.0 ], [ 129.2675, 36.454027777777803, 0.0 ], [ 129.261111111111006, 36.459583333333306, 0.0 ], [ 129.256388888889006, 36.4606944444444, 0.0 ], [ 129.254166666667004, 36.466805555555602, 0.0 ], [ 129.248333333332994, 36.4681944444444, 0.0 ], [ 129.247222222222007, 36.469861111111101, 0.0 ], [ 129.241111111110996, 36.46875, 0.0 ], [ 129.238888888888994, 36.470416666666701, 0.0 ], [ 129.234861111111002, 36.475, 0.0 ], [ 129.233194444443996, 36.483055555555602, 0.0 ], [ 129.224861111111011, 36.489305555555603, 0.0 ], [ 129.224027777777991, 36.4925, 0.0 ], [ 129.226527777777989, 36.494444444444404, 0.0 ], [ 129.222361111111013, 36.501666666666701, 0.0 ], [ 129.22625, 36.513611111111103, 0.0 ] ] ] } },
{ "type": "Feature", "properties": { "Name": "240202#03", "desc": "영덕오십천상류 n to 240204#01", "area": 5.88, "perim": 12.4 }, "geometry": { "type": "Polygon", "coordinates": [ [ [ 129.288194444444002, 36.4525, 0.0 ], [ 129.292361111111006, 36.451388888888893, 0.0 ], [ 129.2925, 36.447638888888903, 0.0 ], [ 129.296111111111003, 36.44875, 0.0 ], [ 129.297777777778009, 36.4473611111111, 0.0 ], [ 129.298194444443993, 36.445277777777804, 0.0 ], [ 129.300694444443991, 36.443888888888907, 0.0 ], [ 129.299583333333004, 36.442777777777799, 0.0 ], [ 129.30986111111099, 36.433055555555597, 0.0 ], [ 129.310972222222034, 36.430833333333304, 0.0 ], [ 129.307777777778, 36.42625, 0.0 ], [ 129.302777777778005, 36.428472222222197, 0.0 ], [ 129.29722222222199, 36.4276388888889, 0.0 ], [ 129.294444444443997, 36.430416666666702, 0.0 ], [ 129.29, 36.425416666666692, 0.0 ], [ 129.286666666667003, 36.425416666666706, 0.0 ], [ 129.28472222222203, 36.427638888888907, 0.0 ], [ 129.28125, 36.428055555555602, 0.0 ], [ 129.280555555555992, 36.431805555555599, 0.0 ], [ 129.275972222222009, 36.433333333333302, 0.0 ], [ 129.274027777778002, 36.4380555555556, 0.0 ], [ 129.277638888888987, 36.439444444444405, 0.0 ], [ 129.276527777778, 36.441944444444395, 0.0 ], [ 129.277361111110991, 36.4475, 0.0 ], [ 129.280833333332993, 36.449305555555597, 0.0 ], [ 129.28388888888901, 36.44875, 0.0 ], [ 129.288194444444002, 36.4525, 0.0 ] ] ] } },
{ "type": "Feature", "properties": { "Name": "240203#01", "desc": "가천합류전 n to 240203#03", "area": 6.29, "perim": 14.6 }, "geometry": { "type": "Polygon", "coordinates": [ [ [ 129.259583333333012, 36.362222222222201, 0.0 ], [ 129.268611111110999, 36.35875, 0.0 ], [ 129.275694444444014, 36.35125, 0.0 ], [ 129.266111111111002, 36.345138888888897, 0.0 ], [ 129.263055555556008, 36.34625, 0.0 ], [ 129.258888888889004, 36.344861111111108, 0.0 ], [ 129.256666666667002, 36.342083333333299, 0.0 ], [ 129.250833333332992, 36.340694444444409, 0.0 ], [ 129.243333333332998, 36.34625, 0.0 ], [ 129.228333333333012, 36.34375, 0.0 ], [ 129.224305555555986, 36.346666666666692, 0.0 ], [ 129.224583333332987, 36.349166666666697, 0.0 ], [ 129.220416666667006, 36.354722222222193, 0.0 ], [ 129.220416666667006, 36.359166666666709, 0.0 ], [ 129.222777777777992, 36.359583333333305, 0.0 ], [ 129.229444444443999, 36.35625, 0.0 ], [ 129.251944444444007, 36.35375, 0.0 ], [ 129.259583333333012, 36.362222222222201, 0.0 ] ] ] } },
{ "type": "Feature", "properties": { "Name": "240203#02", "desc": "가천 n to 240203#03", "area": 102.5, "perim": 69.8 }, "geometry": { "type": "Polygon", "coordinates": [ [ [ 129.209583333333001, 36.360833333333296, 0.0 ], [ 129.220416666667006, 36.359027777777797, 0.0 ], [ 129.220972222222002, 36.353055555555599, 0.0 ], [ 129.224305555555986, 36.349722222222198, 0.0 ], [ 129.224305555555986, 36.346666666666692, 0.0 ], [ 129.228333333333012, 36.34375, 0.0 ], [ 129.243333333332998, 36.34625, 0.0 ], [ 129.250833333332992, 36.340694444444409, 0.0 ], [ 129.256666666667002, 36.342083333333299, 0.0 ], [ 129.258888888889004, 36.344861111111108, 0.0 ], [ 129.263055555556008, 36.34625, 0.0 ], [ 129.266111111111002, 36.345138888888897, 0.0 ], [ 129.275833333332997, 36.35125, 0.0 ], [ 129.277777777777999, 36.349027777777799, 0.0 ], [ 129.280555555555992, 36.34875, 0.0 ], [ 129.281944444444008, 36.345694444444405, 0.0 ], [ 129.289305555556012, 36.343611111111102, 0.0 ], [ 129.289861111111009, 36.3402777777778, 0.0 ], [ 129.285694444444005, 36.333333333333307, 0.0 ], [ 129.289305555556012, 36.330833333333302, 0.0 ], [ 129.28875, 36.328611111111108, 0.0 ], [ 129.291944444443999, 36.324583333333301, 0.0 ], [ 129.301805555556001, 36.318055555555596, 0.0 ], [ 129.299583333333004, 36.306388888888897, 0.0 ], [ 129.292222222221994, 36.304583333333291, 0.0 ], [ 129.29, 36.300416666666699, 0.0 ], [ 129.284861111111013, 36.297777777777796, 0.0 ], [ 129.287638888889006, 36.291944444444404, 0.0 ], [ 129.287916666667002, 36.288333333333298, 0.0 ], [ 129.28625, 36.286666666666704, 0.0 ], [ 129.290972222221995, 36.28, 0.0 ], [ 129.281111111110988, 36.2743055555556, 0.0 ], [ 129.27055555555603, 36.274583333333304, 0.0 ], [ 129.26916666666699, 36.270694444444402, 0.0 ], [ 129.266388888888997, 36.270694444444402, 0.0 ], [ 129.264444444443996, 36.268472222222201, 0.0 ], [ 129.261388888889002, 36.26875, 0.0 ], [ 129.260416666666998, 36.265, 0.0 ], [ 129.258472222222025, 36.263611111111103, 0.0 ], [ 129.260138888889031, 36.262222222222199, 0.0 ], [ 129.259583333333012, 36.259722222222202, 0.0 ], [ 129.26125, 36.2563888888889, 0.0 ], [ 129.255972222221999, 36.25, 0.0 ], [ 129.257083333332986, 36.241388888888899, 0.0 ], [ 129.251666666667006, 36.2384722222222, 0.0 ], [ 129.246388888888987, 36.2395833333333, 0.0 ], [ 129.244027777778001, 36.237777777777815, 0.0 ], [ 129.24541666666704, 36.2325, 0.0 ], [ 129.24791666666701, 36.231111111111098, 0.0 ], [ 129.249583333332993, 36.22722222222221, 0.0 ], [ 129.2575, 36.220138888888897, 0.0 ], [ 129.264027777778011, 36.217777777777798, 0.0 ], [ 129.26055555555601, 36.213472222222201, 0.0 ], [ 129.2575, 36.21625, 0.0 ], [ 129.2525, 36.21625, 0.0 ], [ 129.245555555555995, 36.219861111111101, 0.0 ], [ 129.240555555556, 36.218472222222211, 0.0 ], [ 129.238611111110998, 36.220694444444405, 0.0 ], [ 129.2325, 36.218194444444407, 0.0 ], [ 129.229444444443999, 36.219583333333304, 0.0 ], [ 129.225833333332986, 36.215694444444402, 0.0 ], [ 129.219444444444008, 36.214583333333302, 0.0 ], [ 129.211666666667014, 36.206527777777808, 0.0 ], [ 129.208888888888993, 36.205972222222201, 0.0 ], [ 129.202083333333007, 36.2083333333333, 0.0 ], [ 129.202916666666994, 36.216944444444401, 0.0 ], [ 129.201805555556007, 36.219166666666702, 0.0 ], [ 129.204027777778009, 36.222777777777807, 0.0 ], [ 129.200416666666996, 36.226666666666702, 0.0 ], [ 129.201805555556007, 36.2325, 0.0 ], [ 129.196666666666999, 36.2384722222222, 0.0 ], [ 129.192361111111012, 36.240833333333299, 0.0 ], [ 129.194722222221998, 36.243472222222209, 0.0 ], [ 129.197916666666998, 36.2441666666667, 0.0 ], [ 129.19875, 36.246666666666698, 0.0 ], [ 129.197083333333012, 36.248888888888899, 0.0 ], [ 129.200416666666996, 36.2505555555556, 0.0 ], [ 129.204027777778009, 36.25611111111111, 0.0 ], [ 129.20625, 36.265833333333298, 0.0 ], [ 129.209166666666988, 36.266527777777803, 0.0 ], [ 129.213888888888988, 36.271805555555609, 0.0 ], [ 129.22, 36.272638888888899, 0.0 ], [ 129.221527777777993, 36.278888888888901, 0.0 ], [ 129.225694444444002, 36.281111111111109, 0.0 ], [ 129.220972222222002, 36.287777777777798, 0.0 ], [ 129.224305555555986, 36.291111111111107, 0.0 ], [ 129.222638888889009, 36.295555555555595, 0.0 ], [ 129.224305555555986, 36.298888888888889, 0.0 ], [ 129.220277777777994, 36.30125, 0.0 ], [ 129.219166666667007, 36.30375, 0.0 ], [ 129.214444444444013, 36.30375, 0.0 ], [ 129.208888888888993, 36.30125, 0.0 ], [ 129.203333333333006, 36.302916666666697, 0.0 ], [ 129.197222222221995, 36.300138888888902, 0.0 ], [ 129.184166666667011, 36.299583333333317, 0.0 ], [ 129.180833333332998, 36.304861111111101, 0.0 ], [ 129.175694444443991, 36.3066666666667, 0.0 ], [ 129.175972222221986, 36.31, 0.0 ], [ 129.18125, 36.316388888888902, 0.0 ], [ 129.17694444444399, 36.319583333333284, 0.0 ], [ 129.172361111111002, 36.319722222222197, 0.0 ], [ 129.173194444443993, 36.325277777777799, 0.0 ], [ 129.17125, 36.327222222222197, 0.0 ], [ 129.174305555556003, 36.330555555555605, 0.0 ], [ 129.174444444443992, 36.335138888888899, 0.0 ], [ 129.18, 36.334583333333299, 0.0 ], [ 129.186111111110989, 36.33625, 0.0 ], [ 129.187777777777995, 36.334861111111103, 0.0 ], [ 129.191666666667004, 36.337361111111107, 0.0 ], [ 129.191805555556016, 36.343333333333305, 0.0 ], [ 129.197638888889003, 36.348055555555604, 0.0 ], [ 129.199305555556009, 36.3536111111111, 0.0 ], [ 129.205555555556003, 36.355972222222192, 0.0 ], [ 129.209583333333001, 36.360833333333296, 0.0 ] ] ] } },
{ "type": "Feature", "properties": { "Name": "240203#03", "desc": "영덕군(대지리) n to 240203#04", "area": 27.32, "perim": 25.72 }, "geometry": { "type": "Polygon", "coordinates": [ [ [ 129.275972222222009, 36.398055555555601, 0.0 ], [ 129.281666666667007, 36.3981944444444, 0.0 ], [ 129.285, 36.395972222222191, 0.0 ], [ 129.293888888889001, 36.396527777777798, 0.0 ], [ 129.298888888888996, 36.394027777777801, 0.0 ], [ 129.309444444444011, 36.39375, 0.0 ], [ 129.311388888889013, 36.3923611111111, 0.0 ], [ 129.31875, 36.394305555555597, 0.0 ], [ 129.320833333333013, 36.39125, 0.0 ], [ 129.324861111111005, 36.391111111111108, 0.0 ], [ 129.323194444443999, 36.387777777777799, 0.0 ], [ 129.323472222221994, 36.3825, 0.0 ], [ 129.320972222221997, 36.378055555555598, 0.0 ], [ 129.321527777777987, 36.375277777777796, 0.0 ], [ 129.318472222221999, 36.370833333333294, 0.0 ], [ 129.31986111111101, 36.366666666666703, 0.0 ], [ 129.316805555555987, 36.358888888888899, 0.0 ], [ 129.31625, 36.3552777777778, 0.0 ], [ 129.317638888889007, 36.352777777777796, 0.0 ], [ 129.315972222222001, 36.347222222222207, 0.0 ], [ 129.312222222222005, 36.34625, 0.0 ], [ 129.308333333332996, 36.347638888888902, 0.0 ], [ 129.305833333332998, 36.343472222222211, 0.0 ], [ 129.301805555556001, 36.341944444444401, 0.0 ], [ 129.3025, 36.33875, 0.0 ], [ 129.3, 36.339305555555597, 0.0 ], [ 129.294166666666996, 36.337083333333304, 0.0 ], [ 129.287083333332987, 36.332638888888894, 0.0 ], [ 129.285694444444005, 36.333333333333307, 0.0 ], [ 129.289861111111009, 36.3402777777778, 0.0 ], [ 129.289305555556012, 36.343611111111102, 0.0 ], [ 129.281944444444008, 36.345694444444405, 0.0 ], [ 129.280555555555992, 36.34875, 0.0 ], [ 129.276666666667012, 36.34986111111111, 0.0 ], [ 129.275972222222009, 36.352222222222203, 0.0 ], [ 129.268611111110999, 36.35875, 0.0 ], [ 129.261944444443998, 36.360416666666708, 0.0 ], [ 129.259027777778016, 36.363333333333308, 0.0 ], [ 129.26125, 36.370277777777794, 0.0 ], [ 129.265138888888998, 36.375, 0.0 ], [ 129.26375, 36.37638888888889, 0.0 ], [ 129.26375, 36.381666666666696, 0.0 ], [ 129.265416666666994, 36.3830555555556, 0.0 ], [ 129.265694444443994, 36.390833333333305, 0.0 ], [ 129.26916666666699, 36.394583333333308, 0.0 ], [ 129.270833333333002, 36.394305555555597, 0.0 ], [ 129.275972222222009, 36.398055555555601, 0.0 ] ] ] } },
{ "type": "Feature", "properties": { "Name": "240203#04", "desc": "소서천합류전 n to 240203#08", "area": 6.98, "perim": 13.03 }, "geometry": { "type": "Polygon", "coordinates": [ [ [ 129.29652777777801, 36.41861111111109, 0.0 ], [ 129.29875, 36.418055555555597, 0.0 ], [ 129.298055555556004, 36.415694444444391, 0.0 ], [ 129.302777777778005, 36.416527777777802, 0.0 ], [ 129.306111111110994, 36.414305555555607, 0.0 ], [ 129.312222222222005, 36.41375, 0.0 ], [ 129.317083333332988, 36.415416666666708, 0.0 ], [ 129.319583333332986, 36.413888888888899, 0.0 ], [ 129.315694444444006, 36.407222222222209, 0.0 ], [ 129.317083333332988, 36.401666666666685, 0.0 ], [ 129.320694444444001, 36.398333333333298, 0.0 ], [ 129.31875, 36.394305555555597, 0.0 ], [ 129.311388888889013, 36.3923611111111, 0.0 ], [ 129.309444444444011, 36.39375, 0.0 ], [ 129.298888888888996, 36.394027777777801, 0.0 ], [ 129.293888888889001, 36.396527777777798, 0.0 ], [ 129.285, 36.395972222222191, 0.0 ], [ 129.28125, 36.3981944444444, 0.0 ], [ 129.282638888889011, 36.401666666666699, 0.0 ], [ 129.280972222222005, 36.403611111111097, 0.0 ], [ 129.285416666667004, 36.406944444444406, 0.0 ], [ 129.286527777777991, 36.411944444444401, 0.0 ], [ 129.293888888889001, 36.414583333333297, 0.0 ], [ 129.29652777777801, 36.41861111111109, 0.0 ] ] ] } },
{ "type": "Feature", "properties": { "Name": "240203#05", "desc": "용덕천합류전 n to 240203#07", "area": 24.73, "perim": 26.85 }, "geometry": { "type": "Polygon", "coordinates": [ [ [ 129.271805555556, 36.419722222222205, 0.0 ], [ 129.278333333332995, 36.417361111111099, 0.0 ], [ 129.284166666667005, 36.417916666666692, 0.0 ], [ 129.284305555555989, 36.415555555555606, 0.0 ], [ 129.287361111111011, 36.412361111111103, 0.0 ], [ 129.285416666667004, 36.406944444444406, 0.0 ], [ 129.280972222222005, 36.403611111111097, 0.0 ], [ 129.282638888889011, 36.401666666666699, 0.0 ], [ 129.28125, 36.3981944444444, 0.0 ], [ 129.276111111110993, 36.3981944444444, 0.0 ], [ 129.26597222222199, 36.391388888888898, 0.0 ], [ 129.265416666666994, 36.3830555555556, 0.0 ], [ 129.26375, 36.381666666666696, 0.0 ], [ 129.264861111111003, 36.373888888888899, 0.0 ], [ 129.259027777778016, 36.365555555555602, 0.0 ], [ 129.259861111111007, 36.362361111111099, 0.0 ], [ 129.25375, 36.355, 0.0 ], [ 129.251944444444007, 36.35375, 0.0 ], [ 129.244722222222009, 36.355138888888909, 0.0 ], [ 129.240277777778005, 36.354305555555598, 0.0 ], [ 129.21625, 36.360694444444398, 0.0 ], [ 129.218472222222005, 36.369166666666693, 0.0 ], [ 129.217916666667008, 36.3725, 0.0 ], [ 129.227916666666999, 36.38, 0.0 ], [ 129.226666666667001, 36.383472222222196, 0.0 ], [ 129.221944444444006, 36.384583333333303, 0.0 ], [ 129.220138888889011, 36.386944444444403, 0.0 ], [ 129.222361111111013, 36.392222222222202, 0.0 ], [ 129.228194444444, 36.396111111111097, 0.0 ], [ 129.226805555556012, 36.398611111111101, 0.0 ], [ 129.228194444444, 36.4033333333333, 0.0 ], [ 129.238611111110998, 36.406805555555607, 0.0 ], [ 129.244166666667013, 36.405972222222211, 0.0 ], [ 129.246388888888987, 36.407916666666708, 0.0 ], [ 129.248888888889013, 36.406527777777796, 0.0 ], [ 129.255277777777991, 36.40763888888889, 0.0 ], [ 129.257222222221998, 36.406527777777796, 0.0 ], [ 129.261944444443998, 36.409027777777808, 0.0 ], [ 129.261805555556009, 36.412222222222205, 0.0 ], [ 129.266111111111002, 36.41375, 0.0 ], [ 129.271805555556, 36.419722222222205, 0.0 ] ] ] } },
{ "type": "Feature", "properties": { "Name": "240203#06", "desc": "용덕천 n to 240203#07", "area": 24.43, "perim": 24.7 }, "geometry": { "type": "Polygon", "coordinates": [ [ [ 129.217916666667008, 36.4475, 0.0 ], [ 129.2225, 36.445694444444392, 0.0 ], [ 129.228888888889003, 36.44597222222221, 0.0 ], [ 129.240555555556, 36.440138888888903, 0.0 ], [ 129.256388888889006, 36.4415277777778, 0.0 ], [ 129.261666666666997, 36.43875, 0.0 ], [ 129.267777777778008, 36.439583333333303, 0.0 ], [ 129.274444444443986, 36.437083333333305, 0.0 ], [ 129.276388888888988, 36.432916666666699, 0.0 ], [ 129.280694444444009, 36.4316666666667, 0.0 ], [ 129.281388888889012, 36.427916666666697, 0.0 ], [ 129.285694444444005, 36.426666666666698, 0.0 ], [ 129.285416666667004, 36.419444444444395, 0.0 ], [ 129.278333333332995, 36.417361111111099, 0.0 ], [ 129.271944444443989, 36.419861111111096, 0.0 ], [ 129.266111111111002, 36.41375, 0.0 ], [ 129.261805555556009, 36.412222222222205, 0.0 ], [ 129.261944444443998, 36.409027777777808, 0.0 ], [ 129.257222222221998, 36.406527777777796, 0.0 ], [ 129.255555555555986, 36.40763888888889, 0.0 ], [ 129.248888888889013, 36.406527777777796, 0.0 ], [ 129.246388888888987, 36.407916666666708, 0.0 ], [ 129.244166666667013, 36.405972222222211, 0.0 ], [ 129.238611111110998, 36.406805555555607, 0.0 ], [ 129.228333333333012, 36.403472222222199, 0.0 ], [ 129.226805555556012, 36.39875, 0.0 ], [ 129.223055555555987, 36.3998611111111, 0.0 ], [ 129.216944444444039, 36.40375, 0.0 ], [ 129.215, 36.407083333333297, 0.0 ], [ 129.210416666666987, 36.407777777777802, 0.0 ], [ 129.212083333332998, 36.41, 0.0 ], [ 129.210694444443988, 36.418333333333301, 0.0 ], [ 129.202083333333007, 36.428333333333299, 0.0 ], [ 129.20347222222199, 36.4375, 0.0 ], [ 129.205833333333004, 36.437083333333298, 0.0 ], [ 129.217916666667008, 36.4475, 0.0 ] ] ] } },
{ "type": "Feature", "properties": { "Name": "240203#07", "desc": "소서천 n to 240203#08", "area": 0.8, "perim": 4.03 }, "geometry": { "type": "Polygon", "coordinates": [ [ [ 129.284861111111013, 36.42444444444439, 0.0 ], [ 129.290138888889004, 36.425416666666692, 0.0 ], [ 129.293194444443998, 36.420277777777798, 0.0 ], [ 129.290694444444, 36.414166666666702, 0.0 ], [ 129.2875, 36.412361111111103, 0.0 ], [ 129.28375, 36.417916666666699, 0.0 ], [ 129.285416666667004, 36.419444444444395, 0.0 ], [ 129.284861111111013, 36.42444444444439, 0.0 ] ] ] } },
{ "type": "Feature", "properties": { "Name": "240203#08", "desc": "대서천 n to 240204#01", "area": 2.5, "perim": 9.08 }, "geometry": { "type": "Polygon", "coordinates": [ [ [ 129.294305555556008, 36.430277777777803, 0.0 ], [ 129.29722222222199, 36.4276388888889, 0.0 ], [ 129.302777777778005, 36.428472222222197, 0.0 ], [ 129.3075, 36.42625, 0.0 ], [ 129.309583333332995, 36.423333333333296, 0.0 ], [ 129.309583333332995, 36.419722222222198, 0.0 ], [ 129.314722222222002, 36.41875, 0.0 ], [ 129.317083333332988, 36.415416666666708, 0.0 ], [ 129.313055555555991, 36.41375, 0.0 ], [ 129.3075, 36.414027777777804, 0.0 ], [ 129.302777777778005, 36.416527777777802, 0.0 ], [ 129.298055555556004, 36.415694444444391, 0.0 ], [ 129.29875, 36.418055555555597, 0.0 ], [ 129.296666666666994, 36.41875, 0.0 ], [ 129.293888888889001, 36.414583333333297, 0.0 ], [ 129.290694444444, 36.414305555555607, 0.0 ], [ 129.293194444443998, 36.420277777777798, 0.0 ], [ 129.290138888889004, 36.425555555555597, 0.0 ], [ 129.294305555556008, 36.430277777777803, 0.0 ] ] ] } },
{ "type": "Feature", "properties": { "Name": "240204#01", "desc": "관동천합류전 n to 240204#03", "area": 9.64, "perim": 18.5 }, "geometry": { "type": "Polygon", "coordinates": [ [ [ 129.292361111111006, 36.465277777777793, 0.0 ], [ 129.295138888888999, 36.463888888888896, 0.0 ], [ 129.296111111111003, 36.46125, 0.0 ], [ 129.312222222222005, 36.4548611111111, 0.0 ], [ 129.32, 36.443194444444494, 0.0 ], [ 129.32305555555601, 36.443194444444494, 0.0 ], [ 129.325, 36.439027777777795, 0.0 ], [ 129.330277777778008, 36.438472222222209, 0.0 ], [ 129.335138888888991, 36.435, 0.0 ], [ 129.333472222222014, 36.433055555555605, 0.0 ], [ 129.336527777778002, 36.428888888888899, 0.0 ], [ 129.322777777777986, 36.418472222222199, 0.0 ], [ 129.320972222221997, 36.41375, 0.0 ], [ 129.3175, 36.414861111111101, 0.0 ], [ 129.314722222222002, 36.41875, 0.0 ], [ 129.309583333332995, 36.419722222222198, 0.0 ], [ 129.309583333332995, 36.423333333333296, 0.0 ], [ 129.307638888888988, 36.426111111111091, 0.0 ], [ 129.310972222222034, 36.430833333333304, 0.0 ], [ 129.30986111111099, 36.433055555555597, 0.0 ], [ 129.299583333333004, 36.442777777777799, 0.0 ], [ 129.300694444443991, 36.443888888888907, 0.0 ], [ 129.298194444443993, 36.445277777777804, 0.0 ], [ 129.297777777778009, 36.4473611111111, 0.0 ], [ 129.296111111111003, 36.44875, 0.0 ], [ 129.293055555556009, 36.447361111111093, 0.0 ], [ 129.29180555555601, 36.448333333333295, 0.0 ], [ 129.292361111111006, 36.451388888888893, 0.0 ], [ 129.290416666666999, 36.4519444444445, 0.0 ], [ 129.289305555556012, 36.455555555555598, 0.0 ], [ 129.285972222222, 36.458333333333307, 0.0 ], [ 129.292361111111006, 36.465277777777793, 0.0 ] ] ] } },
{ "type": "Feature", "properties": { "Name": "240204#02", "desc": "관동천 n to 240204#03", "area": 14.71, "perim": 21.65 }, "geometry": { "type": "Polygon", "coordinates": [ [ [ 129.29375, 36.499722222222204, 0.0 ], [ 129.300833333333003, 36.497638888888901, 0.0 ], [ 129.304027777778003, 36.494444444444497, 0.0 ], [ 129.303611111110996, 36.492083333333298, 0.0 ], [ 129.31, 36.4890277777778, 0.0 ], [ 129.31069444444401, 36.486666666666714, 0.0 ], [ 129.316111111111013, 36.4826388888889, 0.0 ], [ 129.324027777778014, 36.480833333333308, 0.0 ], [ 129.324305555556009, 36.474166666666697, 0.0 ], [ 129.32625, 36.4725, 0.0 ], [ 129.326527777778011, 36.468611111111109, 0.0 ], [ 129.332638888888994, 36.463888888888903, 0.0 ], [ 129.333472222222014, 36.458611111111097, 0.0 ], [ 129.335694444443988, 36.458055555555603, 0.0 ], [ 129.335694444443988, 36.452777777777797, 0.0 ], [ 129.343472222222005, 36.449861111111098, 0.0 ], [ 129.3325, 36.437916666666702, 0.0 ], [ 129.325, 36.439027777777795, 0.0 ], [ 129.32305555555601, 36.443194444444494, 0.0 ], [ 129.32, 36.443194444444494, 0.0 ], [ 129.317083333332988, 36.445833333333297, 0.0 ], [ 129.312222222222005, 36.4548611111111, 0.0 ], [ 129.296111111111003, 36.46125, 0.0 ], [ 129.295138888888999, 36.463888888888896, 0.0 ], [ 129.292361111111006, 36.465416666666691, 0.0 ], [ 129.297083333333006, 36.471111111111099, 0.0 ], [ 129.292638888889002, 36.475, 0.0 ], [ 129.29180555555601, 36.481388888888901, 0.0 ], [ 129.290416666666999, 36.4825, 0.0 ], [ 129.292916666666997, 36.487777777777801, 0.0 ], [ 129.290416666666999, 36.491111111111103, 0.0 ], [ 129.29180555555601, 36.492777777777803, 0.0 ], [ 129.290694444444, 36.498055555555595, 0.0 ], [ 129.29375, 36.499722222222204, 0.0 ] ] ] } },
{ "type": "Feature", "properties": { "Name": "240204#03", "desc": "영덕군(영덕대교)", "area": 27.49, "perim": 26.9 }, "geometry": { "type": "Polygon", "coordinates": [ [ [ 129.378333333332989, 36.454583333333289, 0.0 ], [ 129.389166666666995, 36.4548611111111, 0.0 ], [ 129.389722222221991, 36.453194444444399, 0.0 ], [ 129.393611111110999, 36.452361111111102, 0.0 ], [ 129.395277777778006, 36.45375, 0.0 ], [ 129.3975, 36.450972222222198, 0.0 ], [ 129.400555555555997, 36.452361111111102, 0.0 ], [ 129.40125, 36.4508333333333, 0.0 ], [ 129.400972222222009, 36.445, 0.0 ], [ 129.397916666666987, 36.444444444444393, 0.0 ], [ 129.397638888888991, 36.439166666666701, 0.0 ], [ 129.39375, 36.438611111111108, 0.0 ], [ 129.392083333333005, 36.436111111111103, 0.0 ], [ 129.392638888888996, 36.434166666666698, 0.0 ], [ 129.389305555556007, 36.430555555555607, 0.0 ], [ 129.389027777778011, 36.4225, 0.0 ], [ 129.391527777778009, 36.418888888888901, 0.0 ], [ 129.387361111111005, 36.415555555555599, 0.0 ], [ 129.387916666666996, 36.411666666666704, 0.0 ], [ 129.384444444444, 36.407361111111101, 0.0 ], [ 129.376111111110987, 36.405694444444407, 0.0 ], [ 129.3725, 36.400972222222201, 0.0 ], [ 129.3625, 36.399583333333297, 0.0 ], [ 129.356388888889001, 36.402361111111098, 0.0 ], [ 129.354444444443999, 36.401527777777801, 0.0 ], [ 129.3525, 36.404583333333314, 0.0 ], [ 129.345277777777994, 36.406527777777796, 0.0 ], [ 129.33722222222201, 36.41125, 0.0 ], [ 129.320972222221997, 36.41375, 0.0 ], [ 129.322777777777986, 36.418472222222199, 0.0 ], [ 129.336527777778002, 36.428888888888899, 0.0 ], [ 129.333472222222014, 36.433055555555605, 0.0 ], [ 129.335138888888991, 36.435, 0.0 ], [ 129.330694444443992, 36.438194444444399, 0.0 ], [ 129.3325, 36.437916666666702, 0.0 ], [ 129.333055555556001, 36.439861111111092, 0.0 ], [ 129.337777777778001, 36.442638888888908, 0.0 ], [ 129.343055555555992, 36.449583333333294, 0.0 ], [ 129.348611111111012, 36.44819444444439, 0.0 ], [ 129.363055555556002, 36.450416666666705, 0.0 ], [ 129.365277777778005, 36.4490277777778, 0.0 ], [ 129.368055555555998, 36.450694444444501, 0.0 ], [ 129.374166666667008, 36.449583333333301, 0.0 ], [ 129.378333333332989, 36.454583333333289, 0.0 ] ] ] } },
{ "type": "Feature", "properties": { "Name": "240204#04", "desc": "영덕오십천하류 n to 000000#04", "area": 32.36, "perim": 30.9 }, "geometry": { "type": "Polygon", "coordinates": [ [ [ 129.319583333332986, 36.41375, 0.0 ], [ 129.33722222222201, 36.41125, 0.0 ], [ 129.345277777777994, 36.406527777777796, 0.0 ], [ 129.3525, 36.404583333333314, 0.0 ], [ 129.354444444443999, 36.401527777777801, 0.0 ], [ 129.356388888889001, 36.402361111111098, 0.0 ], [ 129.3625, 36.399583333333297, 0.0 ], [ 129.3725, 36.400972222222201, 0.0 ], [ 129.376111111110987, 36.405694444444407, 0.0 ], [ 129.384305555556011, 36.407361111111101, 0.0 ], [ 129.383472222221997, 36.401944444444496, 0.0 ], [ 129.389027777778011, 36.401666666666692, 0.0 ], [ 129.390416666666994, 36.395833333333293, 0.0 ], [ 129.389305555556007, 36.392777777777809, 0.0 ], [ 129.39125, 36.387777777777799, 0.0 ], [ 129.395, 36.387916666666705, 0.0 ], [ 129.39625, 36.384166666666708, 0.0 ], [ 129.393472222221988, 36.373611111111103, 0.0 ], [ 129.389861111111003, 36.3686111111111, 0.0 ], [ 129.39097222222199, 36.365, 0.0 ], [ 129.389583333333007, 36.362222222222208, 0.0 ], [ 129.390138888888998, 36.358888888888892, 0.0 ], [ 129.38375, 36.355555555555604, 0.0 ], [ 129.381666666667002, 36.34625, 0.0 ], [ 129.375833333332992, 36.34930555555561, 0.0 ], [ 129.37, 36.3431944444444, 0.0 ], [ 129.369444444444042, 36.347361111111098, 0.0 ], [ 129.365833333333001, 36.348194444444502, 0.0 ], [ 129.358055555556007, 36.356527777777792, 0.0 ], [ 129.352777777777987, 36.357916666666711, 0.0 ], [ 129.349305555555986, 36.364722222222206, 0.0 ], [ 129.345277777777994, 36.36625, 0.0 ], [ 129.340277777777999, 36.372361111111097, 0.0 ], [ 129.32125, 36.3755555555556, 0.0 ], [ 129.324861111111005, 36.391111111111108, 0.0 ], [ 129.31902777777799, 36.392777777777809, 0.0 ], [ 129.320694444444001, 36.398333333333298, 0.0 ], [ 129.317083333332988, 36.401666666666685, 0.0 ], [ 129.315694444444006, 36.407222222222209, 0.0 ], [ 129.319583333332986, 36.41375, 0.0 ] ] ] } },
{ "type": "Feature", "properties": { "Name": "240207#01", "desc": "용연저수지 f to 240208#01", "area": 69.5, "perim": 44.6 }, "geometry": { "type": "Polygon", "coordinates": [ [ [ 129.238472222221986, 36.220555555555599, 0.0 ], [ 129.240555555556, 36.218472222222211, 0.0 ], [ 129.245555555555995, 36.219861111111101, 0.0 ], [ 129.2525, 36.21625, 0.0 ], [ 129.2575, 36.21625, 0.0 ], [ 129.260694444443999, 36.213333333333296, 0.0 ], [ 129.26125, 36.206111111111092, 0.0 ], [ 129.263194444443997, 36.202222222222197, 0.0 ], [ 129.262361111111005, 36.198611111111099, 0.0 ], [ 129.271527777778005, 36.1938888888889, 0.0 ], [ 129.272916666666987, 36.191388888888909, 0.0 ], [ 129.272361111110996, 36.185833333333292, 0.0 ], [ 129.275416666667013, 36.183333333333302, 0.0 ], [ 129.275972222222009, 36.18, 0.0 ], [ 129.289305555556012, 36.169722222222191, 0.0 ], [ 129.290972222221995, 36.162777777777798, 0.0 ], [ 129.289027777777989, 36.161944444444401, 0.0 ], [ 129.285138888889009, 36.155277777777805, 0.0 ], [ 129.287638888889006, 36.151666666666699, 0.0 ], [ 129.287361111111011, 36.145, 0.0 ], [ 129.295555555556007, 36.143472222222194, 0.0 ], [ 129.302083333333002, 36.140277777777804, 0.0 ], [ 129.299305555556003, 36.137222222222199, 0.0 ], [ 129.301805555556001, 36.131944444444393, 0.0 ], [ 129.300972222221986, 36.129722222222199, 0.0 ], [ 129.303194444443989, 36.123611111111096, 0.0 ], [ 129.302361111110997, 36.1191666666667, 0.0 ], [ 129.285833333332988, 36.117638888888898, 0.0 ], [ 129.282777777777994, 36.115416666666697, 0.0 ], [ 129.28125, 36.111666666666693, 0.0 ], [ 129.283194444444007, 36.108611111111109, 0.0 ], [ 129.279305555555993, 36.103888888888903, 0.0 ], [ 129.276388888888988, 36.096527777777808, 0.0 ], [ 129.264166666666995, 36.097361111111091, 0.0 ], [ 129.255833333332987, 36.1006944444444, 0.0 ], [ 129.253333333332989, 36.100416666666703, 0.0 ], [ 129.251111111110987, 36.097083333333302, 0.0 ], [ 129.246944444444011, 36.0995833333333, 0.0 ], [ 129.239166666666989, 36.099027777777792, 0.0 ], [ 129.230138888889002, 36.104444444444397, 0.0 ], [ 129.228472222221995, 36.1111111111111, 0.0 ], [ 129.232083333333009, 36.115833333333299, 0.0 ], [ 129.230138888889002, 36.121944444444402, 0.0 ], [ 129.230416666666997, 36.128055555555598, 0.0 ], [ 129.227916666666999, 36.130277777777806, 0.0 ], [ 129.225694444444002, 36.1425, 0.0 ], [ 129.227916666666999, 36.145555555555603, 0.0 ], [ 129.228472222221995, 36.150277777777802, 0.0 ], [ 129.226666666667001, 36.152916666666691, 0.0 ], [ 129.222638888889009, 36.154444444444408, 0.0 ], [ 129.220694444444007, 36.158888888888903, 0.0 ], [ 129.22125, 36.161666666666697, 0.0 ], [ 129.216527777777998, 36.168888888888901, 0.0 ], [ 129.220138888889011, 36.172222222222203, 0.0 ], [ 129.217638888889013, 36.181666666666707, 0.0 ], [ 129.225416666667002, 36.1938888888889, 0.0 ], [ 129.225138888889006, 36.196944444444405, 0.0 ], [ 129.211805555555998, 36.206666666666706, 0.0 ], [ 129.219444444444008, 36.214583333333302, 0.0 ], [ 129.225833333332986, 36.215694444444402, 0.0 ], [ 129.229444444443999, 36.219583333333304, 0.0 ], [ 129.2325, 36.218194444444407, 0.0 ], [ 129.238472222221986, 36.220555555555599, 0.0 ] ] ] } },
{ "type": "Feature", "properties": { "Name": "240208#01", "desc": "초곡천합류전 n to 240208#03", "area": 42.51, "perim": 38.81 }, "geometry": { "type": "Polygon", "coordinates": [ [ [ 129.289583333333013, 36.1625, 0.0 ], [ 129.300833333333003, 36.157361111111108, 0.0 ], [ 129.308055555555995, 36.15875, 0.0 ], [ 129.315555555555989, 36.155416666666703, 0.0 ], [ 129.335555555555999, 36.157361111111108, 0.0 ], [ 129.339166666667012, 36.154861111111103, 0.0 ], [ 129.342777777777997, 36.155138888888899, 0.0 ], [ 129.34555555555599, 36.152083333333302, 0.0 ], [ 129.35, 36.150694444444397, 0.0 ], [ 129.356944444443997, 36.15125, 0.0 ], [ 129.361111111111001, 36.147916666666696, 0.0 ], [ 129.373611111110989, 36.145972222222198, 0.0 ], [ 129.374583333332993, 36.141666666666701, 0.0 ], [ 129.373472222222006, 36.139166666666711, 0.0 ], [ 129.379027777777992, 36.1325, 0.0 ], [ 129.37763888888901, 36.125555555555593, 0.0 ], [ 129.37986111111104, 36.121944444444402, 0.0 ], [ 129.369444444444042, 36.112638888888902, 0.0 ], [ 129.355555555556009, 36.112083333333302, 0.0 ], [ 129.348055555555987, 36.109861111111101, 0.0 ], [ 129.344861111110987, 36.107777777777798, 0.0 ], [ 129.347083333332989, 36.104166666666707, 0.0 ], [ 129.342777777777997, 36.102083333333297, 0.0 ], [ 129.335833333332999, 36.104305555555598, 0.0 ], [ 129.333888888888993, 36.107638888888907, 0.0 ], [ 129.318333333332987, 36.107916666666704, 0.0 ], [ 129.305555555555998, 36.102361111111101, 0.0 ], [ 129.302777777778005, 36.095138888888897, 0.0 ], [ 129.27861111111099, 36.08625, 0.0 ], [ 129.27625, 36.090555555555611, 0.0 ], [ 129.277916666667011, 36.093888888888905, 0.0 ], [ 129.276527777778, 36.09861111111109, 0.0 ], [ 129.283194444444007, 36.108611111111109, 0.0 ], [ 129.28125, 36.111666666666693, 0.0 ], [ 129.282361111110987, 36.115, 0.0 ], [ 129.285833333332988, 36.117638888888898, 0.0 ], [ 129.301388888888994, 36.118472222222202, 0.0 ], [ 129.303194444443989, 36.122222222222199, 0.0 ], [ 129.300972222221986, 36.129722222222199, 0.0 ], [ 129.301805555556001, 36.131944444444393, 0.0 ], [ 129.299305555556003, 36.137222222222199, 0.0 ], [ 129.302083333333002, 36.140277777777804, 0.0 ], [ 129.295555555556007, 36.143472222222194, 0.0 ], [ 129.287361111111011, 36.145, 0.0 ], [ 129.287638888889006, 36.151666666666699, 0.0 ], [ 129.285138888889009, 36.155277777777805, 0.0 ], [ 129.289583333333013, 36.1625, 0.0 ] ] ] } },
{ "type": "Feature", "properties": { "Name": "240208#02", "desc": "초곡천 n to 240208#03", "area": 42.02, "perim": 37.2 }, "geometry": { "type": "Polygon", "coordinates": [ [ [ 129.387638888889001, 36.12, 0.0 ], [ 129.386527777778014, 36.11611111111111, 0.0 ], [ 129.387916666666996, 36.115555555555595, 0.0 ], [ 129.385972222221994, 36.1116666666667, 0.0 ], [ 129.387638888889001, 36.107777777777791, 0.0 ], [ 129.386805555556009, 36.105277777777793, 0.0 ], [ 129.383055555556012, 36.104305555555598, 0.0 ], [ 129.379166666667004, 36.099027777777799, 0.0 ], [ 129.372222222222007, 36.098194444444403, 0.0 ], [ 129.366666666666987, 36.093194444444407, 0.0 ], [ 129.362638888888995, 36.091944444444401, 0.0 ], [ 129.360416666666993, 36.08833333333331, 0.0 ], [ 129.360694444443993, 36.084444444444408, 0.0 ], [ 129.358194444443996, 36.083055555555603, 0.0 ], [ 129.359861111111002, 36.080833333333295, 0.0 ], [ 129.352916666666999, 36.076111111111103, 0.0 ], [ 129.35375, 36.074166666666699, 0.0 ], [ 129.350694444444002, 36.072777777777816, 0.0 ], [ 129.35027777777799, 36.070694444444406, 0.0 ], [ 129.345694444444007, 36.06972222222219, 0.0 ], [ 129.347083333332989, 36.066111111111084, 0.0 ], [ 129.344305555555991, 36.063611111111101, 0.0 ], [ 129.342638888889013, 36.0555555555556, 0.0 ], [ 129.339027777778, 36.054166666666703, 0.0 ], [ 129.335972222222011, 36.045833333333299, 0.0 ], [ 129.331111111110999, 36.042361111111099, 0.0 ], [ 129.316666666667004, 36.040972222222187, 0.0 ], [ 129.314444444444007, 36.044305555555603, 0.0 ], [ 129.306944444444014, 36.043472222222199, 0.0 ], [ 129.30513888888899, 36.049166666666707, 0.0 ], [ 129.295833333333007, 36.05875, 0.0 ], [ 129.290555555556011, 36.062083333333305, 0.0 ], [ 129.286527777777991, 36.0625, 0.0 ], [ 129.285138888889009, 36.066388888888902, 0.0 ], [ 129.286527777777991, 36.07, 0.0 ], [ 129.275416666667013, 36.079444444444405, 0.0 ], [ 129.275972222222009, 36.0825, 0.0 ], [ 129.28, 36.087083333333304, 0.0 ], [ 129.286388888889036, 36.088194444444404, 0.0 ], [ 129.299444444444021, 36.094861111111101, 0.0 ], [ 129.302777777778005, 36.095138888888897, 0.0 ], [ 129.305555555555998, 36.102361111111101, 0.0 ], [ 129.318333333332987, 36.107916666666704, 0.0 ], [ 129.333888888888993, 36.107638888888907, 0.0 ], [ 129.335833333332999, 36.104305555555598, 0.0 ], [ 129.342777777777997, 36.102083333333297, 0.0 ], [ 129.347083333332989, 36.104166666666707, 0.0 ], [ 129.344861111110987, 36.107777777777798, 0.0 ], [ 129.348055555555987, 36.109861111111101, 0.0 ], [ 129.355555555556009, 36.112083333333302, 0.0 ], [ 129.369444444444042, 36.112638888888902, 0.0 ], [ 129.376111111110987, 36.118194444444406, 0.0 ], [ 129.381388888889006, 36.117083333333298, 0.0 ], [ 129.387638888889001, 36.12, 0.0 ] ] ] } },
{ "type": "Feature", "properties": { "Name": "240208#03", "desc": "곡강천 n to 000000#05", "area": 4.56, "perim": 11.9 }, "geometry": { "type": "Polygon", "coordinates": [ [ [ 129.38125, 36.1475, 0.0 ], [ 129.38555555555601, 36.13875, 0.0 ], [ 129.39027777777801, 36.137361111111083, 0.0 ], [ 129.395555555556001, 36.132083333333298, 0.0 ], [ 129.405138888889013, 36.128333333333295, 0.0 ], [ 129.400416666667013, 36.125555555555593, 0.0 ], [ 129.400138888888989, 36.122222222222206, 0.0 ], [ 129.397777777778003, 36.119861111111106, 0.0 ], [ 129.395833333333002, 36.119027777777795, 0.0 ], [ 129.3925, 36.121805555555603, 0.0 ], [ 129.381388888889006, 36.117083333333298, 0.0 ], [ 129.376527777777994, 36.118194444444406, 0.0 ], [ 129.37986111111104, 36.121944444444402, 0.0 ], [ 129.37763888888901, 36.125555555555593, 0.0 ], [ 129.379027777777992, 36.1325, 0.0 ], [ 129.373472222222006, 36.139166666666711, 0.0 ], [ 129.374027777777997, 36.144027777777801, 0.0 ], [ 129.38125, 36.1475, 0.0 ] ] ] } },
{ "type": "Feature", "properties": { "Name": "240302#01", "desc": "진전천+3합류전 n to 240302#03", "area": 4.61, "perim": 10.37 }, "geometry": { "type": "Polygon", "coordinates": [ [ [ 129.40375, 35.886944444444403, 0.0 ], [ 129.411944444444003, 35.883194444444392, 0.0 ], [ 129.416527777777986, 35.877222222222194, 0.0 ], [ 129.410138888889009, 35.870277777777815, 0.0 ], [ 129.41125, 35.86611111111111, 0.0 ], [ 129.409305555555989, 35.862777777777801, 0.0 ], [ 129.410416666667004, 35.862222222222201, 0.0 ], [ 129.406944444444008, 35.857916666666704, 0.0 ], [ 129.393888888888995, 35.857361111111103, 0.0 ], [ 129.39097222222199, 35.86375, 0.0 ], [ 129.39125, 35.866388888888906, 0.0 ], [ 129.395416666666989, 35.871388888888902, 0.0 ], [ 129.395138888889022, 35.876111111111108, 0.0 ], [ 129.398194444443988, 35.88, 0.0 ], [ 129.399027777778002, 35.8859722222222, 0.0 ], [ 129.40375, 35.886944444444403, 0.0 ] ] ] } },
{ "type": "Feature", "properties": { "Name": "240302#02", "desc": "진전천+3 n to 240302#03", "area": 2.92, "perim": 8.24 }, "geometry": { "type": "Polygon", "coordinates": [ [ [ 129.397916666666987, 35.886111111111099, 0.0 ], [ 129.399305555555998, 35.885277777777809, 0.0 ], [ 129.398194444443988, 35.88, 0.0 ], [ 129.395416666666989, 35.876944444444398, 0.0 ], [ 129.395416666666989, 35.871388888888902, 0.0 ], [ 129.39125, 35.866388888888906, 0.0 ], [ 129.39097222222199, 35.86375, 0.0 ], [ 129.382777777777989, 35.86375, 0.0 ], [ 129.37875, 35.865694444444394, 0.0 ], [ 129.37986111111104, 35.870277777777808, 0.0 ], [ 129.377916666667005, 35.875277777777796, 0.0 ], [ 129.379583333332988, 35.877777777777801, 0.0 ], [ 129.382222222221998, 35.880138888888894, 0.0 ], [ 129.3875, 35.879583333333301, 0.0 ], [ 129.388333333333009, 35.882638888888899, 0.0 ], [ 129.397916666666987, 35.886111111111099, 0.0 ] ] ] } },
{ "type": "Feature", "properties": { "Name": "240302#03", "desc": "진전천+2합류후 n to 240302#04", "area": 1.26, "perim": 6.01 }, "geometry": { "type": "Polygon", "coordinates": [ [ [ 129.393472222221988, 35.890555555555594, 0.0 ], [ 129.397638888888991, 35.88805555555561, 0.0 ], [ 129.396527777778005, 35.885694444444397, 0.0 ], [ 129.388333333333009, 35.882638888888899, 0.0 ], [ 129.3875, 35.879583333333301, 0.0 ], [ 129.382222222221998, 35.880138888888894, 0.0 ], [ 129.379583333332988, 35.877361111111092, 0.0 ], [ 129.378472222222001, 35.878333333333302, 0.0 ], [ 129.379305555555987, 35.884166666666694, 0.0 ], [ 129.378194444444006, 35.886111111111099, 0.0 ], [ 129.379444444444005, 35.887916666666705, 0.0 ], [ 129.383611111111009, 35.88875, 0.0 ], [ 129.3875, 35.887361111111098, 0.0 ], [ 129.393472222221988, 35.890555555555594, 0.0 ] ] ] } },
{ "type": "Feature", "properties": { "Name": "240302#04", "desc": "진전천+1합류전 n to 240302#06", "area": 0.38, "perim": 3.2 }, "geometry": { "type": "Polygon", "coordinates": [ [ [ 129.397916666666987, 35.893333333333302, 0.0 ], [ 129.400138888888989, 35.891944444444398, 0.0 ], [ 129.400694444444014, 35.8888888888889, 0.0 ], [ 129.404027777777998, 35.887222222222206, 0.0 ], [ 129.40361111111099, 35.88625, 0.0 ], [ 129.396527777778005, 35.885694444444397, 0.0 ], [ 129.397638888888991, 35.88805555555561, 0.0 ], [ 129.39375, 35.890694444444399, 0.0 ], [ 129.397916666666987, 35.893333333333302, 0.0 ] ] ] } },
{ "type": "Feature", "properties": { "Name": "240302#05", "desc": "진전천+1 n to 240302#06", "area": 1.67, "perim": 7.62 }, "geometry": { "type": "Polygon", "coordinates": [ [ [ 129.402638888888987, 35.89388888888891, 0.0 ], [ 129.41361111111101, 35.889027777777798, 0.0 ], [ 129.417222222221994, 35.889305555555595, 0.0 ], [ 129.41833333333301, 35.892083333333296, 0.0 ], [ 129.420972222221991, 35.88805555555561, 0.0 ], [ 129.42152777777801, 35.883611111111101, 0.0 ], [ 129.419861111111004, 35.8813888888889, 0.0 ], [ 129.422638888888997, 35.878055555555591, 0.0 ], [ 129.416388888889003, 35.877361111111092, 0.0 ], [ 129.411944444444003, 35.883194444444392, 0.0 ], [ 129.400833333332997, 35.88875, 0.0 ], [ 129.400416666667013, 35.8925, 0.0 ], [ 129.402638888888987, 35.89388888888891, 0.0 ] ] ] } },
{ "type": "Feature", "properties": { "Name": "240302#06", "desc": "진전저수지 f to 240302#07", "area": 2.69, "perim": 10.79 }, "geometry": { "type": "Polygon", "coordinates": [ [ [ 129.419583333333009, 35.901666666666699, 0.0 ], [ 129.420972222221991, 35.898611111111094, 0.0 ], [ 129.417222222221994, 35.889305555555595, 0.0 ], [ 129.411111111111012, 35.889583333333299, 0.0 ], [ 129.406666666667007, 35.89319444444439, 0.0 ], [ 129.402777777777999, 35.894027777777801, 0.0 ], [ 129.400416666667013, 35.8925, 0.0 ], [ 129.400277777778001, 35.889583333333299, 0.0 ], [ 129.400138888888989, 35.891944444444398, 0.0 ], [ 129.398055555555999, 35.893472222222186, 0.0 ], [ 129.3875, 35.887361111111098, 0.0 ], [ 129.383472222221997, 35.88875, 0.0 ], [ 129.390833333333006, 35.893194444444397, 0.0 ], [ 129.39097222222199, 35.896388888888893, 0.0 ], [ 129.393611111110999, 35.89875, 0.0 ], [ 129.40361111111099, 35.900694444444397, 0.0 ], [ 129.4075, 35.9004166666667, 0.0 ], [ 129.41, 35.898472222222203, 0.0 ], [ 129.411388888889007, 35.90013888888889, 0.0 ], [ 129.419583333333009, 35.901666666666699, 0.0 ] ] ] } },
{ "type": "Feature", "properties": { "Name": "240302#07", "desc": "은적천합류전 n to 240302#09", "area": 2.57, "perim": 9.52 }, "geometry": { "type": "Polygon", "coordinates": [ [ [ 129.397361111110996, 35.913333333333298, 0.0 ], [ 129.400694444444014, 35.912777777777798, 0.0 ], [ 129.39875, 35.91055555555559, 0.0 ], [ 129.4, 35.90875, 0.0 ], [ 129.412222222221999, 35.904027777777799, 0.0 ], [ 129.4175, 35.904305555555602, 0.0 ], [ 129.420138888888999, 35.901805555555597, 0.0 ], [ 129.411388888889007, 35.90013888888889, 0.0 ], [ 129.41, 35.898472222222203, 0.0 ], [ 129.4075, 35.9004166666667, 0.0 ], [ 129.402777777777999, 35.900694444444397, 0.0 ], [ 129.392222222221989, 35.897638888888899, 0.0 ], [ 129.386388888889002, 35.898194444444407, 0.0 ], [ 129.385694444443999, 35.900555555555599, 0.0 ], [ 129.389027777778011, 35.907222222222202, 0.0 ], [ 129.397361111110996, 35.913333333333298, 0.0 ] ] ] } },
{ "type": "Feature", "properties": { "Name": "240302#08", "desc": "은적천 n to 240302#09", "area": 2.14, "perim": 8.0 }, "geometry": { "type": "Polygon", "coordinates": [ [ [ 129.42152777777801, 35.915833333333303, 0.0 ], [ 129.429444444443988, 35.9126388888889, 0.0 ], [ 129.429583333332999, 35.910555555555597, 0.0 ], [ 129.422777777778009, 35.90708333333329, 0.0 ], [ 129.420555555556007, 35.902916666666691, 0.0 ], [ 129.412222222221999, 35.904027777777799, 0.0 ], [ 129.39875, 35.91, 0.0 ], [ 129.401388888888988, 35.9126388888889, 0.0 ], [ 129.409166666667005, 35.9120833333333, 0.0 ], [ 129.412222222221999, 35.914861111111094, 0.0 ], [ 129.41833333333301, 35.91375, 0.0 ], [ 129.42152777777801, 35.915833333333303, 0.0 ] ] ] } },
{ "type": "Feature", "properties": { "Name": "240302#09", "desc": "석낭지천합류전 n to 240302#11", "area": 2.91, "perim": 8.8 }, "geometry": { "type": "Polygon", "coordinates": [ [ [ 129.396805555556028, 35.925833333333316, 0.0 ], [ 129.40361111111099, 35.924305555555613, 0.0 ], [ 129.410972222222028, 35.913055555555601, 0.0 ], [ 129.400694444444014, 35.912083333333285, 0.0 ], [ 129.3975, 35.913472222222197, 0.0 ], [ 129.386944444443998, 35.904305555555595, 0.0 ], [ 129.384861111111007, 35.913333333333291, 0.0 ], [ 129.385972222221994, 35.919166666666698, 0.0 ], [ 129.39097222222199, 35.924027777777802, 0.0 ], [ 129.396805555556028, 35.925833333333316, 0.0 ] ] ] } },
{ "type": "Feature", "properties": { "Name": "240302#10", "desc": "석낭지천 n to 240302#11", "area": 2.14, "perim": 8.29 }, "geometry": { "type": "Polygon", "coordinates": [ [ [ 129.406805555555991, 35.930277777777796, 0.0 ], [ 129.411388888889007, 35.92625, 0.0 ], [ 129.4175, 35.928472222222197, 0.0 ], [ 129.42541666666699, 35.927361111111097, 0.0 ], [ 129.424722222221988, 35.92375, 0.0 ], [ 129.4225, 35.924305555555605, 0.0 ], [ 129.416527777777986, 35.92, 0.0 ], [ 129.42152777777801, 35.9161111111111, 0.0 ], [ 129.420555555556007, 35.914583333333297, 0.0 ], [ 129.410833333332988, 35.9143055555556, 0.0 ], [ 129.408472222222002, 35.9161111111111, 0.0 ], [ 129.404583333332994, 35.923333333333311, 0.0 ], [ 129.400972222222009, 35.925138888888902, 0.0 ], [ 129.406805555555991, 35.930277777777796, 0.0 ] ] ] } },
{ "type": "Feature", "properties": { "Name": "240302#11", "desc": "문충천합류전 n to 240302#13", "area": 1.71, "perim": 8.02 }, "geometry": { "type": "Polygon", "coordinates": [ [ [ 129.403194444444011, 35.940555555555605, 0.0 ], [ 129.407083333332992, 35.939861111111107, 0.0 ], [ 129.407916666667006, 35.935277777777799, 0.0 ], [ 129.410555555555987, 35.932083333333296, 0.0 ], [ 129.412638888889006, 35.931944444444404, 0.0 ], [ 129.415416666666999, 35.927361111111104, 0.0 ], [ 129.411388888889007, 35.92625, 0.0 ], [ 129.406944444444008, 35.930416666666702, 0.0 ], [ 129.400972222222009, 35.925138888888902, 0.0 ], [ 129.396944444443989, 35.9259722222222, 0.0 ], [ 129.39097222222199, 35.924027777777802, 0.0 ], [ 129.389861111111003, 35.925833333333308, 0.0 ], [ 129.39875, 35.932222222222208, 0.0 ], [ 129.400138888888989, 35.937638888888891, 0.0 ], [ 129.403194444444011, 35.940555555555605, 0.0 ] ] ] } },
{ "type": "Feature", "properties": { "Name": "240302#12", "desc": "문충천 n to 240302#13", "area": 1.23, "perim": 7.1 }, "geometry": { "type": "Polygon", "coordinates": [ [ [ 129.395416666666989, 35.938611111111094, 0.0 ], [ 129.399166666667014, 35.93875, 0.0 ], [ 129.400416666667013, 35.934722222222206, 0.0 ], [ 129.396388888888993, 35.929861111111109, 0.0 ], [ 129.389861111111003, 35.925833333333308, 0.0 ], [ 129.39097222222199, 35.923888888888889, 0.0 ], [ 129.385972222221994, 35.919166666666698, 0.0 ], [ 129.38555555555601, 35.916805555555598, 0.0 ], [ 129.38236111111101, 35.922361111111108, 0.0 ], [ 129.38625, 35.925555555555604, 0.0 ], [ 129.386805555556009, 35.928611111111096, 0.0 ], [ 129.390416666666994, 35.9325, 0.0 ], [ 129.39569444444399, 35.936111111111103, 0.0 ], [ 129.395416666666989, 35.938611111111094, 0.0 ] ] ] } },
{ "type": "Feature", "properties": { "Name": "240302#13", "desc": "신광천합류전 n to 240302#19", "area": 0.26, "perim": 2.48 }, "geometry": { "type": "Polygon", "coordinates": [ [ [ 129.400694444444014, 35.944166666666703, 0.0 ], [ 129.402638888888987, 35.939722222222201, 0.0 ], [ 129.400555555555997, 35.937638888888898, 0.0 ], [ 129.395416666666989, 35.93875, 0.0 ], [ 129.400694444444014, 35.944166666666703, 0.0 ] ] ] } },
{ "type": "Feature", "properties": { "Name": "240302#14", "desc": "항사천 n to 240302#17", "area": 8.26, "perim": 15.91 }, "geometry": { "type": "Polygon", "coordinates": [ [ [ 129.365138888888993, 35.919444444444402, 0.0 ], [ 129.369722222222009, 35.915138888888904, 0.0 ], [ 129.373888888889013, 35.915694444444391, 0.0 ], [ 129.37625, 35.913472222222204, 0.0 ], [ 129.374583333332993, 35.906944444444392, 0.0 ], [ 129.364027777778006, 35.899166666666702, 0.0 ], [ 129.367361111110995, 35.894444444444403, 0.0 ], [ 129.366527777778003, 35.89, 0.0 ], [ 129.356666666666996, 35.8859722222222, 0.0 ], [ 129.353055555556011, 35.88736111111109, 0.0 ], [ 129.353194444444, 35.89, 0.0 ], [ 129.35, 35.8923611111111, 0.0 ], [ 129.348055555555987, 35.88875, 0.0 ], [ 129.338888888888988, 35.890416666666695, 0.0 ], [ 129.337361111110994, 35.892777777777795, 0.0 ], [ 129.338194444444014, 35.895, 0.0 ], [ 129.332638888888994, 35.901666666666706, 0.0 ], [ 129.334583333333001, 35.905833333333298, 0.0 ], [ 129.334027777778005, 35.91111111111109, 0.0 ], [ 129.335833333332999, 35.9120833333333, 0.0 ], [ 129.343055555555992, 35.909305555555591, 0.0 ], [ 129.347222222222001, 35.910138888888902, 0.0 ], [ 129.353333333333012, 35.906527777777796, 0.0 ], [ 129.355416666666997, 35.908611111111107, 0.0 ], [ 129.35430555555601, 35.9102777777778, 0.0 ], [ 129.359861111111002, 35.9175, 0.0 ], [ 129.365138888888993, 35.919444444444402, 0.0 ] ] ] } },
{ "type": "Feature", "properties": { "Name": "240302#15", "desc": "항사천+ n to 240302#17", "area": 9.48, "perim": 19.94 }, "geometry": { "type": "Polygon", "coordinates": [ [ [ 129.381805555556014, 35.92222222222221, 0.0 ], [ 129.385972222221994, 35.916805555555598, 0.0 ], [ 129.384861111111007, 35.913333333333291, 0.0 ], [ 129.387361111111005, 35.902222222222193, 0.0 ], [ 129.385694444443999, 35.899166666666702, 0.0 ], [ 129.392083333333005, 35.897222222222197, 0.0 ], [ 129.390833333333006, 35.893194444444397, 0.0 ], [ 129.378472222222001, 35.886944444444403, 0.0 ], [ 129.379583333332988, 35.877222222222201, 0.0 ], [ 129.377916666667005, 35.874166666666696, 0.0 ], [ 129.37986111111104, 35.868611111111093, 0.0 ], [ 129.378611111111013, 35.86541666666669, 0.0 ], [ 129.371666666667011, 35.86125, 0.0 ], [ 129.368055555555998, 35.864861111111097, 0.0 ], [ 129.359166666666994, 35.865138888888907, 0.0 ], [ 129.359305555556006, 35.868333333333297, 0.0 ], [ 129.354861111111006, 35.873055555555602, 0.0 ], [ 129.3575, 35.875972222222195, 0.0 ], [ 129.36291666666699, 35.876111111111094, 0.0 ], [ 129.36375, 35.878611111111105, 0.0 ], [ 129.36125, 35.887916666666698, 0.0 ], [ 129.366527777778003, 35.89, 0.0 ], [ 129.367361111110995, 35.894166666666706, 0.0 ], [ 129.364027777778006, 35.899166666666702, 0.0 ], [ 129.374583333332993, 35.906944444444392, 0.0 ], [ 129.37625, 35.913472222222204, 0.0 ], [ 129.378472222222001, 35.915555555555606, 0.0 ], [ 129.377361111110986, 35.918333333333301, 0.0 ], [ 129.381805555556014, 35.92222222222221, 0.0 ] ] ] } },
{ "type": "Feature", "properties": { "Name": "240302#16", "desc": "신광천+ n to 240302#17", "area": 6.13, "perim": 12.64 }, "geometry": { "type": "Polygon", "coordinates": [ [ [ 129.345694444444007, 35.933055555555597, 0.0 ], [ 129.35027777777799, 35.92875, 0.0 ], [ 129.356388888889001, 35.93263888888891, 0.0 ], [ 129.370138888888988, 35.929722222222203, 0.0 ], [ 129.368611111110994, 35.9259722222222, 0.0 ], [ 129.363472222221986, 35.924722222222194, 0.0 ], [ 129.362083333333004, 35.9225, 0.0 ], [ 129.363472222221986, 35.919305555555596, 0.0 ], [ 129.359861111111002, 35.9175, 0.0 ], [ 129.35430555555601, 35.9102777777778, 0.0 ], [ 129.355416666666997, 35.908611111111107, 0.0 ], [ 129.353333333333012, 35.906527777777796, 0.0 ], [ 129.347222222222001, 35.910138888888902, 0.0 ], [ 129.343055555555992, 35.909305555555591, 0.0 ], [ 129.335416666666987, 35.9120833333333, 0.0 ], [ 129.336805555555998, 35.916944444444397, 0.0 ], [ 129.330138888888996, 35.926111111111105, 0.0 ], [ 129.333611111110997, 35.930416666666702, 0.0 ], [ 129.34166666666701, 35.930972222222209, 0.0 ], [ 129.345694444444007, 35.933055555555597, 0.0 ] ] ] } },
{ "type": "Feature", "properties": { "Name": "240302#17", "desc": "오어저수지 f to 240302#18", "area": 1.92, "perim": 6.92 }, "geometry": { "type": "Polygon", "coordinates": [ [ [ 129.372083333332995, 35.932222222222208, 0.0 ], [ 129.375555555555991, 35.93125, 0.0 ], [ 129.375694444444008, 35.926666666666705, 0.0 ], [ 129.381805555556014, 35.9225, 0.0 ], [ 129.377361111110986, 35.918333333333301, 0.0 ], [ 129.378472222222001, 35.915833333333318, 0.0 ], [ 129.3775, 35.913472222222197, 0.0 ], [ 129.372777777777998, 35.915972222222202, 0.0 ], [ 129.369722222222009, 35.915138888888904, 0.0 ], [ 129.366944444443988, 35.91875, 0.0 ], [ 129.363472222221986, 35.919305555555596, 0.0 ], [ 129.362083333333004, 35.92222222222221, 0.0 ], [ 129.363888888888994, 35.92513888888891, 0.0 ], [ 129.369027777778001, 35.926388888888901, 0.0 ], [ 129.370138888888988, 35.930833333333304, 0.0 ], [ 129.372083333332995, 35.932222222222208, 0.0 ] ] ] } },
{ "type": "Feature", "properties": { "Name": "240302#18", "desc": "신광천 n to 240302#19", "area": 4.66, "perim": 10.97 }, "geometry": { "type": "Polygon", "coordinates": [ [ [ 129.395972222222014, 35.954444444444398, 0.0 ], [ 129.400138888888989, 35.9508333333333, 0.0 ], [ 129.399861111110994, 35.947777777777809, 0.0 ], [ 129.401805555555995, 35.945, 0.0 ], [ 129.395416666666989, 35.939166666666701, 0.0 ], [ 129.39569444444399, 35.936111111111103, 0.0 ], [ 129.390833333333006, 35.932916666666706, 0.0 ], [ 129.386805555556009, 35.928611111111096, 0.0 ], [ 129.38625, 35.925555555555604, 0.0 ], [ 129.381805555556014, 35.922361111111108, 0.0 ], [ 129.375694444444008, 35.926666666666705, 0.0 ], [ 129.375694444444008, 35.9311111111111, 0.0 ], [ 129.37291666666701, 35.932361111111099, 0.0 ], [ 129.37680555555599, 35.93888888888889, 0.0 ], [ 129.37680555555599, 35.941666666666691, 0.0 ], [ 129.38125, 35.9444444444444, 0.0 ], [ 129.381944444444002, 35.9484722222222, 0.0 ], [ 129.385138888889003, 35.950138888888901, 0.0 ], [ 129.387777777778012, 35.949305555555604, 0.0 ], [ 129.391111111111002, 35.952638888888899, 0.0 ], [ 129.395972222222014, 35.954444444444398, 0.0 ] ] ] } },
{ "type": "Feature", "properties": { "Name": "240302#19", "desc": "용산천합류전 n to 240302#21", "area": 0.37, "perim": 3.28 }, "geometry": { "type": "Polygon", "coordinates": [ [ [ 129.40416666666701, 35.94652777777781, 0.0 ], [ 129.407083333332992, 35.9473611111111, 0.0 ], [ 129.407222222222003, 35.939861111111099, 0.0 ], [ 129.402361111110991, 35.940833333333302, 0.0 ], [ 129.400138888888989, 35.947222222222202, 0.0 ], [ 129.40416666666701, 35.94652777777781, 0.0 ] ] ] } },
{ "type": "Feature", "properties": { "Name": "240302#20", "desc": "용산천 n to 240302#21", "area": 2.37, "perim": 7.47 }, "geometry": { "type": "Polygon", "coordinates": [ [ [ 129.407083333332992, 35.948333333333316, 0.0 ], [ 129.41875, 35.945833333333304, 0.0 ], [ 129.419861111111004, 35.938611111111101, 0.0 ], [ 129.42375, 35.935833333333306, 0.0 ], [ 129.424027777778008, 35.932777777777794, 0.0 ], [ 129.42152777777801, 35.927916666666697, 0.0 ], [ 129.415416666666999, 35.927361111111104, 0.0 ], [ 129.412638888889006, 35.931944444444404, 0.0 ], [ 129.410555555555987, 35.932083333333296, 0.0 ], [ 129.407916666667006, 35.935277777777799, 0.0 ], [ 129.40625, 35.945555555555593, 0.0 ], [ 129.407083333332992, 35.948333333333316, 0.0 ] ] ] } },
{ "type": "Feature", "properties": { "Name": "240302#21", "desc": "포항시(문덕3교)", "area": 0.47, "perim": 3.5 }, "geometry": { "type": "Polygon", "coordinates": [ [ [ 129.399027777778002, 35.951666666666704, 0.0 ], [ 129.405833333332993, 35.952916666666702, 0.0 ], [ 129.410972222222028, 35.948055555555598, 0.0 ], [ 129.407222222222003, 35.9484722222222, 0.0 ], [ 129.401944444444013, 35.946527777777803, 0.0 ], [ 129.399861111110994, 35.947777777777809, 0.0 ], [ 129.399027777778002, 35.951666666666704, 0.0 ] ] ] } },
{ "type": "Feature", "properties": { "Name": "240302#22", "desc": "세계천합류전 n to 240302#24", "area": 4.04, "perim": 12.22 }, "geometry": { "type": "Polygon", "coordinates": [ [ [ 129.408472222222002, 35.968333333333298, 0.0 ], [ 129.415972222221995, 35.965, 0.0 ], [ 129.414861111111009, 35.962222222222202, 0.0 ], [ 129.417361111111006, 35.959166666666697, 0.0 ], [ 129.417361111111006, 35.954722222222202, 0.0 ], [ 129.415694444444, 35.9525, 0.0 ], [ 129.419583333333009, 35.950555555555603, 0.0 ], [ 129.418611111111005, 35.946805555555599, 0.0 ], [ 129.413888888889005, 35.945972222222196, 0.0 ], [ 129.405833333332993, 35.952916666666702, 0.0 ], [ 129.399166666667014, 35.952083333333299, 0.0 ], [ 129.396666666666988, 35.954583333333289, 0.0 ], [ 129.391111111111002, 35.952638888888899, 0.0 ], [ 129.387777777778012, 35.949305555555604, 0.0 ], [ 129.385138888889003, 35.950138888888901, 0.0 ], [ 129.384583333333012, 35.951944444444393, 0.0 ], [ 129.389305555556007, 35.956666666666706, 0.0 ], [ 129.388194444443997, 35.957777777777807, 0.0 ], [ 129.393472222221988, 35.95972222222219, 0.0 ], [ 129.393472222221988, 35.964305555555597, 0.0 ], [ 129.397638888888991, 35.965694444444409, 0.0 ], [ 129.40361111111099, 35.963472222222201, 0.0 ], [ 129.405138888889013, 35.966944444444401, 0.0 ], [ 129.408472222222002, 35.968333333333298, 0.0 ] ] ] } },
{ "type": "Feature", "properties": { "Name": "240302#23", "desc": "세계천 n to 240302#24", "area": 6.6, "perim": 15.41 }, "geometry": { "type": "Polygon", "coordinates": [ [ [ 129.42152777777801, 35.969444444444399, 0.0 ], [ 129.42375, 35.96875, 0.0 ], [ 129.4225, 35.965972222222199, 0.0 ], [ 129.435277777777998, 35.957916666666698, 0.0 ], [ 129.442222222222, 35.95875, 0.0 ], [ 129.443194444444003, 35.9575, 0.0 ], [ 129.441805555555987, 35.955555555555499, 0.0 ], [ 129.443194444444003, 35.953611111111108, 0.0 ], [ 129.442083333332988, 35.951666666666704, 0.0 ], [ 129.43930555555599, 35.9513888888889, 0.0 ], [ 129.43930555555599, 35.9433333333333, 0.0 ], [ 129.434305555555994, 35.936388888888899, 0.0 ], [ 129.434583333332995, 35.933333333333294, 0.0 ], [ 129.431388888888989, 35.929861111111101, 0.0 ], [ 129.428888888888991, 35.930416666666709, 0.0 ], [ 129.42694444444399, 35.927361111111097, 0.0 ], [ 129.42152777777801, 35.927916666666697, 0.0 ], [ 129.424027777778008, 35.932777777777794, 0.0 ], [ 129.42375, 35.935833333333306, 0.0 ], [ 129.419305555556008, 35.94, 0.0 ], [ 129.419861111111004, 35.942222222222192, 0.0 ], [ 129.417916666666997, 35.946527777777796, 0.0 ], [ 129.419583333333009, 35.950555555555603, 0.0 ], [ 129.415694444444, 35.9525, 0.0 ], [ 129.417361111111006, 35.954722222222202, 0.0 ], [ 129.417361111111006, 35.959166666666697, 0.0 ], [ 129.414861111111009, 35.962222222222202, 0.0 ], [ 129.415972222221995, 35.965, 0.0 ], [ 129.411527777778019, 35.967777777777805, 0.0 ], [ 129.413888888889005, 35.9693055555556, 0.0 ], [ 129.415833333333012, 35.966805555555609, 0.0 ], [ 129.417777777778014, 35.966805555555602, 0.0 ], [ 129.42152777777801, 35.969444444444399, 0.0 ] ] ] } },
{ "type": "Feature", "properties": { "Name": "240302#24", "desc": "원용교 n to 240302#25", "area": 2.33, "perim": 9.39 }, "geometry": { "type": "Polygon", "coordinates": [ [ [ 129.417361111111006, 35.9802777777778, 0.0 ], [ 129.42, 35.976805555555593, 0.0 ], [ 129.4225, 35.97875, 0.0 ], [ 129.427638888888993, 35.9775, 0.0 ], [ 129.42375, 35.96875, 0.0 ], [ 129.420555555556007, 35.969305555555593, 0.0 ], [ 129.417777777778014, 35.966805555555602, 0.0 ], [ 129.415833333333012, 35.966805555555609, 0.0 ], [ 129.413888888889005, 35.9693055555556, 0.0 ], [ 129.411666666667003, 35.967361111111103, 0.0 ], [ 129.408611111110986, 35.968472222222204, 0.0 ], [ 129.405138888889013, 35.966944444444401, 0.0 ], [ 129.40361111111099, 35.963472222222201, 0.0 ], [ 129.397638888888991, 35.965555555555603, 0.0 ], [ 129.400972222222009, 35.967222222222198, 0.0 ], [ 129.400972222222009, 35.969444444444399, 0.0 ], [ 129.406944444444008, 35.975972222222197, 0.0 ], [ 129.417361111111006, 35.9802777777778, 0.0 ] ] ] } },
{ "type": "Feature", "properties": { "Name": "240302#25", "desc": "인덕교 n to 240302#26", "area": 3.31, "perim": 11.76 }, "geometry": { "type": "Polygon", "coordinates": [ [ [ 129.408472222222002, 35.986111111111093, 0.0 ], [ 129.424444444443992, 35.984305555555601, 0.0 ], [ 129.424861111110999, 35.9797222222222, 0.0 ], [ 129.427083333333002, 35.977638888888897, 0.0 ], [ 129.4225, 35.97875, 0.0 ], [ 129.42, 35.976805555555593, 0.0 ], [ 129.41833333333301, 35.980416666666699, 0.0 ], [ 129.415277777777987, 35.980138888888902, 0.0 ], [ 129.406944444444008, 35.975972222222197, 0.0 ], [ 129.400972222222009, 35.969444444444399, 0.0 ], [ 129.400833333332997, 35.967083333333299, 0.0 ], [ 129.390833333333006, 35.964583333333302, 0.0 ], [ 129.390694444443994, 35.975, 0.0 ], [ 129.395, 35.97875, 0.0 ], [ 129.396111111110997, 35.977361111111108, 0.0 ], [ 129.398333333332999, 35.978194444444398, 0.0 ], [ 129.403055555555994, 35.985138888888898, 0.0 ], [ 129.408472222222002, 35.986111111111093, 0.0 ] ] ] } },
{ "type": "Feature", "properties": { "Name": "240302#26", "desc": "냉천교 n to 240302#27", "area": 2.18, "perim": 9.12 }, "geometry": { "type": "Polygon", "coordinates": [ [ [ 129.384305555556011, 36.000833333333297, 0.0 ], [ 129.395, 35.993194444444399, 0.0 ], [ 129.399444444444015, 35.992916666666702, 0.0 ], [ 129.40125, 35.994305555555599, 0.0 ], [ 129.40416666666701, 35.992638888888891, 0.0 ], [ 129.408472222222002, 35.986111111111093, 0.0 ], [ 129.403055555555994, 35.985138888888898, 0.0 ], [ 129.402638888888987, 35.983055555555602, 0.0 ], [ 129.398194444443988, 35.9797222222222, 0.0 ], [ 129.39875, 35.978611111111093, 0.0 ], [ 129.396111111110997, 35.977361111111108, 0.0 ], [ 129.395138888889022, 35.97875, 0.0 ], [ 129.396527777778005, 35.983888888888899, 0.0 ], [ 129.392222222221989, 35.98875, 0.0 ], [ 129.386111111111006, 35.990972222222204, 0.0 ], [ 129.382916666667001, 35.994722222222194, 0.0 ], [ 129.381805555556014, 35.998888888888906, 0.0 ], [ 129.384305555556011, 36.000833333333297, 0.0 ] ] ] } },
{ "type": "Feature", "properties": { "Name": "240302#27", "desc": "냉천 n to 000000#06", "area": 0.59, "perim": 5.74 }, "geometry": { "type": "Polygon", "coordinates": [ [ [ 129.414861111111009, 36.006111111111103, 0.0 ], [ 129.41625, 36.005277777777799, 0.0 ], [ 129.41361111111101, 36.002638888888903, 0.0 ], [ 129.405138888889013, 35.997222222222199, 0.0 ], [ 129.40875, 35.9919444444444, 0.0 ], [ 129.405555555555992, 35.989027777777792, 0.0 ], [ 129.404583333332994, 35.99222222222221, 0.0 ], [ 129.40125, 35.9936111111111, 0.0 ], [ 129.401527777778, 35.996111111111091, 0.0 ], [ 129.414861111111009, 36.006111111111103, 0.0 ] ] ] } },
{ "type": "Feature", "properties": { "Name": "240304#01", "desc": "호암천합류전 n to 240304#03", "area": 28.94, "perim": 32.49 }, "geometry": { "type": "Polygon", "coordinates": [ [ [ 129.378194444444006, 35.830833333333302, 0.0 ], [ 129.380555555555986, 35.830138888888897, 0.0 ], [ 129.382083333332986, 35.826666666666704, 0.0 ], [ 129.385694444443999, 35.82416666666672, 0.0 ], [ 129.389861111111003, 35.8119444444444, 0.0 ], [ 129.393888888888995, 35.811805555555601, 0.0 ], [ 129.395138888889022, 35.805833333333297, 0.0 ], [ 129.401666666667012, 35.804861111111101, 0.0 ], [ 129.402361111110991, 35.800833333333301, 0.0 ], [ 129.406111111110988, 35.797916666666694, 0.0 ], [ 129.424166666666991, 35.8015277777778, 0.0 ], [ 129.427638888888993, 35.800416666666692, 0.0 ], [ 129.427638888888993, 35.798888888888897, 0.0 ], [ 129.42, 35.789861111111101, 0.0 ], [ 129.413055555556014, 35.787361111111096, 0.0 ], [ 129.411944444444003, 35.785138888888902, 0.0 ], [ 129.4075, 35.783194444444398, 0.0 ], [ 129.399166666667014, 35.782638888888897, 0.0 ], [ 129.397222222222013, 35.7806944444444, 0.0 ], [ 129.393888888888995, 35.782083333333297, 0.0 ], [ 129.39027777777801, 35.779583333333306, 0.0 ], [ 129.385, 35.771527777777806, 0.0 ], [ 129.38, 35.770138888888901, 0.0 ], [ 129.378194444444006, 35.767777777777795, 0.0 ], [ 129.37680555555599, 35.763055555555596, 0.0 ], [ 129.380138888889007, 35.756805555555609, 0.0 ], [ 129.375277777777995, 35.753194444444397, 0.0 ], [ 129.37, 35.754583333333301, 0.0 ], [ 129.37125, 35.7525, 0.0 ], [ 129.368055555555998, 35.74625, 0.0 ], [ 129.363888888888994, 35.750138888888884, 0.0 ], [ 129.360833333333005, 35.750694444444399, 0.0 ], [ 129.356666666666996, 35.756527777777791, 0.0 ], [ 129.35430555555601, 35.7563888888889, 0.0 ], [ 129.355416666666997, 35.761944444444417, 0.0 ], [ 129.354583333333011, 35.765277777777797, 0.0 ], [ 129.352361111111009, 35.766388888888891, 0.0 ], [ 129.35375, 35.768888888888902, 0.0 ], [ 129.351805555556012, 35.77111111111109, 0.0 ], [ 129.354027777777986, 35.773055555555601, 0.0 ], [ 129.353472222221995, 35.780555555555601, 0.0 ], [ 129.351527777777989, 35.781111111111109, 0.0 ], [ 129.350416666667002, 35.783888888888896, 0.0 ], [ 129.350694444444002, 35.789166666666702, 0.0 ], [ 129.346805555555989, 35.795277777777812, 0.0 ], [ 129.347361111111013, 35.7991666666667, 0.0 ], [ 129.345694444444007, 35.801388888888908, 0.0 ], [ 129.348611111111012, 35.802916666666697, 0.0 ], [ 129.358055555556007, 35.803472222222204, 0.0 ], [ 129.357083333333009, 35.805833333333304, 0.0 ], [ 129.358194444443996, 35.810555555555602, 0.0 ], [ 129.36875, 35.816111111111098, 0.0 ], [ 129.37291666666701, 35.826666666666711, 0.0 ], [ 129.376944444444007, 35.828472222222203, 0.0 ], [ 129.378194444444006, 35.830833333333302, 0.0 ] ] ] } },
{ "type": "Feature", "properties": { "Name": "240304#02", "desc": "호암천 n to 240304#03", "area": 18.32, "perim": 24.94 }, "geometry": { "type": "Polygon", "coordinates": [ [ [ 129.37875, 35.865555555555595, 0.0 ], [ 129.382777777777989, 35.86375, 0.0 ], [ 129.392222222221989, 35.863194444444396, 0.0 ], [ 129.393888888888995, 35.857361111111103, 0.0 ], [ 129.40125, 35.858194444444401, 0.0 ], [ 129.400972222222009, 35.85388888888891, 0.0 ], [ 129.408472222222002, 35.839166666666706, 0.0 ], [ 129.407083333332992, 35.836944444444399, 0.0 ], [ 129.409583333332989, 35.835555555555601, 0.0 ], [ 129.408472222222002, 35.8325, 0.0 ], [ 129.414305555556012, 35.818611111111096, 0.0 ], [ 129.413194444444002, 35.815833333333302, 0.0 ], [ 129.416527777777986, 35.813888888888897, 0.0 ], [ 129.419166666666996, 35.809305555555611, 0.0 ], [ 129.425277777778007, 35.805138888888898, 0.0 ], [ 129.427777777778005, 35.805138888888898, 0.0 ], [ 129.428888888888991, 35.80069444444441, 0.0 ], [ 129.424166666666991, 35.8015277777778, 0.0 ], [ 129.406111111110988, 35.797916666666694, 0.0 ], [ 129.402361111110991, 35.800833333333301, 0.0 ], [ 129.401666666667012, 35.804861111111101, 0.0 ], [ 129.395138888889022, 35.805833333333297, 0.0 ], [ 129.393888888888995, 35.811805555555601, 0.0 ], [ 129.389861111111003, 35.8119444444444, 0.0 ], [ 129.385694444443999, 35.82416666666672, 0.0 ], [ 129.382083333332986, 35.826666666666704, 0.0 ], [ 129.380555555555986, 35.830138888888897, 0.0 ], [ 129.37763888888901, 35.83138888888891, 0.0 ], [ 129.377222222222002, 35.834027777777806, 0.0 ], [ 129.37291666666701, 35.834166666666704, 0.0 ], [ 129.373472222222006, 35.836666666666709, 0.0 ], [ 129.370694444444013, 35.845833333333303, 0.0 ], [ 129.371666666667011, 35.848472222222199, 0.0 ], [ 129.374305555555992, 35.849166666666704, 0.0 ], [ 129.37125, 35.852222222222203, 0.0 ], [ 129.371805555555994, 35.856111111111105, 0.0 ], [ 129.375694444444008, 35.858055555555602, 0.0 ], [ 129.375138888889012, 35.863611111111098, 0.0 ], [ 129.37875, 35.865555555555595, 0.0 ] ] ] } },
{ "type": "Feature", "properties": { "Name": "240304#03", "desc": "용동천합류후 n to 240304#04", "area": 30.26, "perim": 30.02 }, "geometry": { "type": "Polygon", "coordinates": [ [ [ 129.424861111110999, 35.884166666666701, 0.0 ], [ 129.43, 35.879861111111097, 0.0 ], [ 129.437083333332993, 35.878888888888902, 0.0 ], [ 129.437083333332993, 35.875277777777796, 0.0 ], [ 129.440694444444006, 35.8691666666667, 0.0 ], [ 129.446527777777987, 35.865555555555602, 0.0 ], [ 129.445416666667001, 35.863888888888908, 0.0 ], [ 129.44625, 35.858611111111102, 0.0 ], [ 129.448472222221994, 35.856944444444402, 0.0 ], [ 129.447083333333012, 35.854444444444397, 0.0 ], [ 129.44958333333301, 35.849444444444401, 0.0 ], [ 129.455694444443992, 35.845555555555499, 0.0 ], [ 129.45347222222199, 35.843888888888898, 0.0 ], [ 129.452638888888998, 35.839722222222193, 0.0 ], [ 129.454583333333005, 35.836388888888884, 0.0 ], [ 129.452638888888998, 35.8327777777778, 0.0 ], [ 129.454305555556004, 35.8194444444444, 0.0 ], [ 129.453611111111002, 35.817083333333301, 0.0 ], [ 129.44875, 35.815555555555605, 0.0 ], [ 129.450138888889001, 35.814722222222201, 0.0 ], [ 129.44958333333301, 35.810555555555595, 0.0 ], [ 129.45125, 35.809444444444395, 0.0 ], [ 129.450416666666996, 35.80694444444439, 0.0 ], [ 129.446111111111009, 35.805138888888898, 0.0 ], [ 129.442083333332988, 35.799027777777795, 0.0 ], [ 129.434444444444011, 35.799861111111099, 0.0 ], [ 129.430555555555998, 35.79597222222219, 0.0 ], [ 129.428055555556, 35.79625, 0.0 ], [ 129.422638888888997, 35.792916666666699, 0.0 ], [ 129.429027777778003, 35.800833333333301, 0.0 ], [ 129.429027777778003, 35.803888888888899, 0.0 ], [ 129.419166666666996, 35.809305555555611, 0.0 ], [ 129.416527777777986, 35.813888888888897, 0.0 ], [ 129.413194444444002, 35.815833333333302, 0.0 ], [ 129.414305555556012, 35.818611111111096, 0.0 ], [ 129.408472222222002, 35.8325, 0.0 ], [ 129.409583333332989, 35.835555555555601, 0.0 ], [ 129.407083333332992, 35.836944444444399, 0.0 ], [ 129.408472222222002, 35.839166666666706, 0.0 ], [ 129.400694444444014, 35.854722222222208, 0.0 ], [ 129.40125, 35.858194444444401, 0.0 ], [ 129.406944444444008, 35.857916666666704, 0.0 ], [ 129.410138888889009, 35.861388888888904, 0.0 ], [ 129.409861111111013, 35.865555555555602, 0.0 ], [ 129.41125, 35.86611111111111, 0.0 ], [ 129.410138888889009, 35.870277777777815, 0.0 ], [ 129.415, 35.876527777777802, 0.0 ], [ 129.420833333333007, 35.877361111111107, 0.0 ], [ 129.419861111111004, 35.88222222222219, 0.0 ], [ 129.424861111110999, 35.884166666666701, 0.0 ] ] ] } },
{ "type": "Feature", "properties": { "Name": "240304#04", "desc": "양북면(입천교) n to 240304#05", "area": 6.98, "perim": 19.37 }, "geometry": { "type": "Polygon", "coordinates": [ [ [ 129.434305555555994, 35.799722222222201, 0.0 ], [ 129.442361111111012, 35.798888888888897, 0.0 ], [ 129.439166666667006, 35.790138888888897, 0.0 ], [ 129.436666666667008, 35.79125, 0.0 ], [ 129.433333333332996, 35.78875, 0.0 ], [ 129.428611111110996, 35.7881944444444, 0.0 ], [ 129.425833333333003, 35.782638888888904, 0.0 ], [ 129.416944444443999, 35.78125, 0.0 ], [ 129.409444444444006, 35.775416666666693, 0.0 ], [ 129.403333333332995, 35.767638888888889, 0.0 ], [ 129.398055555555999, 35.769861111111098, 0.0 ], [ 129.391388888888997, 35.76375, 0.0 ], [ 129.385277777778015, 35.762638888888901, 0.0 ], [ 129.380416666667031, 35.756805555555601, 0.0 ], [ 129.37875, 35.758333333333304, 0.0 ], [ 129.37680555555599, 35.763055555555596, 0.0 ], [ 129.378194444444006, 35.767777777777795, 0.0 ], [ 129.38, 35.770138888888901, 0.0 ], [ 129.385, 35.771527777777806, 0.0 ], [ 129.39027777777801, 35.779583333333306, 0.0 ], [ 129.393888888888995, 35.782083333333297, 0.0 ], [ 129.397222222222013, 35.7806944444444, 0.0 ], [ 129.399166666667014, 35.782638888888897, 0.0 ], [ 129.408611111110986, 35.783472222222201, 0.0 ], [ 129.413055555556014, 35.787361111111096, 0.0 ], [ 129.42, 35.789861111111101, 0.0 ], [ 129.421388888888998, 35.792916666666692, 0.0 ], [ 129.428055555556, 35.79625, 0.0 ], [ 129.430555555555998, 35.79597222222219, 0.0 ], [ 129.434305555555994, 35.799722222222201, 0.0 ] ] ] } },
{ "type": "Feature", "properties": { "Name": "240304#05", "desc": "양북면(두산대교) n to 240304#06", "area": 6.21, "perim": 14.87 }, "geometry": { "type": "Polygon", "coordinates": [ [ [ 129.442361111111012, 35.798611111111107, 0.0 ], [ 129.447638888889003, 35.794166666666698, 0.0 ], [ 129.44875, 35.789166666666702, 0.0 ], [ 129.4525, 35.787916666666703, 0.0 ], [ 129.455138888888996, 35.78333333333331, 0.0 ], [ 129.453333333333006, 35.780138888888899, 0.0 ], [ 129.448888888889002, 35.77986111111111, 0.0 ], [ 129.44486111111101, 35.7775, 0.0 ], [ 129.44805555555601, 35.769027777777794, 0.0 ], [ 129.436944444444009, 35.769861111111098, 0.0 ], [ 129.436111111110989, 35.772083333333299, 0.0 ], [ 129.428611111110996, 35.771527777777806, 0.0 ], [ 129.425833333333003, 35.77375, 0.0 ], [ 129.42, 35.77125, 0.0 ], [ 129.409027777777993, 35.774027777777803, 0.0 ], [ 129.416944444443999, 35.78125, 0.0 ], [ 129.425833333333003, 35.782638888888904, 0.0 ], [ 129.428611111110996, 35.7881944444444, 0.0 ], [ 129.433333333332996, 35.78875, 0.0 ], [ 129.436666666667008, 35.79125, 0.0 ], [ 129.439166666667006, 35.790138888888897, 0.0 ], [ 129.442361111111012, 35.798611111111107, 0.0 ] ] ] } },
{ "type": "Feature", "properties": { "Name": "240304#06", "desc": "양북면(구갈교) n to 240304#07", "area": 18.72, "perim": 27.48 }, "geometry": { "type": "Polygon", "coordinates": [ [ [ 129.455138888888996, 35.7825, 0.0 ], [ 129.463611111110993, 35.772916666666703, 0.0 ], [ 129.46625, 35.77222222222219, 0.0 ], [ 129.467916666667008, 35.761111111111092, 0.0 ], [ 129.46375, 35.755555555555603, 0.0 ], [ 129.467083333332994, 35.753055555555591, 0.0 ], [ 129.464444444444013, 35.747916666666704, 0.0 ], [ 129.459166666666988, 35.748194444444401, 0.0 ], [ 129.451388888888999, 35.754583333333301, 0.0 ], [ 129.444444444444002, 35.757083333333298, 0.0 ], [ 129.44013888888901, 35.753888888888902, 0.0 ], [ 129.439722222222002, 35.750972222222202, 0.0 ], [ 129.436388888889013, 35.750694444444399, 0.0 ], [ 129.43569444444401, 35.753888888888902, 0.0 ], [ 129.433611111110991, 35.754583333333294, 0.0 ], [ 129.429722222222011, 35.74875, 0.0 ], [ 129.426111111110998, 35.748472222222198, 0.0 ], [ 129.421944444443994, 35.744027777777795, 0.0 ], [ 129.414166666667001, 35.742083333333291, 0.0 ], [ 129.403333333332995, 35.74875, 0.0 ], [ 129.390833333333006, 35.748194444444401, 0.0 ], [ 129.380416666667031, 35.75666666666671, 0.0 ], [ 129.385277777778015, 35.762638888888901, 0.0 ], [ 129.391388888888997, 35.76375, 0.0 ], [ 129.398055555555999, 35.769861111111098, 0.0 ], [ 129.403333333332995, 35.767638888888889, 0.0 ], [ 129.409027777777993, 35.774027777777803, 0.0 ], [ 129.42, 35.77125, 0.0 ], [ 129.425833333333003, 35.77375, 0.0 ], [ 129.428611111110996, 35.771527777777806, 0.0 ], [ 129.436111111110989, 35.772083333333299, 0.0 ], [ 129.436944444444009, 35.769861111111098, 0.0 ], [ 129.441388888889009, 35.770416666666705, 0.0 ], [ 129.4475, 35.76875, 0.0 ], [ 129.448472222221994, 35.770555555555603, 0.0 ], [ 129.445138888889005, 35.774166666666702, 0.0 ], [ 129.44486111111101, 35.7775, 0.0 ], [ 129.448888888889002, 35.77986111111111, 0.0 ], [ 129.453333333333006, 35.780138888888899, 0.0 ], [ 129.455138888888996, 35.7825, 0.0 ] ] ] } },
{ "type": "Feature", "properties": { "Name": "240304#07", "desc": "대종천 n to 000000#07", "area": 6.08, "perim": 15.4 }, "geometry": { "type": "Polygon", "coordinates": [ [ [ 129.466805555555993, 35.759722222222194, 0.0 ], [ 129.471944444444006, 35.759027777777803, 0.0 ], [ 129.47625, 35.752222222222201, 0.0 ], [ 129.479861111111035, 35.751111111111108, 0.0 ], [ 129.482638888888999, 35.745277777777794, 0.0 ], [ 129.482777777778011, 35.7390277777778, 0.0 ], [ 129.475833333332986, 35.7384722222222, 0.0 ], [ 129.46666666666701, 35.743194444444391, 0.0 ], [ 129.460138888888991, 35.74, 0.0 ], [ 129.458888888888993, 35.734583333333298, 0.0 ], [ 129.443194444444003, 35.736666666666693, 0.0 ], [ 129.44402777777799, 35.740277777777798, 0.0 ], [ 129.44013888888901, 35.750277777777804, 0.0 ], [ 129.441388888889009, 35.755138888888894, 0.0 ], [ 129.446944444444, 35.756805555555609, 0.0 ], [ 129.456944444443991, 35.749305555555594, 0.0 ], [ 129.462777777778001, 35.747361111111104, 0.0 ], [ 129.466805555555993, 35.751388888888897, 0.0 ], [ 129.467083333332994, 35.753055555555591, 0.0 ], [ 129.46375, 35.755, 0.0 ], [ 129.466805555555993, 35.759722222222194, 0.0 ] ] ] } }
]
}
