{
  "type": "FeatureCollection",
  "name": "20_낙동강_유역출구",
  "crs": {
    "type": "name",
    "properties": {
      "name": "urn:ogc:def:crs:EPSG::5186"
    }
  },
  "features": [
    {
      "type": "Feature",
      "properties": {
        "Name": "태백시(문화교)",
        "desc": "200101#01"
      },
      "geometry": {
        "type": "Point",
        "coordinates": [
          379340.26031524275,
          501583.85332594544,
          0.0
        ]
      }
    },
    {
      "type": "Feature",
      "properties": {
        "Name": "태백시(루사교)",
        "desc": "200101#02"
      },
      "geometry": {
        "type": "Point",
        "coordinates": [
          381744.65067329776,
          501234.26042350975,
          0.0
        ]
      }
    },
    {
      "type": "Feature",
      "properties": {
        "Name": "황지천",
        "desc": "200101#03"
      },
      "geometry": {
        "type": "Point",
        "coordinates": [
          381621.8149392615,
          501200.7698454235,
          0.0
        ]
      }
    },
    {
      "type": "Feature",
      "properties": {
        "Name": "봉화군(대현교)",
        "desc": "200102#01"
      },
      "geometry": {
        "type": "Point",
        "coordinates": [
          381762.9101688345,
          498088.2379474392,
          0.0
        ]
      }
    },
    {
      "type": "Feature",
      "properties": {
        "Name": "낙동강상류",
        "desc": "200102#02"
      },
      "geometry": {
        "type": "Point",
        "coordinates": [
          385290.12832088594,
          486010.88319946075,
          0.0
        ]
      }
    },
    {
      "type": "Feature",
      "properties": {
        "Name": "봉화군(광회교)",
        "desc": "200103#01"
      },
      "geometry": {
        "type": "Point",
        "coordinates": [
          388012.40945679694,
          483818.876689978,
          0.0
        ]
      }
    },
    {
      "type": "Feature",
      "properties": {
        "Name": "회룡천",
        "desc": "200103#02"
      },
      "geometry": {
        "type": "Point",
        "coordinates": [
          385363.01521362056,
          486074.1697449269,
          0.0
        ]
      }
    },
    {
      "type": "Feature",
      "properties": {
        "Name": "봉화군(분천교)",
        "desc": "200103#03"
      },
      "geometry": {
        "type": "Point",
        "coordinates": [
          383244.7300795242,
          483282.7962238355,
          0.0
        ]
      }
    },
    {
      "type": "Feature",
      "properties": {
        "Name": "봉화군(현동교)",
        "desc": "200103#04"
      },
      "geometry": {
        "type": "Point",
        "coordinates": [
          379206.2003613764,
          483381.6923481537,
          0.0
        ]
      }
    },
    {
      "type": "Feature",
      "properties": {
        "Name": "현동천",
        "desc": "200104#01"
      },
      "geometry": {
        "type": "Point",
        "coordinates": [
          379232.9041852321,
          483289.7184152226,
          0.0
        ]
      }
    },
    {
      "type": "Feature",
      "properties": {
        "Name": "봉화군(임기리)",
        "desc": "200105#01"
      },
      "geometry": {
        "type": "Point",
        "coordinates": [
          378428.3708794904,
          477967.34717914055,
          0.0
        ]
      }
    },
    {
      "type": "Feature",
      "properties": {
        "Name": "재산천합류전",
        "desc": "200105#02"
      },
      "geometry": {
        "type": "Point",
        "coordinates": [
          374009.9773495327,
          475932.6269284923,
          0.0
        ]
      }
    },
    {
      "type": "Feature",
      "properties": {
        "Name": "동면저수지",
        "desc": "200106#01"
      },
      "geometry": {
        "type": "Point",
        "coordinates": [
          380918.2473945952,
          469228.91225158353,
          0.0
        ]
      }
    },
    {
      "type": "Feature",
      "properties": {
        "Name": "재산천",
        "desc": "200106#02"
      },
      "geometry": {
        "type": "Point",
        "coordinates": [
          374012.49823001644,
          475809.30101673165,
          0.0
        ]
      }
    },
    {
      "type": "Feature",
      "properties": {
        "Name": "운곡천합류전",
        "desc": "200106#03"
      },
      "geometry": {
        "type": "Point",
        "coordinates": [
          369837.53385081183,
          475138.960564826,
          0.0
        ]
      }
    },
    {
      "type": "Feature",
      "properties": {
        "Name": "봉화군(도천교)",
        "desc": "200107#01"
      },
      "geometry": {
        "type": "Point",
        "coordinates": [
          369640.5648962107,
          475073.34723440796,
          0.0
        ]
      }
    },
    {
      "type": "Feature",
      "properties": {
        "Name": "봉화군(풍호리)",
        "desc": "200108#01"
      },
      "geometry": {
        "type": "Point",
        "coordinates": [
          368530.2031524052,
          473570.82621865976,
          0.0
        ]
      }
    },
    {
      "type": "Feature",
      "properties": {
        "Name": "봉화군(양삼교)",
        "desc": "200108#02"
      },
      "geometry": {
        "type": "Point",
        "coordinates": [
          368329.86640368757,
          466133.7246406969,
          0.0
        ]
      }
    },
    {
      "type": "Feature",
      "properties": {
        "Name": "도산수위표",
        "desc": "200108#03"
      },
      "geometry": {
        "type": "Point",
        "coordinates": [
          369208.50778917025,
          464362.2033531262,
          0.0
        ]
      }
    },
    {
      "type": "Feature",
      "properties": {
        "Name": "안동댐상류",
        "desc": "200109#01"
      },
      "geometry": {
        "type": "Point",
        "coordinates": [
          366442.22153335204,
          459866.60434936406,
          0.0
        ]
      }
    },
    {
      "type": "Feature",
      "properties": {
        "Name": "동계천",
        "desc": "200110#01"
      },
      "geometry": {
        "type": "Point",
        "coordinates": [
          368522.3357039611,
          455095.9134636425,
          0.0
        ]
      }
    },
    {
      "type": "Feature",
      "properties": {
        "Name": "동계천합류전",
        "desc": "200111#01"
      },
      "geometry": {
        "type": "Point",
        "coordinates": [
          365913.4683604997,
          456402.0504601087,
          0.0
        ]
      }
    },
    {
      "type": "Feature",
      "properties": {
        "Name": "동계천",
        "desc": "200111#02"
      },
      "geometry": {
        "type": "Point",
        "coordinates": [
          366315.51556942554,
          456163.1114155952,
          0.0
        ]
      }
    },
    {
      "type": "Feature",
      "properties": {
        "Name": "안동댐",
        "desc": "200111#03"
      },
      "geometry": {
        "type": "Point",
        "coordinates": [
          358738.44832382957,
          444145.9549695124,
          0.0
        ]
      }
    },
    {
      "type": "Feature",
      "properties": {
        "Name": "안동조정지",
        "desc": "200112#01"
      },
      "geometry": {
        "type": "Point",
        "coordinates": [
          356265.8701500427,
          441972.77098482044,
          0.0
        ]
      }
    },
    {
      "type": "Feature",
      "properties": {
        "Name": "반변천상류",
        "desc": "200201#01"
      },
      "geometry": {
        "type": "Point",
        "coordinates": [
          392218.41574609966,
          460900.3575098895,
          0.0
        ]
      }
    },
    {
      "type": "Feature",
      "properties": {
        "Name": "장파천",
        "desc": "200202#01"
      },
      "geometry": {
        "type": "Point",
        "coordinates": [
          392393.5322307613,
          460842.5987103327,
          0.0
        ]
      }
    },
    {
      "type": "Feature",
      "properties": {
        "Name": "영양군(양평교)",
        "desc": "200203#01"
      },
      "geometry": {
        "type": "Point",
        "coordinates": [
          388354.59254451713,
          452547.5744907261,
          0.0
        ]
      }
    },
    {
      "type": "Feature",
      "properties": {
        "Name": "동천합류전",
        "desc": "200203#02"
      },
      "geometry": {
        "type": "Point",
        "coordinates": [
          386028.2417100493,
          447499.82827445236,
          0.0
        ]
      }
    },
    {
      "type": "Feature",
      "properties": {
        "Name": "영양군(임천교)",
        "desc": "200204#01"
      },
      "geometry": {
        "type": "Point",
        "coordinates": [
          384943.47837219806,
          448216.6977294695,
          0.0
        ]
      }
    },
    {
      "type": "Feature",
      "properties": {
        "Name": "동천",
        "desc": "200204#02"
      },
      "geometry": {
        "type": "Point",
        "coordinates": [
          385928.81511889317,
          447497.67631136323,
          0.0
        ]
      }
    },
    {
      "type": "Feature",
      "properties": {
        "Name": "영양군(청암교)",
        "desc": "200205#01"
      },
      "geometry": {
        "type": "Point",
        "coordinates": [
          386575.6638362383,
          446339.5666781283,
          0.0
        ]
      }
    },
    {
      "type": "Feature",
      "properties": {
        "Name": "영양군(흥구교)",
        "desc": "200205#02"
      },
      "geometry": {
        "type": "Point",
        "coordinates": [
          386339.1069093092,
          441183.2663150348,
          0.0
        ]
      }
    },
    {
      "type": "Feature",
      "properties": {
        "Name": "화매천",
        "desc": "200206#01"
      },
      "geometry": {
        "type": "Point",
        "coordinates": [
          386538.10655948805,
          441187.5751261469,
          0.0
        ]
      }
    },
    {
      "type": "Feature",
      "properties": {
        "Name": "영양군(흥구리)",
        "desc": "200207#01"
      },
      "geometry": {
        "type": "Point",
        "coordinates": [
          384984.2316148514,
          440537.15481036884,
          0.0
        ]
      }
    },
    {
      "type": "Feature",
      "properties": {
        "Name": "서시천합류전",
        "desc": "200207#02"
      },
      "geometry": {
        "type": "Point",
        "coordinates": [
          383362.7186013037,
          439546.29997791507,
          0.0
        ]
      }
    },
    {
      "type": "Feature",
      "properties": {
        "Name": "갈평저수지",
        "desc": "200207#03"
      },
      "geometry": {
        "type": "Point",
        "coordinates": [
          391133.61916097,
          432589.7784151092,
          0.0
        ]
      }
    },
    {
      "type": "Feature",
      "properties": {
        "Name": "고현저수지",
        "desc": "200207#04"
      },
      "geometry": {
        "type": "Point",
        "coordinates": [
          388332.60158915893,
          438789.838167495,
          0.0
        ]
      }
    },
    {
      "type": "Feature",
      "properties": {
        "Name": "서시천",
        "desc": "200207#05"
      },
      "geometry": {
        "type": "Point",
        "coordinates": [
          383760.7882618434,
          439554.78164640185,
          0.0
        ]
      }
    },
    {
      "type": "Feature",
      "properties": {
        "Name": "청송군(광덕교)",
        "desc": "200207#06"
      },
      "geometry": {
        "type": "Point",
        "coordinates": [
          382992.8028121685,
          439384.2127792998,
          0.0
        ]
      }
    },
    {
      "type": "Feature",
      "properties": {
        "Name": "임하댐상류",
        "desc": "200207#07"
      },
      "geometry": {
        "type": "Point",
        "coordinates": [
          378757.0146042336,
          435995.0443542572,
          0.0
        ]
      }
    },
    {
      "type": "Feature",
      "properties": {
        "Name": "구천저수지",
        "desc": "200208#01"
      },
      "geometry": {
        "type": "Point",
        "coordinates": [
          393466.19958631956,
          412900.3979412616,
          0.0
        ]
      }
    },
    {
      "type": "Feature",
      "properties": {
        "Name": "용전천상류",
        "desc": "200208#02"
      },
      "geometry": {
        "type": "Point",
        "coordinates": [
          387258.2369756643,
          420567.99246712227,
          0.0
        ]
      }
    },
    {
      "type": "Feature",
      "properties": {
        "Name": "괘천합류후",
        "desc": "200209#01"
      },
      "geometry": {
        "type": "Point",
        "coordinates": [
          384382.7540167661,
          427908.89279137924,
          0.0
        ]
      }
    },
    {
      "type": "Feature",
      "properties": {
        "Name": "청송군(덕천교)",
        "desc": "200210#01"
      },
      "geometry": {
        "type": "Point",
        "coordinates": [
          382064.791486228,
          429093.52822847595,
          0.0
        ]
      }
    },
    {
      "type": "Feature",
      "properties": {
        "Name": "청송군(송강2교)",
        "desc": "200210#02"
      },
      "geometry": {
        "type": "Point",
        "coordinates": [
          381268.9644814186,
          433765.031706907,
          0.0
        ]
      }
    },
    {
      "type": "Feature",
      "properties": {
        "Name": "용전천하류",
        "desc": "200210#03"
      },
      "geometry": {
        "type": "Point",
        "coordinates": [
          378403.44290508353,
          435031.5841973628,
          0.0
        ]
      }
    },
    {
      "type": "Feature",
      "properties": {
        "Name": "임하댐",
        "desc": "200211#01"
      },
      "geometry": {
        "type": "Point",
        "coordinates": [
          368582.19261336594,
          439367.7664475703,
          0.0
        ]
      }
    },
    {
      "type": "Feature",
      "properties": {
        "Name": "성덕댐",
        "desc": "200212#01"
      },
      "geometry": {
        "type": "Point",
        "coordinates": [
          376541.3888704479,
          406587.73017417325,
          0.0
        ]
      }
    },
    {
      "type": "Feature",
      "properties": {
        "Name": "청송군(명당리)",
        "desc": "200213#01"
      },
      "geometry": {
        "type": "Point",
        "coordinates": [
          375793.0259917805,
          411476.36255927593,
          0.0
        ]
      }
    },
    {
      "type": "Feature",
      "properties": {
        "Name": "눌인천합류전",
        "desc": "200213#02"
      },
      "geometry": {
        "type": "Point",
        "coordinates": [
          378569.96793725283,
          414863.89902268903,
          0.0
        ]
      }
    },
    {
      "type": "Feature",
      "properties": {
        "Name": "포항시(상사4교)",
        "desc": "200213#03"
      },
      "geometry": {
        "type": "Point",
        "coordinates": [
          387699.0528910863,
          408239.880050987,
          0.0
        ]
      }
    },
    {
      "type": "Feature",
      "properties": {
        "Name": "눌인천",
        "desc": "200213#04"
      },
      "geometry": {
        "type": "Point",
        "coordinates": [
          378694.08326640946,
          414897.2939903021,
          0.0
        ]
      }
    },
    {
      "type": "Feature",
      "properties": {
        "Name": "길안천상류",
        "desc": "200213#05"
      },
      "geometry": {
        "type": "Point",
        "coordinates": [
          378665.32803882903,
          415081.75571990997,
          0.0
        ]
      }
    },
    {
      "type": "Feature",
      "properties": {
        "Name": "안동시(대사3교)",
        "desc": "200214#01"
      },
      "geometry": {
        "type": "Point",
        "coordinates": [
          375810.9370937132,
          420451.65386144666,
          0.0
        ]
      }
    },
    {
      "type": "Feature",
      "properties": {
        "Name": "안동시(묵계교)",
        "desc": "200214#02"
      },
      "geometry": {
        "type": "Point",
        "coordinates": [
          371428.7573857263,
          427611.57340077317,
          0.0
        ]
      }
    },
    {
      "type": "Feature",
      "properties": {
        "Name": "안동시(신덕교)",
        "desc": "200215#01"
      },
      "geometry": {
        "type": "Point",
        "coordinates": [
          364666.02409124526,
          437225.7059519518,
          0.0
        ]
      }
    },
    {
      "type": "Feature",
      "properties": {
        "Name": "길안천하류",
        "desc": "200215#02"
      },
      "geometry": {
        "type": "Point",
        "coordinates": [
          364368.193943964,
          438484.4837402187,
          0.0
        ]
      }
    },
    {
      "type": "Feature",
      "properties": {
        "Name": "임하조정지",
        "desc": "200216#01"
      },
      "geometry": {
        "type": "Point",
        "coordinates": [
          365301.82055273873,
          439119.156750198,
          0.0
        ]
      }
    },
    {
      "type": "Feature",
      "properties": {
        "Name": "안동시(포진교)",
        "desc": "200216#02"
      },
      "geometry": {
        "type": "Point",
        "coordinates": [
          360898.31747031724,
          439035.7982149003,
          0.0
        ]
      }
    },
    {
      "type": "Feature",
      "properties": {
        "Name": "반변천하류",
        "desc": "200216#03"
      },
      "geometry": {
        "type": "Point",
        "coordinates": [
          355657.51047586184,
          441221.61026979296,
          0.0
        ]
      }
    },
    {
      "type": "Feature",
      "properties": {
        "Name": "송야천",
        "desc": "200301#01"
      },
      "geometry": {
        "type": "Point",
        "coordinates": [
          349695.52976609126,
          442133.5415113065,
          0.0
        ]
      }
    },
    {
      "type": "Feature",
      "properties": {
        "Name": "금봉저수지(의성)",
        "desc": "200302#01"
      },
      "geometry": {
        "type": "Point",
        "coordinates": [
          366616.3291071389,
          417371.1057123712,
          0.0
        ]
      }
    },
    {
      "type": "Feature",
      "properties": {
        "Name": "미천상류",
        "desc": "200302#02"
      },
      "geometry": {
        "type": "Point",
        "coordinates": [
          349460.65996296436,
          426957.3510903299,
          0.0
        ]
      }
    },
    {
      "type": "Feature",
      "properties": {
        "Name": "안동시(운산리)",
        "desc": "200303#01"
      },
      "geometry": {
        "type": "Point",
        "coordinates": [
          348791.5791662629,
          432527.36094443453,
          0.0
        ]
      }
    },
    {
      "type": "Feature",
      "properties": {
        "Name": "안동시(검암교)",
        "desc": "200303#02"
      },
      "geometry": {
        "type": "Point",
        "coordinates": [
          348172.31513802084,
          439578.49209698895,
          0.0
        ]
      }
    },
    {
      "type": "Feature",
      "properties": {
        "Name": "안동시(안동대교)",
        "desc": "200304#01"
      },
      "geometry": {
        "type": "Point",
        "coordinates": [
          352187.47981072497,
          440481.1290932093,
          0.0
        ]
      }
    },
    {
      "type": "Feature",
      "properties": {
        "Name": "송야천합류전",
        "desc": "200304#02"
      },
      "geometry": {
        "type": "Point",
        "coordinates": [
          349895.01416745887,
          442106.17524371325,
          0.0
        ]
      }
    },
    {
      "type": "Feature",
      "properties": {
        "Name": "미천합류전",
        "desc": "200304#03"
      },
      "geometry": {
        "type": "Point",
        "coordinates": [
          348388.7607852666,
          440013.9456019308,
          0.0
        ]
      }
    },
    {
      "type": "Feature",
      "properties": {
        "Name": "안동댐역조정지하류",
        "desc": "200304#04"
      },
      "geometry": {
        "type": "Point",
        "coordinates": [
          338960.9199508,
          441429.3236784631,
          0.0
        ]
      }
    },
    {
      "type": "Feature",
      "properties": {
        "Name": "만운저수지",
        "desc": "200305#01"
      },
      "geometry": {
        "type": "Point",
        "coordinates": [
          341184.65393273334,
          445381.7609789246,
          0.0
        ]
      }
    },
    {
      "type": "Feature",
      "properties": {
        "Name": "신역천",
        "desc": "200305#02"
      },
      "geometry": {
        "type": "Point",
        "coordinates": [
          338808.7202671813,
          441611.8852710976,
          0.0
        ]
      }
    },
    {
      "type": "Feature",
      "properties": {
        "Name": "예천군(구담교)",
        "desc": "200306#01"
      },
      "geometry": {
        "type": "Point",
        "coordinates": [
          330989.5499978598,
          438899.2240635681,
          0.0
        ]
      }
    },
    {
      "type": "Feature",
      "properties": {
        "Name": "광산천합류전",
        "desc": "200306#02"
      },
      "geometry": {
        "type": "Point",
        "coordinates": [
          328524.9228169475,
          437320.38615335483,
          0.0
        ]
      }
    },
    {
      "type": "Feature",
      "properties": {
        "Name": "광산천",
        "desc": "200307#01"
      },
      "geometry": {
        "type": "Point",
        "coordinates": [
          328800.9117332029,
          437170.33352431416,
          0.0
        ]
      }
    },
    {
      "type": "Feature",
      "properties": {
        "Name": "의성군(풍지교)",
        "desc": "200308#01"
      },
      "geometry": {
        "type": "Point",
        "coordinates": [
          322174.2982431939,
          437659.708133364,
          0.0
        ]
      }
    },
    {
      "type": "Feature",
      "properties": {
        "Name": "내성천합류전",
        "desc": "200308#02"
      },
      "geometry": {
        "type": "Point",
        "coordinates": [
          316199.4456331142,
          441554.50607353775,
          0.0
        ]
      }
    },
    {
      "type": "Feature",
      "properties": {
        "Name": "낙화암천",
        "desc": "200401#01"
      },
      "geometry": {
        "type": "Point",
        "coordinates": [
          350265.0690262607,
          476220.5468281218,
          0.0
        ]
      }
    },
    {
      "type": "Feature",
      "properties": {
        "Name": "가계천합류전",
        "desc": "200402#01"
      },
      "geometry": {
        "type": "Point",
        "coordinates": [
          354694.55842435313,
          479260.60883229284,
          0.0
        ]
      }
    },
    {
      "type": "Feature",
      "properties": {
        "Name": "금봉저수지(봉화)",
        "desc": "200402#02"
      },
      "geometry": {
        "type": "Point",
        "coordinates": [
          359329.24063854537,
          483078.04144855024,
          0.0
        ]
      }
    },
    {
      "type": "Feature",
      "properties": {
        "Name": "창평천합류전",
        "desc": "200402#03"
      },
      "geometry": {
        "type": "Point",
        "coordinates": [
          359148.6418211226,
          480823.2076271509,
          0.0
        ]
      }
    },
    {
      "type": "Feature",
      "properties": {
        "Name": "창평저수지",
        "desc": "200402#04"
      },
      "geometry": {
        "type": "Point",
        "coordinates": [
          361682.784957025,
          481703.7791753441,
          0.0
        ]
      }
    },
    {
      "type": "Feature",
      "properties": {
        "Name": "창평천",
        "desc": "200402#05"
      },
      "geometry": {
        "type": "Point",
        "coordinates": [
          359149.79649007344,
          480761.5458719112,
          0.0
        ]
      }
    },
    {
      "type": "Feature",
      "properties": {
        "Name": "가계천",
        "desc": "200402#06"
      },
      "geometry": {
        "type": "Point",
        "coordinates": [
          354744.08079526067,
          479261.5099271836,
          0.0
        ]
      }
    },
    {
      "type": "Feature",
      "properties": {
        "Name": "봉화군(봉화대교)",
        "desc": "200402#07"
      },
      "geometry": {
        "type": "Point",
        "coordinates": [
          354396.1684199313,
          477959.8761464643,
          0.0
        ]
      }
    },
    {
      "type": "Feature",
      "properties": {
        "Name": "낙화암천합류전",
        "desc": "200402#08"
      },
      "geometry": {
        "type": "Point",
        "coordinates": [
          350437.9114974879,
          476254.4399012428,
          0.0
        ]
      }
    },
    {
      "type": "Feature",
      "properties": {
        "Name": "영주시(신암교)",
        "desc": "200402#09"
      },
      "geometry": {
        "type": "Point",
        "coordinates": [
          350526.68887962174,
          474035.5417284706,
          0.0
        ]
      }
    },
    {
      "type": "Feature",
      "properties": {
        "Name": "내성천상류",
        "desc": "200402#10"
      },
      "geometry": {
        "type": "Point",
        "coordinates": [
          352193.1504366909,
          466756.101436235,
          0.0
        ]
      }
    },
    {
      "type": "Feature",
      "properties": {
        "Name": "토일천",
        "desc": "200403#01"
      },
      "geometry": {
        "type": "Point",
        "coordinates": [
          352294.5393959526,
          466634.5504706808,
          0.0
        ]
      }
    },
    {
      "type": "Feature",
      "properties": {
        "Name": "영주댐",
        "desc": "200404#01"
      },
      "geometry": {
        "type": "Point",
        "coordinates": [
          347951.51730444585,
          459588.62663567835,
          0.0
        ]
      }
    },
    {
      "type": "Feature",
      "properties": {
        "Name": "삼가저수지",
        "desc": "200405#01"
      },
      "geometry": {
        "type": "Point",
        "coordinates": [
          336317.08762023493,
          479254.51612685353,
          0.0
        ]
      }
    },
    {
      "type": "Feature",
      "properties": {
        "Name": "서천상류",
        "desc": "200405#02"
      },
      "geometry": {
        "type": "Point",
        "coordinates": [
          343292.24793991714,
          472430.517186166,
          0.0
        ]
      }
    },
    {
      "type": "Feature",
      "properties": {
        "Name": "단산저수지",
        "desc": "200406#01"
      },
      "geometry": {
        "type": "Point",
        "coordinates": [
          342948.7599299729,
          486949.79731836595,
          0.0
        ]
      }
    },
    {
      "type": "Feature",
      "properties": {
        "Name": "죽계천",
        "desc": "200406#02"
      },
      "geometry": {
        "type": "Point",
        "coordinates": [
          343414.5915489431,
          472525.0906310095,
          0.0
        ]
      }
    },
    {
      "type": "Feature",
      "properties": {
        "Name": "영주시(월호교)",
        "desc": "200407#01"
      },
      "geometry": {
        "type": "Point",
        "coordinates": [
          344750.3716324788,
          463912.9013143433,
          0.0
        ]
      }
    },
    {
      "type": "Feature",
      "properties": {
        "Name": "서천하류",
        "desc": "200407#02"
      },
      "geometry": {
        "type": "Point",
        "coordinates": [
          345495.26570610056,
          460965.07237003185,
          0.0
        ]
      }
    },
    {
      "type": "Feature",
      "properties": {
        "Name": "영주시(미림교)",
        "desc": "200408#01"
      },
      "geometry": {
        "type": "Point",
        "coordinates": [
          346992.0977983929,
          459078.6788485935,
          0.0
        ]
      }
    },
    {
      "type": "Feature",
      "properties": {
        "Name": "영주시(석탑교)",
        "desc": "200408#03"
      },
      "geometry": {
        "type": "Point",
        "coordinates": [
          342977.0755909098,
          458671.45428016206,
          0.0
        ]
      }
    },
    {
      "type": "Feature",
      "properties": {
        "Name": "내성천중류",
        "desc": "200408#04"
      },
      "geometry": {
        "type": "Point",
        "coordinates": [
          338811.499426313,
          456814.34927075764,
          0.0
        ]
      }
    },
    {
      "type": "Feature",
      "properties": {
        "Name": "옥계천",
        "desc": "200409#01"
      },
      "geometry": {
        "type": "Point",
        "coordinates": [
          338932.1238633809,
          457032.163611348,
          0.0
        ]
      }
    },
    {
      "type": "Feature",
      "properties": {
        "Name": "예천군(미호교)",
        "desc": "200410#01"
      },
      "geometry": {
        "type": "Point",
        "coordinates": [
          335736.76974065014,
          453403.9107860565,
          0.0
        ]
      }
    },
    {
      "type": "Feature",
      "properties": {
        "Name": "예천군(고평교)",
        "desc": "200410#02"
      },
      "geometry": {
        "type": "Point",
        "coordinates": [
          333139.73401137453,
          447874.43731992436,
          0.0
        ]
      }
    },
    {
      "type": "Feature",
      "properties": {
        "Name": "한천상류",
        "desc": "200411#01"
      },
      "geometry": {
        "type": "Point",
        "coordinates": [
          330429.6650795366,
          454462.4572573749,
          0.0
        ]
      }
    },
    {
      "type": "Feature",
      "properties": {
        "Name": "운암저수지",
        "desc": "200412#01"
      },
      "geometry": {
        "type": "Point",
        "coordinates": [
          321968.07520974363,
          457421.31394764443,
          0.0
        ]
      }
    },
    {
      "type": "Feature",
      "properties": {
        "Name": "금곡천",
        "desc": "200412#02"
      },
      "geometry": {
        "type": "Point",
        "coordinates": [
          330362.2036368938,
          453998.89907911303,
          0.0
        ]
      }
    },
    {
      "type": "Feature",
      "properties": {
        "Name": "예천군(신예천교)",
        "desc": "200412#03"
      },
      "geometry": {
        "type": "Point",
        "coordinates": [
          329510.12350978446,
          451210.81206540036,
          0.0
        ]
      }
    },
    {
      "type": "Feature",
      "properties": {
        "Name": "한천하류",
        "desc": "200413#01"
      },
      "geometry": {
        "type": "Point",
        "coordinates": [
          326953.11949757417,
          446023.2108375643,
          0.0
        ]
      }
    },
    {
      "type": "Feature",
      "properties": {
        "Name": "경천댐",
        "desc": "200414#01"
      },
      "geometry": {
        "type": "Point",
        "coordinates": [
          317247.3639222599,
          455875.36260514427,
          0.0
        ]
      }
    },
    {
      "type": "Feature",
      "properties": {
        "Name": "대하리천",
        "desc": "200415#01"
      },
      "geometry": {
        "type": "Point",
        "coordinates": [
          313360.73508735915,
          453109.74874596624,
          0.0
        ]
      }
    },
    {
      "type": "Feature",
      "properties": {
        "Name": "대하리천합류전",
        "desc": "200416#01"
      },
      "geometry": {
        "type": "Point",
        "coordinates": [
          313412.0333666275,
          452987.0950972272,
          0.0
        ]
      }
    },
    {
      "type": "Feature",
      "properties": {
        "Name": "예천군(산양교)",
        "desc": "200416#02"
      },
      "geometry": {
        "type": "Point",
        "coordinates": [
          312800.4950521449,
          446596.65167995694,
          0.0
        ]
      }
    },
    {
      "type": "Feature",
      "properties": {
        "Name": "금천",
        "desc": "200416#03"
      },
      "geometry": {
        "type": "Point",
        "coordinates": [
          315637.4513732736,
          442656.9170624033,
          0.0
        ]
      }
    },
    {
      "type": "Feature",
      "properties": {
        "Name": "한천합류전",
        "desc": "200417#01"
      },
      "geometry": {
        "type": "Point",
        "coordinates": [
          327103.6186277129,
          445932.93126068555,
          0.0
        ]
      }
    },
    {
      "type": "Feature",
      "properties": {
        "Name": "예천군(신음리)",
        "desc": "200417#02"
      },
      "geometry": {
        "type": "Point",
        "coordinates": [
          320797.52615261904,
          443560.31361387833,
          0.0
        ]
      }
    },
    {
      "type": "Feature",
      "properties": {
        "Name": "예천군(회룡교)",
        "desc": "200417#03"
      },
      "geometry": {
        "type": "Point",
        "coordinates": [
          318081.6573581202,
          443954.2698091344,
          0.0
        ]
      }
    },
    {
      "type": "Feature",
      "properties": {
        "Name": "금천합류전",
        "desc": "200417#04"
      },
      "geometry": {
        "type": "Point",
        "coordinates": [
          316031.9522718843,
          442908.8903273606,
          0.0
        ]
      }
    },
    {
      "type": "Feature",
      "properties": {
        "Name": "내성천하류",
        "desc": "200417#05"
      },
      "geometry": {
        "type": "Point",
        "coordinates": [
          315973.5625393407,
          441705.6237072869,
          0.0
        ]
      }
    },
    {
      "type": "Feature",
      "properties": {
        "Name": "영강상류",
        "desc": "200501#01"
      },
      "geometry": {
        "type": "Point",
        "coordinates": [
          295366.56357989734,
          449746.03185104957,
          0.0
        ]
      }
    },
    {
      "type": "Feature",
      "properties": {
        "Name": "문경시(갈마교)",
        "desc": "200502#01"
      },
      "geometry": {
        "type": "Point",
        "coordinates": [
          297183.1971193149,
          449488.9278014675,
          0.0
        ]
      }
    },
    {
      "type": "Feature",
      "properties": {
        "Name": "영강중류",
        "desc": "200502#02"
      },
      "geometry": {
        "type": "Point",
        "coordinates": [
          300282.82020302425,
          452145.2286697003,
          0.0
        ]
      }
    },
    {
      "type": "Feature",
      "properties": {
        "Name": "조령천",
        "desc": "200503#01"
      },
      "geometry": {
        "type": "Point",
        "coordinates": [
          300356.60595988156,
          452207.7542088593,
          0.0
        ]
      }
    },
    {
      "type": "Feature",
      "properties": {
        "Name": "문경시(불정동)",
        "desc": "200504#01"
      },
      "geometry": {
        "type": "Point",
        "coordinates": [
          302814.49686450046,
          450232.8120776727,
          0.0
        ]
      }
    },
    {
      "type": "Feature",
      "properties": {
        "Name": "점촌수위표",
        "desc": "200504#02"
      },
      "geometry": {
        "type": "Point",
        "coordinates": [
          308885.1237603372,
          445652.02144617715,
          0.0
        ]
      }
    },
    {
      "type": "Feature",
      "properties": {
        "Name": "상주시(상우교)",
        "desc": "200505#01"
      },
      "geometry": {
        "type": "Point",
        "coordinates": [
          295428.04685366334,
          430724.50328585075,
          0.0
        ]
      }
    },
    {
      "type": "Feature",
      "properties": {
        "Name": "이안천상류",
        "desc": "200505#02"
      },
      "geometry": {
        "type": "Point",
        "coordinates": [
          298752.6927470771,
          436126.3282083577,
          0.0
        ]
      }
    },
    {
      "type": "Feature",
      "properties": {
        "Name": "지평천합류전",
        "desc": "200506#01"
      },
      "geometry": {
        "type": "Point",
        "coordinates": [
          299786.2041536482,
          439282.9412327955,
          0.0
        ]
      }
    },
    {
      "type": "Feature",
      "properties": {
        "Name": "지평저수지",
        "desc": "200506#02"
      },
      "geometry": {
        "type": "Point",
        "coordinates": [
          299859.0358993941,
          439437.9383636746,
          0.0
        ]
      }
    },
    {
      "type": "Feature",
      "properties": {
        "Name": "상주시(이안교)",
        "desc": "200506#03"
      },
      "geometry": {
        "type": "Point",
        "coordinates": [
          303768.8406650646,
          439083.34801852365,
          0.0
        ]
      }
    },
    {
      "type": "Feature",
      "properties": {
        "Name": "이안천하류",
        "desc": "200506#04"
      },
      "geometry": {
        "type": "Point",
        "coordinates": [
          309385.3929092841,
          437580.41395788896,
          0.0
        ]
      }
    },
    {
      "type": "Feature",
      "properties": {
        "Name": "문경시(김용리)",
        "desc": "200507#01"
      },
      "geometry": {
        "type": "Point",
        "coordinates": [
          308830.8457324403,
          444048.0706962803,
          0.0
        ]
      }
    },
    {
      "type": "Feature",
      "properties": {
        "Name": "이안천합류전",
        "desc": "200507#02"
      },
      "geometry": {
        "type": "Point",
        "coordinates": [
          309580.8925169373,
          437860.3829185156,
          0.0
        ]
      }
    },
    {
      "type": "Feature",
      "properties": {
        "Name": "영강하류",
        "desc": "200507#03"
      },
      "geometry": {
        "type": "Point",
        "coordinates": [
          313220.72266847594,
          437321.6195908742,
          0.0
        ]
      }
    },
    {
      "type": "Feature",
      "properties": {
        "Name": "상주시(소천2교)",
        "desc": "200601#01"
      },
      "geometry": {
        "type": "Point",
        "coordinates": [
          302997.4088517008,
          420298.2940648928,
          0.0
        ]
      }
    },
    {
      "type": "Feature",
      "properties": {
        "Name": "상주시(화계교)",
        "desc": "200601#02"
      },
      "geometry": {
        "type": "Point",
        "coordinates": [
          306104.31392773805,
          425145.3387282566,
          0.0
        ]
      }
    },
    {
      "type": "Feature",
      "properties": {
        "Name": "병성천상류",
        "desc": "200601#03"
      },
      "geometry": {
        "type": "Point",
        "coordinates": [
          306894.7085551056,
          425710.0197659894,
          0.0
        ]
      }
    },
    {
      "type": "Feature",
      "properties": {
        "Name": "상주시(후천교)",
        "desc": "200602#01"
      },
      "geometry": {
        "type": "Point",
        "coordinates": [
          303899.29760672036,
          426166.8210714803,
          0.0
        ]
      }
    },
    {
      "type": "Feature",
      "properties": {
        "Name": "북천",
        "desc": "200602#02"
      },
      "geometry": {
        "type": "Point",
        "coordinates": [
          306792.7759511954,
          425893.7459896039,
          0.0
        ]
      }
    },
    {
      "type": "Feature",
      "properties": {
        "Name": "동천합류전",
        "desc": "200603#01"
      },
      "geometry": {
        "type": "Point",
        "coordinates": [
          307945.9397648946,
          427326.2819344024,
          0.0
        ]
      }
    },
    {
      "type": "Feature",
      "properties": {
        "Name": "오태저수지",
        "desc": "200603#02"
      },
      "geometry": {
        "type": "Point",
        "coordinates": [
          301248.92185459455,
          433349.6947318516,
          0.0
        ]
      }
    },
    {
      "type": "Feature",
      "properties": {
        "Name": "동천",
        "desc": "200603#03"
      },
      "geometry": {
        "type": "Point",
        "coordinates": [
          307869.2936430505,
          427479.4807094891,
          0.0
        ]
      }
    },
    {
      "type": "Feature",
      "properties": {
        "Name": "상주시(병성교)",
        "desc": "200603#04"
      },
      "geometry": {
        "type": "Point",
        "coordinates": [
          309493.35060379806,
          427099.0852542083,
          0.0
        ]
      }
    },
    {
      "type": "Feature",
      "properties": {
        "Name": "병성천하류",
        "desc": "200603#05"
      },
      "geometry": {
        "type": "Point",
        "coordinates": [
          310840.7872806208,
          426931.26026979595,
          0.0
        ]
      }
    },
    {
      "type": "Feature",
      "properties": {
        "Name": "문경시(이목리)",
        "desc": "200701#01"
      },
      "geometry": {
        "type": "Point",
        "coordinates": [
          316113.27965282626,
          440566.69491510733,
          0.0
        ]
      }
    },
    {
      "type": "Feature",
      "properties": {
        "Name": "문경시(말응리)",
        "desc": "200701#02"
      },
      "geometry": {
        "type": "Point",
        "coordinates": [
          313097.3321591995,
          439139.10088469693,
          0.0
        ]
      }
    },
    {
      "type": "Feature",
      "properties": {
        "Name": "영강합류전",
        "desc": "200701#03"
      },
      "geometry": {
        "type": "Point",
        "coordinates": [
          313469.5166587024,
          437324.8910301005,
          0.0
        ]
      }
    },
    {
      "type": "Feature",
      "properties": {
        "Name": "예천군(상풍교)",
        "desc": "200702#01"
      },
      "geometry": {
        "type": "Point",
        "coordinates": [
          313685.92534383107,
          434121.1958562707,
          0.0
        ]
      }
    },
    {
      "type": "Feature",
      "properties": {
        "Name": "상주보",
        "desc": "200702#02"
      },
      "geometry": {
        "type": "Point",
        "coordinates": [
          312063.33547851717,
          426792.8558433815,
          0.0
        ]
      }
    },
    {
      "type": "Feature",
      "properties": {
        "Name": "상주시(강창교)",
        "desc": "200703#01"
      },
      "geometry": {
        "type": "Point",
        "coordinates": [
          311646.3776040875,
          424351.7817864439,
          0.0
        ]
      }
    },
    {
      "type": "Feature",
      "properties": {
        "Name": "위천합류전",
        "desc": "200703#02"
      },
      "geometry": {
        "type": "Point",
        "coordinates": [
          318049.8645188778,
          422617.63863593154,
          0.0
        ]
      }
    },
    {
      "type": "Feature",
      "properties": {
        "Name": "군위군(동곡교)",
        "desc": "200801#01"
      },
      "geometry": {
        "type": "Point",
        "coordinates": [
          363946.33416726935,
          397490.8335796444,
          0.0
        ]
      }
    },
    {
      "type": "Feature",
      "properties": {
        "Name": "군위댐",
        "desc": "200801#02"
      },
      "geometry": {
        "type": "Point",
        "coordinates": [
          361707.59449188225,
          392792.58166164765,
          0.0
        ]
      }
    },
    {
      "type": "Feature",
      "properties": {
        "Name": "군위군(화수교)",
        "desc": "200802#01"
      },
      "geometry": {
        "type": "Point",
        "coordinates": [
          357892.51544682117,
          393462.9823362739,
          0.0
        ]
      }
    },
    {
      "type": "Feature",
      "properties": {
        "Name": "군위군(미성교)",
        "desc": "200802#02"
      },
      "geometry": {
        "type": "Point",
        "coordinates": [
          350458.1504737681,
          399529.9481577296,
          0.0
        ]
      }
    },
    {
      "type": "Feature",
      "properties": {
        "Name": "군위군(병수리)",
        "desc": "200803#01"
      },
      "geometry": {
        "type": "Point",
        "coordinates": [
          342444.12082618405,
          398902.13086766977,
          0.0
        ]
      }
    },
    {
      "type": "Feature",
      "properties": {
        "Name": "군위군(효령교)",
        "desc": "200804#01"
      },
      "geometry": {
        "type": "Point",
        "coordinates": [
          342534.8496583103,
          396406.0075152739,
          0.0
        ]
      }
    },
    {
      "type": "Feature",
      "properties": {
        "Name": "남천",
        "desc": "200804#02"
      },
      "geometry": {
        "type": "Point",
        "coordinates": [
          341995.766585988,
          398802.32306645566,
          0.0
        ]
      }
    },
    {
      "type": "Feature",
      "properties": {
        "Name": "군위군(무성리)",
        "desc": "200805#01"
      },
      "geometry": {
        "type": "Point",
        "coordinates": [
          340641.36352831684,
          400630.46397589246,
          0.0
        ]
      }
    },
    {
      "type": "Feature",
      "properties": {
        "Name": "의성군(동부교)",
        "desc": "200805#02"
      },
      "geometry": {
        "type": "Point",
        "coordinates": [
          334669.54989504267,
          415058.99266673607,
          0.0
        ]
      }
    },
    {
      "type": "Feature",
      "properties": {
        "Name": "쌍계천합류전",
        "desc": "200805#03"
      },
      "geometry": {
        "type": "Point",
        "coordinates": [
          337143.01803498535,
          414851.0280151016,
          0.0
        ]
      }
    },
    {
      "type": "Feature",
      "properties": {
        "Name": "사미천합류전",
        "desc": "200806#01"
      },
      "geometry": {
        "type": "Point",
        "coordinates": [
          355496.12683873053,
          404397.9920752632,
          0.0
        ]
      }
    },
    {
      "type": "Feature",
      "properties": {
        "Name": "가음저수지",
        "desc": "200806#02"
      },
      "geometry": {
        "type": "Point",
        "coordinates": [
          356583.5082205188,
          405065.0478633136,
          0.0
        ]
      }
    },
    {
      "type": "Feature",
      "properties": {
        "Name": "사미천",
        "desc": "200806#03"
      },
      "geometry": {
        "type": "Point",
        "coordinates": [
          355544.43129972136,
          404491.3657250294,
          0.0
        ]
      }
    },
    {
      "type": "Feature",
      "properties": {
        "Name": "의성군(덕은교)",
        "desc": "200806#04"
      },
      "geometry": {
        "type": "Point",
        "coordinates": [
          344511.68198628246,
          411393.57972371625,
          0.0
        ]
      }
    },
    {
      "type": "Feature",
      "properties": {
        "Name": "쌍계천상류",
        "desc": "200806#05"
      },
      "geometry": {
        "type": "Point",
        "coordinates": [
          343439.5981294209,
          412825.09388270765,
          0.0
        ]
      }
    },
    {
      "type": "Feature",
      "properties": {
        "Name": "의성군(구미교)",
        "desc": "200807#01"
      },
      "geometry": {
        "type": "Point",
        "coordinates": [
          343733.4168253717,
          413169.1399302654,
          0.0
        ]
      }
    },
    {
      "type": "Feature",
      "properties": {
        "Name": "쌍계천하류",
        "desc": "200808#01"
      },
      "geometry": {
        "type": "Point",
        "coordinates": [
          337268.23502632586,
          414822.1717537562,
          0.0
        ]
      }
    },
    {
      "type": "Feature",
      "properties": {
        "Name": "의성군(장송교)",
        "desc": "200809#01"
      },
      "geometry": {
        "type": "Point",
        "coordinates": [
          336558.59555582545,
          415520.1776909438,
          0.0
        ]
      }
    },
    {
      "type": "Feature",
      "properties": {
        "Name": "의성군(비안교)",
        "desc": "200809#02"
      },
      "geometry": {
        "type": "Point",
        "coordinates": [
          333629.2434329041,
          416183.78218737367,
          0.0
        ]
      }
    },
    {
      "type": "Feature",
      "properties": {
        "Name": "비산천합류전",
        "desc": "200809#03"
      },
      "geometry": {
        "type": "Point",
        "coordinates": [
          326552.0645929378,
          419068.5299779753,
          0.0
        ]
      }
    },
    {
      "type": "Feature",
      "properties": {
        "Name": "조성저수지",
        "desc": "200809#04"
      },
      "geometry": {
        "type": "Point",
        "coordinates": [
          328098.5501552629,
          415668.73764954665,
          0.0
        ]
      }
    },
    {
      "type": "Feature",
      "properties": {
        "Name": "비산천",
        "desc": "200809#05"
      },
      "geometry": {
        "type": "Point",
        "coordinates": [
          326878.44820285874,
          418919.13300471427,
          0.0
        ]
      }
    },
    {
      "type": "Feature",
      "properties": {
        "Name": "의성군(용곡리)",
        "desc": "200809#06"
      },
      "geometry": {
        "type": "Point",
        "coordinates": [
          325202.5703214739,
          419264.77249202144,
          0.0
        ]
      }
    },
    {
      "type": "Feature",
      "properties": {
        "Name": "위천",
        "desc": "200810#01"
      },
      "geometry": {
        "type": "Point",
        "coordinates": [
          318298.2436792146,
          422682.6916619613,
          0.0
        ]
      }
    },
    {
      "type": "Feature",
      "properties": {
        "Name": "낙단보",
        "desc": "200901#01"
      },
      "geometry": {
        "type": "Point",
        "coordinates": [
          317229.69727837585,
          418752.5086026322,
          0.0
        ]
      }
    },
    {
      "type": "Feature",
      "properties": {
        "Name": "의성군(낙단교)",
        "desc": "200902#01"
      },
      "geometry": {
        "type": "Point",
        "coordinates": [
          316784.2208449232,
          418499.84440436726,
          0.0
        ]
      }
    },
    {
      "type": "Feature",
      "properties": {
        "Name": "구미시(일선교)",
        "desc": "200902#02"
      },
      "geometry": {
        "type": "Point",
        "coordinates": [
          320629.43932675204,
          409179.5225513115,
          0.0
        ]
      }
    },
    {
      "type": "Feature",
      "properties": {
        "Name": "구미보",
        "desc": "200902#03"
      },
      "geometry": {
        "type": "Point",
        "coordinates": [
          320885.6129769334,
          405113.28357397456,
          0.0
        ]
      }
    },
    {
      "type": "Feature",
      "properties": {
        "Name": "김천시(수달교)",
        "desc": "201001#01"
      },
      "geometry": {
        "type": "Point",
        "coordinates": [
          287279.59639493516,
          376474.32974210783,
          0.0
        ]
      }
    },
    {
      "type": "Feature",
      "properties": {
        "Name": "김천부항댐",
        "desc": "201001#02"
      },
      "geometry": {
        "type": "Point",
        "coordinates": [
          290313.4609155824,
          376258.3513345972,
          0.0
        ]
      }
    },
    {
      "type": "Feature",
      "properties": {
        "Name": "부항천합류전",
        "desc": "201002#01"
      },
      "geometry": {
        "type": "Point",
        "coordinates": [
          292220.4052649812,
          376000.699875811,
          0.0
        ]
      }
    },
    {
      "type": "Feature",
      "properties": {
        "Name": "부항천",
        "desc": "201002#02"
      },
      "geometry": {
        "type": "Point",
        "coordinates": [
          292169.0053881365,
          376123.4680894746,
          0.0
        ]
      }
    },
    {
      "type": "Feature",
      "properties": {
        "Name": "감천상류",
        "desc": "201002#03"
      },
      "geometry": {
        "type": "Point",
        "coordinates": [
          292594.26704488066,
          376189.58852901834,
          0.0
        ]
      }
    },
    {
      "type": "Feature",
      "properties": {
        "Name": "김천시(교리교)",
        "desc": "201003#01"
      },
      "geometry": {
        "type": "Point",
        "coordinates": [
          293034.13987803296,
          377242.34419994376,
          0.0
        ]
      }
    },
    {
      "type": "Feature",
      "properties": {
        "Name": "김천시(지품교)",
        "desc": "201003#02"
      },
      "geometry": {
        "type": "Point",
        "coordinates": [
          293766.6120178327,
          381380.9534806346,
          0.0
        ]
      }
    },
    {
      "type": "Feature",
      "properties": {
        "Name": "감천중류",
        "desc": "201003#03"
      },
      "geometry": {
        "type": "Point",
        "coordinates": [
          298023.78887458256,
          383616.2177700442,
          0.0
        ]
      }
    },
    {
      "type": "Feature",
      "properties": {
        "Name": "직지사천",
        "desc": "201004#01"
      },
      "geometry": {
        "type": "Point",
        "coordinates": [
          301544.4748198933,
          393058.91655475413,
          0.0
        ]
      }
    },
    {
      "type": "Feature",
      "properties": {
        "Name": "아천",
        "desc": "201006#01"
      },
      "geometry": {
        "type": "Point",
        "coordinates": [
          305693.9912266503,
          395296.9477189841,
          0.0
        ]
      }
    },
    {
      "type": "Feature",
      "properties": {
        "Name": "율곡천",
        "desc": "201007#01"
      },
      "geometry": {
        "type": "Point",
        "coordinates": [
          306045.10846187186,
          395208.71321022394,
          0.0
        ]
      }
    },
    {
      "type": "Feature",
      "properties": {
        "Name": "대방천합류후",
        "desc": "201005#01"
      },
      "geometry": {
        "type": "Point",
        "coordinates": [
          300623.2883254865,
          383984.75519242807,
          0.0
        ]
      }
    },
    {
      "type": "Feature",
      "properties": {
        "Name": "김천시(김천교)",
        "desc": "201005#02"
      },
      "geometry": {
        "type": "Point",
        "coordinates": [
          301783.51320139325,
          391859.37944891513,
          0.0
        ]
      }
    },
    {
      "type": "Feature",
      "properties": {
        "Name": "직지사천합류전",
        "desc": "201005#03"
      },
      "geometry": {
        "type": "Point",
        "coordinates": [
          301926.7452079738,
          392446.7903708611,
          0.0
        ]
      }
    },
    {
      "type": "Feature",
      "properties": {
        "Name": "아천합류전",
        "desc": "201005#04"
      },
      "geometry": {
        "type": "Point",
        "coordinates": [
          305748.4657692525,
          394927.656160864,
          0.0
        ]
      }
    },
    {
      "type": "Feature",
      "properties": {
        "Name": "김천수위표",
        "desc": "201005#05"
      },
      "geometry": {
        "type": "Point",
        "coordinates": [
          306018.612858185,
          395331.7087731698,
          0.0
        ]
      }
    },
    {
      "type": "Feature",
      "properties": {
        "Name": "김천시(대동교)",
        "desc": "201008#01"
      },
      "geometry": {
        "type": "Point",
        "coordinates": [
          307350.0323117189,
          396858.60445461894,
          0.0
        ]
      }
    },
    {
      "type": "Feature",
      "properties": {
        "Name": "대천합류전",
        "desc": "201008#02"
      },
      "geometry": {
        "type": "Point",
        "coordinates": [
          315535.7309537198,
          403591.6390954399,
          0.0
        ]
      }
    },
    {
      "type": "Feature",
      "properties": {
        "Name": "옥성저수지",
        "desc": "201008#03"
      },
      "geometry": {
        "type": "Point",
        "coordinates": [
          312222.03056926234,
          408727.87828564993,
          0.0
        ]
      }
    },
    {
      "type": "Feature",
      "properties": {
        "Name": "대천",
        "desc": "201008#04"
      },
      "geometry": {
        "type": "Point",
        "coordinates": [
          315634.001400418,
          403716.2658164232,
          0.0
        ]
      }
    },
    {
      "type": "Feature",
      "properties": {
        "Name": "구미시(선주교)",
        "desc": "201008#05"
      },
      "geometry": {
        "type": "Point",
        "coordinates": [
          317677.0596831257,
          404113.5851880956,
          0.0
        ]
      }
    },
    {
      "type": "Feature",
      "properties": {
        "Name": "감천하류",
        "desc": "201008#06"
      },
      "geometry": {
        "type": "Point",
        "coordinates": [
          321278.2202644131,
          403823.80872279394,
          0.0
        ]
      }
    },
    {
      "type": "Feature",
      "properties": {
        "Name": "감천합류전",
        "desc": "201101#01"
      },
      "geometry": {
        "type": "Point",
        "coordinates": [
          321498.7096906234,
          404135.19675906433,
          0.0
        ]
      }
    },
    {
      "type": "Feature",
      "properties": {
        "Name": "한천합류전",
        "desc": "201101#02"
      },
      "geometry": {
        "type": "Point",
        "coordinates": [
          325009.9445923333,
          392684.54293253855,
          0.0
        ]
      }
    },
    {
      "type": "Feature",
      "properties": {
        "Name": "구미시(양포교)",
        "desc": "201102#01"
      },
      "geometry": {
        "type": "Point",
        "coordinates": [
          328616.2380725965,
          394093.44086721935,
          0.0
        ]
      }
    },
    {
      "type": "Feature",
      "properties": {
        "Name": "한천",
        "desc": "201102#02"
      },
      "geometry": {
        "type": "Point",
        "coordinates": [
          325432.4370314082,
          392875.58120766166,
          0.0
        ]
      }
    },
    {
      "type": "Feature",
      "properties": {
        "Name": "구미시(구미대교)",
        "desc": "201103#01"
      },
      "geometry": {
        "type": "Point",
        "coordinates": [
          325730.9998017459,
          391245.7855421206,
          0.0
        ]
      }
    },
    {
      "type": "Feature",
      "properties": {
        "Name": "칠곡보",
        "desc": "201103#02"
      },
      "geometry": {
        "type": "Point",
        "coordinates": [
          326007.4930942658,
          380705.39500276966,
          0.0
        ]
      }
    },
    {
      "type": "Feature",
      "properties": {
        "Name": "칠곡군(호국의다리)",
        "desc": "201104#01"
      },
      "geometry": {
        "type": "Point",
        "coordinates": [
          325706.6354833644,
          378974.5396004652,
          0.0
        ]
      }
    },
    {
      "type": "Feature",
      "properties": {
        "Name": "성주군(성주대교)",
        "desc": "201104#02"
      },
      "geometry": {
        "type": "Point",
        "coordinates": [
          325594.5109630752,
          365746.5391959605,
          0.0
        ]
      }
    },
    {
      "type": "Feature",
      "properties": {
        "Name": "성주수위표",
        "desc": "201104#03"
      },
      "geometry": {
        "type": "Point",
        "coordinates": [
          325220.24854776217,
          363829.7400708287,
          0.0
        ]
      }
    },
    {
      "type": "Feature",
      "properties": {
        "Name": "백천상류",
        "desc": "201105#01"
      },
      "geometry": {
        "type": "Point",
        "coordinates": [
          318824.4644330934,
          371017.14990686835,
          0.0
        ]
      }
    },
    {
      "type": "Feature",
      "properties": {
        "Name": "봉학저수지",
        "desc": "201106#01"
      },
      "geometry": {
        "type": "Point",
        "coordinates": [
          307771.0924022092,
          376824.8986124185,
          0.0
        ]
      }
    },
    {
      "type": "Feature",
      "properties": {
        "Name": "이천",
        "desc": "201106#02"
      },
      "geometry": {
        "type": "Point",
        "coordinates": [
          318725.4311854992,
          370923.32562482206,
          0.0
        ]
      }
    },
    {
      "type": "Feature",
      "properties": {
        "Name": "성주군(도성교)",
        "desc": "201107#01"
      },
      "geometry": {
        "type": "Point",
        "coordinates": [
          323314.7633635624,
          365498.58146126877,
          0.0
        ]
      }
    },
    {
      "type": "Feature",
      "properties": {
        "Name": "백천하류",
        "desc": "201107#02"
      },
      "geometry": {
        "type": "Point",
        "coordinates": [
          324319.5851547072,
          363632.03461260523,
          0.0
        ]
      }
    },
    {
      "type": "Feature",
      "properties": {
        "Name": "대구시(매곡리)",
        "desc": "201108#01"
      },
      "geometry": {
        "type": "Point",
        "coordinates": [
          330441.36179036833,
          362055.45240243175,
          0.0
        ]
      }
    },
    {
      "type": "Feature",
      "properties": {
        "Name": "강정고령보",
        "desc": "201108#02"
      },
      "geometry": {
        "type": "Point",
        "coordinates": [
          331957.72146804014,
          361368.84862551704,
          0.0
        ]
      }
    },
    {
      "type": "Feature",
      "properties": {
        "Name": "영천댐",
        "desc": "201201#01"
      },
      "geometry": {
        "type": "Point",
        "coordinates": [
          381420.2522498655,
          386980.0439879765,
          0.0
        ]
      }
    },
    {
      "type": "Feature",
      "properties": {
        "Name": "임고천합류전",
        "desc": "201202#01"
      },
      "geometry": {
        "type": "Point",
        "coordinates": [
          378324.11841349927,
          379144.6962891789,
          0.0
        ]
      }
    },
    {
      "type": "Feature",
      "properties": {
        "Name": "임고저수지",
        "desc": "201202#02"
      },
      "geometry": {
        "type": "Point",
        "coordinates": [
          385640.76548498066,
          385156.19651484373,
          0.0
        ]
      }
    },
    {
      "type": "Feature",
      "properties": {
        "Name": "임고천",
        "desc": "201202#03"
      },
      "geometry": {
        "type": "Point",
        "coordinates": [
          378448.7531525198,
          379178.0665908463,
          0.0
        ]
      }
    },
    {
      "type": "Feature",
      "properties": {
        "Name": "영천시(단포교)",
        "desc": "201202#04"
      },
      "geometry": {
        "type": "Point",
        "coordinates": [
          377556.69446770044,
          377432.9502562578,
          0.0
        ]
      }
    },
    {
      "type": "Feature",
      "properties": {
        "Name": "자호천",
        "desc": "201202#05"
      },
      "geometry": {
        "type": "Point",
        "coordinates": [
          377575.9900235784,
          376477.29782360396,
          0.0
        ]
      }
    },
    {
      "type": "Feature",
      "properties": {
        "Name": "고촌천",
        "desc": "201203#01"
      },
      "geometry": {
        "type": "Point",
        "coordinates": [
          377676.8514122678,
          376448.4946181312,
          0.0
        ]
      }
    },
    {
      "type": "Feature",
      "properties": {
        "Name": "영천시(굼이교)",
        "desc": "201204#01"
      },
      "geometry": {
        "type": "Point",
        "coordinates": [
          373047.01919509703,
          396340.2677748656,
          0.0
        ]
      }
    },
    {
      "type": "Feature",
      "properties": {
        "Name": "보현산댐",
        "desc": "201204#02"
      },
      "geometry": {
        "type": "Point",
        "coordinates": [
          375474.22995445615,
          393798.06598148256,
          0.0
        ]
      }
    },
    {
      "type": "Feature",
      "properties": {
        "Name": "영천시(자천교)",
        "desc": "201204#03"
      },
      "geometry": {
        "type": "Point",
        "coordinates": [
          372838.97001946945,
          391679.31471119926,
          0.0
        ]
      }
    },
    {
      "type": "Feature",
      "properties": {
        "Name": "고현천",
        "desc": "201204#04"
      },
      "geometry": {
        "type": "Point",
        "coordinates": [
          372374.770170653,
          377083.12698288733,
          0.0
        ]
      }
    },
    {
      "type": "Feature",
      "properties": {
        "Name": "고현천합류전",
        "desc": "201205#01"
      },
      "geometry": {
        "type": "Point",
        "coordinates": [
          372127.21336417564,
          376924.0830614243,
          0.0
        ]
      }
    },
    {
      "type": "Feature",
      "properties": {
        "Name": "영천시(영양교)",
        "desc": "201205#02"
      },
      "geometry": {
        "type": "Point",
        "coordinates": [
          373032.73564615875,
          375492.4148564845,
          0.0
        ]
      }
    },
    {
      "type": "Feature",
      "properties": {
        "Name": "신령천",
        "desc": "201205#03"
      },
      "geometry": {
        "type": "Point",
        "coordinates": [
          373265.57774691354,
          375126.9277030206,
          0.0
        ]
      }
    },
    {
      "type": "Feature",
      "properties": {
        "Name": "영천시(영동교)",
        "desc": "201206#01"
      },
      "geometry": {
        "type": "Point",
        "coordinates": [
          374846.94547541754,
          376299.267170078,
          0.0
        ]
      }
    },
    {
      "type": "Feature",
      "properties": {
        "Name": "신령천합류전",
        "desc": "201206#02"
      },
      "geometry": {
        "type": "Point",
        "coordinates": [
          373393.32269503677,
          375006.08745961636,
          0.0
        ]
      }
    },
    {
      "type": "Feature",
      "properties": {
        "Name": "북안천합류전",
        "desc": "201206#03"
      },
      "geometry": {
        "type": "Point",
        "coordinates": [
          373751.87010976276,
          372083.4430318631,
          0.0
        ]
      }
    },
    {
      "type": "Feature",
      "properties": {
        "Name": "북안천",
        "desc": "201206#04"
      },
      "geometry": {
        "type": "Point",
        "coordinates": [
          374027.65960254276,
          372088.887485806,
          0.0
        ]
      }
    },
    {
      "type": "Feature",
      "properties": {
        "Name": "금호강시점",
        "desc": "201206#05"
      },
      "geometry": {
        "type": "Point",
        "coordinates": [
          373804.44664985785,
          371961.1240748846,
          0.0
        ]
      }
    },
    {
      "type": "Feature",
      "properties": {
        "Name": "영천시(금창교)",
        "desc": "201207#01"
      },
      "geometry": {
        "type": "Point",
        "coordinates": [
          369265.2292468167,
          371934.4080720839,
          0.0
        ]
      }
    },
    {
      "type": "Feature",
      "properties": {
        "Name": "금호강상류",
        "desc": "201207#02"
      },
      "geometry": {
        "type": "Point",
        "coordinates": [
          365020.6965988046,
          369571.91153943125,
          0.0
        ]
      }
    },
    {
      "type": "Feature",
      "properties": {
        "Name": "청통천",
        "desc": "201208#01"
      },
      "geometry": {
        "type": "Point",
        "coordinates": [
          365019.54249014484,
          369633.5643776237,
          0.0
        ]
      }
    },
    {
      "type": "Feature",
      "properties": {
        "Name": "송림저수지",
        "desc": "201209#01"
      },
      "geometry": {
        "type": "Point",
        "coordinates": [
          372674.5024154232,
          357907.3964269603,
          0.0
        ]
      }
    },
    {
      "type": "Feature",
      "properties": {
        "Name": "경산시(압량교)",
        "desc": "201209#02"
      },
      "geometry": {
        "type": "Point",
        "coordinates": [
          359568.7459541638,
          363088.4814986262,
          0.0
        ]
      }
    },
    {
      "type": "Feature",
      "properties": {
        "Name": "오목천",
        "desc": "201209#03"
      },
      "geometry": {
        "type": "Point",
        "coordinates": [
          356149.1773592265,
          363397.4012647748,
          0.0
        ]
      }
    },
    {
      "type": "Feature",
      "properties": {
        "Name": "대구시(성동교)",
        "desc": "201210#01"
      },
      "geometry": {
        "type": "Point",
        "coordinates": [
          355679.440625148,
          362988.25275173946,
          0.0
        ]
      }
    },
    {
      "type": "Feature",
      "properties": {
        "Name": "남천",
        "desc": "201210#02"
      },
      "geometry": {
        "type": "Point",
        "coordinates": [
          354217.42883518944,
          363332.6296187553,
          0.0
        ]
      }
    },
    {
      "type": "Feature",
      "properties": {
        "Name": "경산시(환상리)",
        "desc": "201211#01"
      },
      "geometry": {
        "type": "Point",
        "coordinates": [
          360619.126889469,
          366067.7865207653,
          0.0
        ]
      }
    },
    {
      "type": "Feature",
      "properties": {
        "Name": "오목천합류전",
        "desc": "201211#02"
      },
      "geometry": {
        "type": "Point",
        "coordinates": [
          356170.45693934814,
          363613.6244428974,
          0.0
        ]
      }
    },
    {
      "type": "Feature",
      "properties": {
        "Name": "대구시(안심교)",
        "desc": "201211#03"
      },
      "geometry": {
        "type": "Point",
        "coordinates": [
          354931.65619756724,
          364116.00454234413,
          0.0
        ]
      }
    },
    {
      "type": "Feature",
      "properties": {
        "Name": "남천합류전",
        "desc": "201211#04"
      },
      "geometry": {
        "type": "Point",
        "coordinates": [
          354087.1158163366,
          363607.86973349424,
          0.0
        ]
      }
    },
    {
      "type": "Feature",
      "properties": {
        "Name": "동촌수위표",
        "desc": "201211#05"
      },
      "geometry": {
        "type": "Point",
        "coordinates": [
          348232.99425376713,
          366930.2564753555,
          0.0
        ]
      }
    },
    {
      "type": "Feature",
      "properties": {
        "Name": "공산댐",
        "desc": "201212#01"
      },
      "geometry": {
        "type": "Point",
        "coordinates": [
          348932.51090555417,
          373047.2350833812,
          0.0
        ]
      }
    },
    {
      "type": "Feature",
      "properties": {
        "Name": "대구시(동화교)",
        "desc": "201213#01"
      },
      "geometry": {
        "type": "Point",
        "coordinates": [
          344445.006572726,
          369950.7777557972,
          0.0
        ]
      }
    },
    {
      "type": "Feature",
      "properties": {
        "Name": "동화천",
        "desc": "201213#02"
      },
      "geometry": {
        "type": "Point",
        "coordinates": [
          344501.2204074735,
          369581.6962773596,
          0.0
        ]
      }
    },
    {
      "type": "Feature",
      "properties": {
        "Name": "대구시(신암동)",
        "desc": "201214#01"
      },
      "geometry": {
        "type": "Point",
        "coordinates": [
          347624.27559563867,
          367320.89197968435,
          0.0
        ]
      }
    },
    {
      "type": "Feature",
      "properties": {
        "Name": "동화천합류전",
        "desc": "201214#02"
      },
      "geometry": {
        "type": "Point",
        "coordinates": [
          344702.3345363259,
          369554.16175571067,
          0.0
        ]
      }
    },
    {
      "type": "Feature",
      "properties": {
        "Name": "대구시(산격대교)",
        "desc": "201214#03"
      },
      "geometry": {
        "type": "Point",
        "coordinates": [
          344458.6449672296,
          369118.49524355866,
          0.0
        ]
      }
    },
    {
      "type": "Feature",
      "properties": {
        "Name": "금호강중류",
        "desc": "201214#04"
      },
      "geometry": {
        "type": "Point",
        "coordinates": [
          344113.6084942206,
          368742.84685128246,
          0.0
        ]
      }
    },
    {
      "type": "Feature",
      "properties": {
        "Name": "신천상류",
        "desc": "201215#01"
      },
      "geometry": {
        "type": "Point",
        "coordinates": [
          346987.1579127958,
          357350.9919116853,
          0.0
        ]
      }
    },
    {
      "type": "Feature",
      "properties": {
        "Name": "대구시(성북교)",
        "desc": "201216#01"
      },
      "geometry": {
        "type": "Point",
        "coordinates": [
          343835.2888911683,
          367350.80025066255,
          0.0
        ]
      }
    },
    {
      "type": "Feature",
      "properties": {
        "Name": "신천하류",
        "desc": "201216#02"
      },
      "geometry": {
        "type": "Point",
        "coordinates": [
          343769.04480340594,
          368336.38788745034,
          0.0
        ]
      }
    },
    {
      "type": "Feature",
      "properties": {
        "Name": "팔거천",
        "desc": "201217#01"
      },
      "geometry": {
        "type": "Point",
        "coordinates": [
          339713.994325461,
          367777.88840840216,
          0.0
        ]
      }
    },
    {
      "type": "Feature",
      "properties": {
        "Name": "이언천",
        "desc": "201218#01"
      },
      "geometry": {
        "type": "Point",
        "coordinates": [
          335518.9131421534,
          366509.98739270563,
          0.0
        ]
      }
    },
    {
      "type": "Feature",
      "properties": {
        "Name": "대구시(노곡교)",
        "desc": "201219#01"
      },
      "geometry": {
        "type": "Point",
        "coordinates": [
          341157.3297351862,
          368510.02711135807,
          0.0
        ]
      }
    },
    {
      "type": "Feature",
      "properties": {
        "Name": "팔거천합류전",
        "desc": "201219#02"
      },
      "geometry": {
        "type": "Point",
        "coordinates": [
          339968.7147068922,
          367535.26507938374,
          0.0
        ]
      }
    },
    {
      "type": "Feature",
      "properties": {
        "Name": "이언천합류전",
        "desc": "201219#03"
      },
      "geometry": {
        "type": "Point",
        "coordinates": [
          335619.72279780795,
          366480.7042520993,
          0.0
        ]
      }
    },
    {
      "type": "Feature",
      "properties": {
        "Name": "대구시(강창교)",
        "desc": "201219#04"
      },
      "geometry": {
        "type": "Point",
        "coordinates": [
          332915.68994005315,
          362770.6133281399,
          0.0
        ]
      }
    },
    {
      "type": "Feature",
      "properties": {
        "Name": "금호강하류",
        "desc": "201219#05"
      },
      "geometry": {
        "type": "Point",
        "coordinates": [
          332834.30901454616,
          361505.3043086648,
          0.0
        ]
      }
    },
    {
      "type": "Feature",
      "properties": {
        "Name": "성주저수지",
        "desc": "201301#01"
      },
      "geometry": {
        "type": "Point",
        "coordinates": [
          303807.03309428366,
          368761.9534210372,
          0.0
        ]
      }
    },
    {
      "type": "Feature",
      "properties": {
        "Name": "성주군(가천교)",
        "desc": "201302#01"
      },
      "geometry": {
        "type": "Point",
        "coordinates": [
          305928.6152646744,
          365426.9480689926,
          0.0
        ]
      }
    },
    {
      "type": "Feature",
      "properties": {
        "Name": "화죽천합류전",
        "desc": "201302#02"
      },
      "geometry": {
        "type": "Point",
        "coordinates": [
          306513.7488091678,
          364755.7767765539,
          0.0
        ]
      }
    },
    {
      "type": "Feature",
      "properties": {
        "Name": "성주군(화죽교)",
        "desc": "201302#03"
      },
      "geometry": {
        "type": "Point",
        "coordinates": [
          306515.60817650444,
          364601.65998219216,
          0.0
        ]
      }
    },
    {
      "type": "Feature",
      "properties": {
        "Name": "대가천",
        "desc": "201302#04"
      },
      "geometry": {
        "type": "Point",
        "coordinates": [
          315164.8859720567,
          355523.28559900424,
          0.0
        ]
      }
    },
    {
      "type": "Feature",
      "properties": {
        "Name": "소가천합류전",
        "desc": "201303#01"
      },
      "geometry": {
        "type": "Point",
        "coordinates": [
          316408.770819833,
          350699.4659302655,
          0.0
        ]
      }
    },
    {
      "type": "Feature",
      "properties": {
        "Name": "덕곡저수지",
        "desc": "201303#02"
      },
      "geometry": {
        "type": "Point",
        "coordinates": [
          307341.1462534399,
          356534.78759013704,
          0.0
        ]
      }
    },
    {
      "type": "Feature",
      "properties": {
        "Name": "소가천",
        "desc": "201303#03"
      },
      "geometry": {
        "type": "Point",
        "coordinates": [
          316181.41340749746,
          350788.97019024077,
          0.0
        ]
      }
    },
    {
      "type": "Feature",
      "properties": {
        "Name": "고령군(회천교)",
        "desc": "201303#04"
      },
      "geometry": {
        "type": "Point",
        "coordinates": [
          315680.6671622469,
          348716.9290338734,
          0.0
        ]
      }
    },
    {
      "type": "Feature",
      "properties": {
        "Name": "회천상류",
        "desc": "201303#05"
      },
      "geometry": {
        "type": "Point",
        "coordinates": [
          315853.18270271854,
          347054.45466840256,
          0.0
        ]
      }
    },
    {
      "type": "Feature",
      "properties": {
        "Name": "이천천합류전",
        "desc": "201304#01"
      },
      "geometry": {
        "type": "Point",
        "coordinates": [
          304314.1525164817,
          349130.9452854665,
          0.0
        ]
      }
    },
    {
      "type": "Feature",
      "properties": {
        "Name": "죽전저수지",
        "desc": "201304#02"
      },
      "geometry": {
        "type": "Point",
        "coordinates": [
          297995.74915625306,
          350014.533350238,
          0.0
        ]
      }
    },
    {
      "type": "Feature",
      "properties": {
        "Name": "이천천",
        "desc": "201304#03"
      },
      "geometry": {
        "type": "Point",
        "coordinates": [
          304264.25270982395,
          349099.53203290247,
          0.0
        ]
      }
    },
    {
      "type": "Feature",
      "properties": {
        "Name": "합천군(구정리)",
        "desc": "201304#04"
      },
      "geometry": {
        "type": "Point",
        "coordinates": [
          305882.4252781163,
          346190.13085618196,
          0.0
        ]
      }
    },
    {
      "type": "Feature",
      "properties": {
        "Name": "가야천",
        "desc": "201304#05"
      },
      "geometry": {
        "type": "Point",
        "coordinates": [
          307230.2014950388,
          342846.15867618355,
          0.0
        ]
      }
    },
    {
      "type": "Feature",
      "properties": {
        "Name": "묘산천",
        "desc": "201305#01"
      },
      "geometry": {
        "type": "Point",
        "coordinates": [
          307155.8688372382,
          342752.78203158604,
          0.0
        ]
      }
    },
    {
      "type": "Feature",
      "properties": {
        "Name": "고령군(귀원교)",
        "desc": "201306#01"
      },
      "geometry": {
        "type": "Point",
        "coordinates": [
          312185.7274515945,
          342814.8119908938,
          0.0
        ]
      }
    },
    {
      "type": "Feature",
      "properties": {
        "Name": "안림천",
        "desc": "201306#02"
      },
      "geometry": {
        "type": "Point",
        "coordinates": [
          315854.7911274838,
          346931.1628934782,
          0.0
        ]
      }
    },
    {
      "type": "Feature",
      "properties": {
        "Name": "고령군(사촌리)",
        "desc": "201307#01"
      },
      "geometry": {
        "type": "Point",
        "coordinates": [
          319568.3392366858,
          345623.9237344046,
          0.0
        ]
      }
    },
    {
      "type": "Feature",
      "properties": {
        "Name": "고령군(도진교)",
        "desc": "201307#02"
      },
      "geometry": {
        "type": "Point",
        "coordinates": [
          321109.19334961387,
          343270.9776991084,
          0.0
        ]
      }
    },
    {
      "type": "Feature",
      "properties": {
        "Name": "회천하류",
        "desc": "201307#03"
      },
      "geometry": {
        "type": "Point",
        "coordinates": [
          323597.57029946055,
          336152.9139141354,
          0.0
        ]
      }
    },
    {
      "type": "Feature",
      "properties": {
        "Name": "진천천",
        "desc": "201401#01"
      },
      "geometry": {
        "type": "Point",
        "coordinates": [
          334530.6347948863,
          358910.28337754036,
          0.0
        ]
      }
    },
    {
      "type": "Feature",
      "properties": {
        "Name": "진천천합류전",
        "desc": "201402#01"
      },
      "geometry": {
        "type": "Point",
        "coordinates": [
          333624.0444238753,
          359081.5302170827,
          0.0
        ]
      }
    },
    {
      "type": "Feature",
      "properties": {
        "Name": "대구시(사문진교)",
        "desc": "201402#02"
      },
      "geometry": {
        "type": "Point",
        "coordinates": [
          333261.86360957625,
          358120.29805405106,
          0.0
        ]
      }
    },
    {
      "type": "Feature",
      "properties": {
        "Name": "기세곡천합류전",
        "desc": "201402#03"
      },
      "geometry": {
        "type": "Point",
        "coordinates": [
          332562.08320414746,
          357893.9688184456,
          0.0
        ]
      }
    },
    {
      "type": "Feature",
      "properties": {
        "Name": "옥연저수지",
        "desc": "201402#04"
      },
      "geometry": {
        "type": "Point",
        "coordinates": [
          333843.632797308,
          354521.8269916522,
          0.0
        ]
      }
    },
    {
      "type": "Feature",
      "properties": {
        "Name": "기세곡천",
        "desc": "201402#05"
      },
      "geometry": {
        "type": "Point",
        "coordinates": [
          332621.5377525913,
          357278.2379054311,
          0.0
        ]
      }
    },
    {
      "type": "Feature",
      "properties": {
        "Name": "고령군(고령교)",
        "desc": "201402#06"
      },
      "geometry": {
        "type": "Point",
        "coordinates": [
          325494.4639677303,
          351563.2770273738,
          0.0
        ]
      }
    },
    {
      "type": "Feature",
      "properties": {
        "Name": "달성보",
        "desc": "201403#01"
      },
      "geometry": {
        "type": "Point",
        "coordinates": [
          328643.1185929895,
          349326.96627795126,
          0.0
        ]
      }
    },
    {
      "type": "Feature",
      "properties": {
        "Name": "대구시(성하리)",
        "desc": "201404#01"
      },
      "geometry": {
        "type": "Point",
        "coordinates": [
          329592.8604421696,
          346257.7692845675,
          0.0
        ]
      }
    },
    {
      "type": "Feature",
      "properties": {
        "Name": "현풍수위표",
        "desc": "201404#02"
      },
      "geometry": {
        "type": "Point",
        "coordinates": [
          328178.0587979437,
          344973.2181554966,
          0.0
        ]
      }
    },
    {
      "type": "Feature",
      "properties": {
        "Name": "달창저수지",
        "desc": "201405#01"
      },
      "geometry": {
        "type": "Point",
        "coordinates": [
          333478.2208780489,
          338700.1716157998,
          0.0
        ]
      }
    },
    {
      "type": "Feature",
      "properties": {
        "Name": "차천",
        "desc": "201406#01"
      },
      "geometry": {
        "type": "Point",
        "coordinates": [
          328105.73556332884,
          344756.36671917903,
          0.0
        ]
      }
    },
    {
      "type": "Feature",
      "properties": {
        "Name": "대구시(내리)",
        "desc": "201407#01"
      },
      "geometry": {
        "type": "Point",
        "coordinates": [
          326915.2008041238,
          338295.92823497544,
          0.0
        ]
      }
    },
    {
      "type": "Feature",
      "properties": {
        "Name": "합천군(율지교)",
        "desc": "201407#03"
      },
      "geometry": {
        "type": "Point",
        "coordinates": [
          322824.55062210024,
          335618.1412838772,
          0.0
        ]
      }
    },
    {
      "type": "Feature",
      "properties": {
        "Name": "합천창녕보",
        "desc": "201407#04"
      },
      "geometry": {
        "type": "Point",
        "coordinates": [
          322854.271578521,
          333460.55259617744,
          0.0
        ]
      }
    },
    {
      "type": "Feature",
      "properties": {
        "Name": "웅양저수지",
        "desc": "201501#01"
      },
      "geometry": {
        "type": "Point",
        "coordinates": [
          283934.64417763136,
          359364.4261945889,
          0.0
        ]
      }
    },
    {
      "type": "Feature",
      "properties": {
        "Name": "계수천",
        "desc": "201501#02"
      },
      "geometry": {
        "type": "Point",
        "coordinates": [
          283674.6048135752,
          349682.9531334007,
          0.0
        ]
      }
    },
    {
      "type": "Feature",
      "properties": {
        "Name": "계수천합류전",
        "desc": "201502#01"
      },
      "geometry": {
        "type": "Point",
        "coordinates": [
          283624.6389042543,
          349651.6574088704,
          0.0
        ]
      }
    },
    {
      "type": "Feature",
      "properties": {
        "Name": "거창군(의동교)",
        "desc": "201502#02"
      },
      "geometry": {
        "type": "Point",
        "coordinates": [
          283751.9023901164,
          346816.9964638548,
          0.0
        ]
      }
    },
    {
      "type": "Feature",
      "properties": {
        "Name": "황강상류",
        "desc": "201502#03"
      },
      "geometry": {
        "type": "Point",
        "coordinates": [
          283902.32122048456,
          344198.33671246207,
          0.0
        ]
      }
    },
    {
      "type": "Feature",
      "properties": {
        "Name": "거창위천상류",
        "desc": "201503#01"
      },
      "geometry": {
        "type": "Point",
        "coordinates": [
          277275.78838416043,
          348607.7206839899,
          0.0
        ]
      }
    },
    {
      "type": "Feature",
      "properties": {
        "Name": "거창군(거열교)",
        "desc": "201504#01"
      },
      "geometry": {
        "type": "Point",
        "coordinates": [
          281270.68407677393,
          343249.1609810853,
          0.0
        ]
      }
    },
    {
      "type": "Feature",
      "properties": {
        "Name": "거창위천하류",
        "desc": "201504#02"
      },
      "geometry": {
        "type": "Point",
        "coordinates": [
          283804.3614988505,
          343919.99306704244,
          0.0
        ]
      }
    },
    {
      "type": "Feature",
      "properties": {
        "Name": "거창군(남하교)",
        "desc": "201505#01"
      },
      "geometry": {
        "type": "Point",
        "coordinates": [
          285180.4706989392,
          342021.95590449194,
          0.0
        ]
      }
    },
    {
      "type": "Feature",
      "properties": {
        "Name": "합천댐상류",
        "desc": "201505#02"
      },
      "geometry": {
        "type": "Point",
        "coordinates": [
          290636.6717318233,
          337267.20181045413,
          0.0
        ]
      }
    },
    {
      "type": "Feature",
      "properties": {
        "Name": "가북저수지",
        "desc": "201506#01"
      },
      "geometry": {
        "type": "Point",
        "coordinates": [
          290564.03415103676,
          354251.1168052132,
          0.0
        ]
      }
    },
    {
      "type": "Feature",
      "properties": {
        "Name": "거창군(지산교)",
        "desc": "201506#02"
      },
      "geometry": {
        "type": "Point",
        "coordinates": [
          291826.4483995456,
          341471.5819260472,
          0.0
        ]
      }
    },
    {
      "type": "Feature",
      "properties": {
        "Name": "가천천",
        "desc": "201506#03"
      },
      "geometry": {
        "type": "Point",
        "coordinates": [
          290704.944197753,
          337976.86642443633,
          0.0
        ]
      }
    },
    {
      "type": "Feature",
      "properties": {
        "Name": "합천군(술곡교)",
        "desc": "201507#01"
      },
      "geometry": {
        "type": "Point",
        "coordinates": [
          289632.7607307298,
          331986.0519233613,
          0.0
        ]
      }
    },
    {
      "type": "Feature",
      "properties": {
        "Name": "사천천",
        "desc": "201507#02"
      },
      "geometry": {
        "type": "Point",
        "coordinates": [
          290770.4981811708,
          331535.1836512139,
          0.0
        ]
      }
    },
    {
      "type": "Feature",
      "properties": {
        "Name": "사천천합류전",
        "desc": "201508#01"
      },
      "geometry": {
        "type": "Point",
        "coordinates": [
          293276.1908530976,
          330328.0275501969,
          0.0
        ]
      }
    },
    {
      "type": "Feature",
      "properties": {
        "Name": "합천댐",
        "desc": "201508#02"
      },
      "geometry": {
        "type": "Point",
        "coordinates": [
          293590.00623815175,
          326817.30121234164,
          0.0
        ]
      }
    },
    {
      "type": "Feature",
      "properties": {
        "Name": "합천군(합천댐방수로)",
        "desc": "201601#01"
      },
      "geometry": {
        "type": "Point",
        "coordinates": [
          296977.4041343621,
          328117.2284798806,
          0.0
        ]
      }
    },
    {
      "type": "Feature",
      "properties": {
        "Name": "합천조정지",
        "desc": "201601#02"
      },
      "geometry": {
        "type": "Point",
        "coordinates": [
          298318.9117554269,
          327546.2101333329,
          0.0
        ]
      }
    },
    {
      "type": "Feature",
      "properties": {
        "Name": "합천군(남정교)",
        "desc": "201601#03"
      },
      "geometry": {
        "type": "Point",
        "coordinates": [
          305222.30375983356,
          329690.1561431841,
          0.0
        ]
      }
    },
    {
      "type": "Feature",
      "properties": {
        "Name": "합천수위표하류",
        "desc": "201602#01"
      },
      "geometry": {
        "type": "Point",
        "coordinates": [
          309433.53649557667,
          331374.5699666617,
          0.0
        ]
      }
    },
    {
      "type": "Feature",
      "properties": {
        "Name": "합천군(기리교)",
        "desc": "201603#01"
      },
      "geometry": {
        "type": "Point",
        "coordinates": [
          310537.25486118795,
          335796.40989950765,
          0.0
        ]
      }
    },
    {
      "type": "Feature",
      "properties": {
        "Name": "합천군(황강교)",
        "desc": "201603#02"
      },
      "geometry": {
        "type": "Point",
        "coordinates": [
          317089.9662020391,
          331379.2331109512,
          0.0
        ]
      }
    },
    {
      "type": "Feature",
      "properties": {
        "Name": "황강합류후",
        "desc": "201604#01"
      },
      "geometry": {
        "type": "Point",
        "coordinates": [
          322929.25003542454,
          331673.5347070939,
          0.0
        ]
      }
    },
    {
      "type": "Feature",
      "properties": {
        "Name": "합천군(적포교)",
        "desc": "201701#02"
      },
      "geometry": {
        "type": "Point",
        "coordinates": [
          323352.8457090957,
          326531.04327156115,
          0.0
        ]
      }
    },
    {
      "type": "Feature",
      "properties": {
        "Name": "토평천합류전",
        "desc": "201701#03"
      },
      "geometry": {
        "type": "Point",
        "coordinates": [
          324323.58360232017,
          325588.80948572955,
          0.0
        ]
      }
    },
    {
      "type": "Feature",
      "properties": {
        "Name": "창녕군(유어교)",
        "desc": "201701#04"
      },
      "geometry": {
        "type": "Point",
        "coordinates": [
          324877.0988630989,
          325658.1773472784,
          0.0
        ]
      }
    },
    {
      "type": "Feature",
      "properties": {
        "Name": "적포교수위표",
        "desc": "201701#05"
      },
      "geometry": {
        "type": "Point",
        "coordinates": [
          324501.69204843603,
          325467.973605725,
          0.0
        ]
      }
    },
    {
      "type": "Feature",
      "properties": {
        "Name": "의령군(세간교)",
        "desc": "201702#01"
      },
      "geometry": {
        "type": "Point",
        "coordinates": [
          322549.1663070017,
          317117.48481968656,
          0.0
        ]
      }
    },
    {
      "type": "Feature",
      "properties": {
        "Name": "유곡천",
        "desc": "201702#02"
      },
      "geometry": {
        "type": "Point",
        "coordinates": [
          322495.23833769356,
          321062.7005976783,
          0.0
        ]
      }
    },
    {
      "type": "Feature",
      "properties": {
        "Name": "유곡천합류전",
        "desc": "201703#01"
      },
      "geometry": {
        "type": "Point",
        "coordinates": [
          322444.39400765824,
          321092.83327949606,
          0.0
        ]
      }
    },
    {
      "type": "Feature",
      "properties": {
        "Name": "의령군(대곡교)",
        "desc": "201703#02"
      },
      "geometry": {
        "type": "Point",
        "coordinates": [
          322310.33947163046,
          321676.7307279941,
          0.0
        ]
      }
    },
    {
      "type": "Feature",
      "properties": {
        "Name": "신반천",
        "desc": "201703#03"
      },
      "geometry": {
        "type": "Point",
        "coordinates": [
          324280.89402536175,
          325033.30673774774,
          0.0
        ]
      }
    },
    {
      "type": "Feature",
      "properties": {
        "Name": "의령군(여의리)",
        "desc": "201704#01"
      },
      "geometry": {
        "type": "Point",
        "coordinates": [
          327527.20571090234,
          323630.046253346,
          0.0
        ]
      }
    },
    {
      "type": "Feature",
      "properties": {
        "Name": "마수원수위표",
        "desc": "201704#02"
      },
      "geometry": {
        "type": "Point",
        "coordinates": [
          328492.50553804054,
          323119.7629269679,
          0.0
        ]
      }
    },
    {
      "type": "Feature",
      "properties": {
        "Name": "남강합류전",
        "desc": "201705#01"
      },
      "geometry": {
        "type": "Point",
        "coordinates": [
          330395.65309324255,
          311863.9378889491,
          0.0
        ]
      }
    },
    {
      "type": "Feature",
      "properties": {
        "Name": "서상저수지",
        "desc": "201801#01"
      },
      "geometry": {
        "type": "Point",
        "coordinates": [
          261938.51598155973,
          345959.97322158667,
          0.0
        ]
      }
    },
    {
      "type": "Feature",
      "properties": {
        "Name": "남강상류",
        "desc": "201801#02"
      },
      "geometry": {
        "type": "Point",
        "coordinates": [
          270408.9142416684,
          336622.0349183172,
          0.0
        ]
      }
    },
    {
      "type": "Feature",
      "properties": {
        "Name": "함양군(안의교)",
        "desc": "201802#01"
      },
      "geometry": {
        "type": "Point",
        "coordinates": [
          273700.8812491255,
          337203.4717559783,
          0.0
        ]
      }
    },
    {
      "type": "Feature",
      "properties": {
        "Name": "함양군(금천리)",
        "desc": "201802#02"
      },
      "geometry": {
        "type": "Point",
        "coordinates": [
          273853.3923248264,
          337019.795751722,
          0.0
        ]
      }
    },
    {
      "type": "Feature",
      "properties": {
        "Name": "함양위천합류전",
        "desc": "201802#03"
      },
      "geometry": {
        "type": "Point",
        "coordinates": [
          271283.69106517534,
          324762.26942592545,
          0.0
        ]
      }
    },
    {
      "type": "Feature",
      "properties": {
        "Name": "옥계저수지",
        "desc": "201803#01"
      },
      "geometry": {
        "type": "Point",
        "coordinates": [
          261754.69226509682,
          328944.81503534847,
          0.0
        ]
      }
    },
    {
      "type": "Feature",
      "properties": {
        "Name": "함양군(용평리)",
        "desc": "201803#02"
      },
      "geometry": {
        "type": "Point",
        "coordinates": [
          266347.86365441664,
          324323.61480155063,
          0.0
        ]
      }
    },
    {
      "type": "Feature",
      "properties": {
        "Name": "함양군(대웅교)",
        "desc": "201803#03"
      },
      "geometry": {
        "type": "Point",
        "coordinates": [
          271184.6157068009,
          324545.72397927585,
          0.0
        ]
      }
    },
    {
      "type": "Feature",
      "properties": {
        "Name": "람천",
        "desc": "201804#01"
      },
      "geometry": {
        "type": "Point",
        "coordinates": [
          258941.1295644082,
          312498.07182826864,
          0.0
        ]
      }
    },
    {
      "type": "Feature",
      "properties": {
        "Name": "함양군(의탄리)",
        "desc": "201805#01"
      },
      "geometry": {
        "type": "Point",
        "coordinates": [
          262023.90623198968,
          311871.5872750764,
          0.0
        ]
      }
    },
    {
      "type": "Feature",
      "properties": {
        "Name": "함양군(화촌리)",
        "desc": "201805#02"
      },
      "geometry": {
        "type": "Point",
        "coordinates": [
          271809.64522099786,
          318879.4206947282,
          0.0
        ]
      }
    },
    {
      "type": "Feature",
      "properties": {
        "Name": "임천",
        "desc": "201805#03"
      },
      "geometry": {
        "type": "Point",
        "coordinates": [
          273356.800519836,
          320864.5775132901,
          0.0
        ]
      }
    },
    {
      "type": "Feature",
      "properties": {
        "Name": "임천합류전",
        "desc": "201806#01"
      },
      "geometry": {
        "type": "Point",
        "coordinates": [
          273355.7908909803,
          320987.85870260716,
          0.0
        ]
      }
    },
    {
      "type": "Feature",
      "properties": {
        "Name": "산청군(고읍교)",
        "desc": "201806#02"
      },
      "geometry": {
        "type": "Point",
        "coordinates": [
          275264.92100264295,
          321805.0837465474,
          0.0
        ]
      }
    },
    {
      "type": "Feature",
      "properties": {
        "Name": "산청군(경호교)",
        "desc": "201806#03"
      },
      "geometry": {
        "type": "Point",
        "coordinates": [
          279394.09966573835,
          313826.82878994284,
          0.0
        ]
      }
    },
    {
      "type": "Feature",
      "properties": {
        "Name": "산청수위표",
        "desc": "201806#04"
      },
      "geometry": {
        "type": "Point",
        "coordinates": [
          280883.7510178678,
          310911.97572715237,
          0.0
        ]
      }
    },
    {
      "type": "Feature",
      "properties": {
        "Name": "산청군(수산교)",
        "desc": "201807#01"
      },
      "geometry": {
        "type": "Point",
        "coordinates": [
          285433.07620193483,
          304943.6159792391,
          0.0
        ]
      }
    },
    {
      "type": "Feature",
      "properties": {
        "Name": "양천합류전",
        "desc": "201807#02"
      },
      "geometry": {
        "type": "Point",
        "coordinates": [
          287922.7417147359,
          300868.14055963315,
          0.0
        ]
      }
    },
    {
      "type": "Feature",
      "properties": {
        "Name": "상법천합류전",
        "desc": "201808#01"
      },
      "geometry": {
        "type": "Point",
        "coordinates": [
          292812.208045929,
          311890.31353286054,
          0.0
        ]
      }
    },
    {
      "type": "Feature",
      "properties": {
        "Name": "손항저수지",
        "desc": "201808#02"
      },
      "geometry": {
        "type": "Point",
        "coordinates": [
          289292.03422864707,
          315645.9292029594,
          0.0
        ]
      }
    },
    {
      "type": "Feature",
      "properties": {
        "Name": "상법천",
        "desc": "201808#03"
      },
      "geometry": {
        "type": "Point",
        "coordinates": [
          292584.13744657463,
          311980.43163918465,
          0.0
        ]
      }
    },
    {
      "type": "Feature",
      "properties": {
        "Name": "단계천합류전",
        "desc": "201808#04"
      },
      "geometry": {
        "type": "Point",
        "coordinates": [
          292840.2176823957,
          309178.1158297594,
          0.0
        ]
      }
    },
    {
      "type": "Feature",
      "properties": {
        "Name": "율현저수지",
        "desc": "201808#05"
      },
      "geometry": {
        "type": "Point",
        "coordinates": [
          288401.5545633588,
          313849.35160583653,
          0.0
        ]
      }
    },
    {
      "type": "Feature",
      "properties": {
        "Name": "단계천",
        "desc": "201808#06"
      },
      "geometry": {
        "type": "Point",
        "coordinates": [
          292638.9092798648,
          309114.39247808495,
          0.0
        ]
      }
    },
    {
      "type": "Feature",
      "properties": {
        "Name": "산청군(소이교)",
        "desc": "201808#07"
      },
      "geometry": {
        "type": "Point",
        "coordinates": [
          291544.52277172834,
          307500.36441047024,
          0.0
        ]
      }
    },
    {
      "type": "Feature",
      "properties": {
        "Name": "신등천",
        "desc": "201808#08"
      },
      "geometry": {
        "type": "Point",
        "coordinates": [
          291529.1155517788,
          304047.99185023055,
          0.0
        ]
      }
    },
    {
      "type": "Feature",
      "properties": {
        "Name": "합천군(소오리)",
        "desc": "201809#01"
      },
      "geometry": {
        "type": "Point",
        "coordinates": [
          301499.6248602726,
          313648.7970067589,
          0.0
        ]
      }
    },
    {
      "type": "Feature",
      "properties": {
        "Name": "신등천합류전",
        "desc": "201809#02"
      },
      "geometry": {
        "type": "Point",
        "coordinates": [
          291656.9697496572,
          303895.1754697011,
          0.0
        ]
      }
    },
    {
      "type": "Feature",
      "properties": {
        "Name": "산청군(하정리)",
        "desc": "201809#03"
      },
      "geometry": {
        "type": "Point",
        "coordinates": [
          290605.4454071644,
          302959.8434133853,
          0.0
        ]
      }
    },
    {
      "type": "Feature",
      "properties": {
        "Name": "양천",
        "desc": "201809#04"
      },
      "geometry": {
        "type": "Point",
        "coordinates": [
          288302.6365712276,
          300779.3843093932,
          0.0
        ]
      }
    },
    {
      "type": "Feature",
      "properties": {
        "Name": "산청군(묵곡교)",
        "desc": "201810#01"
      },
      "geometry": {
        "type": "Point",
        "coordinates": [
          287461.5129972681,
          298921.82722631766,
          0.0
        ]
      }
    },
    {
      "type": "Feature",
      "properties": {
        "Name": "남강댐상류",
        "desc": "201810#02"
      },
      "geometry": {
        "type": "Point",
        "coordinates": [
          287855.9595983337,
          292144.70907238324,
          0.0
        ]
      }
    },
    {
      "type": "Feature",
      "properties": {
        "Name": "산청군(원리교)",
        "desc": "201811#01"
      },
      "geometry": {
        "type": "Point",
        "coordinates": [
          276095.6926773832,
          298079.1008629585,
          0.0
        ]
      }
    },
    {
      "type": "Feature",
      "properties": {
        "Name": "시천천",
        "desc": "201812#01"
      },
      "geometry": {
        "type": "Point",
        "coordinates": [
          276096.21235620615,
          298017.4621906525,
          0.0
        ]
      }
    },
    {
      "type": "Feature",
      "properties": {
        "Name": "산청군(창촌리)",
        "desc": "201813#01"
      },
      "geometry": {
        "type": "Point",
        "coordinates": [
          281232.81457370427,
          297384.14734496485,
          0.0
        ]
      }
    },
    {
      "type": "Feature",
      "properties": {
        "Name": "호계천합류전",
        "desc": "201813#02"
      },
      "geometry": {
        "type": "Point",
        "coordinates": [
          281559.4964404781,
          289188.4961913093,
          0.0
        ]
      }
    },
    {
      "type": "Feature",
      "properties": {
        "Name": "옥종저수지",
        "desc": "201813#03"
      },
      "geometry": {
        "type": "Point",
        "coordinates": [
          275281.1780363961,
          289658.0659231219,
          0.0
        ]
      }
    },
    {
      "type": "Feature",
      "properties": {
        "Name": "호계천",
        "desc": "201813#04"
      },
      "geometry": {
        "type": "Point",
        "coordinates": [
          281510.00980142,
          289064.76409857406,
          0.0
        ]
      }
    },
    {
      "type": "Feature",
      "properties": {
        "Name": "하동군(대곡리)",
        "desc": "201813#05"
      },
      "geometry": {
        "type": "Point",
        "coordinates": [
          283853.18335786654,
          287390.96760473296,
          0.0
        ]
      }
    },
    {
      "type": "Feature",
      "properties": {
        "Name": "덕천강하류",
        "desc": "201813#06"
      },
      "geometry": {
        "type": "Point",
        "coordinates": [
          285851.6691493458,
          284789.83083508746,
          0.0
        ]
      }
    },
    {
      "type": "Feature",
      "properties": {
        "Name": "덕천강합류전",
        "desc": "201814#01"
      },
      "geometry": {
        "type": "Point",
        "coordinates": [
          293860.23261034506,
          286317.87327376776,
          0.0
        ]
      }
    },
    {
      "type": "Feature",
      "properties": {
        "Name": "덕천강",
        "desc": "201814#02"
      },
      "geometry": {
        "type": "Point",
        "coordinates": [
          293535.0589457868,
          285944.63913828996,
          0.0
        ]
      }
    },
    {
      "type": "Feature",
      "properties": {
        "Name": "남강댐",
        "desc": "201814#03"
      },
      "geometry": {
        "type": "Point",
        "coordinates": [
          294272.83889175893,
          285582.4115503583,
          0.0
        ]
      }
    },
    {
      "type": "Feature",
      "properties": {
        "Name": "진주시(장대동)",
        "desc": "201901#01"
      },
      "geometry": {
        "type": "Point",
        "coordinates": [
          298972.309076376,
          288684.0158840164,
          0.0
        ]
      }
    },
    {
      "type": "Feature",
      "properties": {
        "Name": "영천강합류전",
        "desc": "201901#02"
      },
      "geometry": {
        "type": "Point",
        "coordinates": [
          302974.7360855697,
          288297.11844907503,
          0.0
        ]
      }
    },
    {
      "type": "Feature",
      "properties": {
        "Name": "고성군(두문교)",
        "desc": "201902#01"
      },
      "geometry": {
        "type": "Point",
        "coordinates": [
          308606.4174471316,
          278684.1006429839,
          0.0
        ]
      }
    },
    {
      "type": "Feature",
      "properties": {
        "Name": "진주시(옥산교)",
        "desc": "201902#02"
      },
      "geometry": {
        "type": "Point",
        "coordinates": [
          305356.85745662637,
          285827.77530384716,
          0.0
        ]
      }
    },
    {
      "type": "Feature",
      "properties": {
        "Name": "영천강",
        "desc": "201902#03"
      },
      "geometry": {
        "type": "Point",
        "coordinates": [
          303227.0537629256,
          288361.6388691059,
          0.0
        ]
      }
    },
    {
      "type": "Feature",
      "properties": {
        "Name": "진주시(덕오리)",
        "desc": "201903#01"
      },
      "geometry": {
        "type": "Point",
        "coordinates": [
          303492.14339302084,
          293943.80626549374,
          0.0
        ]
      }
    },
    {
      "type": "Feature",
      "properties": {
        "Name": "진주시(월강교)",
        "desc": "201903#02"
      },
      "geometry": {
        "type": "Point",
        "coordinates": [
          309150.3509597221,
          292407.47807707026,
          0.0
        ]
      }
    },
    {
      "type": "Feature",
      "properties": {
        "Name": "반성천합류후",
        "desc": "201903#03"
      },
      "geometry": {
        "type": "Point",
        "coordinates": [
          311263.908695348,
          291261.8871715897,
          0.0
        ]
      }
    },
    {
      "type": "Feature",
      "properties": {
        "Name": "반성천",
        "desc": "201904#01"
      },
      "geometry": {
        "type": "Point",
        "coordinates": [
          311467.7820643125,
          291141.09707021754,
          0.0
        ]
      }
    },
    {
      "type": "Feature",
      "properties": {
        "Name": "진주시(장박교)",
        "desc": "201905#01"
      },
      "geometry": {
        "type": "Point",
        "coordinates": [
          315779.0101938642,
          296250.6469433352,
          0.0
        ]
      }
    },
    {
      "type": "Feature",
      "properties": {
        "Name": "의령군(정암교)",
        "desc": "201905#02"
      },
      "geometry": {
        "type": "Point",
        "coordinates": [
          317794.7858999029,
          302596.07782548293,
          0.0
        ]
      }
    },
    {
      "type": "Feature",
      "properties": {
        "Name": "정암수위표",
        "desc": "201905#03"
      },
      "geometry": {
        "type": "Point",
        "coordinates": [
          319824.6986939687,
          303855.9025016557,
          0.0
        ]
      }
    },
    {
      "type": "Feature",
      "properties": {
        "Name": "석교천",
        "desc": "201906#01"
      },
      "geometry": {
        "type": "Point",
        "coordinates": [
          319854.0585164564,
          303548.0265324168,
          0.0
        ]
      }
    },
    {
      "type": "Feature",
      "properties": {
        "Name": "가례천합류전",
        "desc": "201907#01"
      },
      "geometry": {
        "type": "Point",
        "coordinates": [
          312907.8389883993,
          303427.4760811945,
          0.0
        ]
      }
    },
    {
      "type": "Feature",
      "properties": {
        "Name": "서암저수지",
        "desc": "201907#02"
      },
      "geometry": {
        "type": "Point",
        "coordinates": [
          313127.5961543916,
          308054.1117959164,
          0.0
        ]
      }
    },
    {
      "type": "Feature",
      "properties": {
        "Name": "가례천",
        "desc": "201907#03"
      },
      "geometry": {
        "type": "Point",
        "coordinates": [
          312983.23354410206,
          303459.246925252,
          0.0
        ]
      }
    },
    {
      "type": "Feature",
      "properties": {
        "Name": "의령군(공단교)",
        "desc": "201907#04"
      },
      "geometry": {
        "type": "Point",
        "coordinates": [
          315363.62111421215,
          303027.02066019276,
          0.0
        ]
      }
    },
    {
      "type": "Feature",
      "properties": {
        "Name": "의령천",
        "desc": "201907#05"
      },
      "geometry": {
        "type": "Point",
        "coordinates": [
          319671.5031060555,
          303977.17273933,
          0.0
        ]
      }
    },
    {
      "type": "Feature",
      "properties": {
        "Name": "함안천합류전",
        "desc": "201908#01"
      },
      "geometry": {
        "type": "Point",
        "coordinates": [
          326754.22017747513,
          305153.0149228294,
          0.0
        ]
      }
    },
    {
      "type": "Feature",
      "properties": {
        "Name": "함안군(대사교)",
        "desc": "201909#01"
      },
      "geometry": {
        "type": "Point",
        "coordinates": [
          329736.7348712871,
          296255.3971321498,
          0.0
        ]
      }
    },
    {
      "type": "Feature",
      "properties": {
        "Name": "함안군(서촌리)",
        "desc": "201909#02"
      },
      "geometry": {
        "type": "Point",
        "coordinates": [
          327340.35057935084,
          304791.35111820756,
          0.0
        ]
      }
    },
    {
      "type": "Feature",
      "properties": {
        "Name": "함안천",
        "desc": "201909#03"
      },
      "geometry": {
        "type": "Point",
        "coordinates": [
          327262.40007981804,
          304944.3880305711,
          0.0
        ]
      }
    },
    {
      "type": "Feature",
      "properties": {
        "Name": "함안군(송도교)",
        "desc": "201910#01"
      },
      "geometry": {
        "type": "Point",
        "coordinates": [
          328607.05942875234,
          308077.12031370075,
          0.0
        ]
      }
    },
    {
      "type": "Feature",
      "properties": {
        "Name": "의령군(성산리)",
        "desc": "201910#02"
      },
      "geometry": {
        "type": "Point",
        "coordinates": [
          329923.707168965,
          311333.01739224774,
          0.0
        ]
      }
    },
    {
      "type": "Feature",
      "properties": {
        "Name": "남강하류",
        "desc": "201910#03"
      },
      "geometry": {
        "type": "Point",
        "coordinates": [
          330273.931698703,
          311553.887077216,
          0.0
        ]
      }
    },
    {
      "type": "Feature",
      "properties": {
        "Name": "함안군(계내리)",
        "desc": "202001#01"
      },
      "geometry": {
        "type": "Point",
        "coordinates": [
          334680.2872848819,
          310632.31578778115,
          0.0
        ]
      }
    },
    {
      "type": "Feature",
      "properties": {
        "Name": "창녕군(강리)",
        "desc": "202002#01"
      },
      "geometry": {
        "type": "Point",
        "coordinates": [
          332766.3485898896,
          318835.19502238405,
          0.0
        ]
      }
    },
    {
      "type": "Feature",
      "properties": {
        "Name": "계성천",
        "desc": "202002#02"
      },
      "geometry": {
        "type": "Point",
        "coordinates": [
          337121.5309859519,
          312796.4641180805,
          0.0
        ]
      }
    },
    {
      "type": "Feature",
      "properties": {
        "Name": "함안군(소랑교)",
        "desc": "202003#01"
      },
      "geometry": {
        "type": "Point",
        "coordinates": [
          338515.1539417517,
          310813.91101484327,
          0.0
        ]
      }
    },
    {
      "type": "Feature",
      "properties": {
        "Name": "계성천합류전",
        "desc": "202004#01"
      },
      "geometry": {
        "type": "Point",
        "coordinates": [
          336924.811477156,
          312454.3379790193,
          0.0
        ]
      }
    },
    {
      "type": "Feature",
      "properties": {
        "Name": "광려천합류전",
        "desc": "202004#02"
      },
      "geometry": {
        "type": "Point",
        "coordinates": [
          338810.4366119264,
          311311.742941212,
          0.0
        ]
      }
    },
    {
      "type": "Feature",
      "properties": {
        "Name": "창녕함안보",
        "desc": "202004#03"
      },
      "geometry": {
        "type": "Point",
        "coordinates": [
          340994.63943641016,
          310482.5017693499,
          0.0
        ]
      }
    },
    {
      "type": "Feature",
      "properties": {
        "Name": "창녕군(청암리)",
        "desc": "202005#01"
      },
      "geometry": {
        "type": "Point",
        "coordinates": [
          345541.134890031,
          311942.3513404224,
          0.0
        ]
      }
    },
    {
      "type": "Feature",
      "properties": {
        "Name": "신천합류후",
        "desc": "202006#01"
      },
      "geometry": {
        "type": "Point",
        "coordinates": [
          349568.4096169635,
          309634.4593994726,
          0.0
        ]
      }
    },
    {
      "type": "Feature",
      "properties": {
        "Name": "밀양시(판곡교)",
        "desc": "202007#01"
      },
      "geometry": {
        "type": "Point",
        "coordinates": [
          350029.7026444603,
          324318.1375108679,
          0.0
        ]
      }
    },
    {
      "type": "Feature",
      "properties": {
        "Name": "밀양시(인교)",
        "desc": "202007#02"
      },
      "geometry": {
        "type": "Point",
        "coordinates": [
          349949.2657036821,
          315560.4870108481,
          0.0
        ]
      }
    },
    {
      "type": "Feature",
      "properties": {
        "Name": "청도천",
        "desc": "202007#03"
      },
      "geometry": {
        "type": "Point",
        "coordinates": [
          349757.54147739394,
          310408.395571891,
          0.0
        ]
      }
    },
    {
      "type": "Feature",
      "properties": {
        "Name": "주천강",
        "desc": "202008#01"
      },
      "geometry": {
        "type": "Point",
        "coordinates": [
          359139.0873557576,
          306807.93646787474,
          0.0
        ]
      }
    },
    {
      "type": "Feature",
      "properties": {
        "Name": "진례저수지",
        "desc": "202009#01"
      },
      "geometry": {
        "type": "Point",
        "coordinates": [
          358436.73801976244,
          293568.37481668155,
          0.0
        ]
      }
    },
    {
      "type": "Feature",
      "properties": {
        "Name": "김해시(오서교)",
        "desc": "202009#02"
      },
      "geometry": {
        "type": "Point",
        "coordinates": [
          364991.61622226576,
          305895.7914316133,
          0.0
        ]
      }
    },
    {
      "type": "Feature",
      "properties": {
        "Name": "화포천",
        "desc": "202009#03"
      },
      "geometry": {
        "type": "Point",
        "coordinates": [
          364126.0659573471,
          307637.5060389229,
          0.0
        ]
      }
    },
    {
      "type": "Feature",
      "properties": {
        "Name": "창원시(수산대교)",
        "desc": "202010#01"
      },
      "geometry": {
        "type": "Point",
        "coordinates": [
          355841.185621815,
          309062.66865576414,
          0.0
        ]
      }
    },
    {
      "type": "Feature",
      "properties": {
        "Name": "주천강합류전",
        "desc": "202010#02"
      },
      "geometry": {
        "type": "Point",
        "coordinates": [
          359080.95023766044,
          307238.57103206683,
          0.0
        ]
      }
    },
    {
      "type": "Feature",
      "properties": {
        "Name": "화포천합류전",
        "desc": "202010#03"
      },
      "geometry": {
        "type": "Point",
        "coordinates": [
          363280.41274086793,
          308300.46596178965,
          0.0
        ]
      }
    },
    {
      "type": "Feature",
      "properties": {
        "Name": "밀양강합류전",
        "desc": "202010#04"
      },
      "geometry": {
        "type": "Point",
        "coordinates": [
          364474.2988785936,
          310696.4417706164,
          0.0
        ]
      }
    },
    {
      "type": "Feature",
      "properties": {
        "Name": "경주시(의곡교)",
        "desc": "202101#01"
      },
      "geometry": {
        "type": "Point",
        "coordinates": [
          385208.83836657077,
          353195.51171077444,
          0.0
        ]
      }
    },
    {
      "type": "Feature",
      "properties": {
        "Name": "경주시(매곡교)",
        "desc": "202101#02"
      },
      "geometry": {
        "type": "Point",
        "coordinates": [
          379400.8633067234,
          353261.0954584244,
          0.0
        ]
      }
    },
    {
      "type": "Feature",
      "properties": {
        "Name": "운문천합류전",
        "desc": "202101#03"
      },
      "geometry": {
        "type": "Point",
        "coordinates": [
          375267.6022222669,
          350002.05449533765,
          0.0
        ]
      }
    },
    {
      "type": "Feature",
      "properties": {
        "Name": "청도군(신원1교)",
        "desc": "202101#04"
      },
      "geometry": {
        "type": "Point",
        "coordinates": [
          377626.5072841762,
          345207.3032305817,
          0.0
        ]
      }
    },
    {
      "type": "Feature",
      "properties": {
        "Name": "운문천",
        "desc": "202101#05"
      },
      "geometry": {
        "type": "Point",
        "coordinates": [
          375324.5711407432,
          349663.9592832734,
          0.0
        ]
      }
    },
    {
      "type": "Feature",
      "properties": {
        "Name": "운문댐",
        "desc": "202101#06"
      },
      "geometry": {
        "type": "Point",
        "coordinates": [
          373601.6735641367,
          349044.16767170536,
          0.0
        ]
      }
    },
    {
      "type": "Feature",
      "properties": {
        "Name": "청도군(임당교)",
        "desc": "202102#01"
      },
      "geometry": {
        "type": "Point",
        "coordinates": [
          373411.56000801607,
          347190.18469858984,
          0.0
        ]
      }
    },
    {
      "type": "Feature",
      "properties": {
        "Name": "청도군(매전교)",
        "desc": "202102#02"
      },
      "geometry": {
        "type": "Point",
        "coordinates": [
          368955.0878318978,
          343465.5505440385,
          0.0
        ]
      }
    },
    {
      "type": "Feature",
      "properties": {
        "Name": "동창천",
        "desc": "202102#03"
      },
      "geometry": {
        "type": "Point",
        "coordinates": [
          360766.002294494,
          331565.65707644814,
          0.0
        ]
      }
    },
    {
      "type": "Feature",
      "properties": {
        "Name": "청도천상류",
        "desc": "202103#01"
      },
      "geometry": {
        "type": "Point",
        "coordinates": [
          348235.00981010613,
          339766.06764498434,
          0.0
        ]
      }
    },
    {
      "type": "Feature",
      "properties": {
        "Name": "청도군(원리)",
        "desc": "202104#01"
      },
      "geometry": {
        "type": "Point",
        "coordinates": [
          359731.4313138189,
          337282.3006425853,
          0.0
        ]
      }
    },
    {
      "type": "Feature",
      "properties": {
        "Name": "청도천하류",
        "desc": "202104#02"
      },
      "geometry": {
        "type": "Point",
        "coordinates": [
          360511.3784350564,
          331715.24771809444,
          0.0
        ]
      }
    },
    {
      "type": "Feature",
      "properties": {
        "Name": "양산시(대리)",
        "desc": "202105#01"
      },
      "geometry": {
        "type": "Point",
        "coordinates": [
          379803.195655597,
          322060.6424746677,
          0.0
        ]
      }
    },
    {
      "type": "Feature",
      "properties": {
        "Name": "밀양댐",
        "desc": "202105#02"
      },
      "geometry": {
        "type": "Point",
        "coordinates": [
          375513.8025765859,
          322129.7377294522,
          0.0
        ]
      }
    },
    {
      "type": "Feature",
      "properties": {
        "Name": "밀양댐하류",
        "desc": "202105#03"
      },
      "geometry": {
        "type": "Point",
        "coordinates": [
          374281.34176653053,
          325836.9138159564,
          0.0
        ]
      }
    },
    {
      "type": "Feature",
      "properties": {
        "Name": "동천",
        "desc": "202106#01"
      },
      "geometry": {
        "type": "Point",
        "coordinates": [
          368039.4868296118,
          326611.7043856345,
          0.0
        ]
      }
    },
    {
      "type": "Feature",
      "properties": {
        "Name": "단장-동천합류전",
        "desc": "202107#01"
      },
      "geometry": {
        "type": "Point",
        "coordinates": [
          368044.7000655186,
          326334.28151390894,
          0.0
        ]
      }
    },
    {
      "type": "Feature",
      "properties": {
        "Name": "밀양시(금곡리)",
        "desc": "202107#02"
      },
      "geometry": {
        "type": "Point",
        "coordinates": [
          366883.84324806265,
          325048.2922309444,
          0.0
        ]
      }
    },
    {
      "type": "Feature",
      "properties": {
        "Name": "단장천",
        "desc": "202107#03"
      },
      "geometry": {
        "type": "Point",
        "coordinates": [
          361987.448579611,
          323940.7631030117,
          0.0
        ]
      }
    },
    {
      "type": "Feature",
      "properties": {
        "Name": "밀양시(상동교)",
        "desc": "202108#01"
      },
      "geometry": {
        "type": "Point",
        "coordinates": [
          359993.5454062534,
          331089.26376166224,
          0.0
        ]
      }
    },
    {
      "type": "Feature",
      "properties": {
        "Name": "단장천합류전",
        "desc": "202108#02"
      },
      "geometry": {
        "type": "Point",
        "coordinates": [
          361907.3666170195,
          324185.98901345447,
          0.0
        ]
      }
    },
    {
      "type": "Feature",
      "properties": {
        "Name": "밀양시(용평동)",
        "desc": "202108#03"
      },
      "geometry": {
        "type": "Point",
        "coordinates": [
          361519.08616461453,
          323346.446782864,
          0.0
        ]
      }
    },
    {
      "type": "Feature",
      "properties": {
        "Name": "밀양수위표",
        "desc": "202108#04"
      },
      "geometry": {
        "type": "Point",
        "coordinates": [
          360245.5912538019,
          322645.21036934364,
          0.0
        ]
      }
    },
    {
      "type": "Feature",
      "properties": {
        "Name": "밀양시(남천교)",
        "desc": "202109#01"
      },
      "geometry": {
        "type": "Point",
        "coordinates": [
          358554.31633439765,
          322738.4355469824,
          0.0
        ]
      }
    },
    {
      "type": "Feature",
      "properties": {
        "Name": "밀양시(남포동)",
        "desc": "202109#02"
      },
      "geometry": {
        "type": "Point",
        "coordinates": [
          362012.85149261577,
          319747.76007022243,
          0.0
        ]
      }
    },
    {
      "type": "Feature",
      "properties": {
        "Name": "밀양시(삼상교)",
        "desc": "202109#03"
      },
      "geometry": {
        "type": "Point",
        "coordinates": [
          363021.524645909,
          314215.8891465338,
          0.0
        ]
      }
    },
    {
      "type": "Feature",
      "properties": {
        "Name": "밀양강",
        "desc": "202109#04"
      },
      "geometry": {
        "type": "Point",
        "coordinates": [
          364569.6330726576,
          311006.52873996174,
          0.0
        ]
      }
    },
    {
      "type": "Feature",
      "properties": {
        "Name": "밀양시(삼랑진교)",
        "desc": "202201#01"
      },
      "geometry": {
        "type": "Point",
        "coordinates": [
          365531.15888189466,
          310900.8473090043,
          0.0
        ]
      }
    },
    {
      "type": "Feature",
      "properties": {
        "Name": "원동천합류전",
        "desc": "202201#02"
      },
      "geometry": {
        "type": "Point",
        "coordinates": [
          373925.12759087386,
          309085.8450096907,
          0.0
        ]
      }
    },
    {
      "type": "Feature",
      "properties": {
        "Name": "김해시(월촌리)",
        "desc": "202202#01"
      },
      "geometry": {
        "type": "Point",
        "coordinates": [
          382436.7697605692,
          300404.1221069606,
          0.0
        ]
      }
    },
    {
      "type": "Feature",
      "properties": {
        "Name": "양산시(효충교)",
        "desc": "202203#01"
      },
      "geometry": {
        "type": "Point",
        "coordinates": [
          386031.58751727984,
          311209.24844273395,
          0.0
        ]
      }
    },
    {
      "type": "Feature",
      "properties": {
        "Name": "양산천상류",
        "desc": "202203#02"
      },
      "geometry": {
        "type": "Point",
        "coordinates": [
          385798.24633616564,
          310279.26897203235,
          0.0
        ]
      }
    },
    {
      "type": "Feature",
      "properties": {
        "Name": "양산시(양산교)",
        "desc": "202204#01"
      },
      "geometry": {
        "type": "Point",
        "coordinates": [
          385099.6795103471,
          308630.43469397066,
          0.0
        ]
      }
    },
    {
      "type": "Feature",
      "properties": {
        "Name": "양산시(호포대교)",
        "desc": "202204#02"
      },
      "geometry": {
        "type": "Point",
        "coordinates": [
          383035.2436015699,
          300817.1312749639,
          0.0
        ]
      }
    },
    {
      "type": "Feature",
      "properties": {
        "Name": "부산시(구포대교)",
        "desc": "202205#01"
      },
      "geometry": {
        "type": "Point",
        "coordinates": [
          381370.2513087009,
          291809.9915502222,
          0.0
        ]
      }
    },
    {
      "type": "Feature",
      "properties": {
        "Name": "김해시(정천교)",
        "desc": "202206#01"
      },
      "geometry": {
        "type": "Point",
        "coordinates": [
          366951.666925663,
          291439.91329395067,
          0.0
        ]
      }
    },
    {
      "type": "Feature",
      "properties": {
        "Name": "조만강",
        "desc": "202206#02"
      },
      "geometry": {
        "type": "Point",
        "coordinates": [
          372198.18462187774,
          287036.3994902443,
          0.0
        ]
      }
    },
    {
      "type": "Feature",
      "properties": {
        "Name": "부산시(강동교)",
        "desc": "202207#01"
      },
      "geometry": {
        "type": "Point",
        "coordinates": [
          373558.3201373562,
          290053.3299045447,
          0.0
        ]
      }
    },
    {
      "type": "Feature",
      "properties": {
        "Name": "조만강합류전",
        "desc": "202207#02"
      },
      "geometry": {
        "type": "Point",
        "coordinates": [
          373217.732158763,
          284034.04111472395,
          0.0
        ]
      }
    },
    {
      "type": "Feature",
      "properties": {
        "Name": "서낙동강",
        "desc": "202207#03"
      },
      "geometry": {
        "type": "Point",
        "coordinates": [
          373026.8820335036,
          282087.8274997167,
          0.0
        ]
      }
    },
    {
      "type": "Feature",
      "properties": {
        "Name": "낙동강하구언",
        "desc": "202208#01"
      },
      "geometry": {
        "type": "Point",
        "coordinates": [
          377993.7654148893,
          280734.6192787062,
          0.0
        ]
      }
    }
  ]
}